{"matchInfo": {"additionalInfo": {"toss.elected": "Kolkata Knight Riders, who chose to bat", "notes.1.1": "Powerplay - 33 runs, 1 wicket", "notes.1.2": "KKR: 50 runs in 8.1 overs", "notes.2.1": "Powerplay - 45 runs, 0 wicket", "notes.1.3": "KKR: 100 runs in 16.6 overs", "notes.2.2": "SRH: 50 runs in 7.2 overs", "notes.1.4": "Innings Break: KKR - 130/7 in 20 overs", "notes.2.3": "1st Wicket: 50 runs in 44 balls (Parthiv Patel 33, Shikhar Dhawan 15)", "notes.2.4": "SRH: 100 runs in 13.2 overs", "highlights.link": "http://iplt20.com/videos/media/id/4576f9c1c5a042e789ae76c6ab9a2664/m72-srh-vs-kkr-match-highlights", "referee.name": "Raju Mukherjee", "match.photo.id": "23419", "match.video.id": "4576f9c1c5a042e789ae76c6ab9a2664", "home.team.fan.total": "4941", "match.summary": "", "umpire.name.1": "Asad Rauf", "photostream.link": "http://www.iplt20.com/photos/176/ipl-2013-match-72-sh-v-kkr", "umpire.name.2": "Sudhir Asnani", "toss.winner": "Kolkata Knight Riders", "umpire.name.3": "Anil Chaudhary", "umpire.name.4": "Ammanabrole Nand Kishore", "away.team.fan.total": "3996", "result.playerofthematch": "Parthiv Patel"}, "teams": [{"id": 1543, "team": {"id": 62, "fullName": "Sunrisers Hyderabad", "shortName": "Sunrisers", "abbreviation": "SRH", "type": "m", "primaryColor": "FF9C00", "secondaryColor": "FFFFFF"}, "players": [{"id": 44, "fullName": "Parthiv Patel", "shortName": "P Patel", "nationality": "Indian", "dateOfBirth": "1985-03-09", "rightArmedBowl": false, "rightHandedBat": false}, {"id": 41, "fullName": "Shikhar Dhawan", "shortName": "S Dhawan", "nationality": "Indian", "dateOfBirth": "1985-12-05", "rightArmedBowl": true, "rightHandedBat": false, "bowlingStyle": "OFF_SPIN"}, {"id": 1117, "fullName": "Hanuma Vihari", "shortName": "H Vihari", "nationality": "Indian", "dateOfBirth": "1993-10-13", "rightArmedBowl": true, "rightHandedBat": true, "bowlingStyle": "OFF_SPIN"}, {"id": 178, "fullName": "Cameron White", "shortName": "C White", "nationality": "Australian", "dateOfBirth": "1983-08-18", "rightArmedBowl": false, "rightHandedBat": false}, {"id": 249, "fullName": "Biplap Samantray", "shortName": "B Samantray", "nationality": "Indian", "dateOfBirth": "1988-12-14", "rightArmedBowl": false, "rightHandedBat": false}, {"id": 215, "fullName": "Thisara Perera", "shortName": "NTLC Perera", "nationality": "Sri Lankan", "dateOfBirth": "1989-04-03", "rightArmedBowl": true, "rightHandedBat": false, "bowlingStyle": "MEDIUM_SEAM"}, {"id": 589, "fullName": "Darren Sammy", "shortName": "D Sammy", "nationality": "West Indian", "dateOfBirth": "1983-12-20", "rightArmedBowl": false, "rightHandedBat": true}, {"id": 1118, "fullName": "Karn Sharma", "shortName": "K Sharma", "nationality": "Indian", "dateOfBirth": "1987-10-23", "rightArmedBowl": true, "rightHandedBat": false, "bowlingStyle": "LEG_SPIN"}, {"id": 30, "fullName": "Amit Mishra", "shortName": "A Mishra", "nationality": "Indian", "dateOfBirth": "1982-11-24", "rightArmedBowl": true, "rightHandedBat": true, "bowlingStyle": "LEG_SPIN"}, {"id": 180, "fullName": "Dale Steyn", "shortName": "D Steyn", "nationality": "South African", "dateOfBirth": "1983-06-27", "rightArmedBowl": true, "rightHandedBat": true, "bowlingStyle": "FAST_SEAM"}, {"id": 31, "fullName": "Anand Rajan", "shortName": "A Rajan", "nationality": "Indian", "dateOfBirth": "1987-04-17", "rightArmedBowl": false, "rightHandedBat": false}], "wicketKeeper": {"id": 44, "fullName": "Parthiv Patel", "shortName": "P Patel", "nationality": "Indian", "dateOfBirth": "1985-03-09", "rightArmedBowl": false, "rightHandedBat": false}, "captain": {"id": 178, "fullName": "Cameron White", "shortName": "C White", "nationality": "Australian", "dateOfBirth": "1983-08-18", "rightArmedBowl": false, "rightHandedBat": false}}, {"id": 1544, "team": {"id": 5, "fullName": "Kolkata Knight Riders", "shortName": "Knight Riders", "abbreviation": "KKR", "type": "m", "primaryColor": "6F2C91", "secondaryColor": "FFFFFF"}, "players": [{"id": 90, "fullName": "Manvinder Bisla", "shortName": "M Bisla", "nationality": "Indian", "dateOfBirth": "1984-12-27", "rightArmedBowl": false, "rightHandedBat": false}, {"id": 84, "fullName": "Gautam Gambhir", "shortName": "G Gambhir", "nationality": "Indian", "dateOfBirth": "1981-10-14", "rightArmedBowl": true, "rightHandedBat": false, "bowlingStyle": "LEG_SPIN"}, {"id": 198, "fullName": "Jacques Kallis", "shortName": "J Kallis", "nationality": "South African", "dateOfBirth": "1975-10-16", "rightArmedBowl": true, "rightHandedBat": true, "bowlingStyle": "FAST_SEAM"}, {"id": 96, "fullName": "Yusuf Pathan", "shortName": "Y Pathan", "nationality": "Indian", "dateOfBirth": "1982-11-17", "rightArmedBowl": false, "rightHandedBat": true}, {"id": 197, "fullName": "Eoin Morgan", "shortName": "E Morgan", "nationality": "English", "dateOfBirth": "1986-09-10", "rightArmedBowl": true, "rightHandedBat": false, "bowlingStyle": "MEDIUM_SEAM"}, {"id": 200, "fullName": "Ryan ten Doeschate", "shortName": "R ten Doeschate", "nationality": "Dutch", "dateOfBirth": "1980-06-30", "rightArmedBowl": false, "rightHandedBat": false}, {"id": 74, "fullName": "Paras Dogra", "shortName": "P Dogra", "nationality": "Indian", "dateOfBirth": "1984-11-19", "rightArmedBowl": false, "rightHandedBat": false}, {"id": 85, "fullName": "Iqbal Abdulla", "shortName": "I Abdulla", "nationality": "Indian", "dateOfBirth": "1989-12-02", "rightArmedBowl": false, "rightHandedBat": false}, {"id": 203, "fullName": "Sunil Narine", "shortName": "S Narine", "nationality": "West Indian", "dateOfBirth": "1988-05-26", "rightArmedBowl": true, "rightHandedBat": false, "bowlingStyle": "OFF_SPIN"}, {"id": 91, "fullName": "Pradeep Sangwan", "shortName": "P Sangwan", "nationality": "Indian", "dateOfBirth": "1990-11-05", "rightArmedBowl": false, "rightHandedBat": true}, {"id": 94, "fullName": "Mohammad Shami", "shortName": "M Shami", "nationality": "Indian", "dateOfBirth": "1990-09-03", "rightArmedBowl": true, "rightHandedBat": true, "bowlingStyle": "FAST_SEAM"}], "wicketKeeper": {"id": 90, "fullName": "Manvinder Bisla", "shortName": "M Bisla", "nationality": "Indian", "dateOfBirth": "1984-12-27", "rightArmedBowl": false, "rightHandedBat": false}, "captain": {"id": 84, "fullName": "Gautam Gambhir", "shortName": "G Gambhir", "nationality": "Indian", "dateOfBirth": "1981-10-14", "rightArmedBowl": true, "rightHandedBat": false, "bowlingStyle": "LEG_SPIN"}}], "venue": {"id": 10, "fullName": "Rajiv Gandhi Intl. Cricket Stadium", "shortName": "Rajiv Gandhi Intl. Cricket Stadium", "city": "Hyderabad", "country": "India"}, "matchDate": "2013-05-19T20:00:00+0530", "matchEndDate": "2013-05-19T23:00:00+0530", "matchDateMs": 1368973800000, "matchEndDateMs": 1368984600000, "isLimitedOvers": true, "battingOrder": [1, 0], "matchBroadcast": false, "matchState": "C", "matchStatus": {"outcome": "A", "text": "Sunrisers Hyderabad won by 5 wickets"}, "description": "Match 72", "matchSummary": "", "matchType": "IPLT20", "tournamentLabel": "IPL 2013", "oversLimit": 20, "groupName": ""}, "matchId": {"id": 687, "name": "ipl2013-72", "tournamentId": {"id": 605, "name": "ipl2013", "provisional": false}}, "currentState": {"inProgress": false, "phase": "C", "currentInningsIndex": 1, "currentBatsmen": [249, 589], "facingBatsman": 589, "nonFacingBatsman": 249, "currentBowler": 85, "currentBowlerCurrentSpell": {"playerId": 85, "ov": "0.5", "r": 16, "w": 0, "d": 0, "maid": 0, "e": "19.20", "wd": 0, "nb": 0}, "previousBowler": 94, "previousBowlerCurrentSpell": {"playerId": 94, "ov": "1", "r": 8, "w": 1, "d": 1, "maid": 0, "e": "8.00", "wd": 0, "nb": 0}, "currentPartnership": 20, "partnership": {"runs": 20, "balls": 6, "runRate": "20.00"}, "recentOvers": [{"ovNo": 14, "ovBalls": ["1", "1", "W", "1", "1", "1"]}, {"ovNo": 15, "ovBalls": [".", "W", ".", ".", "1", "1Wd", "1"]}, {"ovNo": 16, "ovBalls": ["1", "1", "W", ".", ".", "."]}, {"ovNo": 17, "ovBalls": [".", ".", ".", ".", ".", "."]}, {"ovNo": 18, "ovBalls": ["1", "1", "1", "1", "W", "4"]}, {"ovNo": 19, "ovBalls": ["1", "1", "2", "6", "6"]}]}, "innings": [{"inningsNumber": 1, "runRate": "6.50", "overProgress": "20", "declared": false, "scorecard": {"runs": 130, "wkts": 7, "allOut": false, "battingStats": [{"playerId": 90, "r": 15, "b": 18, "sr": "83.33", "4s": 3, "6s": 0, "mod": {"dismissedBp": {"innings": 1, "over": 5, "ball": 3}, "countingBp": {"innings": 1, "over": 5, "ball": 3}, "text": "c Cameron White b Thisara Perera", "bowlerId": 215, "additionalPlayerIds": [178], "dismissedMethod": "ct", "isOut": true}}, {"playerId": 84, "r": 10, "b": 17, "sr": "58.82", "4s": 0, "6s": 0, "mod": {"dismissedBp": {"innings": 1, "over": 8, "ball": 1}, "countingBp": {"innings": 1, "over": 8, "ball": 1}, "text": "run out (Biplap Samantray)", "bowlerId": 30, "additionalPlayerIds": [249], "dismissedMethod": "ro", "isOut": true}}, {"playerId": 198, "r": 24, "b": 29, "sr": "82.75", "4s": 2, "6s": 0, "mod": {"dismissedBp": {"innings": 1, "over": 16, "ball": 1}, "countingBp": {"innings": 1, "over": 16, "ball": 1}, "text": "c Shikhar Dhawan b Dale Steyn", "bowlerId": 180, "additionalPlayerIds": [41], "dismissedMethod": "ct", "isOut": true}}, {"playerId": 197, "r": 9, "b": 9, "sr": "100.00", "4s": 1, "6s": 0, "mod": {"dismissedBp": {"innings": 1, "over": 11, "ball": 4}, "countingBp": {"innings": 1, "over": 11, "ball": 4}, "text": "lbw Karn Sharma", "bowlerId": 1118, "dismissedMethod": "lbw", "isOut": true}}, {"playerId": 96, "r": 49, "b": 29, "sr": "168.96", "4s": 3, "6s": 3}, {"playerId": 200, "r": 1, "b": 5, "sr": "20.00", "4s": 0, "6s": 0, "mod": {"dismissedBp": {"innings": 1, "over": 17, "ball": 1}, "countingBp": {"innings": 1, "over": 17, "ball": 1}, "text": "lbw Amit Mishra", "bowlerId": 30, "dismissedMethod": "lbw", "isOut": true}}, {"playerId": 74, "r": 5, "b": 8, "sr": "62.50", "4s": 0, "6s": 0, "mod": {"dismissedBp": {"innings": 1, "over": 19, "ball": 1}, "countingBp": {"innings": 1, "over": 19, "ball": 1}, "text": "c Thisara Perera b Dale Steyn", "bowlerId": 180, "additionalPlayerIds": [215], "dismissedMethod": "ct", "isOut": true}}, {"playerId": 203, "r": 1, "b": 2, "sr": "50.00", "4s": 0, "6s": 0, "mod": {"dismissedBp": {"innings": 1, "over": 20, "ball": 1}, "countingBp": {"innings": 1, "over": 20, "ball": 1}, "text": "c Thisara Perera b Anand Rajan", "bowlerId": 31, "additionalPlayerIds": [215], "dismissedMethod": "ct", "isOut": true}}, {"playerId": 85, "r": 2, "b": 3, "sr": "66.66", "4s": 0, "6s": 0}], "bowlingStats": [{"playerId": 180, "ov": "4", "r": 24, "w": 2, "d": 14, "maid": 0, "e": "6.00", "wd": 1, "nb": 0}, {"playerId": 31, "ov": "4", "r": 22, "w": 1, "d": 14, "maid": 0, "e": "5.50", "wd": 2, "nb": 0}, {"playerId": 215, "ov": "4", "r": 33, "w": 1, "d": 7, "maid": 0, "e": "8.25", "wd": 0, "nb": 0}, {"playerId": 589, "ov": "1", "r": 9, "w": 0, "d": 3, "maid": 0, "e": "9.00", "wd": 0, "nb": 0}, {"playerId": 30, "ov": "4", "r": 20, "w": 1, "d": 8, "maid": 0, "e": "5.00", "wd": 0, "nb": 0}, {"playerId": 1118, "ov": "3", "r": 15, "w": 1, "d": 10, "maid": 0, "e": "5.00", "wd": 0, "nb": 0}], "fow": [{"bp": {"innings": 1, "over": 5, "ball": 3}, "playerId": 90, "ret": false, "w": 1, "r": 25}, {"bp": {"innings": 1, "over": 8, "ball": 1}, "playerId": 84, "ret": false, "w": 2, "r": 42}, {"bp": {"innings": 1, "over": 11, "ball": 4}, "playerId": 197, "ret": false, "w": 3, "r": 59}, {"bp": {"innings": 1, "over": 16, "ball": 1}, "playerId": 198, "ret": false, "w": 4, "r": 89}, {"bp": {"innings": 1, "over": 17, "ball": 1}, "playerId": 200, "ret": false, "w": 5, "r": 95}, {"bp": {"innings": 1, "over": 19, "ball": 1}, "playerId": 74, "ret": false, "w": 6, "r": 111}, {"bp": {"innings": 1, "over": 20, "ball": 1}, "playerId": 203, "ret": false, "w": 7, "r": 121}], "extras": {"noBallRuns": 0, "wideRuns": 7, "byeRuns": 0, "legByeRuns": 7, "penaltyRuns": 0}, "declared": false}, "overHistory": [{"ovNo": 1, "ovBalls": [".", "4", ".", ".", "1", "."]}, {"ovNo": 2, "ovBalls": [".", ".", "4", ".", ".", "1"]}, {"ovNo": 3, "ovBalls": ["5Wd", ".", "1", ".", "1", ".", "."]}, {"ovNo": 4, "ovBalls": ["2", ".", ".", ".", "1", "."]}, {"ovNo": 5, "ovBalls": ["1", "4", "W", "1", ".", "1"]}, {"ovNo": 6, "ovBalls": [".", "1", "2", "1Wd", "1Wd", ".", "1", "."]}, {"ovNo": 7, "ovBalls": [".", ".", "1", ".", "4", "4"]}, {"ovNo": 8, "ovBalls": ["W", "1", "3", "1", ".", "."]}, {"ovNo": 9, "ovBalls": ["4", ".", ".", "1", ".", "."]}, {"ovNo": 10, "ovBalls": ["1", ".", "1", "1", ".", "1"]}, {"ovNo": 11, "ovBalls": ["2", ".", "1", "W", ".", "1"]}, {"ovNo": 12, "ovBalls": ["2", ".", "1", "1", "1", "1"]}, {"ovNo": 13, "ovBalls": ["1", "4", ".", "2", ".", "1"]}, {"ovNo": 14, "ovBalls": ["4", "1", ".", "1", ".", "."]}, {"ovNo": 15, "ovBalls": ["1Lb", "1", "1", "4", "1", "1"]}, {"ovNo": 16, "ovBalls": ["W", "1", "4Lb", ".", ".", "1"]}, {"ovNo": 17, "ovBalls": ["W", ".", "1", "1", "1", "2"]}, {"ovNo": 18, "ovBalls": ["1", "1", ".", "2", "1Lb", "6"]}, {"ovNo": 19, "ovBalls": ["W", "2", ".", "6", "1", "1"]}, {"ovNo": 20, "ovBalls": ["W", ".", "1", "1Lb", "1", "6"]}]}, {"inningsNumber": 2, "runRate": "7.00", "overProgress": "18.5", "declared": false, "scorecard": {"runs": 132, "wkts": 5, "allOut": false, "battingStats": [{"playerId": 44, "r": 47, "b": 37, "sr": "127.02", "4s": 7, "6s": 0, "mod": {"dismissedBp": {"innings": 2, "over": 14, "ball": 3}, "countingBp": {"innings": 2, "over": 14, "ball": 3}, "text": "lbw Iqbal Abdulla", "bowlerId": 85, "dismissedMethod": "lbw", "isOut": true}}, {"playerId": 41, "r": 42, "b": 35, "sr": "120.00", "4s": 3, "6s": 2, "mod": {"dismissedBp": {"innings": 2, "over": 12, "ball": 3}, "countingBp": {"innings": 2, "over": 12, "ball": 3}, "text": "lbw Iqbal Abdulla", "bowlerId": 85, "dismissedMethod": "lbw", "isOut": true}}, {"playerId": 1117, "r": 6, "b": 13, "sr": "46.15", "4s": 0, "6s": 0, "mod": {"dismissedBp": {"innings": 2, "over": 16, "ball": 3}, "countingBp": {"innings": 2, "over": 16, "ball": 3}, "text": "c Paras Dogra b Iqbal Abdulla", "bowlerId": 85, "additionalPlayerIds": [74], "dismissedMethod": "ct", "isOut": true}}, {"playerId": 178, "r": 2, "b": 4, "sr": "50.00", "4s": 0, "6s": 0, "mod": {"dismissedBp": {"innings": 2, "over": 15, "ball": 2}, "countingBp": {"innings": 2, "over": 15, "ball": 2}, "text": "run out (Eoin Morgan)", "bowlerId": 203, "additionalPlayerIds": [197], "dismissedMethod": "ro", "isOut": true}}, {"playerId": 215, "r": 4, "b": 10, "sr": "40.00", "4s": 0, "6s": 0, "mod": {"dismissedBp": {"innings": 2, "over": 18, "ball": 5}, "countingBp": {"innings": 2, "over": 18, "ball": 5}, "text": "b Mohammad Shami", "bowlerId": 94, "dismissedMethod": "b", "isOut": true}}, {"playerId": 589, "r": 17, "b": 12, "sr": "141.66", "4s": 0, "6s": 2}, {"playerId": 249, "r": 5, "b": 2, "sr": "250.00", "4s": 1, "6s": 0}], "bowlingStats": [{"playerId": 96, "ov": "4", "r": 29, "w": 0, "d": 8, "maid": 0, "e": "7.25", "wd": 1, "nb": 0}, {"playerId": 91, "ov": "2", "r": 17, "w": 0, "d": 5, "maid": 0, "e": "8.50", "wd": 0, "nb": 0}, {"playerId": 203, "ov": "4", "r": 11, "w": 0, "d": 17, "maid": 1, "e": "2.75", "wd": 1, "nb": 0}, {"playerId": 94, "ov": "4", "r": 32, "w": 1, "d": 8, "maid": 0, "e": "8.00", "wd": 2, "nb": 0}, {"playerId": 198, "ov": "1", "r": 13, "w": 0, "d": 1, "maid": 0, "e": "13.00", "wd": 0, "nb": 0}, {"playerId": 85, "ov": "3.5", "r": 29, "w": 3, "d": 8, "maid": 0, "e": "7.56", "wd": 0, "nb": 0}], "fow": [{"bp": {"innings": 2, "over": 12, "ball": 3}, "playerId": 41, "ret": false, "w": 1, "r": 89}, {"bp": {"innings": 2, "over": 14, "ball": 3}, "playerId": 44, "ret": false, "w": 2, "r": 100}, {"bp": {"innings": 2, "over": 15, "ball": 2}, "playerId": 178, "ret": false, "w": 3, "r": 103}, {"bp": {"innings": 2, "over": 16, "ball": 3}, "playerId": 1117, "ret": false, "w": 4, "r": 108}, {"bp": {"innings": 2, "over": 18, "ball": 5}, "playerId": 215, "ret": false, "w": 5, "r": 112}], "extras": {"noBallRuns": 0, "wideRuns": 8, "byeRuns": 0, "legByeRuns": 1, "penaltyRuns": 0}, "declared": false}, "overHistory": [{"ovNo": 1, "ovBalls": ["1", ".", "1", ".", ".", "1"]}, {"ovNo": 2, "ovBalls": ["4", "4", "1", ".", ".", "1"]}, {"ovNo": 3, "ovBalls": [".", ".", "1", "1", "1", "1Wd", "."]}, {"ovNo": 4, "ovBalls": [".", "2", "1Lb", "4", "1", "."]}, {"ovNo": 5, "ovBalls": ["4", ".", ".", ".", "1", "."]}, {"ovNo": 6, "ovBalls": ["4", "4", ".", "1", ".", "6"]}, {"ovNo": 7, "ovBalls": ["1", "1", "1", "1", ".", "."]}, {"ovNo": 8, "ovBalls": [".", "1", "1", "6", "4", "1"]}, {"ovNo": 9, "ovBalls": ["4", ".", "2", "1", "1", "4"]}, {"ovNo": 10, "ovBalls": ["1", "1", ".", "1", ".", "."]}, {"ovNo": 11, "ovBalls": ["1", "1", "1", "2", "1", "1"]}, {"ovNo": 12, "ovBalls": ["4", "1", "W", ".", ".", "1"]}, {"ovNo": 13, "ovBalls": ["1", "1", ".", "1Wd", ".", "5Wd", ".", "."]}, {"ovNo": 14, "ovBalls": ["1", "1", "W", "1", "1", "1"]}, {"ovNo": 15, "ovBalls": [".", "W", ".", ".", "1", "1Wd", "1"]}, {"ovNo": 16, "ovBalls": ["1", "1", "W", ".", ".", "."]}, {"ovNo": 17, "ovBalls": [".", ".", ".", ".", ".", "."]}, {"ovNo": 18, "ovBalls": ["1", "1", "1", "1", "W", "4"]}, {"ovNo": 19, "ovBalls": ["1", "1", "2", "6", "6"]}]}]}