{"matchInfo": {"additionalInfo": {"report.link": "https://www.iplt20.com/news/180616", "toss.elected": "Chennai Super Kings, who chose to field ", "notes.1.1": "Powerplay 1 - 45 runs, 1 wicket", "notes.1.2": "Mumbai Indians: 50 runs in 6.5 overs ", "notes.2.1": "Powerplay 1 - 40 runs, 3 wickets", "notes.1.3": "2nd Wicket: 50 runs in 36 balls (Rohit Sharma 27, Evin Lewis 22)", "notes.2.2": "Chennai Super Kings: 50 runs in 8.3 overs", "notes.1.4": "Mumbai Indians: 100 runs in 12.4 overs", "notes.2.3": "Chennai Super Kings: 100 runs in 16.1 overs", "notes.1.5": "Rohit Sharma: 50 off 37 balls (4 x fours, 2 x sixes)", "notes.1.6": "Mumbai Indians: 150 runs in 19.5 overs", "notes.1.7": "Innings Break: Mumbai Indians - 155/4 in 20 overs (Hardik Pandya 23, Kieron Pollard 13)", "highlights.link": "https://www.iplt20.com/video/180566/m44-csk-vs-mi-match-highlights", "referee.name": "Narayanankutty.V", "match.summary": "", "umpire.name.1": "Nigel Llong", "umpire.name.2": "Anil Chaudhary", "toss.winner": "Chennai Super Kings", "umpire.name.3": "Vineet Kulkarni", "umpire.name.4": "Nitin Pandit", "result.playerofthematch": "Rohit Sharma"}, "teams": [{"id": 11789, "team": {"id": 1, "fullName": "Chennai Super Kings", "shortName": "Super Kings", "abbreviation": "CSK", "type": "m", "primaryColor": "FDB913", "secondaryColor": "0081E5"}, "players": [{"id": 227, "fullName": "Shane Watson", "shortName": "S Watson", "nationality": "Australian", "dateOfBirth": "1981-06-17", "rightArmedBowl": true, "rightHandedBat": true, "bowlingStyle": "MEDIUM_SEAM"}, {"id": 7, "fullName": "Murali Vijay", "shortName": "M Vijay", "nationality": "Indian", "dateOfBirth": "1984-04-01", "rightArmedBowl": false, "rightHandedBat": false}, {"id": 14, "fullName": "Suresh Raina", "shortName": "S Raina", "nationality": "Indian", "dateOfBirth": "1986-11-27", "rightArmedBowl": true, "rightHandedBat": false, "bowlingStyle": "OFF_SPIN"}, {"id": 100, "fullName": "Ambati Rayudu", "shortName": "A Rayudu", "nationality": "Indian", "dateOfBirth": "1985-09-23", "rightArmedBowl": true, "rightHandedBat": true, "bowlingStyle": "OFF_SPIN"}, {"id": 297, "fullName": "Kedar Jadhav", "shortName": "K Jadhav", "nationality": "Indian", "dateOfBirth": "1985-03-26", "rightArmedBowl": true, "rightHandedBat": true, "bowlingStyle": "OFF_SPIN"}, {"id": 4946, "fullName": "Dhruv Shorey", "shortName": "D Shorey", "nationality": "Indian", "dateOfBirth": "1992-06-05", "rightArmedBowl": true, "rightHandedBat": true, "bowlingStyle": "OFF_SPIN"}, {"id": 25, "fullName": "Dwayne Bravo", "shortName": "DJ Bravo", "nationality": "West Indian", "dateOfBirth": "1983-10-07", "rightArmedBowl": true, "rightHandedBat": true, "bowlingStyle": "MEDIUM_SEAM"}, {"id": 1903, "fullName": "Mitchell Santner", "shortName": "M Santner", "nationality": "New Zealander", "dateOfBirth": "1992-02-05", "rightArmedBowl": false, "rightHandedBat": false, "bowlingStyle": "ORTHODOX"}, {"id": 140, "fullName": "Deepak Chahar", "shortName": "D Chahar", "nationality": "Indian", "dateOfBirth": "1992-08-07", "rightArmedBowl": true, "rightHandedBat": true, "bowlingStyle": "MEDIUM_SEAM"}, {"id": 103, "fullName": "Harbhajan Singh", "shortName": "H Singh", "nationality": "Indian", "dateOfBirth": "1980-07-03", "rightArmedBowl": true, "rightHandedBat": true, "bowlingStyle": "OFF_SPIN"}, {"id": 898, "fullName": "Imran Tahir", "shortName": "I Tahir", "nationality": "South African", "dateOfBirth": "1979-03-27", "rightArmedBowl": true, "rightHandedBat": true, "bowlingStyle": "LEG_SPIN"}], "wicketKeeper": {"id": 100, "fullName": "Ambati Rayudu", "shortName": "A Rayudu", "nationality": "Indian", "dateOfBirth": "1985-09-23", "rightArmedBowl": true, "rightHandedBat": true, "bowlingStyle": "OFF_SPIN"}, "captain": {"id": 14, "fullName": "Suresh Raina", "shortName": "S Raina", "nationality": "Indian", "dateOfBirth": "1986-11-27", "rightArmedBowl": true, "rightHandedBat": false, "bowlingStyle": "OFF_SPIN"}}, {"id": 11788, "team": {"id": 6, "fullName": "Mumbai Indians", "shortName": "Mumbai", "abbreviation": "MI", "type": "m", "primaryColor": "00AEEF", "secondaryColor": "FFFFFF"}, "players": [{"id": 834, "fullName": "Quinton de Kock", "shortName": "Q de Kock", "nationality": "South African", "dateOfBirth": "1992-12-17", "rightArmedBowl": false, "rightHandedBat": false}, {"id": 107, "fullName": "Rohit Sharma", "shortName": "R Sharma", "nationality": "Indian", "dateOfBirth": "1987-04-30", "rightArmedBowl": true, "rightHandedBat": true, "bowlingStyle": "OFF_SPIN"}, {"id": 872, "fullName": "Evin Lewis", "shortName": "E Lewis", "nationality": "West Indian", "dateOfBirth": "1991-12-27", "rightArmedBowl": false, "rightHandedBat": false}, {"id": 108, "fullName": "Suryakumar Yadav", "shortName": "S Yadav", "nationality": "Indian", "dateOfBirth": "1990-09-14", "rightArmedBowl": true, "rightHandedBat": true}, {"id": 2740, "fullName": "Hardik Pandya", "shortName": "H Pandya", "nationality": "Indian", "dateOfBirth": "1993-10-11", "rightArmedBowl": true, "rightHandedBat": true, "bowlingStyle": "MEDIUM_SEAM"}, {"id": 210, "fullName": "Kieron Pollard", "shortName": "K Pollard", "nationality": "West Indian", "dateOfBirth": "1987-05-12", "rightArmedBowl": true, "rightHandedBat": true, "bowlingStyle": "MEDIUM_SEAM"}, {"id": 3774, "fullName": "Anukul Roy", "shortName": "A Roy", "nationality": "Indian", "dateOfBirth": "1998-11-30", "rightArmedBowl": false, "rightHandedBat": false, "bowlingStyle": "ORTHODOX"}, {"id": 3183, "fullName": "Krunal Pandya", "shortName": "K Pandya", "nationality": "Indian", "dateOfBirth": "1991-03-24", "rightArmedBowl": false, "rightHandedBat": false, "bowlingStyle": "ORTHODOX"}, {"id": 3763, "fullName": "Rahul Chahar", "shortName": "R Chahar", "nationality": "Indian", "dateOfBirth": "1999-08-04", "rightArmedBowl": true, "rightHandedBat": true, "bowlingStyle": "LEG_SPIN"}, {"id": 1124, "fullName": "Jasprit Bumrah", "shortName": "J Bumrah", "nationality": "Indian", "dateOfBirth": "1993-12-06", "rightArmedBowl": true, "rightHandedBat": true, "bowlingStyle": "FAST_SEAM"}, {"id": 211, "fullName": "Lasith Malinga", "shortName": "L Malinga", "nationality": "Sri Lankan", "dateOfBirth": "1983-08-28", "rightArmedBowl": true, "rightHandedBat": true, "bowlingStyle": "FAST_SEAM"}], "wicketKeeper": {"id": 834, "fullName": "Quinton de Kock", "shortName": "Q de Kock", "nationality": "South African", "dateOfBirth": "1992-12-17", "rightArmedBowl": false, "rightHandedBat": false}, "captain": {"id": 107, "fullName": "Rohit Sharma", "shortName": "R Sharma", "nationality": "Indian", "dateOfBirth": "1987-04-30", "rightArmedBowl": true, "rightHandedBat": true, "bowlingStyle": "OFF_SPIN"}}], "venue": {"id": 1, "fullName": "M. A. Chidambaram Stadium", "shortName": "Chidambaram", "city": "Chennai", "country": "India"}, "matchDate": "2019-04-26T20:00:00+0530", "matchEndDate": "2019-04-26T23:00:00+0530", "matchDateMs": 1556289000000, "matchEndDateMs": 1556299800000, "isLimitedOvers": true, "battingOrder": [1, 0], "matchBroadcast": false, "matchState": "C", "matchStatus": {"outcome": "B", "text": "Mumbai Indians won by 46 runs"}, "description": "Match 44", "matchSummary": "", "matchType": "IPLT20", "tournamentLabel": "IPL 2019", "oversLimit": 20, "groupName": ""}, "matchId": {"id": 11335, "name": "ipl2019-44", "tournamentId": {"id": 10192, "name": "ipl2019", "provisional": false}}, "currentState": {"inProgress": false, "phase": "C", "currentInningsIndex": 1, "currentBatsmen": [-1, 898], "facingBatsman": -1, "nonFacingBatsman": 898, "currentBowler": 211, "currentBowlerCurrentSpell": {"playerId": 211, "ov": "1.4", "r": 17, "w": 3, "d": 4, "maid": 0, "e": "10.20", "wd": 0, "nb": 0}, "previousBowler": 1124, "previousBowlerCurrentSpell": {"playerId": 1124, "ov": "1", "r": 4, "w": 1, "d": 3, "maid": 0, "e": "4.00", "wd": 1, "nb": 0}, "currentPartnership": 6, "partnership": {"runs": 6, "balls": 2, "runRate": "18.00"}, "recentOvers": [{"ovNo": 13, "ovBalls": ["1", ".", "1", "1", ".", "1"]}, {"ovNo": 14, "ovBalls": ["1", "1", "2Nb", "4", ".", "1", "1Wd", "."]}, {"ovNo": 15, "ovBalls": ["1", "1", "4", "1", ".", "1"]}, {"ovNo": 16, "ovBalls": ["1", "1", "6", "1", "2", "W"]}, {"ovNo": 17, "ovBalls": ["1", ".", "1Wd", "W", "1", "1", "."]}, {"ovNo": 18, "ovBalls": [".", "W", "6", "W"]}]}, "innings": [{"inningsNumber": 1, "runRate": "7.75", "overProgress": "20", "declared": false, "scorecard": {"runs": 155, "wkts": 4, "allOut": false, "battingStats": [{"playerId": 107, "r": 67, "b": 48, "sr": "139.58", "4s": 6, "6s": 3, "mod": {"dismissedBp": {"innings": 1, "over": 17, "ball": 2}, "countingBp": {"innings": 1, "over": 17, "ball": 2}, "text": "c Murali Vijay b Mitchell Santner", "bowlerId": 1903, "additionalPlayerIds": [7], "dismissedMethod": "ct", "isOut": true}}, {"playerId": 834, "r": 15, "b": 9, "sr": "166.66", "4s": 1, "6s": 1, "mod": {"dismissedBp": {"innings": 1, "over": 3, "ball": 5}, "countingBp": {"innings": 1, "over": 3, "ball": 4}, "text": "c Ambati Rayudu b Deepak Chahar", "bowlerId": 140, "additionalPlayerIds": [100], "dismissedMethod": "ct", "isOut": true}}, {"playerId": 872, "r": 32, "b": 30, "sr": "106.66", "4s": 3, "6s": 1, "mod": {"dismissedBp": {"innings": 1, "over": 13, "ball": 1}, "countingBp": {"innings": 1, "over": 13, "ball": 1}, "text": "c Dwayne Bravo b Mitchell Santner", "bowlerId": 1903, "additionalPlayerIds": [25], "dismissedMethod": "ct", "isOut": true}}, {"playerId": 3183, "r": 1, "b": 3, "sr": "33.33", "4s": 0, "6s": 0, "mod": {"dismissedBp": {"innings": 1, "over": 14, "ball": 1}, "countingBp": {"innings": 1, "over": 14, "ball": 1}, "text": "c Mitchell Santner b Imran Tahir", "bowlerId": 898, "additionalPlayerIds": [1903], "dismissedMethod": "ct", "isOut": true}}, {"playerId": 2740, "r": 23, "b": 18, "sr": "127.77", "4s": 1, "6s": 1}, {"playerId": 210, "r": 13, "b": 12, "sr": "108.33", "4s": 2, "6s": 0}], "bowlingStats": [{"playerId": 140, "ov": "4", "r": 46, "w": 1, "d": 7, "maid": 0, "e": "11.50", "wd": 1, "nb": 0}, {"playerId": 103, "ov": "4", "r": 23, "w": 0, "d": 13, "maid": 0, "e": "5.75", "wd": 0, "nb": 0}, {"playerId": 898, "ov": "4", "r": 37, "w": 1, "d": 6, "maid": 0, "e": "9.25", "wd": 0, "nb": 0}, {"playerId": 25, "ov": "4", "r": 35, "w": 0, "d": 7, "maid": 0, "e": "8.75", "wd": 2, "nb": 0}, {"playerId": 1903, "ov": "4", "r": 13, "w": 2, "d": 15, "maid": 0, "e": "3.25", "wd": 0, "nb": 0}], "fow": [{"bp": {"innings": 1, "over": 3, "ball": 4}, "playerId": 834, "ret": false, "w": 1, "r": 24}, {"bp": {"innings": 1, "over": 13, "ball": 1}, "playerId": 872, "ret": false, "w": 2, "r": 99}, {"bp": {"innings": 1, "over": 14, "ball": 1}, "playerId": 3183, "ret": false, "w": 3, "r": 101}, {"bp": {"innings": 1, "over": 17, "ball": 2}, "playerId": 107, "ret": false, "w": 4, "r": 122}], "extras": {"noBallRuns": 0, "wideRuns": 3, "byeRuns": 0, "legByeRuns": 1, "penaltyRuns": 0}, "declared": false}, "overHistory": [{"ovNo": 1, "ovBalls": ["4", "1", ".", "3", ".", "1"]}, {"ovNo": 2, "ovBalls": ["1", ".", "1", "1", "1", "."]}, {"ovNo": 3, "ovBalls": ["6", "4", ".", "1Wd", "W", ".", "."]}, {"ovNo": 4, "ovBalls": [".", "1", ".", ".", ".", "."]}, {"ovNo": 5, "ovBalls": ["1", "4", "4", "1", "2", "4"]}, {"ovNo": 6, "ovBalls": ["3", ".", "1", ".", ".", "."]}, {"ovNo": 7, "ovBalls": ["1", "1", "1", "1Lb", "1", "1"]}, {"ovNo": 8, "ovBalls": ["1", "6", ".", "6", "1", "."]}, {"ovNo": 9, "ovBalls": ["1", "1", "1", "6", "4", "1"]}, {"ovNo": 10, "ovBalls": [".", ".", "1Wd", "1", "1", "1", "1"]}, {"ovNo": 11, "ovBalls": [".", "2", ".", "4", "1", "1"]}, {"ovNo": 12, "ovBalls": ["1", "1", "1", ".", "4", "."]}, {"ovNo": 13, "ovBalls": ["W", ".", ".", "1", ".", "1"]}, {"ovNo": 14, "ovBalls": ["W", "1", "1", ".", ".", "."]}, {"ovNo": 15, "ovBalls": [".", ".", ".", "1", ".", "1"]}, {"ovNo": 16, "ovBalls": ["4", "4", "1", ".", "1", "6"]}, {"ovNo": 17, "ovBalls": ["1", "W", ".", ".", ".", "."]}, {"ovNo": 18, "ovBalls": ["1", ".", "1", "1Wd", "2", "1", "."]}, {"ovNo": 19, "ovBalls": ["2", "1", "4", "2", "1", "."]}, {"ovNo": 20, "ovBalls": ["4", "1", ".", "4", "6", "2"]}]}, {"inningsNumber": 2, "runRate": "6.16", "overProgress": "17.4", "declared": false, "scorecard": {"runs": 109, "wkts": 10, "allOut": true, "battingStats": [{"playerId": 7, "r": 38, "b": 35, "sr": "108.57", "4s": 3, "6s": 1, "mod": {"dismissedBp": {"innings": 2, "over": 12, "ball": 4}, "countingBp": {"innings": 2, "over": 12, "ball": 4}, "text": "c Suryakumar Yadav b Jasprit Bumrah", "bowlerId": 1124, "additionalPlayerIds": [108], "dismissedMethod": "ct", "isOut": true}}, {"playerId": 227, "r": 8, "b": 4, "sr": "200.00", "4s": 2, "6s": 0, "mod": {"dismissedBp": {"innings": 2, "over": 1, "ball": 5}, "countingBp": {"innings": 2, "over": 1, "ball": 5}, "text": "c Rahul Chahar b Lasith Malinga", "bowlerId": 211, "additionalPlayerIds": [3763], "dismissedMethod": "ct", "isOut": true}}, {"playerId": 14, "r": 2, "b": 4, "sr": "50.00", "4s": 0, "6s": 0, "mod": {"dismissedBp": {"innings": 2, "over": 4, "ball": 1}, "countingBp": {"innings": 2, "over": 4, "ball": 1}, "text": "c Suryakumar Yadav b Hardik Pandya", "bowlerId": 2740, "additionalPlayerIds": [108], "dismissedMethod": "ct", "isOut": true}}, {"playerId": 100, "r": 0, "b": 3, "sr": "0.00", "4s": 0, "6s": 0, "mod": {"dismissedBp": {"innings": 2, "over": 5, "ball": 3}, "countingBp": {"innings": 2, "over": 5, "ball": 3}, "text": "b Krunal Pandya", "bowlerId": 3183, "dismissedMethod": "b", "isOut": true}}, {"playerId": 297, "r": 6, "b": 11, "sr": "54.54", "4s": 0, "6s": 0, "mod": {"dismissedBp": {"innings": 2, "over": 8, "ball": 2}, "countingBp": {"innings": 2, "over": 8, "ball": 2}, "text": "b Krunal Pandya", "bowlerId": 3183, "dismissedMethod": "b", "isOut": true}}, {"playerId": 4946, "r": 5, "b": 8, "sr": "62.50", "4s": 0, "6s": 0, "mod": {"dismissedBp": {"innings": 2, "over": 10, "ball": 9}, "countingBp": {"innings": 2, "over": 10, "ball": 6}, "text": "c Rahul Chahar b Anukul Roy", "bowlerId": 3774, "additionalPlayerIds": [3763], "dismissedMethod": "ct", "isOut": true}}, {"playerId": 25, "r": 20, "b": 17, "sr": "117.64", "4s": 2, "6s": 0, "mod": {"dismissedBp": {"innings": 2, "over": 16, "ball": 6}, "countingBp": {"innings": 2, "over": 16, "ball": 6}, "text": "c & b Lasith Malinga", "bowlerId": 211, "additionalPlayerIds": [211], "dismissedMethod": "ct", "isOut": true}}, {"playerId": 1903, "r": 22, "b": 20, "sr": "110.00", "4s": 0, "6s": 2, "mod": {"dismissedBp": {"innings": 2, "over": 18, "ball": 4}, "countingBp": {"innings": 2, "over": 18, "ball": 4}, "text": "c Kieron Pollard b Lasith Malinga", "bowlerId": 211, "additionalPlayerIds": [210], "dismissedMethod": "ct", "isOut": true}}, {"playerId": 140, "r": 0, "b": 2, "sr": "0.00", "4s": 0, "6s": 0, "mod": {"dismissedBp": {"innings": 2, "over": 17, "ball": 4}, "countingBp": {"innings": 2, "over": 17, "ball": 3}, "text": "c Krunal Pandya b Jasprit Bumrah", "bowlerId": 1124, "additionalPlayerIds": [3183], "dismissedMethod": "ct", "isOut": true}}, {"playerId": 103, "r": 1, "b": 3, "sr": "33.33", "4s": 0, "6s": 0, "mod": {"dismissedBp": {"innings": 2, "over": 18, "ball": 2}, "countingBp": {"innings": 2, "over": 18, "ball": 2}, "text": "c Hardik Pandya b Lasith Malinga", "bowlerId": 211, "additionalPlayerIds": [2740], "dismissedMethod": "ct", "isOut": true}}, {"playerId": 898, "r": 0, "b": 0, "4s": 0, "6s": 0}], "bowlingStats": [{"playerId": 211, "ov": "3.4", "r": 37, "w": 4, "d": 8, "maid": 0, "e": "10.09", "wd": 0, "nb": 0}, {"playerId": 3183, "ov": "3", "r": 7, "w": 2, "d": 12, "maid": 0, "e": "2.33", "wd": 0, "nb": 0}, {"playerId": 2740, "ov": "2", "r": 22, "w": 1, "d": 5, "maid": 0, "e": "11.00", "wd": 1, "nb": 1}, {"playerId": 1124, "ov": "3", "r": 10, "w": 2, "d": 12, "maid": 0, "e": "3.33", "wd": 1, "nb": 0}, {"playerId": 3763, "ov": "4", "r": 21, "w": 0, "d": 7, "maid": 0, "e": "5.25", "wd": 0, "nb": 0}, {"playerId": 3774, "ov": "2", "r": 11, "w": 1, "d": 4, "maid": 0, "e": "5.50", "wd": 3, "nb": 0}], "fow": [{"bp": {"innings": 2, "over": 1, "ball": 5}, "playerId": 227, "ret": false, "w": 1, "r": 9}, {"bp": {"innings": 2, "over": 4, "ball": 1}, "playerId": 14, "ret": false, "w": 2, "r": 22}, {"bp": {"innings": 2, "over": 5, "ball": 3}, "playerId": 100, "ret": false, "w": 3, "r": 34}, {"bp": {"innings": 2, "over": 8, "ball": 2}, "playerId": 297, "ret": false, "w": 4, "r": 45}, {"bp": {"innings": 2, "over": 10, "ball": 6}, "playerId": 4946, "ret": false, "w": 5, "r": 60}, {"bp": {"innings": 2, "over": 12, "ball": 4}, "playerId": 7, "ret": false, "w": 6, "r": 66}, {"bp": {"innings": 2, "over": 16, "ball": 6}, "playerId": 25, "ret": false, "w": 7, "r": 99}, {"bp": {"innings": 2, "over": 17, "ball": 3}, "playerId": 140, "ret": false, "w": 8, "r": 101}, {"bp": {"innings": 2, "over": 18, "ball": 2}, "playerId": 103, "ret": false, "w": 9, "r": 103}, {"bp": {"innings": 2, "over": 18, "ball": 4}, "playerId": 1903, "ret": false, "w": 10, "r": 109}], "extras": {"noBallRuns": 1, "wideRuns": 5, "byeRuns": 0, "legByeRuns": 1, "penaltyRuns": 0}, "declared": false}, "overHistory": [{"ovNo": 1, "ovBalls": ["1", "4", "4", ".", "W", "."]}, {"ovNo": 2, "ovBalls": ["1", "1", ".", ".", ".", "."]}, {"ovNo": 3, "ovBalls": ["1", "4", "2", "2", ".", "2"]}, {"ovNo": 4, "ovBalls": ["W", ".", "4", "6", ".", "2"]}, {"ovNo": 5, "ovBalls": [".", ".", "W", "1", ".", "."]}, {"ovNo": 6, "ovBalls": [".", ".", "1", ".", ".", "4"]}, {"ovNo": 7, "ovBalls": [".", "1", "1", ".", ".", "1"]}, {"ovNo": 8, "ovBalls": ["2", "W", "1", ".", ".", "1"]}, {"ovNo": 9, "ovBalls": ["1", "1", "1", ".", "1", "2"]}, {"ovNo": 10, "ovBalls": ["1Wd", ".", "1Wd", "1", "1", "1", "1", "1Wd", "W"]}, {"ovNo": 11, "ovBalls": ["1", "1", ".", "1", ".", "1"]}, {"ovNo": 12, "ovBalls": ["1Lb", ".", "1", "W", ".", "."]}, {"ovNo": 13, "ovBalls": ["1", ".", "1", "1", ".", "1"]}, {"ovNo": 14, "ovBalls": ["1", "1", "2Nb", "4", ".", "1", "1Wd", "."]}, {"ovNo": 15, "ovBalls": ["1", "1", "4", "1", ".", "1"]}, {"ovNo": 16, "ovBalls": ["1", "1", "6", "1", "2", "W"]}, {"ovNo": 17, "ovBalls": ["1", ".", "1Wd", "W", "1", "1", "."]}, {"ovNo": 18, "ovBalls": [".", "W", "6", "W"]}]}]}