{"matchInfo": {"additionalInfo": {"toss.elected": "Sunrisers Hyderabad, who chose to field", "match.video.id": "f48cda257603454c80a60a0e61784523", "match.summary": "", "photostream.link": "http://www.iplt20.com/photos/158/ipl-2013-match-54-sh-v-csk", "home.team.fan.total": "6825", "notes.1.1": "Powerplay  - 50 runs, 1 wickets", "away.team.fan.total": "17939", "notes.1.2": "CSK: 50 runs in 5.6 overs", "umpire.name.3": "Krishnaraj Srinath", "notes.1.3": "2nd Wicket: 50 runs in 32 balls (Michael Hussey 26, Suresh Raina 25)", "umpire.name.4": "Ammanabrole Nand Kishore", "umpire.name.1": "Subrat Das", "notes.1.4": "CSK: 100 runs in 10.6 overs", "notes.1.5": "Michael Hussey: 50 off 32 balls (4 x fours, 3 x sixes)", "umpire.name.2": "Nigel Llong", "notes.1.6": "Suresh Raina: 50 off 35 balls (4 x fours, 1 x six)", "notes.1.7": "2nd Wicket: 100 runs in 64 balls (Michael Hussey 46, Suresh Raina 51)", "notes.1.8": "CSK: 150 runs in 15.6 overs", "notes.1.9": "CSK: 200 runs in 18.3 overs", "highlights.link": "http://iplt20.com/videos/media/id/f48cda257603454c80a60a0e61784523/m54-srh-vs-csk-match-highlights", "result.playerofthematch": "Suresh Raina", "match.photo.id": "20117", "notes.1.10": "Innings Break: CSK - 223/3 in 20 overs", "referee.name": "Raju Mukherjee", "toss.winner": "Sunrisers Hyderabad", "notes.2.3": "SRH: 100 runs in 12.6 overs", "notes.2.1": "Powerplay  - 49 runs, 2 wickets", "report.link": "http://iplt20.com/news/2013/match-reports/3774/report-match-54-srh-vs-csk", "notes.2.2": "SRH: 50 runs in 6.1 overs"}, "teams": [{"id": 1502, "team": {"id": 62, "fullName": "Sunrisers Hyderabad", "shortName": "Sunrisers", "abbreviation": "SRH", "type": "m", "primaryColor": "FF9C00", "secondaryColor": "FFFFFF"}, "players": [{"id": 44, "fullName": "Parthiv Patel", "shortName": "P Patel", "nationality": "Indian", "dateOfBirth": "1985-03-09", "rightArmedBowl": false, "rightHandedBat": false}, {"id": 41, "fullName": "Shikhar Dhawan", "shortName": "S Dhawan", "nationality": "Indian", "dateOfBirth": "1985-12-05", "rightArmedBowl": true, "rightHandedBat": false, "bowlingStyle": "OFF_SPIN"}, {"id": 27, "fullName": "Kumar Sangakkara", "shortName": "K Sangakkara", "nationality": "Sri Lankan", "dateOfBirth": "1977-10-27", "rightArmedBowl": true, "rightHandedBat": false, "bowlingStyle": "OFF_SPIN"}, {"id": 1117, "fullName": "Hanuma Vihari", "shortName": "H Vihari", "nationality": "Indian", "dateOfBirth": "1993-10-13", "rightArmedBowl": true, "rightHandedBat": true, "bowlingStyle": "OFF_SPIN"}, {"id": 215, "fullName": "Thisara Perera", "shortName": "NTLC Perera", "nationality": "Sri Lankan", "dateOfBirth": "1989-04-03", "rightArmedBowl": true, "rightHandedBat": false, "bowlingStyle": "MEDIUM_SEAM"}, {"id": 589, "fullName": "Darren Sammy", "shortName": "D Sammy", "nationality": "West Indian", "dateOfBirth": "1983-12-20", "rightArmedBowl": false, "rightHandedBat": true}, {"id": 34, "fullName": "Ashish Reddy", "shortName": "AA Reddy", "nationality": "Indian", "dateOfBirth": "1981-02-24", "rightArmedBowl": false, "rightHandedBat": false}, {"id": 1118, "fullName": "Karn Sharma", "shortName": "K Sharma", "nationality": "Indian", "dateOfBirth": "1987-10-23", "rightArmedBowl": true, "rightHandedBat": false, "bowlingStyle": "LEG_SPIN"}, {"id": 30, "fullName": "Amit Mishra", "shortName": "A Mishra", "nationality": "Indian", "dateOfBirth": "1982-11-24", "rightArmedBowl": true, "rightHandedBat": true, "bowlingStyle": "LEG_SPIN"}, {"id": 180, "fullName": "Dale Steyn", "shortName": "D Steyn", "nationality": "South African", "dateOfBirth": "1983-06-27", "rightArmedBowl": true, "rightHandedBat": true, "bowlingStyle": "FAST_SEAM"}, {"id": 38, "fullName": "Ishant Sharma", "shortName": "I Sharma", "nationality": "Indian", "dateOfBirth": "1988-09-02", "rightArmedBowl": true, "rightHandedBat": true, "bowlingStyle": "FAST_SEAM"}], "wicketKeeper": {"id": 44, "fullName": "Parthiv Patel", "shortName": "P Patel", "nationality": "Indian", "dateOfBirth": "1985-03-09", "rightArmedBowl": false, "rightHandedBat": false}, "captain": {"id": 27, "fullName": "Kumar Sangakkara", "shortName": "K Sangakkara", "nationality": "Sri Lankan", "dateOfBirth": "1977-10-27", "rightArmedBowl": true, "rightHandedBat": false, "bowlingStyle": "OFF_SPIN"}}, {"id": 1501, "team": {"id": 1, "fullName": "Chennai Super Kings", "shortName": "Super Kings", "abbreviation": "CSK", "type": "m", "primaryColor": "FDB913", "secondaryColor": "0081E5"}, "players": [{"id": 20, "fullName": "Michael Hussey", "shortName": "M Hussey", "nationality": "Australian", "dateOfBirth": "1975-05-27", "rightArmedBowl": true, "rightHandedBat": false, "bowlingStyle": "MEDIUM_SEAM"}, {"id": 7, "fullName": "Murali Vijay", "shortName": "M Vijay", "nationality": "Indian", "dateOfBirth": "1984-04-01", "rightArmedBowl": false, "rightHandedBat": false}, {"id": 14, "fullName": "Suresh Raina", "shortName": "S Raina", "nationality": "Indian", "dateOfBirth": "1986-11-27", "rightArmedBowl": true, "rightHandedBat": false, "bowlingStyle": "OFF_SPIN"}, {"id": 12, "fullName": "Subramaniam Badrinath", "shortName": "S Badrinath", "nationality": "Indian", "dateOfBirth": "1980-08-30", "rightArmedBowl": false, "rightHandedBat": false}, {"id": 1, "fullName": "MS Dhoni", "shortName": "MS Dhoni", "nationality": "Indian", "dateOfBirth": "1981-07-07", "rightArmedBowl": true, "rightHandedBat": true, "bowlingStyle": "MEDIUM_SEAM"}, {"id": 9, "fullName": "Ravindra Jadeja", "shortName": "R Jadeja", "nationality": "Indian", "dateOfBirth": "1988-12-06", "rightArmedBowl": false, "rightHandedBat": false, "bowlingStyle": "ORTHODOX"}, {"id": 25, "fullName": "Dwayne Bravo", "shortName": "DJ Bravo", "nationality": "West Indian", "dateOfBirth": "1983-10-07", "rightArmedBowl": true, "rightHandedBat": true, "bowlingStyle": "MEDIUM_SEAM"}, {"id": 836, "fullName": "Chris Morris", "shortName": "C Morris", "nationality": "South African", "dateOfBirth": "1987-04-30", "rightArmedBowl": true, "rightHandedBat": true, "bowlingStyle": "FAST_SEAM"}, {"id": 8, "fullName": "Ravichandran Ashwin", "shortName": "R Ashwin", "nationality": "Indian", "dateOfBirth": "1986-09-17", "rightArmedBowl": true, "rightHandedBat": true, "bowlingStyle": "OFF_SPIN"}, {"id": 1075, "fullName": "Jason Holder", "shortName": "J Holder", "nationality": "West Indian", "dateOfBirth": "1991-11-05", "rightArmedBowl": true, "rightHandedBat": true, "bowlingStyle": "MEDIUM_SEAM"}, {"id": 1107, "fullName": "Mohit Sharma", "shortName": "M Sharma", "nationality": "Indian", "dateOfBirth": "1991-12-19", "rightArmedBowl": false, "rightHandedBat": true}], "wicketKeeper": {"id": 1, "fullName": "MS Dhoni", "shortName": "MS Dhoni", "nationality": "Indian", "dateOfBirth": "1981-07-07", "rightArmedBowl": true, "rightHandedBat": true, "bowlingStyle": "MEDIUM_SEAM"}, "captain": {"id": 1, "fullName": "MS Dhoni", "shortName": "MS Dhoni", "nationality": "Indian", "dateOfBirth": "1981-07-07", "rightArmedBowl": true, "rightHandedBat": true, "bowlingStyle": "MEDIUM_SEAM"}}], "venue": {"id": 10, "fullName": "Rajiv Gandhi Intl. Cricket Stadium", "shortName": "Rajiv Gandhi Intl. Cricket Stadium", "city": "Hyderabad", "country": "India"}, "matchDate": "2013-05-08T20:00:00+0530", "matchEndDate": "2013-05-08T23:00:00+0530", "matchDateMs": 1368023400000, "matchEndDateMs": 1368034200000, "isLimitedOvers": true, "battingOrder": [1, 0], "matchBroadcast": false, "matchState": "C", "matchStatus": {"outcome": "B", "text": "Chennai Super Kings won by 77 runs"}, "description": "Match 54", "matchSummary": "", "matchType": "IPLT20", "tournamentLabel": "IPL 2013", "oversLimit": 20, "groupName": ""}, "matchId": {"id": 669, "name": "ipl2013-54", "tournamentId": {"id": 605, "name": "ipl2013", "provisional": false}}, "currentState": {"inProgress": false, "phase": "C", "currentInningsIndex": 1, "currentBatsmen": [1118, 38], "facingBatsman": 38, "nonFacingBatsman": 1118, "currentBowler": -1, "previousBowler": 25, "previousBowlerCurrentSpell": {"playerId": 25, "ov": "4", "r": 25, "w": 1, "d": 9, "maid": 0, "e": "6.25", "wd": 0, "nb": 0}, "currentPartnership": 3, "partnership": {"runs": 3, "balls": 1, "runRate": "18.00"}, "recentOvers": [{"ovNo": 15, "ovBalls": ["1", ".", ".", "2", "1", "1"]}, {"ovNo": 16, "ovBalls": ["1", "W", ".", "1", ".", "."]}, {"ovNo": 17, "ovBalls": ["1", ".", "1", ".", ".", "2"]}, {"ovNo": 18, "ovBalls": [".", "1", ".", "6", "4", "1"]}, {"ovNo": 19, "ovBalls": ["1", "1", "1", ".", ".", "4"]}, {"ovNo": 20, "ovBalls": ["1", "1", "1", "6", "W", "1Wd", "2"]}]}, "innings": [{"inningsNumber": 1, "runRate": "11.15", "overProgress": "20", "declared": false, "scorecard": {"runs": 223, "wkts": 3, "allOut": false, "battingStats": [{"playerId": 20, "r": 67, "b": 42, "sr": "159.52", "4s": 5, "6s": 4, "mod": {"dismissedBp": {"innings": 1, "over": 18, "ball": 2}, "countingBp": {"innings": 1, "over": 18, "ball": 2}, "text": "b Thisara Perera", "bowlerId": 215, "dismissedMethod": "b", "isOut": true}}, {"playerId": 7, "r": 29, "b": 20, "sr": "145.00", "4s": 2, "6s": 3, "mod": {"dismissedBp": {"innings": 1, "over": 6, "ball": 2}, "countingBp": {"innings": 1, "over": 6, "ball": 2}, "text": "c Parthiv Patel b Thisara Perera", "bowlerId": 215, "additionalPlayerIds": [44], "dismissedMethod": "ct", "isOut": true}}, {"playerId": 14, "r": 99, "b": 52, "sr": "190.38", "4s": 11, "6s": 3}, {"playerId": 1, "r": 4, "b": 3, "sr": "133.33", "4s": 0, "6s": 0, "mod": {"dismissedBp": {"innings": 1, "over": 18, "ball": 5}, "countingBp": {"innings": 1, "over": 18, "ball": 4}, "text": "c Karn Sharma b Thisara Perera", "bowlerId": 215, "additionalPlayerIds": [1118], "dismissedMethod": "ct", "isOut": true}}, {"playerId": 9, "r": 14, "b": 6, "sr": "233.33", "4s": 3, "6s": 0}], "bowlingStats": [{"playerId": 180, "ov": "4", "r": 17, "w": 0, "d": 13, "maid": 1, "e": "4.25", "wd": 0, "nb": 0}, {"playerId": 38, "ov": "4", "r": 66, "w": 0, "d": 5, "maid": 0, "e": "16.50", "wd": 3, "nb": 0}, {"playerId": 215, "ov": "4", "r": 45, "w": 3, "d": 8, "maid": 0, "e": "11.25", "wd": 0, "nb": 1}, {"playerId": 1118, "ov": "2", "r": 19, "w": 0, "d": 4, "maid": 0, "e": "9.50", "wd": 1, "nb": 0}, {"playerId": 30, "ov": "4", "r": 41, "w": 0, "d": 3, "maid": 0, "e": "10.25", "wd": 0, "nb": 1}, {"playerId": 589, "ov": "2", "r": 33, "w": 0, "d": 1, "maid": 0, "e": "16.50", "wd": 1, "nb": 1}], "fow": [{"bp": {"innings": 1, "over": 6, "ball": 2}, "playerId": 7, "ret": false, "w": 1, "r": 45}, {"bp": {"innings": 1, "over": 18, "ball": 2}, "playerId": 20, "ret": false, "w": 2, "r": 178}, {"bp": {"innings": 1, "over": 18, "ball": 4}, "playerId": 1, "ret": false, "w": 3, "r": 183}], "extras": {"noBallRuns": 3, "wideRuns": 5, "byeRuns": 0, "legByeRuns": 2, "penaltyRuns": 0}, "declared": false}, "overHistory": [{"ovNo": 1, "ovBalls": [".", ".", ".", ".", ".", "."]}, {"ovNo": 2, "ovBalls": [".", ".", "1", "1Wd", "4", "4", "1"]}, {"ovNo": 3, "ovBalls": ["1", ".", ".", ".", ".", "1"]}, {"ovNo": 4, "ovBalls": ["4", "4", ".", ".", "1", "4"]}, {"ovNo": 5, "ovBalls": [".", ".", "6", "6", "6", "."]}, {"ovNo": 6, "ovBalls": ["1", "W", ".", "3", "1", "1"]}, {"ovNo": 7, "ovBalls": ["1", "1", "1", "1", ".", "1"]}, {"ovNo": 8, "ovBalls": ["1", "4", "1", "4", ".", "."]}, {"ovNo": 9, "ovBalls": ["1Wd", "6", ".", ".", ".", "1", "6"]}, {"ovNo": 10, "ovBalls": ["1", "1", "1", "1", "2", "6"]}, {"ovNo": 11, "ovBalls": [".", "1", "1", "4", "1", "6"]}, {"ovNo": 12, "ovBalls": ["1", "1", "2", "1", "1", "1"]}, {"ovNo": 13, "ovBalls": ["1", ".", "1", "1", "1", "1"]}, {"ovNo": 14, "ovBalls": ["1", ".", "1", "1", "2Nb", "2", "1"]}, {"ovNo": 15, "ovBalls": ["1", "4", "1", "2Lb", ".", "4"]}, {"ovNo": 16, "ovBalls": ["1", "4", "2", "1", "2", "6"]}, {"ovNo": 17, "ovBalls": ["1Wd", "4", "1Wd", "6", "4", "4", "4", "1"]}, {"ovNo": 18, "ovBalls": ["1", "W", "3Nb", "2", "W", "4", "6"]}, {"ovNo": 19, "ovBalls": [".", "4", "4", "1", ".", "1"]}, {"ovNo": 20, "ovBalls": ["4", "1Wd", "2", "1", "4", "1", "3Nb", "4"]}]}, {"inningsNumber": 2, "runRate": "7.30", "overProgress": "20", "declared": false, "scorecard": {"runs": 146, "wkts": 8, "allOut": false, "battingStats": [{"playerId": 44, "r": 44, "b": 30, "sr": "146.66", "4s": 6, "6s": 1, "mod": {"dismissedBp": {"innings": 2, "over": 9, "ball": 6}, "countingBp": {"innings": 2, "over": 9, "ball": 6}, "text": "c Murali Vijay b Mohit Sharma", "bowlerId": 1107, "additionalPlayerIds": [7], "dismissedMethod": "ct", "isOut": true}}, {"playerId": 41, "r": 3, "b": 3, "sr": "100.00", "4s": 0, "6s": 0, "mod": {"dismissedBp": {"innings": 2, "over": 2, "ball": 5}, "countingBp": {"innings": 2, "over": 2, "ball": 5}, "text": "run out (MS Dhoni)", "bowlerId": 1075, "additionalPlayerIds": [1], "dismissedMethod": "ro", "isOut": true}}, {"playerId": 27, "r": 3, "b": 9, "sr": "33.33", "4s": 0, "6s": 0, "mod": {"dismissedBp": {"innings": 2, "over": 6, "ball": 3}, "countingBp": {"innings": 2, "over": 6, "ball": 3}, "text": "c Chris Morris b Ravichandran Ashwin", "bowlerId": 8, "additionalPlayerIds": [836], "dismissedMethod": "ct", "isOut": true}}, {"playerId": 1117, "r": 3, "b": 8, "sr": "37.50", "4s": 0, "6s": 0, "mod": {"dismissedBp": {"innings": 2, "over": 8, "ball": 5}, "countingBp": {"innings": 2, "over": 8, "ball": 5}, "text": "c Murali Vijay b Suresh Raina", "bowlerId": 14, "additionalPlayerIds": [7], "dismissedMethod": "ct", "isOut": true}}, {"playerId": 589, "r": 7, "b": 3, "sr": "233.33", "4s": 0, "6s": 1, "mod": {"dismissedBp": {"innings": 2, "over": 9, "ball": 2}, "countingBp": {"innings": 2, "over": 9, "ball": 2}, "text": "c Chris Morris b Mohit Sharma", "bowlerId": 1107, "additionalPlayerIds": [836], "dismissedMethod": "ct", "isOut": true}}, {"playerId": 215, "r": 23, "b": 13, "sr": "176.92", "4s": 1, "6s": 2, "mod": {"dismissedBp": {"innings": 2, "over": 13, "ball": 5}, "countingBp": {"innings": 2, "over": 13, "ball": 5}, "text": "c Subramaniam Badrinath b Dwayne Bravo", "bowlerId": 25, "additionalPlayerIds": [12], "dismissedMethod": "ct", "isOut": true}}, {"playerId": 1118, "r": 39, "b": 33, "sr": "118.18", "4s": 3, "6s": 1}, {"playerId": 30, "r": 6, "b": 8, "sr": "75.00", "4s": 0, "6s": 0, "mod": {"dismissedBp": {"innings": 2, "over": 16, "ball": 2}, "countingBp": {"innings": 2, "over": 16, "ball": 2}, "text": "run out (Ravindra Jadeja)", "bowlerId": 9, "additionalPlayerIds": [9], "dismissedMethod": "ro", "isOut": true}}, {"playerId": 180, "r": 14, "b": 13, "sr": "107.69", "4s": 1, "6s": 1, "mod": {"dismissedBp": {"innings": 2, "over": 20, "ball": 5}, "countingBp": {"innings": 2, "over": 20, "ball": 5}, "text": "c Jason Holder b Chris Morris", "bowlerId": 836, "additionalPlayerIds": [1075], "dismissedMethod": "ct", "isOut": true}}, {"playerId": 38, "r": 0, "b": 0, "4s": 0, "6s": 0}], "bowlingStats": [{"playerId": 1107, "ov": "4", "r": 28, "w": 2, "d": 12, "maid": 0, "e": "7.00", "wd": 1, "nb": 0}, {"playerId": 1075, "ov": "3", "r": 28, "w": 0, "d": 8, "maid": 0, "e": "9.33", "wd": 1, "nb": 0}, {"playerId": 8, "ov": "4", "r": 23, "w": 1, "d": 8, "maid": 0, "e": "5.75", "wd": 1, "nb": 0}, {"playerId": 14, "ov": "1", "r": 4, "w": 1, "d": 2, "maid": 0, "e": "4.00", "wd": 0, "nb": 0}, {"playerId": 836, "ov": "2", "r": 24, "w": 1, "d": 3, "maid": 0, "e": "12.00", "wd": 1, "nb": 0}, {"playerId": 25, "ov": "4", "r": 25, "w": 1, "d": 9, "maid": 0, "e": "6.25", "wd": 0, "nb": 0}, {"playerId": 9, "ov": "2", "r": 14, "w": 0, "d": 6, "maid": 0, "e": "7.00", "wd": 0, "nb": 0}], "fow": [{"bp": {"innings": 2, "over": 2, "ball": 5}, "playerId": 41, "ret": false, "w": 1, "r": 11}, {"bp": {"innings": 2, "over": 6, "ball": 3}, "playerId": 27, "ret": false, "w": 2, "r": 46}, {"bp": {"innings": 2, "over": 8, "ball": 5}, "playerId": 1117, "ret": false, "w": 3, "r": 55}, {"bp": {"innings": 2, "over": 9, "ball": 2}, "playerId": 589, "ret": false, "w": 4, "r": 62}, {"bp": {"innings": 2, "over": 9, "ball": 6}, "playerId": 44, "ret": false, "w": 5, "r": 64}, {"bp": {"innings": 2, "over": 13, "ball": 5}, "playerId": 215, "ret": false, "w": 6, "r": 99}, {"bp": {"innings": 2, "over": 16, "ball": 2}, "playerId": 30, "ret": false, "w": 7, "r": 110}, {"bp": {"innings": 2, "over": 20, "ball": 5}, "playerId": 180, "ret": false, "w": 8, "r": 143}], "extras": {"noBallRuns": 0, "wideRuns": 4, "byeRuns": 0, "legByeRuns": 0, "penaltyRuns": 0}, "declared": false}, "overHistory": [{"ovNo": 1, "ovBalls": ["4", ".", ".", ".", ".", "."]}, {"ovNo": 2, "ovBalls": ["2", ".", "1", "4", "W", "."]}, {"ovNo": 3, "ovBalls": ["4", "1", ".", "1Wd", "1", "2", "4"]}, {"ovNo": 4, "ovBalls": [".", "1", "1Wd", ".", "1", "1", "1"]}, {"ovNo": 5, "ovBalls": ["4", ".", "4", "1Wd", "6", ".", "2"]}, {"ovNo": 6, "ovBalls": [".", ".", "W", "1", "1", "1"]}, {"ovNo": 7, "ovBalls": ["1", ".", ".", "1", "1", "."]}, {"ovNo": 8, "ovBalls": ["1", ".", "1", "1", "W", "1"]}, {"ovNo": 9, "ovBalls": ["6", "W", "1", "1", ".", "W"]}, {"ovNo": 10, "ovBalls": ["1", "4", ".", "4", "1", "1"]}, {"ovNo": 11, "ovBalls": ["1", ".", "1", "4", "6", "."]}, {"ovNo": 12, "ovBalls": ["1", "1", ".", "1", ".", "1"]}, {"ovNo": 13, "ovBalls": ["1", ".", "1", "6", "W", "1"]}, {"ovNo": 14, "ovBalls": ["1", ".", ".", ".", "2", "1"]}, {"ovNo": 15, "ovBalls": ["1", ".", ".", "2", "1", "1"]}, {"ovNo": 16, "ovBalls": ["1", "W", ".", "1", ".", "."]}, {"ovNo": 17, "ovBalls": ["1", ".", "1", ".", ".", "2"]}, {"ovNo": 18, "ovBalls": [".", "1", ".", "6", "4", "1"]}, {"ovNo": 19, "ovBalls": ["1", "1", "1", ".", ".", "4"]}, {"ovNo": 20, "ovBalls": ["1", "1", "1", "6", "W", "1Wd", "2"]}]}]}