{"matchInfo": {"additionalInfo": {"toss.elected": "Mumbai Indians, who chose to bat", "notes.1.1": "Powerplay: 42 runs, 0 wickets", "notes.1.2": "MI: 50 runs in 7.2 overs", "notes.2.1": "Powerplay: 37 runs, 1 wicket", "notes.1.3": "1st Wicket: 50 runs in 45 balls (James Franklin 25, Sachin Tendulkar 23)", "notes.2.2": "PWI: 50 runs in 11.3 overs", "notes.1.4": "MI: 100 runs in 18.2 overs", "notes.2.3": "PWI: 100 runs in 17.3 overs", "notes.1.5": "Innings Break: MI - 120/9 in 20.0 overs", "highlights.link": "http://iplt20.com/videos?mid=0dff4e7f030f4018a69386f99acbdd65", "referee.name": "Andy Pycroft", "home.team.fan.total": "5,338", "match.summary": "", "umpire.name.1": "Asad Rauf", "photostream.link": "http://iplt20.com/photos/68/ipl-2012-match-45-pune-warriors-india-v-mumbai-indians", "umpire.name.2": "Sudhir Asnani", "toss.winner": "Mumbai Indians", "umpire.name.3": "Billy Doctrove", "umpire.name.4": "Nikhil Patwardhan", "away.team.fan.total": "6,308", "result.playerofthematch": "Lasith Malinga"}, "teams": [{"id": 235, "team": {"id": 7, "fullName": "Pune Warriors India", "shortName": "Warriors", "abbreviation": "PWI", "type": "m", "primaryColor": "00719E", "secondaryColor": "FFFFFF"}, "players": [{"id": 220, "fullName": "Jesse Ryder", "shortName": "J Ryder", "nationality": "New Zealander", "dateOfBirth": "1984-08-06", "rightArmedBowl": false, "rightHandedBat": false}, {"id": 286, "fullName": "Michael Clarke", "shortName": "M Clarke", "nationality": "Australian", "dateOfBirth": "1981-04-02", "rightArmedBowl": false, "rightHandedBat": true, "bowlingStyle": "ORTHODOX"}, {"id": 130, "fullName": "Sourav Ganguly", "shortName": "S Ganguly", "nationality": "Indian", "dateOfBirth": "1972-07-08", "rightArmedBowl": true, "rightHandedBat": false, "bowlingStyle": "MEDIUM_SEAM"}, {"id": 271, "fullName": "Steve Smith", "shortName": "S Smith", "nationality": "Australian", "dateOfBirth": "1989-06-02", "rightArmedBowl": true, "rightHandedBat": true, "bowlingStyle": "LEG_SPIN"}, {"id": 127, "fullName": "Robin Uthappa", "shortName": "R Uthappa", "nationality": "Indian", "dateOfBirth": "1985-11-11", "rightArmedBowl": true, "rightHandedBat": true}, {"id": 124, "fullName": "Mithun Manhas", "shortName": "M Manhas", "nationality": "Indian", "dateOfBirth": "1979-10-12", "rightArmedBowl": false, "rightHandedBat": false}, {"id": 223, "fullName": "Wayne Parnell", "shortName": "W Parnell", "nationality": "South African", "dateOfBirth": "1989-07-30", "rightArmedBowl": false, "rightHandedBat": false}, {"id": 125, "fullName": "Murali Kartik", "shortName": "M Kartik", "nationality": "Indian", "dateOfBirth": "1976-09-11", "rightArmedBowl": false, "rightHandedBat": false}, {"id": 116, "fullName": "Bhuvneshwar Kumar", "shortName": "B Kumar", "nationality": "Indian", "dateOfBirth": "1990-02-05", "rightArmedBowl": true, "rightHandedBat": true, "bowlingStyle": "MEDIUM_SEAM"}, {"id": 48, "fullName": "Ashok Dinda", "shortName": "A Dinda", "nationality": "Indian", "dateOfBirth": "1984-03-25", "rightArmedBowl": true, "rightHandedBat": true}, {"id": 115, "fullName": "Ashish Nehra", "shortName": "A Nehra", "nationality": "Indian", "dateOfBirth": "1979-04-29", "rightArmedBowl": false, "rightHandedBat": true, "bowlingStyle": "MEDIUM_SEAM"}], "wicketKeeper": {"id": 127, "fullName": "Robin Uthappa", "shortName": "R Uthappa", "nationality": "Indian", "dateOfBirth": "1985-11-11", "rightArmedBowl": true, "rightHandedBat": true}, "captain": {"id": 130, "fullName": "Sourav Ganguly", "shortName": "S Ganguly", "nationality": "Indian", "dateOfBirth": "1972-07-08", "rightArmedBowl": true, "rightHandedBat": false, "bowlingStyle": "MEDIUM_SEAM"}}, {"id": 236, "team": {"id": 6, "fullName": "Mumbai Indians", "shortName": "Mumbai", "abbreviation": "MI", "type": "m", "primaryColor": "00AEEF", "secondaryColor": "FFFFFF"}, "players": [{"id": 209, "fullName": "James Franklin", "shortName": "J Franklin", "nationality": "New Zealander", "dateOfBirth": "1980-11-07", "rightArmedBowl": false, "rightHandedBat": true}, {"id": 97, "fullName": "Sachin Tendulkar", "shortName": "S Tendulkar", "nationality": "Indian", "dateOfBirth": "1973-04-24", "rightArmedBowl": true, "rightHandedBat": true, "bowlingStyle": "OFF_SPIN"}, {"id": 107, "fullName": "Rohit Sharma", "shortName": "R Sharma", "nationality": "Indian", "dateOfBirth": "1987-04-30", "rightArmedBowl": true, "rightHandedBat": true, "bowlingStyle": "OFF_SPIN"}, {"id": 102, "fullName": "Dinesh Karthik", "shortName": "D Karthik", "nationality": "Indian", "dateOfBirth": "1985-06-01", "rightArmedBowl": true, "rightHandedBat": true, "bowlingStyle": "OFF_SPIN"}, {"id": 100, "fullName": "Ambati Rayudu", "shortName": "A Rayudu", "nationality": "Indian", "dateOfBirth": "1985-09-23", "rightArmedBowl": true, "rightHandedBat": true, "bowlingStyle": "OFF_SPIN"}, {"id": 214, "fullName": "Robin Peterson", "shortName": "R Peterson", "nationality": "South African", "dateOfBirth": "1979-08-04", "rightArmedBowl": false, "rightHandedBat": true}, {"id": 215, "fullName": "Thisara Perera", "shortName": "NTLC Perera", "nationality": "Sri Lankan", "dateOfBirth": "1989-04-03", "rightArmedBowl": true, "rightHandedBat": false, "bowlingStyle": "MEDIUM_SEAM"}, {"id": 103, "fullName": "Harbhajan Singh", "shortName": "H Singh", "nationality": "Indian", "dateOfBirth": "1980-07-03", "rightArmedBowl": true, "rightHandedBat": true, "bowlingStyle": "OFF_SPIN"}, {"id": 211, "fullName": "Lasith Malinga", "shortName": "L Malinga", "nationality": "Sri Lankan", "dateOfBirth": "1983-08-28", "rightArmedBowl": true, "rightHandedBat": true, "bowlingStyle": "FAST_SEAM"}, {"id": 104, "fullName": "Munaf Patel", "shortName": "M Patel", "nationality": "Indian", "dateOfBirth": "1983-07-12", "rightArmedBowl": true, "rightHandedBat": true}, {"id": 106, "fullName": "Pragyan Ojha", "shortName": "P Ojha", "nationality": "Indian", "dateOfBirth": "1986-09-05", "rightArmedBowl": false, "rightHandedBat": false, "bowlingStyle": "ORTHODOX"}], "wicketKeeper": {"id": 102, "fullName": "Dinesh Karthik", "shortName": "D Karthik", "nationality": "Indian", "dateOfBirth": "1985-06-01", "rightArmedBowl": true, "rightHandedBat": true, "bowlingStyle": "OFF_SPIN"}, "captain": {"id": 103, "fullName": "Harbhajan Singh", "shortName": "H Singh", "nationality": "Indian", "dateOfBirth": "1980-07-03", "rightArmedBowl": true, "rightHandedBat": true, "bowlingStyle": "OFF_SPIN"}}], "venue": {"id": 7, "fullName": "Maharashtra Cricket Association's International Stadium", "shortName": "Maharashtra Cricket Association's International Stadium", "city": "Pune", "country": "India"}, "matchDate": "2012-05-03T20:00:00+0530", "matchEndDate": "2012-05-03T23:00:00+0530", "matchDateMs": 1336055400000, "matchEndDateMs": 1336066200000, "isLimitedOvers": true, "battingOrder": [1, 0], "matchBroadcast": false, "matchState": "C", "matchStatus": {"outcome": "B", "text": "Mumbai Indians won by 1 run"}, "description": "Match 45", "matchSummary": "", "matchType": "IPLT20", "tournamentLabel": "IPL 2012", "oversLimit": 20, "groupName": ""}, "matchId": {"id": 46, "name": "ipl2012-45", "tournamentId": {"id": 1, "name": "ipl2012", "provisional": false}}, "currentState": {"inProgress": false, "phase": "C", "currentInningsIndex": 1, "currentBatsmen": [124, 116], "facingBatsman": 124, "nonFacingBatsman": 116, "currentBowler": -1, "previousBowler": 211, "previousBowlerCurrentSpell": {"playerId": 211, "ov": "2", "r": 13, "w": 2, "d": 5, "maid": 0, "e": "6.50", "wd": 2, "nb": 0}, "currentPartnership": 14, "partnership": {"runs": 14, "balls": 10, "runRate": "8.40"}, "recentOvers": [{"ovNo": 15, "ovBalls": ["1Wd", ".", ".", ".", "1", ".", "1"]}, {"ovNo": 16, "ovBalls": ["1", "1", "1", "1", "4", "1"]}, {"ovNo": 17, "ovBalls": ["1", "1", ".", "1", "4", "1Wd", "1Wd", "W"]}, {"ovNo": 18, "ovBalls": ["4", "1", "1", "1", "1Wd", "1", "2"]}, {"ovNo": 19, "ovBalls": [".", "W", "2", ".", "1", "1"]}, {"ovNo": 20, "ovBalls": [".", "1Wd", "1", "1", "1", "4", "2"]}]}, "innings": [{"inningsNumber": 1, "runRate": "6.00", "overProgress": "20", "declared": false, "scorecard": {"runs": 120, "wkts": 9, "allOut": false, "battingStats": [{"playerId": 209, "r": 25, "b": 23, "sr": "108.69", "4s": 3, "6s": 1, "mod": {"dismissedBp": {"innings": 1, "over": 8, "ball": 4}, "countingBp": {"innings": 1, "over": 8, "ball": 4}, "text": "c Mithun Manhas b Bhuvneshwar Kumar", "bowlerId": 116, "additionalPlayerIds": [124], "dismissedMethod": "ct", "isOut": true}}, {"playerId": 97, "r": 34, "b": 35, "sr": "97.14", "4s": 4, "6s": 0, "mod": {"dismissedBp": {"innings": 1, "over": 12, "ball": 6}, "countingBp": {"innings": 1, "over": 12, "ball": 6}, "text": "c Robin Uthappa b Ashish Nehra", "bowlerId": 115, "additionalPlayerIds": [127], "dismissedMethod": "ct", "isOut": true}}, {"playerId": 107, "r": 3, "b": 5, "sr": "60.00", "4s": 0, "6s": 0, "mod": {"dismissedBp": {"innings": 1, "over": 9, "ball": 6}, "countingBp": {"innings": 1, "over": 9, "ball": 6}, "text": "run out (Steve Smith)", "bowlerId": 286, "additionalPlayerIds": [271], "dismissedMethod": "ro", "isOut": true}}, {"playerId": 214, "r": 13, "b": 14, "sr": "92.85", "4s": 1, "6s": 0, "mod": {"dismissedBp": {"innings": 1, "over": 14, "ball": 3}, "countingBp": {"innings": 1, "over": 14, "ball": 3}, "text": "c Sourav Ganguly b Ashish Nehra", "bowlerId": 115, "additionalPlayerIds": [130], "dismissedMethod": "ct", "isOut": true}}, {"playerId": 102, "r": 18, "b": 22, "sr": "81.81", "4s": 1, "6s": 0}, {"playerId": 100, "r": 1, "b": 3, "sr": "33.33", "4s": 0, "6s": 0, "mod": {"dismissedBp": {"innings": 1, "over": 15, "ball": 5}, "countingBp": {"innings": 1, "over": 15, "ball": 5}, "text": "b Bhuvneshwar Kumar", "bowlerId": 116, "dismissedMethod": "b", "isOut": true}}, {"playerId": 215, "r": 0, "b": 4, "sr": "0.00", "4s": 0, "6s": 0, "mod": {"dismissedBp": {"innings": 1, "over": 16, "ball": 6}, "countingBp": {"innings": 1, "over": 16, "ball": 6}, "text": "run out (Steve Smith)", "bowlerId": 115, "additionalPlayerIds": [271], "dismissedMethod": "ro", "isOut": true}}, {"playerId": 103, "r": 0, "b": 1, "sr": "0.00", "4s": 0, "6s": 0, "mod": {"dismissedBp": {"innings": 1, "over": 17, "ball": 1}, "countingBp": {"innings": 1, "over": 17, "ball": 1}, "text": "c Wayne Parnell b Ashok Dinda", "bowlerId": 48, "additionalPlayerIds": [223], "dismissedMethod": "ct", "isOut": true}}, {"playerId": 211, "r": 14, "b": 14, "sr": "100.00", "4s": 1, "6s": 1, "mod": {"dismissedBp": {"innings": 1, "over": 20, "ball": 4}, "countingBp": {"innings": 1, "over": 20, "ball": 4}, "text": "run out (Steve Smith)", "bowlerId": 223, "additionalPlayerIds": [271], "dismissedMethod": "ro", "isOut": true}}, {"playerId": 106, "r": 1, "b": 1, "sr": "100.00", "4s": 0, "6s": 0, "mod": {"dismissedBp": {"innings": 1, "over": 20, "ball": 6}, "countingBp": {"innings": 1, "over": 20, "ball": 6}, "text": "run out (Robin Uthappa)", "bowlerId": 223, "additionalPlayerIds": [127], "dismissedMethod": "ro", "isOut": true}}], "bowlingStats": [{"playerId": 125, "ov": "3", "r": 27, "w": 0, "d": 4, "maid": 0, "e": "9.00", "wd": 1, "nb": 0}, {"playerId": 48, "ov": "4", "r": 34, "w": 1, "d": 11, "maid": 1, "e": "8.50", "wd": 0, "nb": 1}, {"playerId": 223, "ov": "4", "r": 18, "w": 0, "d": 10, "maid": 0, "e": "4.50", "wd": 0, "nb": 1}, {"playerId": 116, "ov": "3", "r": 9, "w": 2, "d": 9, "maid": 0, "e": "3.00", "wd": 0, "nb": 0}, {"playerId": 115, "ov": "4", "r": 19, "w": 2, "d": 16, "maid": 0, "e": "4.75", "wd": 0, "nb": 0}, {"playerId": 286, "ov": "2", "r": 9, "w": 0, "d": 4, "maid": 0, "e": "4.50", "wd": 0, "nb": 0}], "fow": [{"bp": {"innings": 1, "over": 8, "ball": 4}, "playerId": 209, "ret": false, "w": 1, "r": 50}, {"bp": {"innings": 1, "over": 9, "ball": 6}, "playerId": 107, "ret": false, "w": 2, "r": 56}, {"bp": {"innings": 1, "over": 12, "ball": 6}, "playerId": 97, "ret": false, "w": 3, "r": 81}, {"bp": {"innings": 1, "over": 14, "ball": 3}, "playerId": 214, "ret": false, "w": 4, "r": 88}, {"bp": {"innings": 1, "over": 15, "ball": 5}, "playerId": 100, "ret": false, "w": 5, "r": 92}, {"bp": {"innings": 1, "over": 16, "ball": 6}, "playerId": 215, "ret": false, "w": 6, "r": 93}, {"bp": {"innings": 1, "over": 17, "ball": 1}, "playerId": 103, "ret": false, "w": 7, "r": 93}, {"bp": {"innings": 1, "over": 20, "ball": 4}, "playerId": 211, "ret": false, "w": 8, "r": 119}, {"bp": {"innings": 1, "over": 20, "ball": 6}, "playerId": 106, "ret": false, "w": 9, "r": 120}], "extras": {"noBallRuns": 2, "wideRuns": 5, "byeRuns": 1, "legByeRuns": 3, "penaltyRuns": 0}, "declared": false}, "overHistory": [{"ovNo": 1, "ovBalls": [".", "2", "1", ".", "1", "."]}, {"ovNo": 2, "ovBalls": [".", ".", ".", ".", ".", "."]}, {"ovNo": 3, "ovBalls": [".", "1", "1", ".", ".", "1Nb", "4"]}, {"ovNo": 4, "ovBalls": [".", "4", "4", "4", ".", "1"]}, {"ovNo": 5, "ovBalls": ["1", "1Lb", ".", "1", ".", "1"]}, {"ovNo": 6, "ovBalls": [".", "6", ".", "4", "4", "."]}, {"ovNo": 7, "ovBalls": ["1", "1", "1", "1", "2", "1"]}, {"ovNo": 8, "ovBalls": [".", "1", ".", "W", "1", "1"]}, {"ovNo": 9, "ovBalls": ["1", "1Lb", "1", "1", ".", "W"]}, {"ovNo": 10, "ovBalls": ["5Wd", "4", "1", ".", "4", "1", "1"]}, {"ovNo": 11, "ovBalls": ["1", ".", "2", "1", "1", "1"]}, {"ovNo": 12, "ovBalls": [".", "1B", "1", "1", ".", "W"]}, {"ovNo": 13, "ovBalls": ["1", "1", "1", "1", "1", "1"]}, {"ovNo": 14, "ovBalls": [".", "1", "W", ".", "1", "."]}, {"ovNo": 15, "ovBalls": ["1", "1", ".", "1", "W", "."]}, {"ovNo": 16, "ovBalls": [".", ".", "1", ".", ".", "W"]}, {"ovNo": 17, "ovBalls": ["W", ".", "1", "1", "1", "1"]}, {"ovNo": 18, "ovBalls": ["1", ".", ".", ".", ".", "1Lb"]}, {"ovNo": 19, "ovBalls": [".", "1", "4", "1Nb", "1", "4", "6"]}, {"ovNo": 20, "ovBalls": ["1", ".", "1", "1W", "1", "W"]}]}, {"inningsNumber": 2, "runRate": "5.95", "overProgress": "20", "declared": false, "scorecard": {"runs": 119, "wkts": 6, "allOut": false, "battingStats": [{"playerId": 127, "r": 18, "b": 18, "sr": "100.00", "4s": 2, "6s": 1, "mod": {"dismissedBp": {"innings": 2, "over": 4, "ball": 3}, "countingBp": {"innings": 2, "over": 4, "ball": 3}, "text": "lbw Munaf Patel", "bowlerId": 104, "dismissedMethod": "lbw", "isOut": true}}, {"playerId": 220, "r": 9, "b": 13, "sr": "69.23", "4s": 1, "6s": 0, "mod": {"dismissedBp": {"innings": 2, "over": 7, "ball": 5}, "countingBp": {"innings": 2, "over": 7, "ball": 5}, "text": "c Thisara Perera b Harbhajan Singh", "bowlerId": 103, "additionalPlayerIds": [215], "dismissedMethod": "ct", "isOut": true}}, {"playerId": 286, "r": 14, "b": 15, "sr": "93.33", "4s": 2, "6s": 0, "mod": {"dismissedBp": {"innings": 2, "over": 9, "ball": 2}, "countingBp": {"innings": 2, "over": 9, "ball": 2}, "text": "lbw Harbhajan Singh", "bowlerId": 103, "dismissedMethod": "lbw", "isOut": true}}, {"playerId": 130, "r": 16, "b": 24, "sr": "66.66", "4s": 1, "6s": 0, "mod": {"dismissedBp": {"innings": 2, "over": 17, "ball": 8}, "countingBp": {"innings": 2, "over": 17, "ball": 6}, "text": "b Lasith Malinga", "bowlerId": 211, "dismissedMethod": "b", "isOut": true}}, {"playerId": 271, "r": 2, "b": 6, "sr": "33.33", "4s": 0, "6s": 0, "mod": {"dismissedBp": {"innings": 2, "over": 10, "ball": 5}, "countingBp": {"innings": 2, "over": 10, "ball": 5}, "text": "b Pragyan Ojha", "bowlerId": 106, "dismissedMethod": "b", "isOut": true}}, {"playerId": 124, "r": 42, "b": 34, "sr": "123.52", "4s": 5, "6s": 0}, {"playerId": 223, "r": 2, "b": 4, "sr": "50.00", "4s": 0, "6s": 0, "mod": {"dismissedBp": {"innings": 2, "over": 19, "ball": 2}, "countingBp": {"innings": 2, "over": 19, "ball": 2}, "text": "c Robin Peterson b Lasith Malinga", "bowlerId": 211, "additionalPlayerIds": [214], "dismissedMethod": "ct", "isOut": true}}, {"playerId": 116, "r": 10, "b": 6, "sr": "166.66", "4s": 1, "6s": 0}], "bowlingStats": [{"playerId": 211, "ov": "4", "r": 25, "w": 2, "d": 13, "maid": 0, "e": "6.25", "wd": 3, "nb": 0}, {"playerId": 104, "ov": "4", "r": 24, "w": 1, "d": 13, "maid": 0, "e": "6.00", "wd": 1, "nb": 0}, {"playerId": 103, "ov": "4", "r": 18, "w": 2, "d": 13, "maid": 0, "e": "4.50", "wd": 1, "nb": 0}, {"playerId": 106, "ov": "4", "r": 24, "w": 1, "d": 9, "maid": 0, "e": "6.00", "wd": 1, "nb": 0}, {"playerId": 209, "ov": "3", "r": 20, "w": 0, "d": 5, "maid": 0, "e": "6.66", "wd": 0, "nb": 0}, {"playerId": 215, "ov": "1", "r": 8, "w": 0, "d": 2, "maid": 0, "e": "8.00", "wd": 0, "nb": 0}], "fow": [{"bp": {"innings": 2, "over": 4, "ball": 3}, "playerId": 127, "ret": false, "w": 1, "r": 20}, {"bp": {"innings": 2, "over": 7, "ball": 5}, "playerId": 220, "ret": false, "w": 2, "r": 40}, {"bp": {"innings": 2, "over": 9, "ball": 2}, "playerId": 286, "ret": false, "w": 3, "r": 44}, {"bp": {"innings": 2, "over": 10, "ball": 5}, "playerId": 271, "ret": false, "w": 4, "r": 47}, {"bp": {"innings": 2, "over": 17, "ball": 6}, "playerId": 130, "ret": false, "w": 5, "r": 94}, {"bp": {"innings": 2, "over": 19, "ball": 2}, "playerId": 223, "ret": false, "w": 6, "r": 105}], "extras": {"noBallRuns": 0, "wideRuns": 6, "byeRuns": 0, "legByeRuns": 0, "penaltyRuns": 0}, "declared": false}, "overHistory": [{"ovNo": 1, "ovBalls": ["1Wd", ".", ".", ".", ".", "4", "1"]}, {"ovNo": 2, "ovBalls": [".", ".", "6", ".", "1", "."]}, {"ovNo": 3, "ovBalls": [".", ".", ".", "2", ".", "4"]}, {"ovNo": 4, "ovBalls": [".", "1", "W", ".", ".", "."]}, {"ovNo": 5, "ovBalls": [".", "1", "4", "4", "1", "1"]}, {"ovNo": 6, "ovBalls": [".", ".", "4", "1", "1", "."]}, {"ovNo": 7, "ovBalls": [".", "1", "1", "1", "W", "."]}, {"ovNo": 8, "ovBalls": ["1", "1", ".", "1", "1", "."]}, {"ovNo": 9, "ovBalls": [".", "W", ".", ".", "1", "."]}, {"ovNo": 10, "ovBalls": [".", "1", ".", "1", "W", "."]}, {"ovNo": 11, "ovBalls": [".", ".", ".", "1", ".", "1"]}, {"ovNo": 12, "ovBalls": [".", ".", "2", "1", "1", "4"]}, {"ovNo": 13, "ovBalls": ["1", "1", "1", "4", ".", "2"]}, {"ovNo": 14, "ovBalls": ["1", ".", ".", "2", "4", "."]}, {"ovNo": 15, "ovBalls": ["1Wd", ".", ".", ".", "1", ".", "1"]}, {"ovNo": 16, "ovBalls": ["1", "1", "1", "1", "4", "1"]}, {"ovNo": 17, "ovBalls": ["1", "1", ".", "1", "4", "1Wd", "1Wd", "W"]}, {"ovNo": 18, "ovBalls": ["4", "1", "1", "1", "1Wd", "1", "2"]}, {"ovNo": 19, "ovBalls": [".", "W", "2", ".", "1", "1"]}, {"ovNo": 20, "ovBalls": [".", "1Wd", "1", "1", "1", "4", "2"]}]}]}