{"matchInfo": {"additionalInfo": {"sixes.video.thumb": "https://iplplatform-static-files.s3.amazonaws.com/IPL/photo/2017/04/24/4fdb61e3-bb59-4943-ad1e-96e293a57bfe/Rahul-sixes.jpg", "sixes.video.id": "5409475863001", "match.video.thumb": "https://iplplatform-static-files.s3.amazonaws.com/IPL/photo/2017/04/24/c3241883-3241-4cda-80ed-7fd59dbd8e54/Match-Highlights-MI-vs-RPS.jpg", "mom.video.thumb": "https://iplplatform-static-files.s3.amazonaws.com/IPL/photo/2017/04/24/e52ab50d-592a-48fb-975c-ab8a33002b0f/Ben.jpg", "mom.video.id": "5409526815001", "referee.name": "Javagal Srinath", "report.thumb": "https://iplplatform-static-files.s3.amazonaws.com/IPL/photo/2017/04/24/ae4ef10e-e612-44b2-af03-f939e9ceeef3/Match-Report-MI-vs-RPS.jpg", "match.summary": "", "umpire.name.1": "S Ravi", "umpire.name.2": "A Nanda Kishore", "umpire.name.3": "K N Ananthapadmanabhan", "interview.thumb": "https://iplplatform-static-files.s3.amazonaws.com/IPL/photo/2017/04/24/9bb6b34b-7052-48ae-9df6-de790f5eccbd/Jaydev-Interview.jpg", "umpire.name.4": "Navdeep Singh Sidhu", "away.team.fan.total": "32414", "result.playerofthematch": "Ben Stokes", "report.link": "http://www.iplt20.com/news/97912/match-report-m28-mi-vs-rps", "toss.elected": "Mumbai Indians, who chose to field", "notes.1.1": "Powerplay 1: 48 runs, 0 wickets", "notes.1.2": "Rising Pune Supergiant: 50 runs in 6.2 overs", "notes.2.1": "Powerplay 1: 44 runs, 1 wicket", "notes.1.3": "1st Wicket: 50 runs in 38 balls (Ajinkya Rahane 26, Rahul Tripathi 23)", "notes.2.2": "Mumbai Indians: 50 runs in 6.6 overs", "notes.1.4": "Rising Pune Supergiant: 100 runs in 11.6 overs", "notes.2.3": "Mumbai Indians: 100 runs in 13.3 overs", "notes.1.5": "Rising Pune Supergiant: 150 runs in 18.5 overs", "notes.2.4": "Rohit Sharma: 50 off 33 balls (6 x fours, 2 x sixes)", "notes.1.6": "Innings Break: Rising Pune Supergiant - 160/6 in 20 overs", "notes.2.5": "Mumbai Indians: 150 runs in 19.2 overs", "highlights.link": "http://www.iplt20.com/video/97879/m28-mi-vs-rps-match-highlights", "match.video.id": "5409526775001", "stats.link": "http://www.iplt20.com/news/97923/quick-stats-m28-mi-vs-rcb", "home.team.fan.total": "15496", "toss.winner": "Mumbai Indians", "interview.link": "http://www.iplt20.com/news/97927/i-knew-i-could-do-something-special-unadkat", "stats.thumb": "https://iplplatform-static-files.s3.amazonaws.com/IPL/photo/2017/04/24/a0b968db-dc80-4a4b-a109-ceb8de4b2258/Stats-MI-vs-RPS.jpg"}, "teams": [{"id": 7276, "team": {"id": 6, "fullName": "Mumbai Indians", "shortName": "Mumbai", "abbreviation": "MI", "type": "m", "primaryColor": "00AEEF", "secondaryColor": "FFFFFF"}, "players": [{"id": 44, "fullName": "Parthiv Patel", "shortName": "P Patel", "nationality": "Indian", "dateOfBirth": "1985-03-09", "rightArmedBowl": false, "rightHandedBat": false}, {"id": 509, "fullName": "Jos Buttler", "shortName": "J Buttler", "nationality": "English", "dateOfBirth": "1990-09-08", "rightArmedBowl": true, "rightHandedBat": true}, {"id": 2738, "fullName": "Nitish Rana", "shortName": "N Rana", "nationality": "Indian", "dateOfBirth": "1993-12-27", "rightArmedBowl": true, "rightHandedBat": false, "bowlingStyle": "OFF_SPIN"}, {"id": 107, "fullName": "Rohit Sharma", "shortName": "R Sharma", "nationality": "Indian", "dateOfBirth": "1987-04-30", "rightArmedBowl": true, "rightHandedBat": true, "bowlingStyle": "OFF_SPIN"}, {"id": 210, "fullName": "Kieron Pollard", "shortName": "K Pollard", "nationality": "West Indian", "dateOfBirth": "1987-05-12", "rightArmedBowl": true, "rightHandedBat": true, "bowlingStyle": "MEDIUM_SEAM"}, {"id": 2740, "fullName": "Hardik Pandya", "shortName": "H Pandya", "nationality": "Indian", "dateOfBirth": "1993-10-11", "rightArmedBowl": true, "rightHandedBat": true, "bowlingStyle": "MEDIUM_SEAM"}, {"id": 1118, "fullName": "Karn Sharma", "shortName": "K Sharma", "nationality": "Indian", "dateOfBirth": "1987-10-23", "rightArmedBowl": true, "rightHandedBat": false, "bowlingStyle": "LEG_SPIN"}, {"id": 103, "fullName": "Harbhajan Singh", "shortName": "H Singh", "nationality": "Indian", "dateOfBirth": "1980-07-03", "rightArmedBowl": true, "rightHandedBat": true, "bowlingStyle": "OFF_SPIN"}, {"id": 1124, "fullName": "Jasprit Bumrah", "shortName": "J Bumrah", "nationality": "Indian", "dateOfBirth": "1993-12-06", "rightArmedBowl": true, "rightHandedBat": true, "bowlingStyle": "FAST_SEAM"}, {"id": 730, "fullName": "Mitchell McClenaghan", "shortName": "M McClenaghan", "nationality": "New Zealander", "dateOfBirth": "1986-06-11", "rightArmedBowl": false, "rightHandedBat": false}, {"id": 213, "fullName": "Mitchell Johnson", "shortName": "M Johnson", "nationality": "Australian", "dateOfBirth": "1981-11-02", "rightArmedBowl": false, "rightHandedBat": false, "bowlingStyle": "FAST_SEAM"}], "wicketKeeper": {"id": 44, "fullName": "Parthiv Patel", "shortName": "P Patel", "nationality": "Indian", "dateOfBirth": "1985-03-09", "rightArmedBowl": false, "rightHandedBat": false}, "captain": {"id": 107, "fullName": "Rohit Sharma", "shortName": "R Sharma", "nationality": "Indian", "dateOfBirth": "1987-04-30", "rightArmedBowl": true, "rightHandedBat": true, "bowlingStyle": "OFF_SPIN"}}, {"id": 7277, "team": {"id": 434, "fullName": "Rising Pune Supergiant", "shortName": "Supergiant", "abbreviation": "RPS", "type": "m", "primaryColor": "FFC0CB", "secondaryColor": "AA3355"}, "players": [{"id": 135, "fullName": "Ajinkya Rahane", "shortName": "A Rahane", "nationality": "Indian", "dateOfBirth": "1988-06-06", "rightArmedBowl": true, "rightHandedBat": true, "bowlingStyle": "MEDIUM_SEAM"}, {"id": 3838, "fullName": "Rahul Tripathi", "shortName": "R Tripathi", "nationality": "Indian", "dateOfBirth": "1991-03-02", "rightArmedBowl": true, "rightHandedBat": true, "bowlingStyle": "MEDIUM_SEAM"}, {"id": 271, "fullName": "Steve Smith", "shortName": "S Smith", "nationality": "Australian", "dateOfBirth": "1989-06-02", "rightArmedBowl": true, "rightHandedBat": true, "bowlingStyle": "LEG_SPIN"}, {"id": 1154, "fullName": "Ben Stokes", "shortName": "B Stokes", "nationality": "English", "dateOfBirth": "1991-06-04", "rightArmedBowl": true, "rightHandedBat": false, "bowlingStyle": "FAST_SEAM"}, {"id": 89, "fullName": "Manoj Tiwary", "shortName": "M Tiwary", "nationality": "Indian", "dateOfBirth": "1985-11-14", "rightArmedBowl": true, "rightHandedBat": true}, {"id": 1, "fullName": "MS Dhoni", "shortName": "MS Dhoni", "nationality": "Indian", "dateOfBirth": "1981-07-07", "rightArmedBowl": true, "rightHandedBat": true, "bowlingStyle": "MEDIUM_SEAM"}, {"id": 181, "fullName": "Dan Christian", "shortName": "D Christian", "nationality": "Australian", "dateOfBirth": "1983-05-04", "rightArmedBowl": true, "rightHandedBat": true, "bowlingStyle": "MEDIUM_SEAM"}, {"id": 2973, "fullName": "Washington Sundar", "shortName": "W Sundar", "nationality": "Indian", "dateOfBirth": "1999-10-05", "rightArmedBowl": true, "rightHandedBat": false, "bowlingStyle": "OFF_SPIN"}, {"id": 1745, "fullName": "Shardul Thakur", "shortName": "S Thakur", "nationality": "Indian", "dateOfBirth": "1991-10-16", "rightArmedBowl": true, "rightHandedBat": true, "bowlingStyle": "MEDIUM_SEAM"}, {"id": 86, "fullName": "Jaydev Unadkat", "shortName": "J Unadkat", "nationality": "Indian", "dateOfBirth": "1991-10-18", "rightArmedBowl": false, "rightHandedBat": true, "bowlingStyle": "MEDIUM_SEAM"}, {"id": 898, "fullName": "Imran Tahir", "shortName": "I Tahir", "nationality": "South African", "dateOfBirth": "1979-03-27", "rightArmedBowl": true, "rightHandedBat": true, "bowlingStyle": "LEG_SPIN"}], "wicketKeeper": {"id": 1, "fullName": "MS Dhoni", "shortName": "MS Dhoni", "nationality": "Indian", "dateOfBirth": "1981-07-07", "rightArmedBowl": true, "rightHandedBat": true, "bowlingStyle": "MEDIUM_SEAM"}, "captain": {"id": 271, "fullName": "Steve Smith", "shortName": "S Smith", "nationality": "Australian", "dateOfBirth": "1989-06-02", "rightArmedBowl": true, "rightHandedBat": true, "bowlingStyle": "LEG_SPIN"}}], "venue": {"id": 4, "fullName": "Wankhede Stadium", "shortName": "Wankhede Stadium", "city": "Mumbai", "country": "India"}, "matchDate": "2017-04-24T20:00:00+0530", "matchEndDate": "2017-04-24T23:00:00+0530", "matchDateMs": 1493044200000, "matchEndDateMs": 1493055000000, "isLimitedOvers": true, "battingOrder": [1, 0], "matchBroadcast": false, "matchState": "C", "matchStatus": {"outcome": "B", "text": "Rising Pune Supergiant won by 3 runs"}, "description": "Match 28", "matchSummary": "", "matchType": "IPLT20", "tournamentLabel": "IPL 2017", "oversLimit": 20, "groupName": ""}, "matchId": {"id": 5866, "name": "ipl2017-28", "tournamentId": {"id": 5815, "name": "ipl2017", "provisional": false}}, "currentState": {"inProgress": false, "phase": "C", "currentInningsIndex": 1, "currentBatsmen": [103, 213], "facingBatsman": 213, "nonFacingBatsman": 103, "currentBowler": -1, "previousBowler": 1154, "previousBowlerCurrentSpell": {"playerId": 1154, "ov": "1", "r": 6, "w": 0, "d": 1, "maid": 0, "e": "6.00", "wd": 1, "nb": 0}, "currentPartnership": 6, "partnership": {"runs": 6, "balls": 1, "runRate": "36.00"}, "recentOvers": [{"ovNo": 15, "ovBalls": [".", "1", "1", "4", "1", "1Lb"]}, {"ovNo": 16, "ovBalls": ["1", "6", ".", "1", ".", "1"]}, {"ovNo": 17, "ovBalls": ["W", "1", "1", "1", ".", "1"]}, {"ovNo": 18, "ovBalls": ["1Lb", ".", "1Wd", "1", "4", "4", "."]}, {"ovNo": 19, "ovBalls": ["1Lb", "1Wd", "1", "1", "1", "1", "1"]}, {"ovNo": 20, "ovBalls": ["W", "6", ".", "W", "1W", "6"]}]}, "innings": [{"inningsNumber": 1, "runRate": "8.00", "overProgress": "20", "declared": false, "scorecard": {"runs": 160, "wkts": 6, "allOut": false, "battingStats": [{"playerId": 135, "r": 38, "b": 32, "sr": "118.75", "4s": 5, "6s": 1, "mod": {"dismissedBp": {"innings": 1, "over": 10, "ball": 3}, "countingBp": {"innings": 1, "over": 10, "ball": 3}, "text": "c & b Karn Sharma", "bowlerId": 1118, "additionalPlayerIds": [1118], "dismissedMethod": "ct", "isOut": true}}, {"playerId": 3838, "r": 45, "b": 31, "sr": "145.16", "4s": 3, "6s": 2, "mod": {"dismissedBp": {"innings": 1, "over": 12, "ball": 3}, "countingBp": {"innings": 1, "over": 12, "ball": 3}, "text": "c Kieron Pollard b Karn Sharma", "bowlerId": 1118, "additionalPlayerIds": [210], "dismissedMethod": "ct", "isOut": true}}, {"playerId": 271, "r": 17, "b": 12, "sr": "141.66", "4s": 2, "6s": 0, "mod": {"dismissedBp": {"innings": 1, "over": 13, "ball": 6}, "countingBp": {"innings": 1, "over": 13, "ball": 6}, "text": "b Harbhajan Singh", "bowlerId": 103, "dismissedMethod": "b", "isOut": true}}, {"playerId": 1, "r": 7, "b": 11, "sr": "63.63", "4s": 0, "6s": 0, "mod": {"dismissedBp": {"innings": 1, "over": 18, "ball": 3}, "countingBp": {"innings": 1, "over": 18, "ball": 3}, "text": "b Jasprit Bumrah", "bowlerId": 1124, "dismissedMethod": "b", "isOut": true}}, {"playerId": 1154, "r": 17, "b": 12, "sr": "141.66", "4s": 2, "6s": 0, "mod": {"dismissedBp": {"innings": 1, "over": 17, "ball": 1}, "countingBp": {"innings": 1, "over": 17, "ball": 1}, "text": "b Mitchell Johnson", "bowlerId": 213, "dismissedMethod": "b", "isOut": true}}, {"playerId": 89, "r": 22, "b": 13, "sr": "169.23", "4s": 4, "6s": 0, "mod": {"dismissedBp": {"innings": 1, "over": 20, "ball": 4}, "countingBp": {"innings": 1, "over": 20, "ball": 4}, "text": "lbw Jasprit Bumrah", "bowlerId": 1124, "dismissedMethod": "lbw", "isOut": true}}, {"playerId": 181, "r": 8, "b": 7, "sr": "114.28", "4s": 1, "6s": 0}, {"playerId": 2973, "r": 2, "b": 2, "sr": "100.00", "4s": 0, "6s": 0}], "bowlingStats": [{"playerId": 213, "ov": "4", "r": 34, "w": 1, "d": 9, "maid": 0, "e": "8.50", "wd": 1, "nb": 0}, {"playerId": 730, "ov": "4", "r": 36, "w": 0, "d": 10, "maid": 0, "e": "9.00", "wd": 1, "nb": 0}, {"playerId": 1118, "ov": "4", "r": 39, "w": 2, "d": 7, "maid": 0, "e": "9.75", "wd": 0, "nb": 0}, {"playerId": 1124, "ov": "4", "r": 29, "w": 2, "d": 10, "maid": 0, "e": "7.25", "wd": 0, "nb": 0}, {"playerId": 103, "ov": "4", "r": 20, "w": 1, "d": 7, "maid": 0, "e": "5.00", "wd": 0, "nb": 0}], "fow": [{"bp": {"innings": 1, "over": 10, "ball": 3}, "playerId": 135, "ret": false, "w": 1, "r": 76}, {"bp": {"innings": 1, "over": 12, "ball": 3}, "playerId": 3838, "ret": false, "w": 2, "r": 93}, {"bp": {"innings": 1, "over": 13, "ball": 6}, "playerId": 271, "ret": false, "w": 3, "r": 104}, {"bp": {"innings": 1, "over": 17, "ball": 1}, "playerId": 1154, "ret": false, "w": 4, "r": 126}, {"bp": {"innings": 1, "over": 18, "ball": 3}, "playerId": 1, "ret": false, "w": 5, "r": 138}, {"bp": {"innings": 1, "over": 20, "ball": 4}, "playerId": 89, "ret": false, "w": 6, "r": 158}], "extras": {"noBallRuns": 0, "wideRuns": 2, "byeRuns": 1, "legByeRuns": 1, "penaltyRuns": 0}, "declared": false}, "overHistory": [{"ovNo": 1, "ovBalls": ["1", ".", "1", ".", "1Wd", ".", "6"]}, {"ovNo": 2, "ovBalls": [".", ".", "4", "1", ".", "4"]}, {"ovNo": 3, "ovBalls": [".", "1", "4", ".", "1", "1"]}, {"ovNo": 4, "ovBalls": ["2", "2", "1", ".", ".", "1"]}, {"ovNo": 5, "ovBalls": ["1", "1Lb", "4", ".", ".", "."]}, {"ovNo": 6, "ovBalls": ["6", "1", ".", ".", ".", "4"]}, {"ovNo": 7, "ovBalls": [".", "3", ".", "2", "1", "1"]}, {"ovNo": 8, "ovBalls": [".", "4", "4", "1", "4", "1"]}, {"ovNo": 9, "ovBalls": [".", "1", "1", "1", "1", "1"]}, {"ovNo": 10, "ovBalls": ["1", "1", "W", "1", "6", "1"]}, {"ovNo": 11, "ovBalls": ["1", ".", "1", ".", "1", "1"]}, {"ovNo": 12, "ovBalls": ["4", "1", "W", "2", "4", "1"]}, {"ovNo": 13, "ovBalls": ["1", ".", "1", "1", "1", "W"]}, {"ovNo": 14, "ovBalls": [".", ".", "1", "4", "1", "1"]}, {"ovNo": 15, "ovBalls": ["1", "2", "2", "2", "1", "1"]}, {"ovNo": 16, "ovBalls": ["1", ".", ".", ".", "4", "1"]}, {"ovNo": 17, "ovBalls": ["W", "4", "4", ".", "2", "1"]}, {"ovNo": 18, "ovBalls": [".", "1", "W", "2", ".", "2"]}, {"ovNo": 19, "ovBalls": ["1", "1Wd", ".", "1B", "1", "4", "."]}, {"ovNo": 20, "ovBalls": ["4", "4", ".", "W", "2", "."]}]}, {"inningsNumber": 2, "runRate": "7.85", "overProgress": "20", "declared": false, "scorecard": {"runs": 157, "wkts": 8, "allOut": false, "battingStats": [{"playerId": 44, "r": 33, "b": 27, "sr": "122.22", "4s": 4, "6s": 0, "mod": {"dismissedBp": {"innings": 2, "over": 9, "ball": 6}, "countingBp": {"innings": 2, "over": 9, "ball": 6}, "text": "b Washington Sundar", "bowlerId": 2973, "dismissedMethod": "b", "isOut": true}}, {"playerId": 509, "r": 17, "b": 13, "sr": "130.76", "4s": 3, "6s": 0, "mod": {"dismissedBp": {"innings": 2, "over": 5, "ball": 2}, "countingBp": {"innings": 2, "over": 5, "ball": 2}, "text": "c Washington Sundar b Ben Stokes", "bowlerId": 1154, "additionalPlayerIds": [2973], "dismissedMethod": "ct", "isOut": true}}, {"playerId": 2738, "r": 3, "b": 9, "sr": "33.33", "4s": 0, "6s": 0, "mod": {"dismissedBp": {"innings": 2, "over": 8, "ball": 2}, "countingBp": {"innings": 2, "over": 8, "ball": 2}, "text": "c Jaydev Unadkat b Dan Christian", "bowlerId": 181, "additionalPlayerIds": [86], "dismissedMethod": "ct", "isOut": true}}, {"playerId": 107, "r": 58, "b": 39, "sr": "148.71", "4s": 6, "6s": 3, "mod": {"dismissedBp": {"innings": 2, "over": 20, "ball": 4}, "countingBp": {"innings": 2, "over": 20, "ball": 4}, "text": "c & b Jaydev Unadkat", "bowlerId": 86, "additionalPlayerIds": [86], "dismissedMethod": "ct", "isOut": true}}, {"playerId": 1118, "r": 11, "b": 10, "sr": "110.00", "4s": 0, "6s": 1, "mod": {"dismissedBp": {"innings": 2, "over": 13, "ball": 1}, "countingBp": {"innings": 2, "over": 13, "ball": 1}, "text": "b Ben Stokes", "bowlerId": 1154, "dismissedMethod": "b", "isOut": true}}, {"playerId": 210, "r": 9, "b": 9, "sr": "100.00", "4s": 1, "6s": 0, "mod": {"dismissedBp": {"innings": 2, "over": 17, "ball": 1}, "countingBp": {"innings": 2, "over": 17, "ball": 1}, "text": "c Steve Smith b Imran Tahir", "bowlerId": 898, "additionalPlayerIds": [271], "dismissedMethod": "ct", "isOut": true}}, {"playerId": 2740, "r": 13, "b": 11, "sr": "118.18", "4s": 2, "6s": 0, "mod": {"dismissedBp": {"innings": 2, "over": 20, "ball": 1}, "countingBp": {"innings": 2, "over": 20, "ball": 1}, "text": "c Ben Stokes b Jaydev Unadkat", "bowlerId": 86, "additionalPlayerIds": [1154], "dismissedMethod": "ct", "isOut": true}}, {"playerId": 103, "r": 7, "b": 2, "sr": "350.00", "4s": 0, "6s": 1}, {"playerId": 730, "r": 0, "b": 0, "4s": 0, "6s": 0, "mod": {"dismissedBp": {"innings": 2, "over": 20, "ball": 5}, "countingBp": {"innings": 2, "over": 20, "ball": 5}, "text": "run out (Ben Stokes/Jaydev Unadkat)", "bowlerId": 86, "additionalPlayerIds": [1154, 86], "dismissedMethod": "ro", "isOut": true}}, {"playerId": 213, "r": 0, "b": 0, "4s": 0, "6s": 0}], "bowlingStats": [{"playerId": 2973, "ov": "4", "r": 26, "w": 1, "d": 8, "maid": 0, "e": "6.50", "wd": 0, "nb": 0}, {"playerId": 1745, "ov": "3", "r": 29, "w": 0, "d": 6, "maid": 0, "e": "9.66", "wd": 1, "nb": 0}, {"playerId": 86, "ov": "4", "r": 40, "w": 2, "d": 8, "maid": 0, "e": "10.00", "wd": 1, "nb": 0}, {"playerId": 1154, "ov": "4", "r": 21, "w": 2, "d": 10, "maid": 1, "e": "5.25", "wd": 1, "nb": 0}, {"playerId": 181, "ov": "1", "r": 6, "w": 1, "d": 3, "maid": 0, "e": "6.00", "wd": 0, "nb": 0}, {"playerId": 898, "ov": "4", "r": 32, "w": 1, "d": 12, "maid": 0, "e": "8.00", "wd": 0, "nb": 0}], "fow": [{"bp": {"innings": 2, "over": 5, "ball": 2}, "playerId": 509, "ret": false, "w": 1, "r": 35}, {"bp": {"innings": 2, "over": 8, "ball": 2}, "playerId": 2738, "ret": false, "w": 2, "r": 51}, {"bp": {"innings": 2, "over": 9, "ball": 6}, "playerId": 44, "ret": false, "w": 3, "r": 60}, {"bp": {"innings": 2, "over": 13, "ball": 1}, "playerId": 1118, "ret": false, "w": 4, "r": 86}, {"bp": {"innings": 2, "over": 17, "ball": 1}, "playerId": 210, "ret": false, "w": 5, "r": 122}, {"bp": {"innings": 2, "over": 20, "ball": 1}, "playerId": 2740, "ret": false, "w": 6, "r": 144}, {"bp": {"innings": 2, "over": 20, "ball": 4}, "playerId": 107, "ret": false, "w": 7, "r": 150}, {"bp": {"innings": 2, "over": 20, "ball": 5}, "playerId": 730, "ret": false, "w": 8, "r": 151}], "extras": {"noBallRuns": 0, "wideRuns": 3, "byeRuns": 0, "legByeRuns": 3, "penaltyRuns": 0}, "declared": false}, "overHistory": [{"ovNo": 1, "ovBalls": ["1", ".", "1", "1", ".", "."]}, {"ovNo": 2, "ovBalls": [".", ".", "1", "4", "4", "2"]}, {"ovNo": 3, "ovBalls": [".", "4", ".", "4", "4", "1"]}, {"ovNo": 4, "ovBalls": ["1", "1", "1", "4", ".", "1"]}, {"ovNo": 5, "ovBalls": [".", "W", ".", ".", ".", "."]}, {"ovNo": 6, "ovBalls": ["2", "1Wd", "4", "1", "1", ".", "."]}, {"ovNo": 7, "ovBalls": [".", "1", "1", "1", "2", "1"]}, {"ovNo": 8, "ovBalls": ["1", "W", "1", ".", ".", "4"]}, {"ovNo": 9, "ovBalls": [".", "1", "1", "1", "1", "W"]}, {"ovNo": 10, "ovBalls": ["4", ".", "4", ".", ".", "."]}, {"ovNo": 11, "ovBalls": ["2", ".", "1", "1", "1", "4"]}, {"ovNo": 12, "ovBalls": [".", ".", "6", ".", "1", "2"]}, {"ovNo": 13, "ovBalls": ["W", "1", "1", "4", "1", "1"]}, {"ovNo": 14, "ovBalls": [".", "4", "6", ".", ".", "1"]}, {"ovNo": 15, "ovBalls": [".", "1", "1", "4", "1", "1Lb"]}, {"ovNo": 16, "ovBalls": ["1", "6", ".", "1", ".", "1"]}, {"ovNo": 17, "ovBalls": ["W", "1", "1", "1", ".", "1"]}, {"ovNo": 18, "ovBalls": ["1Lb", ".", "1Wd", "1", "4", "4", "."]}, {"ovNo": 19, "ovBalls": ["1Lb", "1Wd", "1", "1", "1", "1", "1"]}, {"ovNo": 20, "ovBalls": ["W", "6", ".", "W", "1W", "6"]}]}]}