{"matchInfo": {"additionalInfo": {"sixes.video.thumb": "https://resources.platform.iplt20.com/photo-resources/2020/11/08/29e26de9-a4d5-49ac-b21e-f56846434ee0/wwFlIsEQ.jpg?width=390&height=219", "sixes.video.id": "227440", "match.video.thumb": "https://resources.platform.iplt20.com/photo-resources/2020/11/08/0b599cf8-88ae-48ad-961e-e6a24d5f7c76/PN_8518.JPG?width=390&height=219", "referee.name": "Manu Nayar", "report.thumb": "https://resources.platform.iplt20.com/photo-resources/2020/11/08/01eb41fa-5d34-4ac7-b2be-7d19eb834226/Stoinis-Dhawan-Rabada.jpg?width=780&height=439", "match.summary": "", "umpire.name.1": "S Ravi", "umpire.name.2": "Paul Reiffel", "umpire.name.3": "C Shamshuddin", "umpire.name.4": "Virender Sharma", "result.playerofthematch": "Marcus Stoinis", "report.link": "https://www.iplt20.com/news/227461/dream11-ipl-2020-qualifier-2-dc-vs-srh-match-report", "toss.elected": "Delhi Capitals, who chose to bat", "notes.1.1": "Powerplay: 65 runs, 0 wickets", "notes.1.2": "DC: 50 runs in 4.5 overs", "notes.2.1": "Powerplay: 49 runs, 3 wickets", "notes.1.3": "1st Wicket: 50 runs in 29 balls (Marcus Stoinis 31, Shikhar Dhawan 19)", "notes.2.2": "SRH: 50 runs in 6.1 overs", "notes.1.4": "Shikhar Dhawan: 50 off 26 balls (5 x fours, 2 x sixes)", "notes.2.3": "SRH: 100 runs in 12.1 overs", "notes.1.5": "DC: 100 runs in 9.4 overs", "notes.2.4": "Kane Williamson: 50 off 35 balls (2 x fours, 4 x sixes)", "notes.1.6": "DC: 150 runs in 16.2 overs", "notes.2.5": "5th Wicket: 50 runs in 27 balls (Kane Williamson 28, Abdul Samad 22)", "notes.1.7": "3rd Wicket: 50 runs in 25 balls (Shikhar Dhawan 14, Shimron Hetmyer 34)", "notes.2.6": "SRH: 150 runs in 17.3 overs", "notes.1.8": "Innings Break: DC - 189/3 in 20 overs", "highlights.link": "https://www.iplt20.com/video/227475/q2-dc-vs-srh-match-highlights", "match.video.id": "227475", "toss.winner": "Delhi Capitals"}, "teams": [{"id": 30176, "team": {"id": 3, "fullName": "Delhi Capitals", "shortName": "Delhi", "abbreviation": "DC", "type": "m", "primaryColor": "004C93", "secondaryColor": "F83430"}, "players": [{"id": 41, "fullName": "Shikhar Dhawan", "shortName": "S Dhawan", "nationality": "Indian", "dateOfBirth": "1985-12-05", "rightArmedBowl": true, "rightHandedBat": false, "bowlingStyle": "OFF_SPIN"}, {"id": 135, "fullName": "Ajinkya Rahane", "shortName": "A Rahane", "nationality": "Indian", "dateOfBirth": "1988-06-06", "rightArmedBowl": true, "rightHandedBat": true, "bowlingStyle": "MEDIUM_SEAM"}, {"id": 1563, "fullName": "Shreyas Iyer", "shortName": "S Iyer", "nationality": "Indian", "dateOfBirth": "1994-12-06", "rightArmedBowl": true, "rightHandedBat": true, "bowlingStyle": "LEG_SPIN"}, {"id": 964, "fullName": "Marcus Stoinis", "shortName": "M Stoinis", "nationality": "Australian", "dateOfBirth": "1989-08-16", "rightArmedBowl": true, "rightHandedBat": true, "bowlingStyle": "MEDIUM_SEAM"}, {"id": 2972, "fullName": "Rishabh Pant", "shortName": "R Pant", "nationality": "Indian", "dateOfBirth": "1997-10-04", "rightArmedBowl": false, "rightHandedBat": false}, {"id": 1705, "fullName": "Shimron Hetmyer", "shortName": "S Hetmyer", "nationality": "West Indian", "dateOfBirth": "1996-12-26", "rightArmedBowl": false, "rightHandedBat": false}, {"id": 3188, "fullName": "Pravin Dubey", "shortName": "P Dubey", "nationality": "Indian", "dateOfBirth": "1993-07-01", "rightArmedBowl": true, "rightHandedBat": true, "bowlingStyle": "LEG_SPIN"}, {"id": 1113, "fullName": "Axar Patel", "shortName": "A Patel", "nationality": "Indian", "dateOfBirth": "1994-01-20", "rightArmedBowl": false, "rightHandedBat": false, "bowlingStyle": "ORTHODOX"}, {"id": 8, "fullName": "Ravichandran Ashwin", "shortName": "R Ashwin", "nationality": "Indian", "dateOfBirth": "1986-09-17", "rightArmedBowl": true, "rightHandedBat": true, "bowlingStyle": "OFF_SPIN"}, {"id": 1664, "fullName": "Kagiso Rabada", "shortName": "K Rabada", "nationality": "South African", "dateOfBirth": "1995-05-25", "rightArmedBowl": true, "rightHandedBat": false, "bowlingStyle": "FAST_SEAM"}, {"id": 5433, "fullName": "Anrich Nortje", "shortName": "A Nortje", "nationality": "South African", "dateOfBirth": "1993-11-16", "rightArmedBowl": true, "rightHandedBat": true, "bowlingStyle": "FAST_SEAM"}], "wicketKeeper": {"id": 2972, "fullName": "Rishabh Pant", "shortName": "R Pant", "nationality": "Indian", "dateOfBirth": "1997-10-04", "rightArmedBowl": false, "rightHandedBat": false}, "captain": {"id": 1563, "fullName": "Shreyas Iyer", "shortName": "S Iyer", "nationality": "Indian", "dateOfBirth": "1994-12-06", "rightArmedBowl": true, "rightHandedBat": true, "bowlingStyle": "LEG_SPIN"}}, {"id": 30177, "team": {"id": 62, "fullName": "Sunrisers Hyderabad", "shortName": "Sunrisers", "abbreviation": "SRH", "type": "m", "primaryColor": "FF9C00", "secondaryColor": "FFFFFF"}, "players": [{"id": 170, "fullName": "David Warner", "shortName": "D Warner", "nationality": "Australian", "dateOfBirth": "1986-10-27", "rightArmedBowl": true, "rightHandedBat": false, "bowlingStyle": "LEG_SPIN"}, {"id": 95, "fullName": "Shreevats Goswami", "shortName": "S Goswami", "nationality": "Indian", "dateOfBirth": "1989-05-18", "rightArmedBowl": false, "rightHandedBat": false}, {"id": 123, "fullName": "Manish Pandey", "shortName": "M Pandey", "nationality": "Indian", "dateOfBirth": "1989-09-10", "rightArmedBowl": true, "rightHandedBat": true, "bowlingStyle": "MEDIUM_SEAM"}, {"id": 440, "fullName": "Kane Williamson", "shortName": "K Williamson", "nationality": "New Zealander", "dateOfBirth": "1990-08-08", "rightArmedBowl": true, "rightHandedBat": true, "bowlingStyle": "OFF_SPIN"}, {"id": 3775, "fullName": "Priyam Garg", "shortName": "P Garg", "nationality": "Indian", "dateOfBirth": "2000-11-30", "rightArmedBowl": true, "rightHandedBat": true, "bowlingStyle": "MEDIUM_SEAM"}, {"id": 1075, "fullName": "Jason Holder", "shortName": "J Holder", "nationality": "West Indian", "dateOfBirth": "1991-11-05", "rightArmedBowl": true, "rightHandedBat": true, "bowlingStyle": "MEDIUM_SEAM"}, {"id": 19352, "fullName": "Abdul Samad", "shortName": "A Samad", "nationality": "Indian", "dateOfBirth": "2001-10-28", "rightArmedBowl": true, "rightHandedBat": true, "bowlingStyle": "LEG_SPIN"}, {"id": 2885, "fullName": "Rashid Khan", "shortName": "R Khan", "nationality": "Afghan", "dateOfBirth": "1998-09-20", "rightArmedBowl": true, "rightHandedBat": true, "bowlingStyle": "LEG_SPIN"}, {"id": 57, "fullName": "Shahbaz Nadeem", "shortName": "S Nadeem", "nationality": "Indian", "dateOfBirth": "1989-08-12", "rightArmedBowl": false, "rightHandedBat": true, "bowlingStyle": "ORTHODOX"}, {"id": 1112, "fullName": "Sandeep Sharma", "shortName": "S Sharma", "nationality": "Indian", "dateOfBirth": "1993-05-18", "rightArmedBowl": true, "rightHandedBat": true, "bowlingStyle": "MEDIUM_SEAM"}, {"id": 3831, "fullName": "T Natarajan", "shortName": "T Natarajan", "nationality": "Indian", "dateOfBirth": "1991-05-27", "rightArmedBowl": false, "rightHandedBat": false, "bowlingStyle": "MEDIUM_SEAM"}], "wicketKeeper": {"id": 95, "fullName": "Shreevats Goswami", "shortName": "S Goswami", "nationality": "Indian", "dateOfBirth": "1989-05-18", "rightArmedBowl": false, "rightHandedBat": false}, "captain": {"id": 170, "fullName": "David Warner", "shortName": "D Warner", "nationality": "Australian", "dateOfBirth": "1986-10-27", "rightArmedBowl": true, "rightHandedBat": false, "bowlingStyle": "LEG_SPIN"}}], "venue": {"id": 102, "fullName": "Zayed Cricket Stadium", "shortName": "Zayed Cricket Stadium", "city": "Abu Dhabi", "country": "UAE"}, "matchDate": "2020-11-08T18:00:00+0400", "matchEndDate": "2020-11-08T23:00:00+0400", "matchDateMs": 1604844000000, "matchEndDateMs": 1604862000000, "isLimitedOvers": true, "battingOrder": [0, 1], "matchBroadcast": false, "matchState": "C", "matchStatus": {"outcome": "A", "text": "Delhi Capitals won by 17 runs"}, "description": "Qualifier 2", "matchSummary": "", "matchType": "IPLT20", "tournamentLabel": "IPL 2020", "oversLimit": 20, "groupName": "Knockouts"}, "matchId": {"id": 22361, "name": "ipl2020-59", "tournamentId": {"id": 18790, "name": "ipl2020", "provisional": false}}, "currentState": {"inProgress": false, "phase": "C", "currentInningsIndex": 1, "currentBatsmen": [57, 1112], "facingBatsman": 57, "nonFacingBatsman": 1112, "currentBowler": -1, "previousBowler": 1664, "previousBowlerCurrentSpell": {"playerId": 1664, "ov": "1", "r": 8, "w": 3, "d": 4, "maid": 0, "e": "8.00", "wd": 1, "nb": 0}, "currentPartnership": 4, "partnership": {"runs": 4, "balls": 7, "runRate": "3.42"}, "recentOvers": [{"ovNo": 15, "ovBalls": ["1", "6", "4", "4", "1", "."]}, {"ovNo": 16, "ovBalls": ["2", "1", "4", "1", "1", "1"]}, {"ovNo": 17, "ovBalls": ["1", "2", "1", "4", "W", "1"]}, {"ovNo": 18, "ovBalls": ["1", ".", "6", "4", ".", "1Lb"]}, {"ovNo": 19, "ovBalls": ["1", "6", "W", "W", "1Wd", "W", "."]}, {"ovNo": 20, "ovBalls": ["1", "1", "1", "1", ".", "."]}]}, "innings": [{"inningsNumber": 1, "runRate": "9.45", "overProgress": "20", "declared": false, "scorecard": {"runs": 189, "wkts": 3, "allOut": false, "battingStats": [{"playerId": 964, "r": 38, "b": 27, "sr": "140.74", "4s": 5, "6s": 1, "mod": {"dismissedBp": {"innings": 1, "over": 9, "ball": 2}, "countingBp": {"innings": 1, "over": 9, "ball": 2}, "text": "b Rashid Khan", "bowlerId": 2885, "dismissedMethod": "b", "isOut": true}}, {"playerId": 41, "r": 78, "b": 50, "sr": "156.00", "4s": 6, "6s": 2, "mod": {"dismissedBp": {"innings": 1, "over": 19, "ball": 3}, "countingBp": {"innings": 1, "over": 19, "ball": 3}, "text": "lbw Sandeep Sharma", "bowlerId": 1112, "dismissedMethod": "lbw", "isOut": true}}, {"playerId": 1563, "r": 21, "b": 20, "sr": "105.00", "4s": 1, "6s": 0, "mod": {"dismissedBp": {"innings": 1, "over": 14, "ball": 6}, "countingBp": {"innings": 1, "over": 14, "ball": 6}, "text": "c Manish Pandey b Jason Holder", "bowlerId": 1075, "additionalPlayerIds": [123], "dismissedMethod": "ct", "isOut": true}}, {"playerId": 1705, "r": 42, "b": 22, "sr": "190.90", "4s": 4, "6s": 1}, {"playerId": 2972, "r": 2, "b": 3, "sr": "66.66", "4s": 0, "6s": 0}], "bowlingStats": [{"playerId": 1112, "ov": "4", "r": 30, "w": 1, "d": 7, "maid": 0, "e": "7.50", "wd": 0, "nb": 0}, {"playerId": 1075, "ov": "4", "r": 50, "w": 1, "d": 6, "maid": 0, "e": "12.50", "wd": 0, "nb": 0}, {"playerId": 57, "ov": "4", "r": 48, "w": 0, "d": 4, "maid": 0, "e": "12.00", "wd": 0, "nb": 2}, {"playerId": 2885, "ov": "4", "r": 26, "w": 1, "d": 4, "maid": 0, "e": "6.50", "wd": 0, "nb": 0}, {"playerId": 3831, "ov": "4", "r": 32, "w": 0, "d": 6, "maid": 0, "e": "8.00", "wd": 3, "nb": 0}], "fow": [{"bp": {"innings": 1, "over": 9, "ball": 2}, "playerId": 964, "ret": false, "w": 1, "r": 86}, {"bp": {"innings": 1, "over": 14, "ball": 6}, "playerId": 1563, "ret": false, "w": 2, "r": 126}, {"bp": {"innings": 1, "over": 19, "ball": 3}, "playerId": 41, "ret": false, "w": 3, "r": 178}], "extras": {"noBallRuns": 2, "wideRuns": 3, "byeRuns": 1, "legByeRuns": 2, "penaltyRuns": 0}, "declared": false}, "overHistory": [{"ovNo": 1, "ovBalls": [".", ".", "1", ".", "1", "1"]}, {"ovNo": 2, "ovBalls": ["1", "2", "4", ".", ".", "1"]}, {"ovNo": 3, "ovBalls": ["1", ".", ".", "4", "4", "1"]}, {"ovNo": 4, "ovBalls": ["4", ".", "4", ".", "6", "4"]}, {"ovNo": 5, "ovBalls": ["1", "1", "4", "4", "1", "."]}, {"ovNo": 6, "ovBalls": ["6", "5Nb", "1Lb", ".", "1", "1", "1"]}, {"ovNo": 7, "ovBalls": ["1", "1", "1", "6", "1", "1"]}, {"ovNo": 8, "ovBalls": ["1", "1", "1", "1Wd", ".", "4", "1"]}, {"ovNo": 9, "ovBalls": ["1", "W", "2", ".", "1", "."]}, {"ovNo": 10, "ovBalls": ["1", "6", "2", "2", "1", "1"]}, {"ovNo": 11, "ovBalls": ["1", "1", "1", ".", "1", "1"]}, {"ovNo": 12, "ovBalls": [".", "1Wd", "1", "1", "1", "1", "."]}, {"ovNo": 13, "ovBalls": [".", "1", "1", "1", "4", "1"]}, {"ovNo": 14, "ovBalls": ["1", "1", ".", "2", "2", "W"]}, {"ovNo": 15, "ovBalls": ["2", "2", "1", "4", ".", "3Nb", "1"]}, {"ovNo": 16, "ovBalls": ["1", "1", "1", "1", "1", "1"]}, {"ovNo": 17, "ovBalls": ["1", "6", "2", "1Wd", "2", "1", "."]}, {"ovNo": 18, "ovBalls": ["4", "4", "1", "4", "1", "4"]}, {"ovNo": 19, "ovBalls": ["1", "1", "W", "1", "2", "1"]}, {"ovNo": 20, "ovBalls": ["1", "1Lb", "1", "1", "2", "1B"]}]}, {"inningsNumber": 2, "runRate": "8.60", "overProgress": "20", "declared": false, "scorecard": {"runs": 172, "wkts": 8, "allOut": false, "battingStats": [{"playerId": 3775, "r": 17, "b": 12, "sr": "141.66", "4s": 0, "6s": 2, "mod": {"dismissedBp": {"innings": 2, "over": 5, "ball": 5}, "countingBp": {"innings": 2, "over": 5, "ball": 4}, "text": "b Marcus Stoinis", "bowlerId": 964, "dismissedMethod": "b", "isOut": true}}, {"playerId": 170, "r": 2, "b": 3, "sr": "66.66", "4s": 0, "6s": 0, "mod": {"dismissedBp": {"innings": 2, "over": 2, "ball": 1}, "countingBp": {"innings": 2, "over": 2, "ball": 1}, "text": "b Kagiso Rabada", "bowlerId": 1664, "dismissedMethod": "b", "isOut": true}}, {"playerId": 123, "r": 21, "b": 14, "sr": "150.00", "4s": 3, "6s": 0, "mod": {"dismissedBp": {"innings": 2, "over": 5, "ball": 7}, "countingBp": {"innings": 2, "over": 5, "ball": 6}, "text": "c Anrich Nortje b Marcus Stoinis", "bowlerId": 964, "additionalPlayerIds": [5433], "dismissedMethod": "ct", "isOut": true}}, {"playerId": 440, "r": 67, "b": 45, "sr": "148.88", "4s": 5, "6s": 4, "mod": {"dismissedBp": {"innings": 2, "over": 17, "ball": 5}, "countingBp": {"innings": 2, "over": 17, "ball": 5}, "text": "c Kagiso Rabada b Marcus Stoinis", "bowlerId": 964, "additionalPlayerIds": [1664], "dismissedMethod": "ct", "isOut": true}}, {"playerId": 1075, "r": 11, "b": 15, "sr": "73.33", "4s": 1, "6s": 0, "mod": {"dismissedBp": {"innings": 2, "over": 12, "ball": 4}, "countingBp": {"innings": 2, "over": 12, "ball": 4}, "text": "c Pravin Dubey b Axar Patel", "bowlerId": 1113, "additionalPlayerIds": [3188], "dismissedMethod": "ct", "isOut": true}}, {"playerId": 19352, "r": 33, "b": 16, "sr": "206.25", "4s": 2, "6s": 2, "mod": {"dismissedBp": {"innings": 2, "over": 19, "ball": 3}, "countingBp": {"innings": 2, "over": 19, "ball": 3}, "text": "c sub (Keemo Paul) b Kagiso Rabada", "bowlerId": 1664, "dismissedMethod": "ct", "isOut": true}}, {"playerId": 2885, "r": 11, "b": 7, "sr": "157.14", "4s": 1, "6s": 1, "mod": {"dismissedBp": {"innings": 2, "over": 19, "ball": 4}, "countingBp": {"innings": 2, "over": 19, "ball": 4}, "text": "c Axar Patel b Kagiso Rabada", "bowlerId": 1664, "additionalPlayerIds": [1113], "dismissedMethod": "ct", "isOut": true}}, {"playerId": 95, "r": 0, "b": 1, "sr": "0.00", "4s": 0, "6s": 0, "mod": {"dismissedBp": {"innings": 2, "over": 19, "ball": 6}, "countingBp": {"innings": 2, "over": 19, "ball": 5}, "text": "c Marcus Stoinis b Kagiso Rabada", "bowlerId": 1664, "additionalPlayerIds": [964], "dismissedMethod": "ct", "isOut": true}}, {"playerId": 57, "r": 2, "b": 3, "sr": "66.66", "4s": 0, "6s": 0}, {"playerId": 1112, "r": 2, "b": 4, "sr": "50.00", "4s": 0, "6s": 0}], "bowlingStats": [{"playerId": 8, "ov": "3", "r": 33, "w": 0, "d": 4, "maid": 0, "e": "11.00", "wd": 2, "nb": 0}, {"playerId": 1664, "ov": "4", "r": 29, "w": 4, "d": 12, "maid": 0, "e": "7.25", "wd": 2, "nb": 0}, {"playerId": 5433, "ov": "4", "r": 36, "w": 0, "d": 10, "maid": 0, "e": "9.00", "wd": 0, "nb": 0}, {"playerId": 964, "ov": "3", "r": 26, "w": 3, "d": 5, "maid": 0, "e": "8.66", "wd": 1, "nb": 0}, {"playerId": 1113, "ov": "4", "r": 33, "w": 1, "d": 6, "maid": 0, "e": "8.25", "wd": 0, "nb": 0}, {"playerId": 3188, "ov": "2", "r": 14, "w": 0, "d": 3, "maid": 0, "e": "7.00", "wd": 0, "nb": 0}], "fow": [{"bp": {"innings": 2, "over": 2, "ball": 1}, "playerId": 170, "ret": false, "w": 1, "r": 12}, {"bp": {"innings": 2, "over": 5, "ball": 4}, "playerId": 3775, "ret": false, "w": 2, "r": 43}, {"bp": {"innings": 2, "over": 5, "ball": 6}, "playerId": 123, "ret": false, "w": 3, "r": 44}, {"bp": {"innings": 2, "over": 12, "ball": 4}, "playerId": 1075, "ret": false, "w": 4, "r": 90}, {"bp": {"innings": 2, "over": 17, "ball": 5}, "playerId": 440, "ret": false, "w": 5, "r": 147}, {"bp": {"innings": 2, "over": 19, "ball": 3}, "playerId": 19352, "ret": false, "w": 6, "r": 167}, {"bp": {"innings": 2, "over": 19, "ball": 4}, "playerId": 2885, "ret": false, "w": 7, "r": 167}, {"bp": {"innings": 2, "over": 19, "ball": 5}, "playerId": 95, "ret": false, "w": 8, "r": 168}], "extras": {"noBallRuns": 0, "wideRuns": 5, "byeRuns": 0, "legByeRuns": 1, "penaltyRuns": 0}, "declared": false}, "overHistory": [{"ovNo": 1, "ovBalls": ["1", "1", "6", "1Wd", "1", "1Wd", "1", "."]}, {"ovNo": 2, "ovBalls": ["W", ".", "4", ".", ".", "1"]}, {"ovNo": 3, "ovBalls": ["4", "1", ".", ".", "6", "."]}, {"ovNo": 4, "ovBalls": ["2", "1", "1", "2", "1", "1"]}, {"ovNo": 5, "ovBalls": ["1", "4", "1Wd", "1", "W", "1", "W"]}, {"ovNo": 6, "ovBalls": [".", "1", ".", ".", "4", "."]}, {"ovNo": 7, "ovBalls": ["1", "1", ".", "1", ".", "."]}, {"ovNo": 8, "ovBalls": ["1", ".", "1", ".", ".", "1"]}, {"ovNo": 9, "ovBalls": ["4", "1", "1", "1", ".", "2"]}, {"ovNo": 10, "ovBalls": ["1", "1", "6", "1", "1", "1"]}, {"ovNo": 11, "ovBalls": [".", ".", ".", "1Wd", ".", "6", "1"]}, {"ovNo": 12, "ovBalls": ["6", ".", "1", "W", "4", "1"]}, {"ovNo": 13, "ovBalls": ["6", "1", "1", ".", ".", "1"]}, {"ovNo": 14, "ovBalls": ["1", "1", "1", "1", "4", "1"]}, {"ovNo": 15, "ovBalls": ["1", "6", "4", "4", "1", "."]}, {"ovNo": 16, "ovBalls": ["2", "1", "4", "1", "1", "1"]}, {"ovNo": 17, "ovBalls": ["1", "2", "1", "4", "W", "1"]}, {"ovNo": 18, "ovBalls": ["1", ".", "6", "4", ".", "1Lb"]}, {"ovNo": 19, "ovBalls": ["1", "6", "W", "W", "1Wd", "W", "."]}, {"ovNo": 20, "ovBalls": ["1", "1", "1", "1", ".", "."]}]}]}