{"matchInfo": {"additionalInfo": {"sixes.video.thumb": "http://static2.iplt20.com/cms/media/images/960x640/27135.jpg", "sixes.video.id": "7c7345c8e20047fb9191ac08df4f6d95", "match.video.thumb": "http://images.lvp.llnw.net/bec92a81ddd44d1c80669f5061c90861/media/43831fc46d1b488d93609d90dd2e528a/0Sb.540x304.jpeg", "mom.video.thumb": "http://images.lvp.llnw.net/bec92a81ddd44d1c80669f5061c90861/media/208c5399aaed4dd48e34abefc6c7958c/dME.540x304.jpeg", "mom.video.id": "208c5399aaed4dd48e34abefc6c7958c", "referee.name": "Andy Pycroft", "report.thumb": "http://static2.iplt20.com/cms/media/images/650x433/27292.jpg", "match.summary": "", "umpire.name.1": "Billy Bowden", "umpire.name.2": "S Ravi", "umpire.name.3": "Marais Erasmus", "interview.thumb": "http://static2.iplt20.com/cms/media/images/630x420/27298.jpg", "umpire.name.4": "Krishnamachari Srinivasan", "away.team.fan.total": "8077", "result.playerofthematch": "Sandeep Sharma ", "toss.elected": "Kings XI Punjab, who chose to field", "notes.1.1": "Powerplay - 44 runs, 4 wickets", "notes.1.2": "RCB: 50 runs in 6.6 overs ", "notes.2.1": "Powerplay - 33 runs, 2 wickets", "notes.1.3": "RCB: 100 runs in 15.6 overs", "notes.2.2": "KXIP: 50 runs in 7.6 overs", "notes.1.4": "Innings Break: RCB - 124/8 in 20 overs", "notes.2.3": "KXIP: 100 runs in 14.4 overs ", "highlights.link": "http://www.iplt20.com/videos/media/id/43831fc46d1b488d93609d90dd2e528a/m18-kxip-vs-rcb-match-highlights", "match.video.id": "43831fc46d1b488d93609d90dd2e528a", "stats.link": "http://www.iplt20.com/news/2014/more-news/4801/quick-stats-match-18-kxip-v-rcb", "home.team.fan.total": "6032", "photostream.link": "http://www.iplt20.com/photos/205/ipl-2014-match-18-kxip-v-rcb", "toss.winner": "Kings XI Punjab", "interview.link": "http://www.iplt20.com/news/2014/features/4807/mitchells-starc-catching-brilliance", "stats.thumb": "http://static2.iplt20.com/cms/media/images/630x420/27297.jpg"}, "teams": [{"id": 2403, "team": {"id": 4, "fullName": "Punjab Kings", "shortName": "Punjab Kings", "abbreviation": "PBKS", "type": "m", "primaryColor": "DA1F3D", "secondaryColor": "FFFFFF"}, "players": [{"id": 156, "fullName": "Cheteshwar Pujara", "shortName": "C Pujara", "nationality": "Indian", "dateOfBirth": "1988-01-25", "rightArmedBowl": true, "rightHandedBat": true, "bowlingStyle": "LEG_SPIN"}, {"id": 45, "fullName": "Virender Sehwag", "shortName": "V Sehwag", "nationality": "Indian", "dateOfBirth": "1978-10-20", "rightArmedBowl": true, "rightHandedBat": true, "bowlingStyle": "OFF_SPIN"}, {"id": 16, "fullName": "Wriddhiman Saha", "shortName": "W Saha", "nationality": "Indian", "dateOfBirth": "1984-10-24", "rightArmedBowl": true, "rightHandedBat": true}, {"id": 282, "fullName": "Glenn Maxwell", "shortName": "G Maxwell", "nationality": "Australian", "dateOfBirth": "1988-10-14", "rightArmedBowl": true, "rightHandedBat": true, "bowlingStyle": "OFF_SPIN"}, {"id": 187, "fullName": "David Miller", "shortName": "D Miller", "nationality": "South African", "dateOfBirth": "1989-06-10", "rightArmedBowl": true, "rightHandedBat": false, "bowlingStyle": "OFF_SPIN"}, {"id": 19, "fullName": "George Bailey", "shortName": "G Bailey", "nationality": "Australian", "dateOfBirth": "1982-09-07", "rightArmedBowl": false, "rightHandedBat": false}, {"id": 1088, "fullName": "Rishi Dhawan", "shortName": "R Dhawan", "nationality": "Indian", "dateOfBirth": "1990-02-19", "rightArmedBowl": false, "rightHandedBat": true}, {"id": 1113, "fullName": "Axar Patel", "shortName": "A Patel", "nationality": "Indian", "dateOfBirth": "1994-01-20", "rightArmedBowl": false, "rightHandedBat": false, "bowlingStyle": "ORTHODOX"}, {"id": 213, "fullName": "Mitchell Johnson", "shortName": "M Johnson", "nationality": "Australian", "dateOfBirth": "1981-11-02", "rightArmedBowl": false, "rightHandedBat": false, "bowlingStyle": "FAST_SEAM"}, {"id": 87, "fullName": "Lakshmipathy Balaji", "shortName": "L Balaji", "nationality": "Indian", "dateOfBirth": "1981-09-27", "rightArmedBowl": false, "rightHandedBat": false}, {"id": 1112, "fullName": "Sandeep Sharma", "shortName": "S Sharma", "nationality": "Indian", "dateOfBirth": "1993-05-18", "rightArmedBowl": true, "rightHandedBat": true, "bowlingStyle": "MEDIUM_SEAM"}], "wicketKeeper": {"id": 16, "fullName": "Wriddhiman Saha", "shortName": "W Saha", "nationality": "Indian", "dateOfBirth": "1984-10-24", "rightArmedBowl": true, "rightHandedBat": true}, "captain": {"id": 19, "fullName": "George Bailey", "shortName": "G Bailey", "nationality": "Australian", "dateOfBirth": "1982-09-07", "rightArmedBowl": false, "rightHandedBat": false}}, {"id": 2402, "team": {"id": 9, "fullName": "Royal Challengers Bangalore", "shortName": "Challengers", "abbreviation": "RCB", "type": "m", "primaryColor": "000000", "secondaryColor": "FF3245"}, "players": [{"id": 44, "fullName": "Parthiv Patel", "shortName": "P Patel", "nationality": "Indian", "dateOfBirth": "1985-03-09", "rightArmedBowl": false, "rightHandedBat": false}, {"id": 236, "fullName": "Chris Gayle", "shortName": "C Gayle", "nationality": "West Indian", "dateOfBirth": "1979-09-21", "rightArmedBowl": true, "rightHandedBat": false, "bowlingStyle": "OFF_SPIN"}, {"id": 164, "fullName": "Virat Kohli", "shortName": "V Kohli", "nationality": "Indian", "dateOfBirth": "1988-11-05", "rightArmedBowl": true, "rightHandedBat": true, "bowlingStyle": "MEDIUM_SEAM"}, {"id": 1750, "fullName": "Yogesh Takawale", "shortName": "Y Takawale", "nationality": "Indian", "dateOfBirth": "1984-11-05", "rightArmedBowl": true, "rightHandedBat": true}, {"id": 113, "fullName": "Yuvraj Singh", "shortName": "Y Singh", "nationality": "Indian", "dateOfBirth": "1981-12-12", "rightArmedBowl": false, "rightHandedBat": false, "bowlingStyle": "ORTHODOX"}, {"id": 233, "fullName": "AB de Villiers", "shortName": "AB de Villiers", "nationality": "South African", "dateOfBirth": "1984-02-17", "rightArmedBowl": true, "rightHandedBat": true, "bowlingStyle": "MEDIUM_SEAM"}, {"id": 26, "fullName": "Albie Morkel", "shortName": "A Morkel", "nationality": "South African", "dateOfBirth": "1981-06-10", "rightArmedBowl": false, "rightHandedBat": false}, {"id": 490, "fullName": "Mitchell Starc", "shortName": "M Starc", "nationality": "Australian", "dateOfBirth": "1990-01-30", "rightArmedBowl": false, "rightHandedBat": false, "bowlingStyle": "FAST_SEAM"}, {"id": 48, "fullName": "Ashok Dinda", "shortName": "A Dinda", "nationality": "Indian", "dateOfBirth": "1984-03-25", "rightArmedBowl": true, "rightHandedBat": true}, {"id": 61, "fullName": "Varun Aaron", "shortName": "V Aaron", "nationality": "Indian", "dateOfBirth": "1989-10-29", "rightArmedBowl": true, "rightHandedBat": true}, {"id": 111, "fullName": "Yuzvendra Chahal", "shortName": "Y Chahal", "nationality": "Indian", "dateOfBirth": "1990-07-23", "rightArmedBowl": true, "rightHandedBat": true, "bowlingStyle": "LEG_SPIN"}], "wicketKeeper": {"id": 44, "fullName": "Parthiv Patel", "shortName": "P Patel", "nationality": "Indian", "dateOfBirth": "1985-03-09", "rightArmedBowl": false, "rightHandedBat": false}, "captain": {"id": 164, "fullName": "Virat Kohli", "shortName": "V Kohli", "nationality": "Indian", "dateOfBirth": "1988-11-05", "rightArmedBowl": true, "rightHandedBat": true, "bowlingStyle": "MEDIUM_SEAM"}}], "venue": {"id": 37, "fullName": "Dubai International Stadium", "shortName": "Dubai International Stadium", "city": "Dubai", "country": "UAE"}, "matchDate": "2014-04-28T18:30:00+0400", "matchEndDate": "2014-04-28T23:00:00+0400", "matchDateMs": 1398695400000, "matchEndDateMs": 1398711600000, "isLimitedOvers": true, "battingOrder": [1, 0], "matchBroadcast": false, "matchState": "C", "matchStatus": {"outcome": "A", "text": "Punjab Kings won by 5 wickets"}, "description": "Match 18", "matchSummary": "", "matchType": "IPLT20", "tournamentLabel": "IPL 2014", "oversLimit": 20, "groupName": ""}, "matchId": {"id": 2441, "name": "ipl2014-18", "tournamentId": {"id": 2374, "name": "ipl2014", "provisional": false}}, "currentState": {"inProgress": false, "phase": "C", "currentInningsIndex": 1, "currentBatsmen": [19, 1088], "facingBatsman": 1088, "nonFacingBatsman": 19, "currentBowler": 61, "currentBowlerCurrentSpell": {"playerId": 61, "ov": "0.5", "r": 12, "w": 0, "d": 1, "maid": 0, "e": "14.40", "wd": 0, "nb": 1}, "previousBowler": 48, "previousBowlerCurrentSpell": {"playerId": 48, "ov": "1", "r": 5, "w": 0, "d": 1, "maid": 0, "e": "5.00", "wd": 0, "nb": 0}, "currentPartnership": 39, "partnership": {"runs": 39, "balls": 35, "runRate": "6.68"}, "recentOvers": [{"ovNo": 14, "ovBalls": ["1", ".", ".", ".", "4", "."]}, {"ovNo": 15, "ovBalls": ["1", "4", ".", "2", ".", "1"]}, {"ovNo": 16, "ovBalls": [".", "1", ".", "1", ".", "2"]}, {"ovNo": 17, "ovBalls": ["1", "1", ".", "1", "1", "1"]}, {"ovNo": 18, "ovBalls": ["1", "1", "1", "1", "1", "."]}, {"ovNo": 19, "ovBalls": ["4", "1", ".", "1", "2Nb", "4"]}]}, "innings": [{"inningsNumber": 1, "runRate": "6.20", "overProgress": "20", "declared": false, "scorecard": {"runs": 124, "wkts": 8, "allOut": false, "battingStats": [{"playerId": 236, "r": 20, "b": 7, "sr": "285.71", "4s": 2, "6s": 2, "mod": {"dismissedBp": {"innings": 1, "over": 2, "ball": 2}, "countingBp": {"innings": 1, "over": 2, "ball": 2}, "text": "b Sandeep Sharma", "bowlerId": 1112, "dismissedMethod": "b", "isOut": true}}, {"playerId": 44, "r": 2, "b": 7, "sr": "28.57", "4s": 0, "6s": 0, "mod": {"dismissedBp": {"innings": 1, "over": 4, "ball": 5}, "countingBp": {"innings": 1, "over": 4, "ball": 5}, "text": "c Wriddhiman Saha b Sandeep Sharma", "bowlerId": 1112, "additionalPlayerIds": [16], "dismissedMethod": "ct", "isOut": true}}, {"playerId": 164, "r": 4, "b": 2, "sr": "200.00", "4s": 1, "6s": 0, "mod": {"dismissedBp": {"innings": 1, "over": 2, "ball": 4}, "countingBp": {"innings": 1, "over": 2, "ball": 4}, "text": "lbw Sandeep Sharma", "bowlerId": 1112, "dismissedMethod": "lbw", "isOut": true}}, {"playerId": 1750, "r": 0, "b": 7, "sr": "0.00", "4s": 0, "6s": 0, "mod": {"dismissedBp": {"innings": 1, "over": 3, "ball": 6}, "countingBp": {"innings": 1, "over": 3, "ball": 6}, "text": "c Wriddhiman Saha b Mitchell Johnson", "bowlerId": 213, "additionalPlayerIds": [16], "dismissedMethod": "ct", "isOut": true}}, {"playerId": 233, "r": 17, "b": 15, "sr": "113.33", "4s": 2, "6s": 0, "mod": {"dismissedBp": {"innings": 1, "over": 10, "ball": 2}, "countingBp": {"innings": 1, "over": 10, "ball": 2}, "text": "c Glenn Maxwell b Rishi Dhawan", "bowlerId": 1088, "additionalPlayerIds": [282], "dismissedMethod": "ct", "isOut": true}}, {"playerId": 113, "r": 35, "b": 32, "sr": "109.37", "4s": 3, "6s": 1, "mod": {"dismissedBp": {"innings": 1, "over": 15, "ball": 3}, "countingBp": {"innings": 1, "over": 15, "ball": 3}, "text": "c David Miller b Rishi Dhawan", "bowlerId": 1088, "additionalPlayerIds": [187], "dismissedMethod": "ct", "isOut": true}}, {"playerId": 26, "r": 15, "b": 14, "sr": "107.14", "4s": 0, "6s": 1, "mod": {"dismissedBp": {"innings": 1, "over": 14, "ball": 2}, "countingBp": {"innings": 1, "over": 14, "ball": 2}, "text": "b Lakshmipathy Balaji", "bowlerId": 87, "dismissedMethod": "b", "isOut": true}}, {"playerId": 490, "r": 8, "b": 17, "sr": "47.05", "4s": 0, "6s": 0, "mod": {"dismissedBp": {"innings": 1, "over": 20, "ball": 1}, "countingBp": {"innings": 1, "over": 20, "ball": 1}, "text": "b Mitchell Johnson", "bowlerId": 213, "dismissedMethod": "b", "isOut": true}}, {"playerId": 61, "r": 11, "b": 15, "sr": "73.33", "4s": 0, "6s": 0}, {"playerId": 48, "r": 2, "b": 5, "sr": "40.00", "4s": 0, "6s": 0}], "bowlingStats": [{"playerId": 282, "ov": "3", "r": 39, "w": 0, "d": 5, "maid": 0, "e": "13.00", "wd": 0, "nb": 0}, {"playerId": 1112, "ov": "3", "r": 15, "w": 3, "d": 12, "maid": 1, "e": "5.00", "wd": 0, "nb": 0}, {"playerId": 213, "ov": "4", "r": 19, "w": 2, "d": 12, "maid": 0, "e": "4.75", "wd": 0, "nb": 1}, {"playerId": 87, "ov": "4", "r": 17, "w": 1, "d": 11, "maid": 0, "e": "4.25", "wd": 0, "nb": 0}, {"playerId": 1113, "ov": "2", "r": 11, "w": 0, "d": 6, "maid": 0, "e": "5.50", "wd": 0, "nb": 0}, {"playerId": 1088, "ov": "4", "r": 14, "w": 2, "d": 12, "maid": 0, "e": "3.50", "wd": 0, "nb": 0}], "fow": [{"bp": {"innings": 1, "over": 2, "ball": 2}, "playerId": 236, "ret": false, "w": 1, "r": 21}, {"bp": {"innings": 1, "over": 2, "ball": 4}, "playerId": 164, "ret": false, "w": 2, "r": 25}, {"bp": {"innings": 1, "over": 3, "ball": 6}, "playerId": 1750, "ret": false, "w": 3, "r": 26}, {"bp": {"innings": 1, "over": 4, "ball": 5}, "playerId": 44, "ret": false, "w": 4, "r": 26}, {"bp": {"innings": 1, "over": 10, "ball": 2}, "playerId": 233, "ret": false, "w": 5, "r": 67}, {"bp": {"innings": 1, "over": 14, "ball": 2}, "playerId": 26, "ret": false, "w": 6, "r": 93}, {"bp": {"innings": 1, "over": 15, "ball": 3}, "playerId": 113, "ret": false, "w": 7, "r": 97}, {"bp": {"innings": 1, "over": 20, "ball": 1}, "playerId": 490, "ret": false, "w": 8, "r": 120}], "extras": {"noBallRuns": 1, "wideRuns": 0, "byeRuns": 0, "legByeRuns": 9, "penaltyRuns": 0}, "declared": false}, "overHistory": [{"ovNo": 1, "ovBalls": ["4", ".", "4", ".", "6", "6"]}, {"ovNo": 2, "ovBalls": ["1", "W", "4", "W", ".", "."]}, {"ovNo": 3, "ovBalls": ["1", ".", ".", ".", ".", "W"]}, {"ovNo": 4, "ovBalls": [".", ".", ".", ".", "W", "."]}, {"ovNo": 5, "ovBalls": [".", "4", "1", "2", "1", "."]}, {"ovNo": 6, "ovBalls": ["4", "1", "4", "1", ".", "."]}, {"ovNo": 7, "ovBalls": ["2", "1", ".", "1", "1", "1"]}, {"ovNo": 8, "ovBalls": [".", "4", "1", ".", "1", "."]}, {"ovNo": 9, "ovBalls": ["1", "6", "1", ".", "1", "1"]}, {"ovNo": 10, "ovBalls": ["1", "W", "1", ".", "1", "."]}, {"ovNo": 11, "ovBalls": ["1", "2", "1", "1", ".", "2"]}, {"ovNo": 12, "ovBalls": [".", ".", "1", "1", "1", "1"]}, {"ovNo": 13, "ovBalls": [".", "1Lb", "1", "6", "1", "4"]}, {"ovNo": 14, "ovBalls": [".", "W", "1", "1", ".", "2"]}, {"ovNo": 15, "ovBalls": [".", ".", "W", ".", "1", "."]}, {"ovNo": 16, "ovBalls": [".", "1", ".", ".", ".", "1"]}, {"ovNo": 17, "ovBalls": [".", "1", "4Lb", ".", ".", "."]}, {"ovNo": 18, "ovBalls": ["1", "1", "1", "1", ".", "1"]}, {"ovNo": 19, "ovBalls": ["1", ".", "4Lb", "1", "2", "2"]}, {"ovNo": 20, "ovBalls": ["W", ".", "1", "2Nb", ".", ".", "1"]}]}, {"inningsNumber": 2, "runRate": "6.74", "overProgress": "18.5", "declared": false, "scorecard": {"runs": 127, "wkts": 5, "allOut": false, "battingStats": [{"playerId": 156, "r": 10, "b": 18, "sr": "55.55", "4s": 1, "6s": 0, "mod": {"dismissedBp": {"innings": 2, "over": 5, "ball": 1}, "countingBp": {"innings": 2, "over": 5, "ball": 1}, "text": "c Parthiv Patel b Ashok Dinda", "bowlerId": 48, "additionalPlayerIds": [44], "dismissedMethod": "ct", "isOut": true}}, {"playerId": 45, "r": 32, "b": 26, "sr": "123.07", "4s": 4, "6s": 0, "mod": {"dismissedBp": {"innings": 2, "over": 13, "ball": 6}, "countingBp": {"innings": 2, "over": 13, "ball": 6}, "text": "c Parthiv Patel b Yuzvendra Chahal", "bowlerId": 111, "additionalPlayerIds": [44], "dismissedMethod": "ct", "isOut": true}}, {"playerId": 16, "r": 2, "b": 6, "sr": "33.33", "4s": 0, "6s": 0, "mod": {"dismissedBp": {"innings": 2, "over": 6, "ball": 5}, "countingBp": {"innings": 2, "over": 6, "ball": 5}, "text": "c Mitchell Starc b Varun Aaron", "bowlerId": 61, "additionalPlayerIds": [490], "dismissedMethod": "ct", "isOut": true}}, {"playerId": 282, "r": 6, "b": 6, "sr": "100.00", "4s": 0, "6s": 0, "mod": {"dismissedBp": {"innings": 2, "over": 8, "ball": 1}, "countingBp": {"innings": 2, "over": 8, "ball": 1}, "text": "c Mitchell Starc b Varun Aaron", "bowlerId": 61, "additionalPlayerIds": [490], "dismissedMethod": "ct", "isOut": true}}, {"playerId": 187, "r": 26, "b": 20, "sr": "130.00", "4s": 4, "6s": 0, "mod": {"dismissedBp": {"innings": 2, "over": 13, "ball": 2}, "countingBp": {"innings": 2, "over": 13, "ball": 2}, "text": "c Parthiv Patel b Yuzvendra Chahal", "bowlerId": 111, "additionalPlayerIds": [44], "dismissedMethod": "ct", "isOut": true}}, {"playerId": 19, "r": 16, "b": 16, "sr": "100.00", "4s": 1, "6s": 0}, {"playerId": 1088, "r": 23, "b": 22, "sr": "104.54", "4s": 3, "6s": 0}], "bowlingStats": [{"playerId": 490, "ov": "4", "r": 15, "w": 0, "d": 16, "maid": 0, "e": "3.75", "wd": 2, "nb": 0}, {"playerId": 26, "ov": "2", "r": 24, "w": 0, "d": 3, "maid": 0, "e": "12.00", "wd": 2, "nb": 0}, {"playerId": 61, "ov": "3.5", "r": 29, "w": 2, "d": 10, "maid": 0, "e": "7.56", "wd": 1, "nb": 1}, {"playerId": 48, "ov": "3", "r": 19, "w": 1, "d": 8, "maid": 0, "e": "6.33", "wd": 0, "nb": 0}, {"playerId": 111, "ov": "4", "r": 23, "w": 2, "d": 8, "maid": 0, "e": "5.75", "wd": 0, "nb": 0}, {"playerId": 113, "ov": "2", "r": 13, "w": 0, "d": 3, "maid": 0, "e": "6.50", "wd": 0, "nb": 0}], "fow": [{"bp": {"innings": 2, "over": 5, "ball": 1}, "playerId": 156, "ret": false, "w": 1, "r": 22}, {"bp": {"innings": 2, "over": 6, "ball": 5}, "playerId": 16, "ret": false, "w": 2, "r": 33}, {"bp": {"innings": 2, "over": 8, "ball": 1}, "playerId": 282, "ret": false, "w": 3, "r": 40}, {"bp": {"innings": 2, "over": 13, "ball": 2}, "playerId": 187, "ret": false, "w": 4, "r": 85}, {"bp": {"innings": 2, "over": 13, "ball": 6}, "playerId": 45, "ret": false, "w": 5, "r": 88}], "extras": {"noBallRuns": 1, "wideRuns": 7, "byeRuns": 0, "legByeRuns": 4, "penaltyRuns": 0}, "declared": false}, "overHistory": [{"ovNo": 1, "ovBalls": [".", ".", ".", ".", ".", "2"]}, {"ovNo": 2, "ovBalls": ["1", "1", "1", "1Wd", "4", ".", "1Wd", "1"]}, {"ovNo": 3, "ovBalls": [".", "1", ".", "1", ".", "."]}, {"ovNo": 4, "ovBalls": ["2", "4", "1", ".", ".", "1"]}, {"ovNo": 5, "ovBalls": ["W", ".", "1", "4", "4", "."]}, {"ovNo": 6, "ovBalls": [".", ".", "1", "1", "W", "."]}, {"ovNo": 7, "ovBalls": ["2", "1", "1", ".", "2", "1"]}, {"ovNo": 8, "ovBalls": ["W", "4", "1", ".", "1", "1Wd", "4Lb"]}, {"ovNo": 9, "ovBalls": [".", "1", "2", ".", "1", "1"]}, {"ovNo": 10, "ovBalls": ["1Wd", "3Wd", ".", "2", ".", "1", ".", "."]}, {"ovNo": 11, "ovBalls": ["1", ".", "1", "4", ".", "1"]}, {"ovNo": 12, "ovBalls": [".", "2", "4", "4", "4", "."]}, {"ovNo": 13, "ovBalls": ["1", "W", ".", "1", "2", "W"]}, {"ovNo": 14, "ovBalls": ["1", ".", ".", ".", "4", "."]}, {"ovNo": 15, "ovBalls": ["1", "4", ".", "2", ".", "1"]}, {"ovNo": 16, "ovBalls": [".", "1", ".", "1", ".", "2"]}, {"ovNo": 17, "ovBalls": ["1", "1", ".", "1", "1", "1"]}, {"ovNo": 18, "ovBalls": ["1", "1", "1", "1", "1", "."]}, {"ovNo": 19, "ovBalls": ["4", "1", ".", "1", "2Nb", "4"]}]}]}