{"matchInfo": {"additionalInfo": {"sixes.video.thumb": "https://resources.platform.iplt20.com/photo-resources/2020/09/21/02d18fc5-4760-404a-9e6d-ee6136efacd5/lyeyrvhL.jpg?width=780&height=439", "sixes.video.id": "207430", "match.video.thumb": "https://resources.platform.iplt20.com/photo-resources/2020/09/21/c5332f4e-17b4-483a-94dd-5929eb49eb5b/_AI_1725.JPG?width=780&height=439", "referee.name": "Prakash Bhatt", "report.thumb": "https://resources.platform.iplt20.com/photo-resources/2020/09/21/a77108bb-064e-4edd-ab03-7675c6445ab0/DSC_1473.jpg?width=780&height=439", "match.summary": "", "umpire.name.1": "Nitin Menon", "umpire.name.2": "Anil Dandekar", "umpire.name.3": "Anil Chaudhary", "umpire.name.4": "Yeshwant Barde", "result.playerofthematch": "Yuzvendra Chahal", "toss.elected": "Sunrisers Hyderabad, who chose to field", "report.link": "https://www.iplt20.com/news/207424/dream11-ipl-2020-match-3-srh-vs-rcb-match-report", "notes.1.1": "Powerplay: 53 runs, 0 wickets", "notes.1.2": "RCB: 50 runs in 5.2 overs", "notes.2.1": "Powerplay: 48 runs, 1 wicket", "notes.1.3": "1st Wicket: 50 runs in 34 balls (Devkutt Padikkal 36, Aaron Finch 11)", "notes.2.2": "SRH: 50 runs in 6.2 overs", "notes.1.4": "Devkutt Padikkal: 50 off 36 balls (8 x fours)", "notes.2.3": "2nd Wicket: 50 runs in 43 balls (Jonny Bairstow 24, Manish Pandey 29)", "notes.1.5": "RCB: 100 runs in 12.5 overs", "notes.2.4": "SRH: 100 runs in 13.3 overs", "notes.1.6": "RCB: 150 runs in 18.4 overs", "notes.2.5": "Jonny Bairstow: 50 off 37 balls (4 x fours, 2 x sixes)", "notes.1.7": "AB de Villiers: 50 off 29 balls (4 x fours, 2 x sixes)", "notes.2.6": "SRH: 150 runs in 19.3 overs", "notes.1.8": "Innings Break: RCB - 163/5 in 20 overs", "highlights.link": "https://www.iplt20.com/video/207497/m03-srh-vs-rcb-match-highlights", "match.video.id": "207497", "toss.winner": "Sunrisers Hyderabad"}, "teams": [{"id": 30008, "team": {"id": 62, "fullName": "Sunrisers Hyderabad", "shortName": "Sunrisers", "abbreviation": "SRH", "type": "m", "primaryColor": "FF9C00", "secondaryColor": "FFFFFF"}, "players": [{"id": 170, "fullName": "David Warner", "shortName": "D Warner", "nationality": "Australian", "dateOfBirth": "1986-10-27", "rightArmedBowl": true, "rightHandedBat": false, "bowlingStyle": "LEG_SPIN"}, {"id": 506, "fullName": "Jonny Bairstow", "shortName": "J Bairstow", "nationality": "English", "dateOfBirth": "1989-09-26", "rightArmedBowl": true, "rightHandedBat": true, "bowlingStyle": "MEDIUM_SEAM"}, {"id": 123, "fullName": "Manish Pandey", "shortName": "M Pandey", "nationality": "Indian", "dateOfBirth": "1989-09-10", "rightArmedBowl": true, "rightHandedBat": true, "bowlingStyle": "MEDIUM_SEAM"}, {"id": 3775, "fullName": "Priyam Garg", "shortName": "P Garg", "nationality": "Indian", "dateOfBirth": "2000-11-30", "rightArmedBowl": true, "rightHandedBat": true, "bowlingStyle": "MEDIUM_SEAM"}, {"id": 1083, "fullName": "Vijay Shankar", "shortName": "V Shankar", "nationality": "Indian", "dateOfBirth": "1991-01-26", "rightArmedBowl": true, "rightHandedBat": true, "bowlingStyle": "MEDIUM_SEAM"}, {"id": 3760, "fullName": "Abhishek Sharma", "shortName": "A Sharma", "nationality": "Indian", "dateOfBirth": "2000-09-04", "rightArmedBowl": false, "rightHandedBat": false, "bowlingStyle": "ORTHODOX"}, {"id": 221, "fullName": "Mitchell Marsh", "shortName": "M Marsh", "nationality": "Australian", "dateOfBirth": "1991-10-20", "rightArmedBowl": true, "rightHandedBat": true, "bowlingStyle": "MEDIUM_SEAM"}, {"id": 2885, "fullName": "Rashid Khan", "shortName": "R Khan", "nationality": "Afghan", "dateOfBirth": "1998-09-20", "rightArmedBowl": true, "rightHandedBat": true, "bowlingStyle": "LEG_SPIN"}, {"id": 116, "fullName": "Bhuvneshwar Kumar", "shortName": "B Kumar", "nationality": "Indian", "dateOfBirth": "1990-02-05", "rightArmedBowl": true, "rightHandedBat": true, "bowlingStyle": "MEDIUM_SEAM"}, {"id": 1112, "fullName": "Sandeep Sharma", "shortName": "S Sharma", "nationality": "Indian", "dateOfBirth": "1993-05-18", "rightArmedBowl": true, "rightHandedBat": true, "bowlingStyle": "MEDIUM_SEAM"}, {"id": 3831, "fullName": "T Natarajan", "shortName": "T Natarajan", "nationality": "Indian", "dateOfBirth": "1991-05-27", "rightArmedBowl": false, "rightHandedBat": false, "bowlingStyle": "MEDIUM_SEAM"}], "wicketKeeper": {"id": 506, "fullName": "Jonny Bairstow", "shortName": "J Bairstow", "nationality": "English", "dateOfBirth": "1989-09-26", "rightArmedBowl": true, "rightHandedBat": true, "bowlingStyle": "MEDIUM_SEAM"}, "captain": {"id": 170, "fullName": "David Warner", "shortName": "D Warner", "nationality": "Australian", "dateOfBirth": "1986-10-27", "rightArmedBowl": true, "rightHandedBat": false, "bowlingStyle": "LEG_SPIN"}}, {"id": 30009, "team": {"id": 9, "fullName": "Royal Challengers Bangalore", "shortName": "Challengers", "abbreviation": "RCB", "type": "m", "primaryColor": "000000", "secondaryColor": "FF3245"}, "players": [{"id": 167, "fullName": "Aaron Finch", "shortName": "A Finch", "nationality": "Australian", "dateOfBirth": "1986-11-17", "rightArmedBowl": false, "rightHandedBat": true, "bowlingStyle": "ORTHODOX"}, {"id": 5430, "fullName": "Devdutt Padikkal", "shortName": "D Padikkal", "nationality": "Indian", "dateOfBirth": "2000-07-07", "rightArmedBowl": true, "rightHandedBat": false, "bowlingStyle": "OFF_SPIN"}, {"id": 164, "fullName": "Virat Kohli", "shortName": "V Kohli", "nationality": "Indian", "dateOfBirth": "1988-11-05", "rightArmedBowl": true, "rightHandedBat": true, "bowlingStyle": "MEDIUM_SEAM"}, {"id": 233, "fullName": "AB de Villiers", "shortName": "AB de Villiers", "nationality": "South African", "dateOfBirth": "1984-02-17", "rightArmedBowl": true, "rightHandedBat": true, "bowlingStyle": "MEDIUM_SEAM"}, {"id": 4518, "fullName": "Josh Philippe", "shortName": "J Philippe", "nationality": "Australian", "dateOfBirth": "1997-06-01", "rightArmedBowl": true, "rightHandedBat": true}, {"id": 2973, "fullName": "Washington Sundar", "shortName": "W Sundar", "nationality": "Indian", "dateOfBirth": "1999-10-05", "rightArmedBowl": true, "rightHandedBat": false, "bowlingStyle": "OFF_SPIN"}, {"id": 5431, "fullName": "Shivam Dube", "shortName": "S Dube", "nationality": "Indian", "dateOfBirth": "1993-06-26", "rightArmedBowl": true, "rightHandedBat": false, "bowlingStyle": "MEDIUM_SEAM"}, {"id": 3824, "fullName": "Navdeep Saini", "shortName": "N Saini", "nationality": "Indian", "dateOfBirth": "1992-11-23", "rightArmedBowl": true, "rightHandedBat": true, "bowlingStyle": "FAST_SEAM"}, {"id": 59, "fullName": "Umesh Yadav", "shortName": "U Yadav", "nationality": "Indian", "dateOfBirth": "1987-10-25", "rightArmedBowl": true, "rightHandedBat": true, "bowlingStyle": "FAST_SEAM"}, {"id": 180, "fullName": "Dale Steyn", "shortName": "D Steyn", "nationality": "South African", "dateOfBirth": "1983-06-27", "rightArmedBowl": true, "rightHandedBat": true, "bowlingStyle": "FAST_SEAM"}, {"id": 111, "fullName": "Yuzvendra Chahal", "shortName": "Y Chahal", "nationality": "Indian", "dateOfBirth": "1990-07-23", "rightArmedBowl": true, "rightHandedBat": true, "bowlingStyle": "LEG_SPIN"}], "wicketKeeper": {"id": 4518, "fullName": "Josh Philippe", "shortName": "J Philippe", "nationality": "Australian", "dateOfBirth": "1997-06-01", "rightArmedBowl": true, "rightHandedBat": true}, "captain": {"id": 164, "fullName": "Virat Kohli", "shortName": "V Kohli", "nationality": "Indian", "dateOfBirth": "1988-11-05", "rightArmedBowl": true, "rightHandedBat": true, "bowlingStyle": "MEDIUM_SEAM"}}], "venue": {"id": 37, "fullName": "Dubai International Stadium", "shortName": "Dubai International Stadium", "city": "Dubai", "country": "UAE"}, "matchDate": "2020-09-21T18:00:00+0400", "matchEndDate": "2020-09-21T23:00:00+0400", "matchDateMs": 1600696800000, "matchEndDateMs": 1600714800000, "isLimitedOvers": true, "battingOrder": [1, 0], "matchBroadcast": false, "matchState": "C", "matchStatus": {"outcome": "B", "text": "Royal Challengers Bangalore won by 10 runs"}, "description": "Match 3", "matchSummary": "", "matchType": "IPLT20", "tournamentLabel": "IPL 2020", "oversLimit": 20, "groupName": ""}, "matchId": {"id": 22238, "name": "ipl2020-03", "tournamentId": {"id": 18790, "name": "ipl2020", "provisional": false}}, "currentState": {"inProgress": false, "phase": "C", "currentInningsIndex": 1, "currentBatsmen": [-1, 3831], "facingBatsman": -1, "nonFacingBatsman": 3831, "currentBowler": 180, "currentBowlerCurrentSpell": {"playerId": 180, "ov": "0.4", "r": 7, "w": 1, "d": 1, "maid": 0, "e": "10.50", "wd": 0, "nb": 0}, "previousBowler": 5431, "previousBowlerCurrentSpell": {"playerId": 5431, "ov": "2", "r": 12, "w": 2, "d": 3, "maid": 0, "e": "6.00", "wd": 0, "nb": 0}, "currentPartnership": 10, "partnership": {"runs": 10, "balls": 8, "runRate": "7.50"}, "recentOvers": [{"ovNo": 15, "ovBalls": ["1", "4", "1Wd", "1", "4", "2", "."]}, {"ovNo": 16, "ovBalls": [".", "W", "W", "1", "1", "4"]}, {"ovNo": 17, "ovBalls": ["1", "1", "W", "4", "1", "1W"]}, {"ovNo": 18, "ovBalls": [".", "5Wd", "1", ".", "W", "1", "W"]}, {"ovNo": 19, "ovBalls": ["1", "W", ".", "1", "1", "1"]}, {"ovNo": 20, "ovBalls": ["1", "2", "4", "W"]}]}, "innings": [{"inningsNumber": 1, "runRate": "8.15", "overProgress": "20", "declared": false, "scorecard": {"runs": 163, "wkts": 5, "allOut": false, "battingStats": [{"playerId": 5430, "r": 56, "b": 42, "sr": "133.33", "4s": 8, "6s": 0, "mod": {"dismissedBp": {"innings": 1, "over": 11, "ball": 6}, "countingBp": {"innings": 1, "over": 11, "ball": 6}, "text": "b Vijay Shankar", "bowlerId": 1083, "dismissedMethod": "b", "isOut": true}}, {"playerId": 167, "r": 29, "b": 27, "sr": "107.40", "4s": 1, "6s": 2, "mod": {"dismissedBp": {"innings": 1, "over": 12, "ball": 1}, "countingBp": {"innings": 1, "over": 12, "ball": 1}, "text": "lbw Abhishek Sharma", "bowlerId": 3760, "dismissedMethod": "lbw", "isOut": true}}, {"playerId": 164, "r": 14, "b": 13, "sr": "107.69", "4s": 0, "6s": 0, "mod": {"dismissedBp": {"innings": 1, "over": 16, "ball": 5}, "countingBp": {"innings": 1, "over": 16, "ball": 5}, "text": "c Rashid Khan b T Natarajan", "bowlerId": 3831, "additionalPlayerIds": [2885], "dismissedMethod": "ct", "isOut": true}}, {"playerId": 233, "r": 51, "b": 30, "sr": "170.00", "4s": 4, "6s": 2, "mod": {"dismissedBp": {"innings": 1, "over": 20, "ball": 3}, "countingBp": {"innings": 1, "over": 20, "ball": 3}, "text": "run out (Manish Pandey)", "bowlerId": 116, "additionalPlayerIds": [123], "dismissedMethod": "ro", "isOut": true}}, {"playerId": 5431, "r": 7, "b": 8, "sr": "87.50", "4s": 0, "6s": 0, "mod": {"dismissedBp": {"innings": 1, "over": 20, "ball": 6}, "countingBp": {"innings": 1, "over": 20, "ball": 6}, "text": "run out (Jonny Bairstow)", "bowlerId": 116, "additionalPlayerIds": [506], "dismissedMethod": "ro", "isOut": true}}, {"playerId": 4518, "r": 1, "b": 2, "sr": "50.00", "4s": 0, "6s": 0}], "bowlingStats": [{"playerId": 116, "ov": "4", "r": 25, "w": 0, "d": 11, "maid": 0, "e": "6.25", "wd": 1, "nb": 0}, {"playerId": 1112, "ov": "4", "r": 36, "w": 0, "d": 7, "maid": 0, "e": "9.00", "wd": 0, "nb": 0}, {"playerId": 3831, "ov": "4", "r": 34, "w": 1, "d": 6, "maid": 0, "e": "8.50", "wd": 0, "nb": 0}, {"playerId": 221, "ov": "0.4", "r": 6, "w": 0, "d": 1, "maid": 0, "e": "9.00", "wd": 0, "nb": 0}, {"playerId": 1083, "ov": "1.2", "r": 14, "w": 1, "d": 4, "maid": 0, "e": "10.50", "wd": 1, "nb": 2}, {"playerId": 2885, "ov": "4", "r": 31, "w": 0, "d": 4, "maid": 0, "e": "7.75", "wd": 0, "nb": 0}, {"playerId": 3760, "ov": "2", "r": 16, "w": 1, "d": 2, "maid": 0, "e": "8.00", "wd": 0, "nb": 0}], "fow": [{"bp": {"innings": 1, "over": 11, "ball": 6}, "playerId": 5430, "ret": false, "w": 1, "r": 90}, {"bp": {"innings": 1, "over": 12, "ball": 1}, "playerId": 167, "ret": false, "w": 2, "r": 90}, {"bp": {"innings": 1, "over": 16, "ball": 5}, "playerId": 164, "ret": false, "w": 3, "r": 123}, {"bp": {"innings": 1, "over": 20, "ball": 3}, "playerId": 233, "ret": false, "w": 4, "r": 162}, {"bp": {"innings": 1, "over": 20, "ball": 6}, "playerId": 5431, "ret": false, "w": 5, "r": 163}], "extras": {"noBallRuns": 2, "wideRuns": 2, "byeRuns": 0, "legByeRuns": 1, "penaltyRuns": 0}, "declared": false}, "overHistory": [{"ovNo": 1, "ovBalls": [".", ".", "1Wd", ".", "1", ".", "."]}, {"ovNo": 2, "ovBalls": ["4", ".", "4", "2", "1", "."]}, {"ovNo": 3, "ovBalls": [".", ".", "4", "1", "2", "."]}, {"ovNo": 4, "ovBalls": [".", "4", "4", ".", "4", "."]}, {"ovNo": 5, "ovBalls": [".", "1", "4", "1", "1Nb", "7Nb", "1", "1Wd", "."]}, {"ovNo": 6, "ovBalls": ["1", "2", ".", ".", "1", "1"]}, {"ovNo": 7, "ovBalls": ["1", "1", "1", "1", "1", "1"]}, {"ovNo": 8, "ovBalls": ["1", ".", "1", "1", "1", "1"]}, {"ovNo": 9, "ovBalls": ["1Lb", ".", ".", "4", "6", "."]}, {"ovNo": 10, "ovBalls": ["2", "2", "4", "1", "1", "1"]}, {"ovNo": 11, "ovBalls": ["2", ".", "1", ".", "1", "W"]}, {"ovNo": 12, "ovBalls": ["W", ".", "1", "2", "1", "1"]}, {"ovNo": 13, "ovBalls": ["1", "1", "1", "1", "1", "2"]}, {"ovNo": 14, "ovBalls": ["1", "1", "1", "2", ".", "1"]}, {"ovNo": 15, "ovBalls": ["1", "2", "1", "1", "2", "1"]}, {"ovNo": 16, "ovBalls": ["1", "1", "4", "1", "W", "1"]}, {"ovNo": 17, "ovBalls": ["1", "1", ".", "4", "1", "1"]}, {"ovNo": 18, "ovBalls": ["1", "4", "1", ".", "2", "1"]}, {"ovNo": 19, "ovBalls": ["1", ".", "6", "6", ".", "1"]}, {"ovNo": 20, "ovBalls": ["4", "2", "1W", ".", "1", "W"]}]}, {"inningsNumber": 2, "runRate": "7.77", "overProgress": "19.4", "declared": false, "scorecard": {"runs": 153, "wkts": 10, "allOut": true, "battingStats": [{"playerId": 170, "r": 6, "b": 6, "sr": "100.00", "4s": 1, "6s": 0, "mod": {"dismissedBp": {"innings": 2, "over": 2, "ball": 6}, "countingBp": {"innings": 2, "over": 2, "ball": 4}, "text": "run out (Umesh Yadav)", "bowlerId": 59, "additionalPlayerIds": [59], "dismissedMethod": "ro", "isOut": true}}, {"playerId": 506, "r": 61, "b": 43, "sr": "141.86", "4s": 6, "6s": 2, "mod": {"dismissedBp": {"innings": 2, "over": 16, "ball": 2}, "countingBp": {"innings": 2, "over": 16, "ball": 2}, "text": "b Yuzvendra Chahal", "bowlerId": 111, "dismissedMethod": "b", "isOut": true}}, {"playerId": 123, "r": 34, "b": 33, "sr": "103.03", "4s": 3, "6s": 1, "mod": {"dismissedBp": {"innings": 2, "over": 12, "ball": 6}, "countingBp": {"innings": 2, "over": 12, "ball": 6}, "text": "c Navdeep Saini b Yuzvendra Chahal", "bowlerId": 111, "additionalPlayerIds": [3824], "dismissedMethod": "ct", "isOut": true}}, {"playerId": 3775, "r": 12, "b": 13, "sr": "92.30", "4s": 1, "6s": 0, "mod": {"dismissedBp": {"innings": 2, "over": 17, "ball": 3}, "countingBp": {"innings": 2, "over": 17, "ball": 3}, "text": "b Shivam Dube", "bowlerId": 5431, "dismissedMethod": "b", "isOut": true}}, {"playerId": 1083, "r": 0, "b": 1, "sr": "0.00", "4s": 0, "6s": 0, "mod": {"dismissedBp": {"innings": 2, "over": 16, "ball": 3}, "countingBp": {"innings": 2, "over": 16, "ball": 3}, "text": "b Yuzvendra Chahal", "bowlerId": 111, "dismissedMethod": "b", "isOut": true}}, {"playerId": 3760, "r": 7, "b": 4, "sr": "175.00", "4s": 1, "6s": 0, "mod": {"dismissedBp": {"innings": 2, "over": 17, "ball": 6}, "countingBp": {"innings": 2, "over": 17, "ball": 6}, "text": "run out (Umesh Yadav)", "bowlerId": 5431, "additionalPlayerIds": [59], "dismissedMethod": "ro", "isOut": true}}, {"playerId": 2885, "r": 6, "b": 5, "sr": "120.00", "4s": 1, "6s": 0, "mod": {"dismissedBp": {"innings": 2, "over": 18, "ball": 7}, "countingBp": {"innings": 2, "over": 18, "ball": 6}, "text": "b Navdeep Saini", "bowlerId": 3824, "dismissedMethod": "b", "isOut": true}}, {"playerId": 116, "r": 0, "b": 2, "sr": "0.00", "4s": 0, "6s": 0, "mod": {"dismissedBp": {"innings": 2, "over": 18, "ball": 5}, "countingBp": {"innings": 2, "over": 18, "ball": 4}, "text": "b Navdeep Saini", "bowlerId": 3824, "dismissedMethod": "b", "isOut": true}}, {"playerId": 1112, "r": 9, "b": 6, "sr": "150.00", "4s": 1, "6s": 0, "mod": {"dismissedBp": {"innings": 2, "over": 20, "ball": 4}, "countingBp": {"innings": 2, "over": 20, "ball": 4}, "text": "c Virat Kohli b Dale Steyn", "bowlerId": 180, "additionalPlayerIds": [164], "dismissedMethod": "ct", "isOut": true}}, {"playerId": 221, "r": 0, "b": 1, "sr": "0.00", "4s": 0, "6s": 0, "mod": {"dismissedBp": {"innings": 2, "over": 19, "ball": 2}, "countingBp": {"innings": 2, "over": 19, "ball": 2}, "text": "c Virat Kohli b Shivam Dube", "bowlerId": 5431, "additionalPlayerIds": [164], "dismissedMethod": "ct", "isOut": true}}, {"playerId": 3831, "r": 3, "b": 4, "sr": "75.00", "4s": 0, "6s": 0}], "bowlingStats": [{"playerId": 180, "ov": "3.4", "r": 33, "w": 1, "d": 9, "maid": 0, "e": "9.00", "wd": 1, "nb": 0}, {"playerId": 59, "ov": "4", "r": 48, "w": 0, "d": 8, "maid": 0, "e": "12.00", "wd": 2, "nb": 0}, {"playerId": 3824, "ov": "4", "r": 25, "w": 2, "d": 9, "maid": 0, "e": "6.25", "wd": 1, "nb": 0}, {"playerId": 2973, "ov": "1", "r": 7, "w": 0, "d": 4, "maid": 0, "e": "7.00", "wd": 0, "nb": 0}, {"playerId": 111, "ov": "4", "r": 18, "w": 3, "d": 11, "maid": 0, "e": "4.50", "wd": 0, "nb": 0}, {"playerId": 5431, "ov": "3", "r": 15, "w": 2, "d": 7, "maid": 0, "e": "5.00", "wd": 0, "nb": 0}], "fow": [{"bp": {"innings": 2, "over": 2, "ball": 4}, "playerId": 170, "ret": false, "w": 1, "r": 18}, {"bp": {"innings": 2, "over": 12, "ball": 6}, "playerId": 123, "ret": false, "w": 2, "r": 89}, {"bp": {"innings": 2, "over": 16, "ball": 2}, "playerId": 506, "ret": false, "w": 3, "r": 121}, {"bp": {"innings": 2, "over": 16, "ball": 3}, "playerId": 1083, "ret": false, "w": 4, "r": 121}, {"bp": {"innings": 2, "over": 17, "ball": 3}, "playerId": 3775, "ret": false, "w": 5, "r": 129}, {"bp": {"innings": 2, "over": 17, "ball": 6}, "playerId": 3760, "ret": false, "w": 6, "r": 135}, {"bp": {"innings": 2, "over": 18, "ball": 4}, "playerId": 116, "ret": false, "w": 7, "r": 141}, {"bp": {"innings": 2, "over": 18, "ball": 6}, "playerId": 2885, "ret": false, "w": 8, "r": 142}, {"bp": {"innings": 2, "over": 19, "ball": 2}, "playerId": 221, "ret": false, "w": 9, "r": 143}, {"bp": {"innings": 2, "over": 20, "ball": 4}, "playerId": 1112, "ret": false, "w": 10, "r": 153}], "extras": {"noBallRuns": 0, "wideRuns": 8, "byeRuns": 5, "legByeRuns": 2, "penaltyRuns": 0}, "declared": false}, "overHistory": [{"ovNo": 1, "ovBalls": [".", "4", "2", ".", ".", "."]}, {"ovNo": 2, "ovBalls": [".", "1Wd", "1Wd", "4", "6", "W", ".", "."]}, {"ovNo": 3, "ovBalls": [".", ".", "2", ".", "4", "1"]}, {"ovNo": 4, "ovBalls": ["1", ".", "1", "1", ".", "2"]}, {"ovNo": 5, "ovBalls": ["4", "4", ".", "1", "1", "."]}, {"ovNo": 6, "ovBalls": ["1", ".", "1", "4", "1", "1"]}, {"ovNo": 7, "ovBalls": [".", "6", ".", ".", ".", "1"]}, {"ovNo": 8, "ovBalls": [".", ".", "1", ".", "2", "1"]}, {"ovNo": 9, "ovBalls": ["1", "1", ".", "6", "4", "1"]}, {"ovNo": 10, "ovBalls": ["1", "1", "2", ".", "1", "1"]}, {"ovNo": 11, "ovBalls": ["1", "1", "1", "2", ".", "."]}, {"ovNo": 12, "ovBalls": ["1", "4B", ".", "1", ".", "W"]}, {"ovNo": 13, "ovBalls": ["1", "2", ".", "2Lb", ".", "."]}, {"ovNo": 14, "ovBalls": ["2", "2", "4", "1B", "1", "4"]}, {"ovNo": 15, "ovBalls": ["1", "4", "1Wd", "1", "4", "2", "."]}, {"ovNo": 16, "ovBalls": [".", "W", "W", "1", "1", "4"]}, {"ovNo": 17, "ovBalls": ["1", "1", "W", "4", "1", "1W"]}, {"ovNo": 18, "ovBalls": [".", "5Wd", "1", ".", "W", "1", "W"]}, {"ovNo": 19, "ovBalls": ["1", "W", ".", "1", "1", "1"]}, {"ovNo": 20, "ovBalls": ["1", "2", "4", "W"]}]}]}