{"matchInfo": {"additionalInfo": {"sixes.video.thumb": "https://iplplatform-static-files.s3.amazonaws.com/IPL/photo/2017/05/14/8e5c49a4-beee-4f84-9742-550ec3ddf3bb/EspjbxDk.jpg", "sixes.video.id": "5433857021001", "match.video.thumb": "https://iplplatform-static-files.s3.amazonaws.com/IPL/photo/2017/05/14/2c13407b-b067-4fb0-ad1e-729ce9b1ad59/OVLbdAZp.jpg", "mom.video.thumb": "https://iplplatform-static-files.s3.amazonaws.com/IPL/photo/2017/05/14/1a661aff-114a-461d-a94a-fbcb34799c99/VujtmTgu.jpg", "mom.video.id": "5433870232001", "referee.name": "Andy Pycroft", "report.thumb": "https://iplplatform-static-files.s3.amazonaws.com/IPL/photo/2017/05/14/d239e33d-9ed7-4981-8da5-9fd3a0973d5f/match-Report-DD-vs-RCB.jpg", "match.summary": "", "umpire.name.1": "O Nandan", "umpire.name.2": "C Shamshuddin", "umpire.name.3": "Yashwant Barde", "interview.thumb": "", "umpire.name.4": "Rohan Pandit", "away.team.fan.total": "1616", "result.playerofthematch": "Harshal Patel", "report.link": "http://www.iplt20.com/news/107112/match-report-m56-dd-vs-rcb", "toss.elected": "Royal Challengers Bangalore, who chose to bat", "notes.1.1": "Powerplay 1 - 37 runs, 1 wicket", "notes.1.2": "Royal Challengers Bangalore: 50 runs in 8.1 overs", "notes.2.1": "Powerplay 1 - 42 runs, 2 wickets", "notes.1.3": "2nd Wicket: 50 runs in 41 balls (Chris Gayle 19, Virat Kohli 36)", "notes.2.2": "Delhi Daredevils: 50 runs in 7.4 overs ", "notes.1.4": "Royal Challengers Bangalore: 100 runs in 13.5 overs", "notes.2.3": "Delhi Daredevils: 100 runs in 13.5 overs", "notes.1.5": "Virat Kohli: 50 off 39 balls (3 x fours, 2 x sixes)", "notes.2.4": "Delhi Daredevils: 150 runs in 19.1 overs", "notes.1.6": "Royal Challengers Bangalore: 150 runs in 19.3 overs", "notes.1.7": "Innings Break: Royal Challengers Bangalore - 161/6 in 20 overs (Shane Watson 4, Pawan Negi 13)", "highlights.link": "http://www.iplt20.com/video/107095/m56-dd-vs-rcb-match-highlights", "match.video.id": "5433863095001", "stats.link": "", "home.team.fan.total": "803", "toss.winner": "Royal Challengers Bangalore", "interview.link": "", "stats.thumb": ""}, "teams": [{"id": 7477, "team": {"id": 3, "fullName": "Delhi Capitals", "shortName": "Delhi", "abbreviation": "DC", "type": "m", "primaryColor": "004C93", "secondaryColor": "F83430"}, "players": [{"id": 258, "fullName": "Sanju Samson", "shortName": "S Samson", "nationality": "Indian", "dateOfBirth": "1994-11-11", "rightArmedBowl": true, "rightHandedBat": true}, {"id": 276, "fullName": "Karun Nair", "shortName": "K Nair", "nationality": "Indian", "dateOfBirth": "1991-12-06", "rightArmedBowl": true, "rightHandedBat": true, "bowlingStyle": "OFF_SPIN"}, {"id": 2972, "fullName": "Rishabh Pant", "shortName": "R Pant", "nationality": "Indian", "dateOfBirth": "1997-10-04", "rightArmedBowl": false, "rightHandedBat": false}, {"id": 1563, "fullName": "Shreyas Iyer", "shortName": "S Iyer", "nationality": "Indian", "dateOfBirth": "1994-12-06", "rightArmedBowl": true, "rightHandedBat": true, "bowlingStyle": "LEG_SPIN"}, {"id": 272, "fullName": "Marlon Samuels", "shortName": "M Samuels", "nationality": "West Indian", "dateOfBirth": "1981-02-05", "rightArmedBowl": true, "rightHandedBat": true, "bowlingStyle": "OFF_SPIN"}, {"id": 968, "fullName": "Corey Anderson", "shortName": "C Anderson", "nationality": "New Zealander", "dateOfBirth": "1990-12-13", "rightArmedBowl": false, "rightHandedBat": false}, {"id": 488, "fullName": "Pat Cummins", "shortName": "P Cummins", "nationality": "Australian", "dateOfBirth": "1993-05-08", "rightArmedBowl": true, "rightHandedBat": true, "bowlingStyle": "FAST_SEAM"}, {"id": 30, "fullName": "Amit Mishra", "shortName": "A Mishra", "nationality": "Indian", "dateOfBirth": "1982-11-24", "rightArmedBowl": true, "rightHandedBat": true, "bowlingStyle": "LEG_SPIN"}, {"id": 94, "fullName": "Mohammad Shami", "shortName": "M Shami", "nationality": "Indian", "dateOfBirth": "1990-09-03", "rightArmedBowl": true, "rightHandedBat": true, "bowlingStyle": "FAST_SEAM"}, {"id": 57, "fullName": "Shahbaz Nadeem", "shortName": "S Nadeem", "nationality": "Indian", "dateOfBirth": "1989-08-12", "rightArmedBowl": false, "rightHandedBat": true, "bowlingStyle": "ORTHODOX"}, {"id": 165, "fullName": "Zaheer Khan", "shortName": "Z Khan", "nationality": "Indian", "dateOfBirth": "1978-10-07", "rightArmedBowl": false, "rightHandedBat": true, "bowlingStyle": "FAST_SEAM"}], "wicketKeeper": {"id": 2972, "fullName": "Rishabh Pant", "shortName": "R Pant", "nationality": "Indian", "dateOfBirth": "1997-10-04", "rightArmedBowl": false, "rightHandedBat": false}, "captain": {"id": 165, "fullName": "Zaheer Khan", "shortName": "Z Khan", "nationality": "Indian", "dateOfBirth": "1978-10-07", "rightArmedBowl": false, "rightHandedBat": true, "bowlingStyle": "FAST_SEAM"}}, {"id": 7476, "team": {"id": 9, "fullName": "Royal Challengers Bangalore", "shortName": "Challengers", "abbreviation": "RCB", "type": "m", "primaryColor": "000000", "secondaryColor": "FF3245"}, "players": [{"id": 164, "fullName": "Virat Kohli", "shortName": "V Kohli", "nationality": "Indian", "dateOfBirth": "1988-11-05", "rightArmedBowl": true, "rightHandedBat": true, "bowlingStyle": "MEDIUM_SEAM"}, {"id": 236, "fullName": "Chris Gayle", "shortName": "C Gayle", "nationality": "West Indian", "dateOfBirth": "1979-09-21", "rightArmedBowl": true, "rightHandedBat": false, "bowlingStyle": "OFF_SPIN"}, {"id": 4305, "fullName": "Vishnu Vinod", "shortName": "V Vinod", "nationality": "Indian", "dateOfBirth": "1993-12-02", "rightArmedBowl": true, "rightHandedBat": true}, {"id": 1020, "fullName": "Travis Head", "shortName": "T Head", "nationality": "Australian", "dateOfBirth": "1993-12-29", "rightArmedBowl": true, "rightHandedBat": false, "bowlingStyle": "OFF_SPIN"}, {"id": 297, "fullName": "Kedar Jadhav", "shortName": "K Jadhav", "nationality": "Indian", "dateOfBirth": "1985-03-26", "rightArmedBowl": true, "rightHandedBat": true, "bowlingStyle": "OFF_SPIN"}, {"id": 1115, "fullName": "Sachin Baby", "shortName": "S Baby", "nationality": "Indian", "dateOfBirth": "1988-12-18", "rightArmedBowl": true, "rightHandedBat": false}, {"id": 227, "fullName": "Shane Watson", "shortName": "S Watson", "nationality": "Australian", "dateOfBirth": "1981-06-17", "rightArmedBowl": true, "rightHandedBat": true, "bowlingStyle": "MEDIUM_SEAM"}, {"id": 53, "fullName": "Pawan Negi", "shortName": "P Negi", "nationality": "Indian", "dateOfBirth": "1983-01-06", "rightArmedBowl": false, "rightHandedBat": false, "bowlingStyle": "ORTHODOX"}, {"id": 157, "fullName": "Harshal Patel", "shortName": "H Patel", "nationality": "Indian", "dateOfBirth": "1990-11-23", "rightArmedBowl": true, "rightHandedBat": true, "bowlingStyle": "MEDIUM_SEAM"}, {"id": 1561, "fullName": "Avesh Khan", "shortName": "A Khan", "nationality": "Indian", "dateOfBirth": "1996-12-13", "rightArmedBowl": true, "rightHandedBat": true, "bowlingStyle": "FAST_SEAM"}, {"id": 111, "fullName": "Yuzvendra Chahal", "shortName": "Y Chahal", "nationality": "Indian", "dateOfBirth": "1990-07-23", "rightArmedBowl": true, "rightHandedBat": true, "bowlingStyle": "LEG_SPIN"}], "wicketKeeper": {"id": 4305, "fullName": "Vishnu Vinod", "shortName": "V Vinod", "nationality": "Indian", "dateOfBirth": "1993-12-02", "rightArmedBowl": true, "rightHandedBat": true}, "captain": {"id": 164, "fullName": "Virat Kohli", "shortName": "V Kohli", "nationality": "Indian", "dateOfBirth": "1988-11-05", "rightArmedBowl": true, "rightHandedBat": true, "bowlingStyle": "MEDIUM_SEAM"}}], "venue": {"id": 8, "fullName": "Arun Jaitley Stadium", "shortName": "Arun Jaitley Stadium", "city": "Delhi", "country": "India"}, "matchDate": "2017-05-14T20:00:00+0530", "matchEndDate": "2017-05-14T23:00:00+0530", "matchDateMs": 1494772200000, "matchEndDateMs": 1494783000000, "isLimitedOvers": true, "battingOrder": [1, 0], "matchBroadcast": false, "matchState": "C", "matchStatus": {"outcome": "B", "text": "Royal Challengers Bangalore won by 10 runs"}, "description": "Match 56", "matchSummary": "", "matchType": "IPLT20", "tournamentLabel": "IPL 2017", "oversLimit": 20, "groupName": ""}, "matchId": {"id": 5894, "name": "ipl2017-56", "tournamentId": {"id": 5815, "name": "ipl2017", "provisional": false}}, "currentState": {"inProgress": false, "phase": "C", "currentInningsIndex": 1, "currentBatsmen": [-1, 165], "facingBatsman": 165, "nonFacingBatsman": -1, "currentBowler": -1, "previousBowler": 1561, "previousBowlerCurrentSpell": {"playerId": 1561, "ov": "1", "r": 13, "w": 0, "d": 1, "maid": 0, "e": "13.00", "wd": 0, "nb": 0}, "currentPartnership": 1, "partnership": {"runs": 1, "balls": 4, "runRate": "1.50"}, "recentOvers": [{"ovNo": 15, "ovBalls": [".", ".", "1", ".", "1", "1"]}, {"ovNo": 16, "ovBalls": ["1", "W", "1", "1", "6", "W"]}, {"ovNo": 17, "ovBalls": ["6", ".", ".", "W", "4", "4"]}, {"ovNo": 18, "ovBalls": ["1", ".", "1", "6", ".", "W"]}, {"ovNo": 19, "ovBalls": ["1", "1", "6", "1", "1Lb", "4"]}, {"ovNo": 20, "ovBalls": ["1", "W", "1", ".", ".", "W"]}]}, "innings": [{"inningsNumber": 1, "runRate": "8.05", "overProgress": "20", "declared": false, "scorecard": {"runs": 161, "wkts": 6, "allOut": false, "battingStats": [{"playerId": 236, "r": 48, "b": 38, "sr": "126.31", "4s": 3, "6s": 3, "mod": {"dismissedBp": {"innings": 1, "over": 14, "ball": 1}, "countingBp": {"innings": 1, "over": 14, "ball": 1}, "text": "c Zaheer Khan b Shahbaz Nadeem", "bowlerId": 57, "additionalPlayerIds": [165], "dismissedMethod": "ct", "isOut": true}}, {"playerId": 4305, "r": 3, "b": 9, "sr": "33.33", "4s": 0, "6s": 0, "mod": {"dismissedBp": {"innings": 1, "over": 5, "ball": 5}, "countingBp": {"innings": 1, "over": 5, "ball": 5}, "text": "b Pat Cummins", "bowlerId": 488, "dismissedMethod": "b", "isOut": true}}, {"playerId": 164, "r": 58, "b": 45, "sr": "128.88", "4s": 3, "6s": 3, "mod": {"dismissedBp": {"innings": 1, "over": 17, "ball": 3}, "countingBp": {"innings": 1, "over": 17, "ball": 3}, "text": "c Shahbaz Nadeem b Zaheer Khan", "bowlerId": 165, "additionalPlayerIds": [57], "dismissedMethod": "ct", "isOut": true}}, {"playerId": 1020, "r": 2, "b": 2, "sr": "100.00", "4s": 0, "6s": 0, "mod": {"dismissedBp": {"innings": 1, "over": 15, "ball": 1}, "countingBp": {"innings": 1, "over": 15, "ball": 1}, "text": "run out (Shreyas Iyer/Zaheer Khan)", "bowlerId": 165, "additionalPlayerIds": [1563, 165], "dismissedMethod": "ro", "isOut": true}}, {"playerId": 297, "r": 12, "b": 9, "sr": "133.33", "4s": 0, "6s": 1, "mod": {"dismissedBp": {"innings": 1, "over": 18, "ball": 5}, "countingBp": {"innings": 1, "over": 18, "ball": 4}, "text": "run out (Pat Cummins)", "bowlerId": 94, "additionalPlayerIds": [488], "dismissedMethod": "ro", "isOut": true}}, {"playerId": 1115, "r": 12, "b": 8, "sr": "150.00", "4s": 2, "6s": 0, "mod": {"dismissedBp": {"innings": 1, "over": 19, "ball": 7}, "countingBp": {"innings": 1, "over": 19, "ball": 5}, "text": "c Corey Anderson b Pat Cummins", "bowlerId": 488, "additionalPlayerIds": [968], "dismissedMethod": "ct", "isOut": true}}, {"playerId": 227, "r": 4, "b": 4, "sr": "100.00", "4s": 0, "6s": 0}, {"playerId": 53, "r": 13, "b": 5, "sr": "260.00", "4s": 3, "6s": 0}], "bowlingStats": [{"playerId": 165, "ov": "4", "r": 31, "w": 1, "d": 10, "maid": 0, "e": "7.75", "wd": 1, "nb": 0}, {"playerId": 94, "ov": "4", "r": 31, "w": 0, "d": 11, "maid": 0, "e": "7.75", "wd": 1, "nb": 0}, {"playerId": 488, "ov": "4", "r": 21, "w": 2, "d": 10, "maid": 0, "e": "5.25", "wd": 2, "nb": 0}, {"playerId": 30, "ov": "2", "r": 26, "w": 0, "d": 3, "maid": 0, "e": "13.00", "wd": 0, "nb": 0}, {"playerId": 968, "ov": "4", "r": 38, "w": 0, "d": 3, "maid": 0, "e": "9.50", "wd": 2, "nb": 0}, {"playerId": 57, "ov": "2", "r": 12, "w": 1, "d": 4, "maid": 0, "e": "6.00", "wd": 1, "nb": 0}], "fow": [{"bp": {"innings": 1, "over": 5, "ball": 5}, "playerId": 4305, "ret": false, "w": 1, "r": 30}, {"bp": {"innings": 1, "over": 14, "ball": 1}, "playerId": 236, "ret": false, "w": 2, "r": 96}, {"bp": {"innings": 1, "over": 15, "ball": 1}, "playerId": 1020, "ret": false, "w": 3, "r": 102}, {"bp": {"innings": 1, "over": 17, "ball": 3}, "playerId": 164, "ret": false, "w": 4, "r": 118}, {"bp": {"innings": 1, "over": 18, "ball": 4}, "playerId": 297, "ret": false, "w": 5, "r": 131}, {"bp": {"innings": 1, "over": 19, "ball": 5}, "playerId": 1115, "ret": false, "w": 6, "r": 144}], "extras": {"noBallRuns": 0, "wideRuns": 7, "byeRuns": 0, "legByeRuns": 2, "penaltyRuns": 0}, "declared": false}, "overHistory": [{"ovNo": 1, "ovBalls": [".", ".", "4", "1Wd", "4", ".", "1"]}, {"ovNo": 2, "ovBalls": [".", "6", ".", ".", "1", "."]}, {"ovNo": 3, "ovBalls": [".", ".", "1", "1", ".", "."]}, {"ovNo": 4, "ovBalls": [".", ".", "1", "6", "1", "."]}, {"ovNo": 5, "ovBalls": ["1", "1", "1", ".", "W", "."]}, {"ovNo": 6, "ovBalls": ["4", "1", ".", "1", ".", "1"]}, {"ovNo": 7, "ovBalls": [".", "1", "1", "1", ".", "1"]}, {"ovNo": 8, "ovBalls": [".", "2", "4", ".", "1", "."]}, {"ovNo": 9, "ovBalls": ["6", "2", ".", "1", "1", "1"]}, {"ovNo": 10, "ovBalls": ["1", "1", "4", ".", ".", "1"]}, {"ovNo": 11, "ovBalls": ["1", "1", ".", "1", "1", "1"]}, {"ovNo": 12, "ovBalls": ["1", "6", "1", "6", "4", "1"]}, {"ovNo": 13, "ovBalls": ["1", "1", "1", "1", "1", "1"]}, {"ovNo": 14, "ovBalls": ["W", "1", "1Wd", ".", "1", "1", "1"]}, {"ovNo": 15, "ovBalls": ["1W", "1", "1", "1", "1", "1"]}, {"ovNo": 16, "ovBalls": ["1", "1", ".", "1", ".", "2"]}, {"ovNo": 17, "ovBalls": [".", "6", "W", "1", "6", "1Lb"]}, {"ovNo": 18, "ovBalls": ["1Wd", "1", "2", "1", "W", ".", "4"]}, {"ovNo": 19, "ovBalls": ["2", "1", ".", "4", "1Wd", "1Wd", "W", "1Lb"]}, {"ovNo": 20, "ovBalls": ["1Wd", "1", "1Wd", ".", "4", "4", "4", "1"]}]}, {"inningsNumber": 2, "runRate": "7.55", "overProgress": "20", "declared": false, "scorecard": {"runs": 151, "wkts": 10, "allOut": true, "battingStats": [{"playerId": 258, "r": 0, "b": 2, "sr": "0.00", "4s": 0, "6s": 0, "mod": {"dismissedBp": {"innings": 2, "over": 1, "ball": 2}, "countingBp": {"innings": 2, "over": 1, "ball": 2}, "text": "c Virat Kohli b Avesh Khan", "bowlerId": 1561, "additionalPlayerIds": [164], "dismissedMethod": "ct", "isOut": true}}, {"playerId": 276, "r": 26, "b": 22, "sr": "118.18", "4s": 5, "6s": 0, "mod": {"dismissedBp": {"innings": 2, "over": 6, "ball": 2}, "countingBp": {"innings": 2, "over": 6, "ball": 2}, "text": "c Kedar Jadhav b Shane Watson", "bowlerId": 227, "additionalPlayerIds": [297], "dismissedMethod": "ct", "isOut": true}}, {"playerId": 1563, "r": 32, "b": 30, "sr": "106.66", "4s": 2, "6s": 1, "mod": {"dismissedBp": {"innings": 2, "over": 12, "ball": 4}, "countingBp": {"innings": 2, "over": 12, "ball": 4}, "text": "c Shane Watson b Harshal Patel", "bowlerId": 157, "additionalPlayerIds": [227], "dismissedMethod": "ct", "isOut": true}}, {"playerId": 2972, "r": 45, "b": 34, "sr": "132.35", "4s": 3, "6s": 2, "mod": {"dismissedBp": {"innings": 2, "over": 17, "ball": 4}, "countingBp": {"innings": 2, "over": 17, "ball": 4}, "text": "b Harshal Patel", "bowlerId": 157, "dismissedMethod": "b", "isOut": true}}, {"playerId": 272, "r": 0, "b": 1, "sr": "0.00", "4s": 0, "6s": 0, "mod": {"dismissedBp": {"innings": 2, "over": 12, "ball": 5}, "countingBp": {"innings": 2, "over": 12, "ball": 5}, "text": "b Harshal Patel", "bowlerId": 157, "dismissedMethod": "b", "isOut": true}}, {"playerId": 968, "r": 3, "b": 9, "sr": "33.33", "4s": 0, "6s": 0, "mod": {"dismissedBp": {"innings": 2, "over": 16, "ball": 2}, "countingBp": {"innings": 2, "over": 16, "ball": 2}, "text": "st Vishnu Vinod b Travis Head", "bowlerId": 1020, "additionalPlayerIds": [4305], "dismissedMethod": "st", "isOut": true}}, {"playerId": 488, "r": 7, "b": 3, "sr": "233.33", "4s": 0, "6s": 1, "mod": {"dismissedBp": {"innings": 2, "over": 16, "ball": 6}, "countingBp": {"innings": 2, "over": 16, "ball": 6}, "text": "c Virat Kohli b Travis Head", "bowlerId": 1020, "additionalPlayerIds": [164], "dismissedMethod": "ct", "isOut": true}}, {"playerId": 30, "r": 7, "b": 4, "sr": "175.00", "4s": 0, "6s": 1, "mod": {"dismissedBp": {"innings": 2, "over": 18, "ball": 6}, "countingBp": {"innings": 2, "over": 18, "ball": 6}, "text": "b Pawan Negi", "bowlerId": 53, "dismissedMethod": "b", "isOut": true}}, {"playerId": 94, "r": 21, "b": 9, "sr": "233.33", "4s": 3, "6s": 1, "mod": {"dismissedBp": {"innings": 2, "over": 20, "ball": 2}, "countingBp": {"innings": 2, "over": 20, "ball": 2}, "text": "st Vishnu Vinod b Pawan Negi", "bowlerId": 53, "additionalPlayerIds": [4305], "dismissedMethod": "st", "isOut": true}}, {"playerId": 57, "r": 2, "b": 6, "sr": "33.33", "4s": 0, "6s": 0, "mod": {"dismissedBp": {"innings": 2, "over": 20, "ball": 6}, "countingBp": {"innings": 2, "over": 20, "ball": 6}, "text": "c Kedar Jadhav b Pawan Negi", "bowlerId": 53, "additionalPlayerIds": [297], "dismissedMethod": "ct", "isOut": true}}, {"playerId": 165, "r": 1, "b": 1, "sr": "100.00", "4s": 0, "6s": 0}], "bowlingStats": [{"playerId": 1561, "ov": "4", "r": 23, "w": 1, "d": 12, "maid": 0, "e": "5.75", "wd": 0, "nb": 0}, {"playerId": 111, "ov": "3", "r": 24, "w": 0, "d": 8, "maid": 0, "e": "8.00", "wd": 0, "nb": 1}, {"playerId": 157, "ov": "4", "r": 43, "w": 3, "d": 8, "maid": 0, "e": "10.75", "wd": 1, "nb": 0}, {"playerId": 227, "ov": "4", "r": 16, "w": 1, "d": 11, "maid": 0, "e": "4.00", "wd": 0, "nb": 0}, {"playerId": 1020, "ov": "3", "r": 30, "w": 2, "d": 5, "maid": 0, "e": "10.00", "wd": 0, "nb": 0}, {"playerId": 53, "ov": "2", "r": 10, "w": 3, "d": 7, "maid": 0, "e": "5.00", "wd": 0, "nb": 0}], "fow": [{"bp": {"innings": 2, "over": 1, "ball": 2}, "playerId": 258, "ret": false, "w": 1, "r": 0}, {"bp": {"innings": 2, "over": 6, "ball": 2}, "playerId": 276, "ret": false, "w": 2, "r": 41}, {"bp": {"innings": 2, "over": 12, "ball": 4}, "playerId": 1563, "ret": false, "w": 3, "r": 87}, {"bp": {"innings": 2, "over": 12, "ball": 5}, "playerId": 272, "ret": false, "w": 4, "r": 87}, {"bp": {"innings": 2, "over": 16, "ball": 2}, "playerId": 968, "ret": false, "w": 5, "r": 105}, {"bp": {"innings": 2, "over": 16, "ball": 6}, "playerId": 488, "ret": false, "w": 6, "r": 113}, {"bp": {"innings": 2, "over": 17, "ball": 4}, "playerId": 2972, "ret": false, "w": 7, "r": 119}, {"bp": {"innings": 2, "over": 18, "ball": 6}, "playerId": 30, "ret": false, "w": 8, "r": 135}, {"bp": {"innings": 2, "over": 20, "ball": 2}, "playerId": 94, "ret": false, "w": 9, "r": 150}, {"bp": {"innings": 2, "over": 20, "ball": 6}, "playerId": 57, "ret": false, "w": 10, "r": 151}], "extras": {"noBallRuns": 1, "wideRuns": 1, "byeRuns": 4, "legByeRuns": 1, "penaltyRuns": 0}, "declared": false}, "overHistory": [{"ovNo": 1, "ovBalls": [".", "W", "1", ".", "1", "."]}, {"ovNo": 2, "ovBalls": [".", "4", "4B", "2", ".", "1"]}, {"ovNo": 3, "ovBalls": [".", ".", ".", ".", ".", "4"]}, {"ovNo": 4, "ovBalls": [".", "1", ".", "1", "6", "."]}, {"ovNo": 5, "ovBalls": ["4", ".", "4", "4", "1", "1Wd", "1"]}, {"ovNo": 6, "ovBalls": ["1", "W", "1", ".", ".", "."]}, {"ovNo": 7, "ovBalls": [".", "2", "1", ".", "2", "."]}, {"ovNo": 8, "ovBalls": ["1", "1", ".", "1", ".", "1"]}, {"ovNo": 9, "ovBalls": ["2", "4", "1", "6", "1", "2"]}, {"ovNo": 10, "ovBalls": ["1", ".", "1", ".", "2Nb", "4", "1"]}, {"ovNo": 11, "ovBalls": ["1", "1", ".", "1", "4", "1"]}, {"ovNo": 12, "ovBalls": ["1", "1", "1", "W", "W", "."]}, {"ovNo": 13, "ovBalls": ["1", ".", "1", "1", ".", "."]}, {"ovNo": 14, "ovBalls": ["4", ".", "4", "1", "1", "1"]}, {"ovNo": 15, "ovBalls": [".", ".", "1", ".", "1", "1"]}, {"ovNo": 16, "ovBalls": ["1", "W", "1", "1", "6", "W"]}, {"ovNo": 17, "ovBalls": ["6", ".", ".", "W", "4", "4"]}, {"ovNo": 18, "ovBalls": ["1", ".", "1", "6", ".", "W"]}, {"ovNo": 19, "ovBalls": ["1", "1", "6", "1", "1Lb", "4"]}, {"ovNo": 20, "ovBalls": ["1", "W", "1", ".", ".", "W"]}]}]}