{"matchInfo": {"additionalInfo": {"sixes.video.thumb": "http://brightcove.vo.llnwd.net/v1/unsecured/media/3588749423001/201604/2270/3588749423001_4860388105001_six.jpg?pubId=3588749423001", "sixes.video.id": "4860454842001", "match.video.thumb": "http://brightcove.vo.llnwd.net/v1/unsecured/media/3588749423001/201604/1290/3588749423001_4860417488001_MH.jpg?pubId=3588749423001", "mom.video.thumb": "http://brightcove.vo.llnwd.net/v1/unsecured/media/3588749423001/201604/2290/3588749423001_4860417491001_virat.jpg?pubId=3588749423001", "mom.video.id": "4860454857001", "referee.name": "Sunil Chaturvedi", "report.thumb": "http://static2.iplt20.com/cms/media/images/320x213/47979.jpg", "match.summary": "", "umpire.name.1": "Krishnanmachari Bharatan", "umpire.name.2": "Bruce Oxenford", "umpire.name.3": "KN Ananthapadmanabhan", "interview.thumb": "http://brightcove.vo.llnwd.net/v1/unsecured/media/3588749423001/201604/1466/3588749423001_4860693786001_rahulint.jpg?pubId=3588749423001", "umpire.name.4": "Abhijit Deshmukh", "away.team.fan.total": "6986", "result.playerofthematch": "Virat Kohli", "toss.elected": "Royal Challengers Bangalore, who chose to bat", "notes.1.1": "Powerplay - 50 runs, 1 wicket", "notes.1.2": "RCB: 50 runs in 5.6 overs", "notes.2.1": "Powerplay - 72 runs, 1 wicket", "notes.1.3": "2nd Wicket: 50 runs in 34 balls (Virat Kohli 30, AB de Villiers 20)", "notes.2.2": "GL: 50 runs in 5.2 overs", "notes.1.4": "RCB: 100 runs in 13.3 overs", "notes.2.3": "GL: 100 runs in 10.4 overs", "notes.1.5": "Virat Kohli: 50 off 40 balls (6 x fours)", "notes.2.4": "3rd Wicket: 50 runs in 41 balls (Suresh Raina 23, Dinesh Karthik 25)", "notes.1.6": "3rd Wicket: 50 runs in 42 balls (Virat Kohli 25, Lokesh Rahul 26)", "notes.2.5": "GL: 150 runs in 16.4 overs", "notes.1.7": "RCB: 150 runs in 17.5 overs", "notes.2.6": "Dinesh Karthik: 50 off 39 balls (3 x fours)", "notes.1.8": "Lokesh Rahul: 50 off 34 balls (4 x fours, 3 x sixes)", "highlights.link": "http://www.iplt20.com/videos/media/id/4860454850001/m19-gl-vs-rcb-match-highlights", "notes.1.9": "3rd Wicket: 100 runs in 67 balls (Virat Kohli 51, Lokesh Rahul 50)", "match.video.id": "4860454850001", "stats.link": "http://www.iplt20.com/news/2016/more-news/7400/quick-stats-m19-gl-vs-rcb", "home.team.fan.total": "6098", "toss.winner": "Royal Challengers Bangalore", "notes.1.10": "Virat Kohli: 100 off 63 balls (11 x fours, 1 x six)", "interview.link": "http://www.iplt20.com/videos/media/id/4860592349001/m19-gl-vs-rcb-lokesh-rahul-interview", "notes.1.11": "Innings Break: RCB - 180/2 in 20 overs", "stats.thumb": "http://static2.iplt20.com/cms/media/images/320x213/48066.jpg"}, "teams": [{"id": 4761, "team": {"id": 433, "fullName": "Gujarat Lions", "shortName": "Gujarat Lions", "abbreviation": "GL", "type": "m", "primaryColor": "E5BA0F", "secondaryColor": "383838"}, "players": [{"id": 167, "fullName": "Aaron Finch", "shortName": "A Finch", "nationality": "Australian", "dateOfBirth": "1986-11-17", "rightArmedBowl": false, "rightHandedBat": true, "bowlingStyle": "ORTHODOX"}, {"id": 202, "fullName": "Brendon McCullum", "shortName": "B McCullum", "nationality": "New Zealander", "dateOfBirth": "1981-09-27", "rightArmedBowl": true, "rightHandedBat": true, "bowlingStyle": "MEDIUM_SEAM"}, {"id": 14, "fullName": "Suresh Raina", "shortName": "S Raina", "nationality": "Indian", "dateOfBirth": "1986-11-27", "rightArmedBowl": true, "rightHandedBat": false, "bowlingStyle": "OFF_SPIN"}, {"id": 102, "fullName": "Dinesh Karthik", "shortName": "D Karthik", "nationality": "Indian", "dateOfBirth": "1985-06-01", "rightArmedBowl": true, "rightHandedBat": true, "bowlingStyle": "OFF_SPIN"}, {"id": 413, "fullName": "Dwayne Smith", "shortName": "DR Smith", "nationality": "West Indian", "dateOfBirth": "1983-04-12", "rightArmedBowl": true, "rightHandedBat": true}, {"id": 9, "fullName": "Ravindra Jadeja", "shortName": "R Jadeja", "nationality": "Indian", "dateOfBirth": "1988-12-06", "rightArmedBowl": false, "rightHandedBat": false, "bowlingStyle": "ORTHODOX"}, {"id": 25, "fullName": "Dwayne Bravo", "shortName": "DJ Bravo", "nationality": "West Indian", "dateOfBirth": "1983-10-07", "rightArmedBowl": true, "rightHandedBat": true, "bowlingStyle": "MEDIUM_SEAM"}, {"id": 77, "fullName": "Praveen Kumar", "shortName": "P Kumar", "nationality": "Indian", "dateOfBirth": "1986-10-02", "rightArmedBowl": true, "rightHandedBat": true}, {"id": 101, "fullName": "Dhawal Kulkarni", "shortName": "D Kulkarni", "nationality": "Indian", "dateOfBirth": "1988-12-10", "rightArmedBowl": true, "rightHandedBat": true, "bowlingStyle": "MEDIUM_SEAM"}, {"id": 10, "fullName": "Shadab Jakati", "shortName": "S Jakati", "nationality": "Indian", "dateOfBirth": "1980-11-27", "rightArmedBowl": false, "rightHandedBat": false}, {"id": 1114, "fullName": "Pravin Tambe", "shortName": "P Tambe", "nationality": "Indian", "dateOfBirth": "1971-10-08", "rightArmedBowl": true, "rightHandedBat": true, "bowlingStyle": "LEG_SPIN"}], "wicketKeeper": {"id": 102, "fullName": "Dinesh Karthik", "shortName": "D Karthik", "nationality": "Indian", "dateOfBirth": "1985-06-01", "rightArmedBowl": true, "rightHandedBat": true, "bowlingStyle": "OFF_SPIN"}, "captain": {"id": 14, "fullName": "Suresh Raina", "shortName": "S Raina", "nationality": "Indian", "dateOfBirth": "1986-11-27", "rightArmedBowl": true, "rightHandedBat": false, "bowlingStyle": "OFF_SPIN"}}, {"id": 4760, "team": {"id": 9, "fullName": "Royal Challengers Bangalore", "shortName": "Challengers", "abbreviation": "RCB", "type": "m", "primaryColor": "000000", "secondaryColor": "FF3245"}, "players": [{"id": 164, "fullName": "Virat Kohli", "shortName": "V Kohli", "nationality": "Indian", "dateOfBirth": "1988-11-05", "rightArmedBowl": true, "rightHandedBat": true, "bowlingStyle": "MEDIUM_SEAM"}, {"id": 233, "fullName": "AB de Villiers", "shortName": "AB de Villiers", "nationality": "South African", "dateOfBirth": "1984-02-17", "rightArmedBowl": true, "rightHandedBat": true, "bowlingStyle": "MEDIUM_SEAM"}, {"id": 227, "fullName": "Shane Watson", "shortName": "S Watson", "nationality": "Australian", "dateOfBirth": "1981-06-17", "rightArmedBowl": true, "rightHandedBat": true, "bowlingStyle": "MEDIUM_SEAM"}, {"id": 1125, "fullName": "KL Rahul", "shortName": "KL Rahul", "nationality": "Indian", "dateOfBirth": "1992-04-18", "rightArmedBowl": true, "rightHandedBat": true}, {"id": 1564, "fullName": "Sarfaraz Khan", "shortName": "SN Khan", "nationality": "Indian", "dateOfBirth": "1997-10-22", "rightArmedBowl": true, "rightHandedBat": true, "bowlingStyle": "LEG_SPIN"}, {"id": 297, "fullName": "Kedar Jadhav", "shortName": "K Jadhav", "nationality": "Indian", "dateOfBirth": "1985-03-26", "rightArmedBowl": true, "rightHandedBat": true, "bowlingStyle": "OFF_SPIN"}, {"id": 148, "fullName": "Stuart Binny", "shortName": "S Binny", "nationality": "Indian", "dateOfBirth": "1984-06-03", "rightArmedBowl": true, "rightHandedBat": true}, {"id": 85, "fullName": "Iqbal Abdulla", "shortName": "I Abdulla", "nationality": "Indian", "dateOfBirth": "1989-12-02", "rightArmedBowl": false, "rightHandedBat": false}, {"id": 111, "fullName": "Yuzvendra Chahal", "shortName": "Y Chahal", "nationality": "Indian", "dateOfBirth": "1990-07-23", "rightArmedBowl": true, "rightHandedBat": true, "bowlingStyle": "LEG_SPIN"}, {"id": 798, "fullName": "Kane Richardson", "shortName": "K Richardson", "nationality": "Australian", "dateOfBirth": "1991-02-12", "rightArmedBowl": true, "rightHandedBat": true, "bowlingStyle": "FAST_SEAM"}, {"id": 3309, "fullName": "Tabraiz Shamsi", "shortName": "T Shamsi", "nationality": "South African", "dateOfBirth": "1990-02-18", "rightArmedBowl": false, "rightHandedBat": true, "bowlingStyle": "UNORTHODOX"}], "wicketKeeper": {"id": 1125, "fullName": "KL Rahul", "shortName": "KL Rahul", "nationality": "Indian", "dateOfBirth": "1992-04-18", "rightArmedBowl": true, "rightHandedBat": true}, "captain": {"id": 164, "fullName": "Virat Kohli", "shortName": "V Kohli", "nationality": "Indian", "dateOfBirth": "1988-11-05", "rightArmedBowl": true, "rightHandedBat": true, "bowlingStyle": "MEDIUM_SEAM"}}], "venue": {"id": 44, "fullName": "Saurashtra Cricket Association Stadium", "shortName": "Saurashtra Cricket Association Stadium", "city": "Rajkot", "country": "India"}, "matchDate": "2016-04-24T16:00:00+0530", "matchEndDate": "2016-04-24T23:00:00+0530", "matchDateMs": 1461493800000, "matchEndDateMs": 1461519000000, "isLimitedOvers": true, "battingOrder": [1, 0], "matchBroadcast": false, "matchState": "C", "matchStatus": {"outcome": "A", "text": "Gujarat Lions won by 6 wickets"}, "description": "Match 19", "matchSummary": "", "matchType": "IPLT20", "tournamentLabel": "IPL 2016", "oversLimit": 20, "groupName": ""}, "matchId": {"id": 4060, "name": "ipl2016-19", "tournamentId": {"id": 3957, "name": "ipl2016", "provisional": false}}, "currentState": {"inProgress": false, "phase": "C", "currentInningsIndex": 1, "currentBatsmen": [102, 25], "facingBatsman": 25, "nonFacingBatsman": 102, "currentBowler": 227, "currentBowlerCurrentSpell": {"playerId": 227, "ov": "0.3", "r": 8, "w": 1, "d": 1, "maid": 0, "e": "16.00", "wd": 1, "nb": 1}, "previousBowler": 85, "previousBowlerCurrentSpell": {"playerId": 85, "ov": "2", "r": 26, "w": 0, "d": 2, "maid": 0, "e": "13.00", "wd": 1, "nb": 0}, "currentPartnership": 4, "partnership": {"runs": 4, "balls": 1, "runRate": "24.00"}, "recentOvers": [{"ovNo": 15, "ovBalls": ["1", ".", ".", "1", "2", "2"]}, {"ovNo": 16, "ovBalls": ["1", "2", "1", "W", "1", "1"]}, {"ovNo": 17, "ovBalls": [".", "6", ".", "1", "1Wd", "2", "2"]}, {"ovNo": 18, "ovBalls": ["1", ".", "1", "1", "2", "1Lb"]}, {"ovNo": 19, "ovBalls": ["4", "1", "1", "2", "2", "4"]}, {"ovNo": 20, "ovBalls": ["2Nb", "1", "1Wd", "W", "4"]}]}, "innings": [{"inningsNumber": 1, "runRate": "9.00", "overProgress": "20", "declared": false, "scorecard": {"runs": 180, "wkts": 2, "allOut": false, "battingStats": [{"playerId": 164, "r": 100, "b": 63, "sr": "158.73", "4s": 11, "6s": 1}, {"playerId": 227, "r": 6, "b": 6, "sr": "100.00", "4s": 1, "6s": 0, "mod": {"dismissedBp": {"innings": 1, "over": 2, "ball": 4}, "countingBp": {"innings": 1, "over": 2, "ball": 4}, "text": "c Ravindra Jadeja b Dhawal Kulkarni", "bowlerId": 101, "additionalPlayerIds": [9], "dismissedMethod": "ct", "isOut": true}}, {"playerId": 233, "r": 20, "b": 16, "sr": "125.00", "4s": 2, "6s": 0, "mod": {"dismissedBp": {"innings": 1, "over": 8, "ball": 4}, "countingBp": {"innings": 1, "over": 8, "ball": 4}, "text": "c Suresh Raina b Pravin Tambe", "bowlerId": 1114, "additionalPlayerIds": [14], "dismissedMethod": "ct", "isOut": true}}, {"playerId": 1125, "r": 51, "b": 35, "sr": "145.71", "4s": 4, "6s": 3}], "bowlingStats": [{"playerId": 77, "ov": "3", "r": 28, "w": 0, "d": 6, "maid": 0, "e": "9.33", "wd": 0, "nb": 0}, {"playerId": 101, "ov": "4", "r": 39, "w": 1, "d": 6, "maid": 0, "e": "9.75", "wd": 0, "nb": 0}, {"playerId": 1114, "ov": "3", "r": 24, "w": 1, "d": 4, "maid": 0, "e": "8.00", "wd": 0, "nb": 0}, {"playerId": 10, "ov": "3", "r": 28, "w": 0, "d": 2, "maid": 0, "e": "9.33", "wd": 0, "nb": 0}, {"playerId": 9, "ov": "3", "r": 17, "w": 0, "d": 5, "maid": 0, "e": "5.66", "wd": 0, "nb": 0}, {"playerId": 25, "ov": "4", "r": 43, "w": 0, "d": 5, "maid": 0, "e": "10.75", "wd": 2, "nb": 0}], "fow": [{"bp": {"innings": 1, "over": 2, "ball": 4}, "playerId": 227, "ret": false, "w": 1, "r": 8}, {"bp": {"innings": 1, "over": 8, "ball": 4}, "playerId": 233, "ret": false, "w": 2, "r": 59}], "extras": {"noBallRuns": 0, "wideRuns": 2, "byeRuns": 1, "legByeRuns": 0, "penaltyRuns": 0}, "declared": false}, "overHistory": [{"ovNo": 1, "ovBalls": [".", "1", ".", ".", "1", "."]}, {"ovNo": 2, "ovBalls": ["4", "1", "1", "W", "1", "."]}, {"ovNo": 3, "ovBalls": [".", "1", "1", ".", "4", "4"]}, {"ovNo": 4, "ovBalls": ["1", ".", "1", "4", "1", "1"]}, {"ovNo": 5, "ovBalls": ["4", "4", "1", "1", ".", "1"]}, {"ovNo": 6, "ovBalls": ["4", "1", "1", "1", "4", "1"]}, {"ovNo": 7, "ovBalls": ["1", "1", ".", "1", "1", "1"]}, {"ovNo": 8, "ovBalls": ["2", "1", "1", "W", ".", "1"]}, {"ovNo": 9, "ovBalls": ["1", "1", ".", "4", "1", "1"]}, {"ovNo": 10, "ovBalls": [".", "1", "1", "4", "1", "1"]}, {"ovNo": 11, "ovBalls": [".", "1B", "2", ".", "1", "1"]}, {"ovNo": 12, "ovBalls": [".", ".", "1", "1", "1", "1"]}, {"ovNo": 13, "ovBalls": ["1", "4", ".", "1", ".", "1"]}, {"ovNo": 14, "ovBalls": ["1", "6", "1", "2", "1", "1"]}, {"ovNo": 15, "ovBalls": ["1Wd", ".", "1", "2", "4", "2", "1"]}, {"ovNo": 16, "ovBalls": ["1", ".", ".", ".", "6", "6"]}, {"ovNo": 17, "ovBalls": ["4", "2", "1", "4", "4", "1"]}, {"ovNo": 18, "ovBalls": ["1", ".", "3", "1", "2", "1"]}, {"ovNo": 19, "ovBalls": ["1", "1", "2", "2", "4", "1"]}, {"ovNo": 20, "ovBalls": ["1", "1", ".", "6", "1Wd", "4", "4"]}]}, {"inningsNumber": 2, "runRate": "9.33", "overProgress": "19.3", "declared": false, "scorecard": {"runs": 182, "wkts": 4, "allOut": false, "battingStats": [{"playerId": 413, "r": 32, "b": 21, "sr": "152.38", "4s": 3, "6s": 2, "mod": {"dismissedBp": {"innings": 2, "over": 6, "ball": 2}, "countingBp": {"innings": 2, "over": 6, "ball": 2}, "text": "c AB de Villiers b Kane Richardson", "bowlerId": 798, "additionalPlayerIds": [233], "dismissedMethod": "ct", "isOut": true}}, {"playerId": 202, "r": 42, "b": 24, "sr": "175.00", "4s": 5, "6s": 2, "mod": {"dismissedBp": {"innings": 2, "over": 9, "ball": 2}, "countingBp": {"innings": 2, "over": 9, "ball": 2}, "text": "c & b Tabraiz Shamsi", "bowlerId": 3309, "additionalPlayerIds": [3309], "dismissedMethod": "ct", "isOut": true}}, {"playerId": 14, "r": 28, "b": 24, "sr": "116.66", "4s": 3, "6s": 0, "mod": {"dismissedBp": {"innings": 2, "over": 16, "ball": 4}, "countingBp": {"innings": 2, "over": 16, "ball": 4}, "text": "c Iqbal Abdulla b Yuzvendra Chahal", "bowlerId": 111, "additionalPlayerIds": [85], "dismissedMethod": "ct", "isOut": true}}, {"playerId": 102, "r": 50, "b": 39, "sr": "128.20", "4s": 3, "6s": 0}, {"playerId": 9, "r": 12, "b": 10, "sr": "120.00", "4s": 0, "6s": 1, "mod": {"dismissedBp": {"innings": 2, "over": 20, "ball": 4}, "countingBp": {"innings": 2, "over": 20, "ball": 2}, "text": "c KL Rahul b Shane Watson", "bowlerId": 227, "additionalPlayerIds": [1125], "dismissedMethod": "ct", "isOut": true}}, {"playerId": 25, "r": 4, "b": 1, "sr": "400.00", "4s": 1, "6s": 0}], "bowlingStats": [{"playerId": 111, "ov": "4", "r": 33, "w": 1, "d": 6, "maid": 0, "e": "8.25", "wd": 1, "nb": 1}, {"playerId": 798, "ov": "4", "r": 53, "w": 1, "d": 6, "maid": 0, "e": "13.25", "wd": 2, "nb": 0}, {"playerId": 85, "ov": "4", "r": 41, "w": 0, "d": 5, "maid": 0, "e": "10.25", "wd": 1, "nb": 0}, {"playerId": 227, "ov": "3.3", "r": 31, "w": 1, "d": 6, "maid": 0, "e": "8.85", "wd": 1, "nb": 1}, {"playerId": 3309, "ov": "4", "r": 21, "w": 1, "d": 11, "maid": 0, "e": "5.25", "wd": 0, "nb": 0}], "fow": [{"bp": {"innings": 2, "over": 6, "ball": 2}, "playerId": 413, "ret": false, "w": 1, "r": 47}, {"bp": {"innings": 2, "over": 9, "ball": 2}, "playerId": 202, "ret": false, "w": 2, "r": 87}, {"bp": {"innings": 2, "over": 16, "ball": 4}, "playerId": 14, "ret": false, "w": 3, "r": 140}, {"bp": {"innings": 2, "over": 20, "ball": 2}, "playerId": 9, "ret": false, "w": 4, "r": 178}], "extras": {"noBallRuns": 2, "wideRuns": 9, "byeRuns": 0, "legByeRuns": 3, "penaltyRuns": 0}, "declared": false}, "overHistory": [{"ovNo": 1, "ovBalls": ["1Wd", "1", ".", "1", ".", ".", "."]}, {"ovNo": 2, "ovBalls": ["1", "6", "1", "4", ".", "."]}, {"ovNo": 3, "ovBalls": ["2", "5Nb", "6", "1", ".", "1", "1"]}, {"ovNo": 4, "ovBalls": [".", "4", ".", "4", "1", "1"]}, {"ovNo": 5, "ovBalls": [".", "4", "1", ".", ".", "1"]}, {"ovNo": 6, "ovBalls": [".", "W", "5Wd", "6", "4", "6", "4"]}, {"ovNo": 7, "ovBalls": ["1", "1Lb", "1", "1", "1", "1"]}, {"ovNo": 8, "ovBalls": ["1", ".", "1", "1", "1", "1"]}, {"ovNo": 9, "ovBalls": ["4", "W", ".", ".", ".", "."]}, {"ovNo": 10, "ovBalls": ["1", ".", "4", "2", "1", "."]}, {"ovNo": 11, "ovBalls": [".", ".", "1", "4", "1Lb", "1"]}, {"ovNo": 12, "ovBalls": ["1", "1", "2", "1", "4", "1Wd", "1"]}, {"ovNo": 13, "ovBalls": ["1", "1", "1", "2", "1", "2"]}, {"ovNo": 14, "ovBalls": ["1", "1", "1", "4", "1", "1"]}, {"ovNo": 15, "ovBalls": ["1", ".", ".", "1", "2", "2"]}, {"ovNo": 16, "ovBalls": ["1", "2", "1", "W", "1", "1"]}, {"ovNo": 17, "ovBalls": [".", "6", ".", "1", "1Wd", "2", "2"]}, {"ovNo": 18, "ovBalls": ["1", ".", "1", "1", "2", "1Lb"]}, {"ovNo": 19, "ovBalls": ["4", "1", "1", "2", "2", "4"]}, {"ovNo": 20, "ovBalls": ["2Nb", "1", "1Wd", "W", "4"]}]}]}