{"matchInfo": {"additionalInfo": {"referee.name": "Ranjan Madugalle", "match.photo.id": "24028", "match.summary": "", "umpire.name.1": "Simon Taufel", "umpire.name.2": "C Shamshuddin", "umpire.name.3": "Kumar Dharmasena", "umpire.name.4": "K Srinath", "away.team.fan.total": "15205", "result.playerofthematch": "Harbhajan Singh", "toss.elected": "Rajasthan Royals, who chose to bat", "notes.1.1": "Powerplay - 42 runs, 0 wickets", "notes.1.2": "RR: 50 runs in 7.5 overs ", "notes.2.1": "Powerplay - 45 runs, 0 wickets", "notes.1.3": "RR: 100 runs in 13.4 overs", "notes.2.2": "MI:50 runs in 7.1 overs ", "notes.1.4": "RR: 150 runs in 19.4 overs", "notes.2.3": "1st Wicket: 50 runs in 43 balls (Dwayne Smith 26, Aditya Tare 25)", "notes.1.5": "7th Wicket: 50 runs in 27 balls (Brad Hodge 14, Dishant Yagnik 31)", "notes.2.4": "MI:100 runs in 12.0 overs", "notes.1.6": "Innings Break: RR - 165/6 in 20 overs ", "notes.2.5": "Dwayne Smith: 50 off 38 balls (6 x fours, 1 x six)", "notes.2.6": "2nd Wicket: 50 runs in 29 balls (Dwayne Smith 28, Dinesh Karthik 22)", "notes.2.7": "MI:150 runs in 18.2 overs", "highlights.link": "http://www.iplt20.com/videos/media/id/8b26abbef95b47258c588a341e543289/m75-rr-vs-mi-match-highlights", "match.video.id": "8b26abbef95b47258c588a341e543289", "home.team.fan.total": "12904", "photostream.link": "http://www.iplt20.com/photos/179/ipl-2013-match-75-qualifier-2", "toss.winner": "Rajasthan Royals"}, "teams": [{"id": 1550, "team": {"id": 8, "fullName": "Rajasthan Royals", "shortName": "Royals", "abbreviation": "RR", "type": "m", "primaryColor": "004B8C", "secondaryColor": "FFFFFF"}, "players": [{"id": 131, "fullName": "Rahul Dravid", "shortName": "R Dravid", "nationality": "Indian", "dateOfBirth": "1973-01-11", "rightArmedBowl": true, "rightHandedBat": true, "bowlingStyle": "OFF_SPIN"}, {"id": 135, "fullName": "Ajinkya Rahane", "shortName": "A Rahane", "nationality": "Indian", "dateOfBirth": "1988-06-06", "rightArmedBowl": true, "rightHandedBat": true, "bowlingStyle": "MEDIUM_SEAM"}, {"id": 258, "fullName": "Sanju Samson", "shortName": "S Samson", "nationality": "Indian", "dateOfBirth": "1994-11-11", "rightArmedBowl": true, "rightHandedBat": true}, {"id": 227, "fullName": "Shane Watson", "shortName": "S Watson", "nationality": "Australian", "dateOfBirth": "1981-06-17", "rightArmedBowl": true, "rightHandedBat": true, "bowlingStyle": "MEDIUM_SEAM"}, {"id": 148, "fullName": "Stuart Binny", "shortName": "S Binny", "nationality": "Indian", "dateOfBirth": "1984-06-03", "rightArmedBowl": true, "rightHandedBat": true}, {"id": 229, "fullName": "Brad Hodge", "shortName": "B Hodge", "nationality": "Australian", "dateOfBirth": "1974-12-29", "rightArmedBowl": false, "rightHandedBat": false}, {"id": 141, "fullName": "Dishant Yagnik", "shortName": "D Yagnik", "nationality": "Indian", "dateOfBirth": "1983-06-22", "rightArmedBowl": false, "rightHandedBat": false}, {"id": 232, "fullName": "Kevon Cooper", "shortName": "K Cooper", "nationality": "West Indian", "dateOfBirth": "1989-02-02", "rightArmedBowl": false, "rightHandedBat": false}, {"id": 193, "fullName": "James Faulkner", "shortName": "J Faulkner", "nationality": "Australian", "dateOfBirth": "1990-04-29", "rightArmedBowl": false, "rightHandedBat": true}, {"id": 82, "fullName": "Vikramjeet Malik", "shortName": "V Malik", "nationality": "Indian", "dateOfBirth": "1983-05-09", "rightArmedBowl": false, "rightHandedBat": false}, {"id": 147, "fullName": "Siddharth Trivedi", "shortName": "S Trivedi", "nationality": "Indian", "dateOfBirth": "1982-09-04", "rightArmedBowl": false, "rightHandedBat": false}], "wicketKeeper": {"id": 141, "fullName": "Dishant Yagnik", "shortName": "D Yagnik", "nationality": "Indian", "dateOfBirth": "1983-06-22", "rightArmedBowl": false, "rightHandedBat": false}, "captain": {"id": 131, "fullName": "Rahul Dravid", "shortName": "R Dravid", "nationality": "Indian", "dateOfBirth": "1973-01-11", "rightArmedBowl": true, "rightHandedBat": true, "bowlingStyle": "OFF_SPIN"}}, {"id": 1549, "team": {"id": 6, "fullName": "Mumbai Indians", "shortName": "Mumbai", "abbreviation": "MI", "type": "m", "primaryColor": "00AEEF", "secondaryColor": "FFFFFF"}, "players": [{"id": 99, "fullName": "Aditya Tare", "shortName": "A Tare", "nationality": "Indian", "dateOfBirth": "1987-11-07", "rightArmedBowl": true, "rightHandedBat": true}, {"id": 413, "fullName": "Dwayne Smith", "shortName": "DR Smith", "nationality": "West Indian", "dateOfBirth": "1983-04-12", "rightArmedBowl": true, "rightHandedBat": true}, {"id": 102, "fullName": "Dinesh Karthik", "shortName": "D Karthik", "nationality": "Indian", "dateOfBirth": "1985-06-01", "rightArmedBowl": true, "rightHandedBat": true, "bowlingStyle": "OFF_SPIN"}, {"id": 107, "fullName": "Rohit Sharma", "shortName": "R Sharma", "nationality": "Indian", "dateOfBirth": "1987-04-30", "rightArmedBowl": true, "rightHandedBat": true, "bowlingStyle": "OFF_SPIN"}, {"id": 210, "fullName": "Kieron Pollard", "shortName": "K Pollard", "nationality": "West Indian", "dateOfBirth": "1987-05-12", "rightArmedBowl": true, "rightHandedBat": true, "bowlingStyle": "MEDIUM_SEAM"}, {"id": 100, "fullName": "Ambati Rayudu", "shortName": "A Rayudu", "nationality": "Indian", "dateOfBirth": "1985-09-23", "rightArmedBowl": true, "rightHandedBat": true, "bowlingStyle": "OFF_SPIN"}, {"id": 103, "fullName": "Harbhajan Singh", "shortName": "H Singh", "nationality": "Indian", "dateOfBirth": "1980-07-03", "rightArmedBowl": true, "rightHandedBat": true, "bowlingStyle": "OFF_SPIN"}, {"id": 213, "fullName": "Mitchell Johnson", "shortName": "M Johnson", "nationality": "Australian", "dateOfBirth": "1981-11-02", "rightArmedBowl": false, "rightHandedBat": false, "bowlingStyle": "FAST_SEAM"}, {"id": 211, "fullName": "Lasith Malinga", "shortName": "L Malinga", "nationality": "Sri Lankan", "dateOfBirth": "1983-08-28", "rightArmedBowl": true, "rightHandedBat": true, "bowlingStyle": "FAST_SEAM"}, {"id": 106, "fullName": "Pragyan Ojha", "shortName": "P Ojha", "nationality": "Indian", "dateOfBirth": "1986-09-05", "rightArmedBowl": false, "rightHandedBat": false, "bowlingStyle": "ORTHODOX"}, {"id": 1088, "fullName": "Rishi Dhawan", "shortName": "R Dhawan", "nationality": "Indian", "dateOfBirth": "1990-02-19", "rightArmedBowl": false, "rightHandedBat": true}], "wicketKeeper": {"id": 102, "fullName": "Dinesh Karthik", "shortName": "D Karthik", "nationality": "Indian", "dateOfBirth": "1985-06-01", "rightArmedBowl": true, "rightHandedBat": true, "bowlingStyle": "OFF_SPIN"}, "captain": {"id": 107, "fullName": "Rohit Sharma", "shortName": "R Sharma", "nationality": "Indian", "dateOfBirth": "1987-04-30", "rightArmedBowl": true, "rightHandedBat": true, "bowlingStyle": "OFF_SPIN"}}], "venue": {"id": 2, "fullName": "Eden Gardens", "shortName": "Eden Gardens", "city": "Kolkata", "country": "India"}, "matchDate": "2013-05-24T20:00:00+0530", "matchEndDate": "2013-05-24T23:00:00+0530", "matchDateMs": 1369405800000, "matchEndDateMs": 1369416600000, "isLimitedOvers": true, "battingOrder": [0, 1], "matchBroadcast": false, "matchState": "C", "matchStatus": {"outcome": "B", "text": "Mumbai Indians won by 4 wickets"}, "description": "Qualifier 2", "matchSummary": "", "matchType": "IPLT20", "tournamentLabel": "IPL 2013", "oversLimit": 20, "groupName": "Playoffs"}, "matchId": {"id": 691, "name": "ipl2013-75", "tournamentId": {"id": 605, "name": "ipl2013", "provisional": false}}, "currentState": {"inProgress": false, "phase": "C", "currentInningsIndex": 1, "currentBatsmen": [103, 1088], "facingBatsman": 103, "nonFacingBatsman": 1088, "currentBowler": 227, "currentBowlerCurrentSpell": {"playerId": 227, "ov": "0.5", "r": 10, "w": 1, "d": 2, "maid": 0, "e": "12.00", "wd": 0, "nb": 0}, "previousBowler": 232, "previousBowlerCurrentSpell": {"playerId": 232, "ov": "1", "r": 15, "w": 0, "d": 1, "maid": 0, "e": "15.00", "wd": 1, "nb": 0}, "currentPartnership": 9, "partnership": {"runs": 9, "balls": 3, "runRate": "18.00"}, "recentOvers": [{"ovNo": 15, "ovBalls": ["W", ".", ".", ".", ".", "1"]}, {"ovNo": 16, "ovBalls": ["1", ".", "1", ".", "W", "1"]}, {"ovNo": 17, "ovBalls": ["2", "1", "W", "6", "1", "1"]}, {"ovNo": 18, "ovBalls": [".", "1", "W", "1Lb", ".", "1"]}, {"ovNo": 19, "ovBalls": ["1", "6", ".", "1Wd", "2", "4", "1"]}, {"ovNo": 20, "ovBalls": ["2", "W", "4", "1Lb", "4"]}]}, "innings": [{"inningsNumber": 1, "runRate": "8.25", "overProgress": "20", "declared": false, "scorecard": {"runs": 165, "wkts": 6, "allOut": false, "battingStats": [{"playerId": 131, "r": 43, "b": 37, "sr": "116.21", "4s": 7, "6s": 0, "mod": {"dismissedBp": {"innings": 1, "over": 13, "ball": 1}, "countingBp": {"innings": 1, "over": 13, "ball": 1}, "text": "c Rohit Sharma b Harbhajan Singh", "bowlerId": 103, "additionalPlayerIds": [107], "dismissedMethod": "ct", "isOut": true}}, {"playerId": 135, "r": 21, "b": 18, "sr": "116.66", "4s": 3, "6s": 0, "mod": {"dismissedBp": {"innings": 1, "over": 7, "ball": 3}, "countingBp": {"innings": 1, "over": 7, "ball": 3}, "text": "b Harbhajan Singh", "bowlerId": 103, "dismissedMethod": "b", "isOut": true}}, {"playerId": 227, "r": 6, "b": 8, "sr": "75.00", "4s": 1, "6s": 0, "mod": {"dismissedBp": {"innings": 1, "over": 9, "ball": 4}, "countingBp": {"innings": 1, "over": 9, "ball": 4}, "text": "c Rohit Sharma b Harbhajan Singh", "bowlerId": 103, "additionalPlayerIds": [107], "dismissedMethod": "ct", "isOut": true}}, {"playerId": 258, "r": 0, "b": 2, "sr": "0.00", "4s": 0, "6s": 0, "mod": {"dismissedBp": {"innings": 1, "over": 10, "ball": 4}, "countingBp": {"innings": 1, "over": 10, "ball": 4}, "text": "c Harbhajan Singh b Lasith Malinga", "bowlerId": 211, "additionalPlayerIds": [103], "dismissedMethod": "ct", "isOut": true}}, {"playerId": 148, "r": 27, "b": 17, "sr": "158.82", "4s": 3, "6s": 1, "mod": {"dismissedBp": {"innings": 1, "over": 16, "ball": 1}, "countingBp": {"innings": 1, "over": 16, "ball": 1}, "text": "c Harbhajan Singh b Kieron Pollard", "bowlerId": 210, "additionalPlayerIds": [103], "dismissedMethod": "ct", "isOut": true}}, {"playerId": 229, "r": 19, "b": 20, "sr": "95.00", "4s": 2, "6s": 0}, {"playerId": 232, "r": 4, "b": 2, "sr": "200.00", "4s": 1, "6s": 0, "mod": {"dismissedBp": {"innings": 1, "over": 16, "ball": 3}, "countingBp": {"innings": 1, "over": 16, "ball": 3}, "text": "c Dwayne Smith b Kieron Pollard", "bowlerId": 210, "additionalPlayerIds": [413], "dismissedMethod": "ct", "isOut": true}}, {"playerId": 141, "r": 31, "b": 17, "sr": "182.35", "4s": 5, "6s": 0}], "bowlingStats": [{"playerId": 213, "ov": "3", "r": 23, "w": 0, "d": 11, "maid": 0, "e": "7.66", "wd": 1, "nb": 0}, {"playerId": 1088, "ov": "4", "r": 30, "w": 0, "d": 7, "maid": 0, "e": "7.50", "wd": 0, "nb": 0}, {"playerId": 106, "ov": "4", "r": 36, "w": 0, "d": 9, "maid": 0, "e": "9.00", "wd": 0, "nb": 0}, {"playerId": 103, "ov": "4", "r": 23, "w": 3, "d": 10, "maid": 0, "e": "5.75", "wd": 1, "nb": 0}, {"playerId": 211, "ov": "4", "r": 42, "w": 1, "d": 6, "maid": 0, "e": "10.50", "wd": 2, "nb": 1}, {"playerId": 210, "ov": "1", "r": 6, "w": 2, "d": 3, "maid": 0, "e": "6.00", "wd": 0, "nb": 0}], "fow": [{"bp": {"innings": 1, "over": 7, "ball": 3}, "playerId": 135, "ret": false, "w": 1, "r": 44}, {"bp": {"innings": 1, "over": 9, "ball": 4}, "playerId": 227, "ret": false, "w": 2, "r": 60}, {"bp": {"innings": 1, "over": 10, "ball": 4}, "playerId": 258, "ret": false, "w": 3, "r": 64}, {"bp": {"innings": 1, "over": 13, "ball": 1}, "playerId": 131, "ret": false, "w": 4, "r": 87}, {"bp": {"innings": 1, "over": 16, "ball": 1}, "playerId": 148, "ret": false, "w": 5, "r": 104}, {"bp": {"innings": 1, "over": 16, "ball": 3}, "playerId": 232, "ret": false, "w": 6, "r": 108}], "extras": {"noBallRuns": 1, "wideRuns": 8, "byeRuns": 1, "legByeRuns": 4, "penaltyRuns": 0}, "declared": false}, "overHistory": [{"ovNo": 1, "ovBalls": [".", ".", ".", "4", ".", "."]}, {"ovNo": 2, "ovBalls": [".", ".", "2", "4", ".", "1"]}, {"ovNo": 3, "ovBalls": ["1", ".", ".", "4", "4", "."]}, {"ovNo": 4, "ovBalls": ["1", "1", "1", ".", ".", "."]}, {"ovNo": 5, "ovBalls": ["4", ".", ".", "4", ".", "1Wd", "1"]}, {"ovNo": 6, "ovBalls": ["1", ".", ".", "4", "4", "."]}, {"ovNo": 7, "ovBalls": ["1", "1", "W", ".", ".", "."]}, {"ovNo": 8, "ovBalls": ["4", ".", "1", ".", "4", "1"]}, {"ovNo": 9, "ovBalls": ["1", "4", "1", "W", ".", "1"]}, {"ovNo": 10, "ovBalls": ["2", "1", ".", "W", ".", "1"]}, {"ovNo": 11, "ovBalls": ["1", ".", "4", ".", "1", "2"]}, {"ovNo": 12, "ovBalls": [".", "6", "1", "2", "1", "4"]}, {"ovNo": 13, "ovBalls": ["W", ".", "1", "1Wd", "1", "1", "2"]}, {"ovNo": 14, "ovBalls": ["1", "1", "1", "4", "1", "."]}, {"ovNo": 15, "ovBalls": ["1", ".", ".", "1", ".", "1"]}, {"ovNo": 16, "ovBalls": ["W", "4", "W", "1", "1", "."]}, {"ovNo": 17, "ovBalls": ["1", "1", "4", "1", "1", "1"]}, {"ovNo": 18, "ovBalls": ["4", "1", "1", "4", "2", "1"]}, {"ovNo": 19, "ovBalls": ["4", "1", "1", "1", "4", "4Lb"]}, {"ovNo": 20, "ovBalls": ["1", "1", ".", "4", "1Wd", "2NbB", "4", "5Wd", "."]}]}, {"inningsNumber": 2, "runRate": "8.52", "overProgress": "19.5", "declared": false, "scorecard": {"runs": 169, "wkts": 6, "allOut": false, "battingStats": [{"playerId": 413, "r": 62, "b": 44, "sr": "140.90", "4s": 6, "6s": 2, "mod": {"dismissedBp": {"innings": 2, "over": 17, "ball": 3}, "countingBp": {"innings": 2, "over": 17, "ball": 3}, "text": "c Sanju Samson b Stuart Binny", "bowlerId": 148, "additionalPlayerIds": [258], "dismissedMethod": "ct", "isOut": true}}, {"playerId": 99, "r": 35, "b": 27, "sr": "129.62", "4s": 3, "6s": 2, "mod": {"dismissedBp": {"innings": 2, "over": 10, "ball": 1}, "countingBp": {"innings": 2, "over": 10, "ball": 1}, "text": "c Sanju Samson b Kevon Cooper", "bowlerId": 232, "additionalPlayerIds": [258], "dismissedMethod": "ct", "isOut": true}}, {"playerId": 102, "r": 22, "b": 17, "sr": "129.41", "4s": 3, "6s": 0, "mod": {"dismissedBp": {"innings": 2, "over": 15, "ball": 1}, "countingBp": {"innings": 2, "over": 15, "ball": 1}, "text": "c Ajinkya Rahane b Kevon Cooper", "bowlerId": 232, "additionalPlayerIds": [135], "dismissedMethod": "ct", "isOut": true}}, {"playerId": 107, "r": 2, "b": 8, "sr": "25.00", "4s": 0, "6s": 0, "mod": {"dismissedBp": {"innings": 2, "over": 16, "ball": 5}, "countingBp": {"innings": 2, "over": 16, "ball": 5}, "text": "b Siddharth Trivedi", "bowlerId": 147, "dismissedMethod": "b", "isOut": true}}, {"playerId": 210, "r": 11, "b": 6, "sr": "183.33", "4s": 0, "6s": 1, "mod": {"dismissedBp": {"innings": 2, "over": 18, "ball": 3}, "countingBp": {"innings": 2, "over": 18, "ball": 3}, "text": "c Kevon Cooper b James Faulkner", "bowlerId": 193, "additionalPlayerIds": [232], "dismissedMethod": "ct", "isOut": true}}, {"playerId": 100, "r": 17, "b": 11, "sr": "154.54", "4s": 1, "6s": 1, "mod": {"dismissedBp": {"innings": 2, "over": 20, "ball": 2}, "countingBp": {"innings": 2, "over": 20, "ball": 2}, "text": "b Shane Watson", "bowlerId": 227, "dismissedMethod": "b", "isOut": true}}, {"playerId": 103, "r": 6, "b": 4, "sr": "150.00", "4s": 1, "6s": 0}, {"playerId": 1088, "r": 4, "b": 2, "sr": "200.00", "4s": 1, "6s": 0}], "bowlingStats": [{"playerId": 82, "ov": "4", "r": 26, "w": 0, "d": 9, "maid": 0, "e": "6.50", "wd": 1, "nb": 0}, {"playerId": 193, "ov": "4", "r": 36, "w": 1, "d": 11, "maid": 0, "e": "9.00", "wd": 2, "nb": 0}, {"playerId": 227, "ov": "2.5", "r": 34, "w": 1, "d": 4, "maid": 0, "e": "12.00", "wd": 0, "nb": 0}, {"playerId": 147, "ov": "4", "r": 23, "w": 1, "d": 12, "maid": 0, "e": "5.75", "wd": 0, "nb": 0}, {"playerId": 232, "ov": "4", "r": 33, "w": 2, "d": 10, "maid": 0, "e": "8.25", "wd": 1, "nb": 0}, {"playerId": 148, "ov": "1", "r": 11, "w": 1, "d": 1, "maid": 0, "e": "11.00", "wd": 0, "nb": 0}], "fow": [{"bp": {"innings": 2, "over": 10, "ball": 1}, "playerId": 99, "ret": false, "w": 1, "r": 70}, {"bp": {"innings": 2, "over": 15, "ball": 1}, "playerId": 102, "ret": false, "w": 2, "r": 125}, {"bp": {"innings": 2, "over": 16, "ball": 5}, "playerId": 107, "ret": false, "w": 3, "r": 128}, {"bp": {"innings": 2, "over": 17, "ball": 3}, "playerId": 413, "ret": false, "w": 4, "r": 132}, {"bp": {"innings": 2, "over": 18, "ball": 3}, "playerId": 210, "ret": false, "w": 5, "r": 141}, {"bp": {"innings": 2, "over": 20, "ball": 2}, "playerId": 100, "ret": false, "w": 6, "r": 160}], "extras": {"noBallRuns": 0, "wideRuns": 4, "byeRuns": 0, "legByeRuns": 6, "penaltyRuns": 0}, "declared": false}, "overHistory": [{"ovNo": 1, "ovBalls": ["2", ".", ".", ".", ".", "4"]}, {"ovNo": 2, "ovBalls": [".", "6", "1", ".", ".", "1Wd", "4"]}, {"ovNo": 3, "ovBalls": [".", ".", "1", ".", "1", "1"]}, {"ovNo": 4, "ovBalls": ["4", "4", ".", "1", "1", "1"]}, {"ovNo": 5, "ovBalls": [".", ".", "1", "1", "1", "1"]}, {"ovNo": 6, "ovBalls": [".", "4", "1", ".", ".", "4"]}, {"ovNo": 7, "ovBalls": [".", ".", ".", "2", "1", "."]}, {"ovNo": 8, "ovBalls": ["4", "1Wd", "4", "1", "1", "1", "1"]}, {"ovNo": 9, "ovBalls": [".", "6", "1", ".", "1", "1"]}, {"ovNo": 10, "ovBalls": ["W", "1", ".", ".", "1", "1"]}, {"ovNo": 11, "ovBalls": [".", "2", "1Lb", "1Lb", "5", "1"]}, {"ovNo": 12, "ovBalls": ["1", "4", "2Lb", "1", "4", "4"]}, {"ovNo": 13, "ovBalls": ["1Wd", "6", "1", "2", "2", ".", "1"]}, {"ovNo": 14, "ovBalls": ["4", ".", "1", "1", "1", "6"]}, {"ovNo": 15, "ovBalls": ["W", ".", ".", ".", ".", "1"]}, {"ovNo": 16, "ovBalls": ["1", ".", "1", ".", "W", "1"]}, {"ovNo": 17, "ovBalls": ["2", "1", "W", "6", "1", "1"]}, {"ovNo": 18, "ovBalls": [".", "1", "W", "1Lb", ".", "1"]}, {"ovNo": 19, "ovBalls": ["1", "6", ".", "1Wd", "2", "4", "1"]}, {"ovNo": 20, "ovBalls": ["2", "W", "4", "1Lb", "4"]}]}]}