{"matchInfo": {"additionalInfo": {"sixes.video.thumb": "http://brightcove.vo.llnwd.net/v1/unsecured/media/3588749423001/201605/2885/3588749423001_4906379122001_video-still-for-video-4906054158001.jpg?pubId=3588749423001", "sixes.video.id": "4906054158001", "match.video.thumb": "http://brightcove.vo.llnwd.net/v1/unsecured/media/3588749423001/201605/2301/3588749423001_4906153443001_highkkrsrh.jpg?pubId=3588749423001", "mom.video.thumb": "http://brightcove.vo.llnwd.net/v1/unsecured/media/3588749423001/201605/885/3588749423001_4906379128001_video-still-for-video-4906054161001.jpg?pubId=3588749423001", "mom.video.id": "4906054161001", "referee.name": "Javagal Srinath", "report.thumb": "http://static2.iplt20.com/cms/media/images/320x213/54258.jpg", "match.summary": "", "umpire.name.1": "Marais Erasmus", "umpire.name.2": "K Ananthapadmanaban", "umpire.name.3": "K Bharathan", "interview.thumb": "http://static2.iplt20.com/cms/media/images/320x213/54387.jpg", "umpire.name.4": "A.D. Deshmukh", "away.team.fan.total": "4519", "result.playerofthematch": "Yusuf Pathan", "toss.elected": "Sunrisers Hyderabad, who chose to field", "notes.1.1": "Powerplay - 48 runs, 2 wickets", "notes.1.2": "KKR: 50 runs in 6.1 overs", "notes.2.1": "Powerplay - 48 runs, 1 wicket", "notes.1.3": "KKR: 100 runs in 12.1 overs", "notes.2.2": "SRH: 50 runs in 6.3 overs", "notes.1.4": "4th Wicket: 50 runs in 31 balls (Manish Pandey 29, Yusuf Pathan 22)", "notes.2.3": "2nd Wicket: 50 runs in 42 balls (Shikhar Dhawan 36, Naman Ojha 13)", "notes.1.5": "KKR: 150 runs in 16.1 overs", "notes.2.4": "Shikhar Dhawan: 50 off 28 balls (4 x fours, 3 x sixes)", "notes.1.6": "Yusuf Pathan: 50 off 30 balls (3 x fours, 2 x sixes)", "notes.2.5": "SRH: 100 runs in 13.5 overs", "notes.1.7": "Innings Break: KKR - 171/6 in 20 overs", "highlights.link": "http://www.iplt20.com/videos/media/id/4906054168001/m55-kkr-vs-srh-match-highlights", "match.video.id": "4906054168001", "stats.link": "http://www.iplt20.com/news/2016/more-news/7910/quick-stats-m55-kkr-vs-srh", "home.team.fan.total": "5988", "toss.winner": "Sunrisers Hyderabad", "interview.link": "http://www.iplt20.com/news/2016/features/7898/kkrs-comeback-man-sunil-narine", "stats.thumb": "http://static2.iplt20.com/cms/media/images/229x152/54440.jpg"}, "teams": [{"id": 4835, "team": {"id": 5, "fullName": "Kolkata Knight Riders", "shortName": "Knight Riders", "abbreviation": "KKR", "type": "m", "primaryColor": "6F2C91", "secondaryColor": "FFFFFF"}, "players": [{"id": 127, "fullName": "Robin Uthappa", "shortName": "R Uthappa", "nationality": "Indian", "dateOfBirth": "1985-11-11", "rightArmedBowl": true, "rightHandedBat": true}, {"id": 84, "fullName": "Gautam Gambhir", "shortName": "G Gambhir", "nationality": "Indian", "dateOfBirth": "1981-10-14", "rightArmedBowl": true, "rightHandedBat": false, "bowlingStyle": "LEG_SPIN"}, {"id": 123, "fullName": "Manish Pandey", "shortName": "M Pandey", "nationality": "Indian", "dateOfBirth": "1989-09-10", "rightArmedBowl": true, "rightHandedBat": true, "bowlingStyle": "MEDIUM_SEAM"}, {"id": 773, "fullName": "Colin Munro", "shortName": "C Munro", "nationality": "New Zealander", "dateOfBirth": "1987-03-11", "rightArmedBowl": true, "rightHandedBat": false, "bowlingStyle": "MEDIUM_SEAM"}, {"id": 96, "fullName": "Yusuf Pathan", "shortName": "Y Pathan", "nationality": "Indian", "dateOfBirth": "1982-11-17", "rightArmedBowl": false, "rightHandedBat": true}, {"id": 201, "fullName": "Shakib Al Hasan", "shortName": "S Al Hasan", "nationality": "Bangladeshi", "dateOfBirth": "1987-03-24", "rightArmedBowl": false, "rightHandedBat": false, "bowlingStyle": "ORTHODOX"}, {"id": 108, "fullName": "Suryakumar Yadav", "shortName": "S Yadav", "nationality": "Indian", "dateOfBirth": "1990-09-14", "rightArmedBowl": true, "rightHandedBat": true}, {"id": 1075, "fullName": "Jason Holder", "shortName": "J Holder", "nationality": "West Indian", "dateOfBirth": "1991-11-05", "rightArmedBowl": true, "rightHandedBat": true, "bowlingStyle": "MEDIUM_SEAM"}, {"id": 203, "fullName": "Sunil Narine", "shortName": "S Narine", "nationality": "West Indian", "dateOfBirth": "1988-05-26", "rightArmedBowl": true, "rightHandedBat": false, "bowlingStyle": "OFF_SPIN"}, {"id": 261, "fullName": "Kuldeep Yadav", "shortName": "K Yadav", "nationality": "Indian", "dateOfBirth": "1994-12-14", "rightArmedBowl": false, "rightHandedBat": false, "bowlingStyle": "UNORTHODOX"}, {"id": 1106, "fullName": "Ankit Rajpoot", "shortName": "A Rajpoot", "nationality": "Indian", "dateOfBirth": "1993-12-04", "rightArmedBowl": false, "rightHandedBat": true}], "wicketKeeper": {"id": 127, "fullName": "Robin Uthappa", "shortName": "R Uthappa", "nationality": "Indian", "dateOfBirth": "1985-11-11", "rightArmedBowl": true, "rightHandedBat": true}, "captain": {"id": 84, "fullName": "Gautam Gambhir", "shortName": "G Gambhir", "nationality": "Indian", "dateOfBirth": "1981-10-14", "rightArmedBowl": true, "rightHandedBat": false, "bowlingStyle": "LEG_SPIN"}}, {"id": 4834, "team": {"id": 62, "fullName": "Sunrisers Hyderabad", "shortName": "Sunrisers", "abbreviation": "SRH", "type": "m", "primaryColor": "FF9C00", "secondaryColor": "FFFFFF"}, "players": [{"id": 41, "fullName": "Shikhar Dhawan", "shortName": "S Dhawan", "nationality": "Indian", "dateOfBirth": "1985-12-05", "rightArmedBowl": true, "rightHandedBat": false, "bowlingStyle": "OFF_SPIN"}, {"id": 170, "fullName": "David Warner", "shortName": "D Warner", "nationality": "Australian", "dateOfBirth": "1986-10-27", "rightArmedBowl": true, "rightHandedBat": false, "bowlingStyle": "LEG_SPIN"}, {"id": 388, "fullName": "Moises Henriques", "shortName": "M Henriques", "nationality": "Australian", "dateOfBirth": "1987-02-01", "rightArmedBowl": true, "rightHandedBat": true, "bowlingStyle": "MEDIUM_SEAM"}, {"id": 113, "fullName": "Yuvraj Singh", "shortName": "Y Singh", "nationality": "Indian", "dateOfBirth": "1981-12-12", "rightArmedBowl": false, "rightHandedBat": false, "bowlingStyle": "ORTHODOX"}, {"id": 440, "fullName": "Kane Williamson", "shortName": "K Williamson", "nationality": "New Zealander", "dateOfBirth": "1990-08-08", "rightArmedBowl": true, "rightHandedBat": true, "bowlingStyle": "OFF_SPIN"}, {"id": 1556, "fullName": "Deepak Hooda", "shortName": "D Hooda", "nationality": "Indian", "dateOfBirth": "1995-04-19", "rightArmedBowl": true, "rightHandedBat": true, "bowlingStyle": "OFF_SPIN"}, {"id": 52, "fullName": "Naman Ojha", "shortName": "N Ojha", "nationality": "Indian", "dateOfBirth": "1983-07-20", "rightArmedBowl": true, "rightHandedBat": true}, {"id": 1118, "fullName": "Karn Sharma", "shortName": "K Sharma", "nationality": "Indian", "dateOfBirth": "1987-10-23", "rightArmedBowl": true, "rightHandedBat": false, "bowlingStyle": "LEG_SPIN"}, {"id": 116, "fullName": "Bhuvneshwar Kumar", "shortName": "B Kumar", "nationality": "Indian", "dateOfBirth": "1990-02-05", "rightArmedBowl": true, "rightHandedBat": true, "bowlingStyle": "MEDIUM_SEAM"}, {"id": 2746, "fullName": "Barinder Sran", "shortName": "B Sran", "nationality": "Indian", "dateOfBirth": "1992-12-10", "rightArmedBowl": false, "rightHandedBat": false}, {"id": 1594, "fullName": "Mustafizur Rahman", "shortName": "M Rahman", "nationality": "Bangladeshi", "dateOfBirth": "1995-09-06", "rightArmedBowl": false, "rightHandedBat": false, "bowlingStyle": "FAST_SEAM"}], "wicketKeeper": {"id": 52, "fullName": "Naman Ojha", "shortName": "N Ojha", "nationality": "Indian", "dateOfBirth": "1983-07-20", "rightArmedBowl": true, "rightHandedBat": true}, "captain": {"id": 170, "fullName": "David Warner", "shortName": "D Warner", "nationality": "Australian", "dateOfBirth": "1986-10-27", "rightArmedBowl": true, "rightHandedBat": false, "bowlingStyle": "LEG_SPIN"}}], "venue": {"id": 2, "fullName": "Eden Gardens", "shortName": "Eden Gardens", "city": "Kolkata", "country": "India"}, "matchDate": "2016-05-22T16:00:00+0530", "matchEndDate": "2016-05-22T23:00:00+0530", "matchDateMs": 1463913000000, "matchEndDateMs": 1463938200000, "isLimitedOvers": true, "battingOrder": [0, 1], "matchBroadcast": false, "matchState": "C", "matchStatus": {"outcome": "A", "text": "Kolkata Knight Riders won by 22 runs"}, "description": "Match 55", "matchSummary": "", "matchType": "IPLT20", "tournamentLabel": "IPL 2016", "oversLimit": 20, "groupName": ""}, "matchId": {"id": 4096, "name": "ipl2016-55", "tournamentId": {"id": 3957, "name": "ipl2016", "provisional": false}}, "currentState": {"inProgress": false, "phase": "C", "currentInningsIndex": 1, "currentBatsmen": [1118, 2746], "facingBatsman": 1118, "nonFacingBatsman": 2746, "currentBowler": -1, "previousBowler": 1075, "previousBowlerCurrentSpell": {"playerId": 1075, "ov": "1", "r": 7, "w": 0, "d": 3, "maid": 0, "e": "7.00", "wd": 0, "nb": 0}, "currentPartnership": 5, "partnership": {"runs": 5, "balls": 5, "runRate": "6.00"}, "recentOvers": [{"ovNo": 15, "ovBalls": ["1", ".", "W", "1", "1", "2"]}, {"ovNo": 16, "ovBalls": ["1W", "1", "1", "W", "1", "1Wd", "1B"]}, {"ovNo": 17, "ovBalls": ["1Wd", "1Wd", "1", ".", "2", ".", "1", "2Lb"]}, {"ovNo": 18, "ovBalls": ["1", "1", "4", "1", "1", "W"]}, {"ovNo": 19, "ovBalls": [".", "2", "1Lb", ".", "4", "1"]}, {"ovNo": 20, "ovBalls": ["W", "1", "1", "1", "1", "1"]}]}, "innings": [{"inningsNumber": 1, "runRate": "8.55", "overProgress": "20", "declared": false, "scorecard": {"runs": 171, "wkts": 6, "allOut": false, "battingStats": [{"playerId": 127, "r": 25, "b": 17, "sr": "147.05", "4s": 4, "6s": 0, "mod": {"dismissedBp": {"innings": 1, "over": 4, "ball": 4}, "countingBp": {"innings": 1, "over": 4, "ball": 4}, "text": "c Kane Williamson b Barinder Sran", "bowlerId": 2746, "additionalPlayerIds": [440], "dismissedMethod": "ct", "isOut": true}}, {"playerId": 84, "r": 16, "b": 15, "sr": "106.66", "4s": 1, "6s": 0, "mod": {"dismissedBp": {"innings": 1, "over": 8, "ball": 3}, "countingBp": {"innings": 1, "over": 8, "ball": 3}, "text": "c Moises Henriques b Deepak Hooda", "bowlerId": 1556, "additionalPlayerIds": [388], "dismissedMethod": "ct", "isOut": true}}, {"playerId": 773, "r": 10, "b": 8, "sr": "125.00", "4s": 2, "6s": 0, "mod": {"dismissedBp": {"innings": 1, "over": 6, "ball": 6}, "countingBp": {"innings": 1, "over": 6, "ball": 6}, "text": "c Naman Ojha b Deepak Hooda", "bowlerId": 1556, "additionalPlayerIds": [52], "dismissedMethod": "ct", "isOut": true}}, {"playerId": 123, "r": 48, "b": 30, "sr": "160.00", "4s": 2, "6s": 3, "mod": {"dismissedBp": {"innings": 1, "over": 16, "ball": 4}, "countingBp": {"innings": 1, "over": 16, "ball": 4}, "text": "c Kane Williamson b Bhuvneshwar Kumar", "bowlerId": 116, "additionalPlayerIds": [440], "dismissedMethod": "ct", "isOut": true}}, {"playerId": 96, "r": 52, "b": 34, "sr": "152.94", "4s": 3, "6s": 2}, {"playerId": 1075, "r": 3, "b": 3, "sr": "100.00", "4s": 0, "6s": 0, "mod": {"dismissedBp": {"innings": 1, "over": 17, "ball": 4}, "countingBp": {"innings": 1, "over": 17, "ball": 4}, "text": "c Moises Henriques b Mustafizur Rahman", "bowlerId": 1594, "additionalPlayerIds": [388], "dismissedMethod": "ct", "isOut": true}}, {"playerId": 201, "r": 7, "b": 10, "sr": "70.00", "4s": 0, "6s": 0, "mod": {"dismissedBp": {"innings": 1, "over": 20, "ball": 1}, "countingBp": {"innings": 1, "over": 20, "ball": 1}, "text": "c Naman Ojha b Bhuvneshwar Kumar", "bowlerId": 116, "additionalPlayerIds": [52], "dismissedMethod": "ct", "isOut": true}}, {"playerId": 108, "r": 6, "b": 3, "sr": "200.00", "4s": 1, "6s": 0}], "bowlingStats": [{"playerId": 116, "ov": "4", "r": 31, "w": 2, "d": 6, "maid": 0, "e": "7.75", "wd": 0, "nb": 0}, {"playerId": 2746, "ov": "4", "r": 31, "w": 1, "d": 7, "maid": 0, "e": "7.75", "wd": 1, "nb": 0}, {"playerId": 440, "ov": "1", "r": 7, "w": 0, "d": 2, "maid": 0, "e": "7.00", "wd": 0, "nb": 0}, {"playerId": 1556, "ov": "2", "r": 16, "w": 2, "d": 3, "maid": 0, "e": "8.00", "wd": 0, "nb": 0}, {"playerId": 1118, "ov": "3", "r": 39, "w": 0, "d": 4, "maid": 0, "e": "13.00", "wd": 1, "nb": 0}, {"playerId": 388, "ov": "2", "r": 14, "w": 0, "d": 1, "maid": 0, "e": "7.00", "wd": 0, "nb": 0}, {"playerId": 1594, "ov": "4", "r": 32, "w": 1, "d": 6, "maid": 0, "e": "8.00", "wd": 1, "nb": 0}], "fow": [{"bp": {"innings": 1, "over": 4, "ball": 4}, "playerId": 127, "ret": false, "w": 1, "r": 33}, {"bp": {"innings": 1, "over": 6, "ball": 6}, "playerId": 773, "ret": false, "w": 2, "r": 48}, {"bp": {"innings": 1, "over": 8, "ball": 3}, "playerId": 84, "ret": false, "w": 3, "r": 57}, {"bp": {"innings": 1, "over": 16, "ball": 4}, "playerId": 123, "ret": false, "w": 4, "r": 144}, {"bp": {"innings": 1, "over": 17, "ball": 4}, "playerId": 1075, "ret": false, "w": 5, "r": 153}, {"bp": {"innings": 1, "over": 20, "ball": 1}, "playerId": 201, "ret": false, "w": 6, "r": 164}], "extras": {"noBallRuns": 0, "wideRuns": 3, "byeRuns": 0, "legByeRuns": 1, "penaltyRuns": 0}, "declared": false}, "overHistory": [{"ovNo": 1, "ovBalls": [".", "4", "4", ".", "4", "1"]}, {"ovNo": 2, "ovBalls": ["4", ".", "2", "2", ".", "1"]}, {"ovNo": 3, "ovBalls": ["1", "1", "1", "1", "1", "1"]}, {"ovNo": 4, "ovBalls": ["4", "1Lb", ".", "W", "1", "."]}, {"ovNo": 5, "ovBalls": [".", "1", ".", "4", "1", "1"]}, {"ovNo": 6, "ovBalls": ["1", "1", "1", ".", "4", "W"]}, {"ovNo": 7, "ovBalls": ["1Wd", "1", "1", ".", "1", "1", "1"]}, {"ovNo": 8, "ovBalls": ["1", "2", "W", "1", "1", "4"]}, {"ovNo": 9, "ovBalls": ["6", "6", ".", "1", ".", "1"]}, {"ovNo": 10, "ovBalls": ["2", "1", "2", "1", "1", "1"]}, {"ovNo": 11, "ovBalls": ["2", "1", "1", "1", ".", "1"]}, {"ovNo": 12, "ovBalls": ["1", "1", "2", "1", ".", "1"]}, {"ovNo": 13, "ovBalls": ["4", "1", "2", "4", "1", "1Wd", "1"]}, {"ovNo": 14, "ovBalls": ["4", "1", ".", "6", "6", "2"]}, {"ovNo": 15, "ovBalls": ["1", "1Wd", "1", "1", "1", "6", "."]}, {"ovNo": 16, "ovBalls": ["1", "1", "1", "W", "1", "1"]}, {"ovNo": 17, "ovBalls": ["4", "1", "2", "W", "2", "."]}, {"ovNo": 18, "ovBalls": ["1", "1", "1", "1", "1", "1"]}, {"ovNo": 19, "ovBalls": [".", ".", "1", "1", "1", "."]}, {"ovNo": 20, "ovBalls": ["W", ".", "1", "4", ".", "2"]}]}, {"inningsNumber": 2, "runRate": "7.45", "overProgress": "20", "declared": false, "scorecard": {"runs": 149, "wkts": 8, "allOut": false, "battingStats": [{"playerId": 41, "r": 51, "b": 30, "sr": "170.00", "4s": 4, "6s": 3, "mod": {"dismissedBp": {"innings": 2, "over": 12, "ball": 3}, "countingBp": {"innings": 2, "over": 12, "ball": 3}, "text": "c Colin Munro b Kuldeep Yadav", "bowlerId": 261, "additionalPlayerIds": [773], "dismissedMethod": "ct", "isOut": true}}, {"playerId": 170, "r": 18, "b": 16, "sr": "112.50", "4s": 1, "6s": 1, "mod": {"dismissedBp": {"innings": 2, "over": 4, "ball": 3}, "countingBp": {"innings": 2, "over": 4, "ball": 3}, "text": "b Sunil Narine", "bowlerId": 203, "dismissedMethod": "b", "isOut": true}}, {"playerId": 52, "r": 15, "b": 25, "sr": "60.00", "4s": 1, "6s": 0, "mod": {"dismissedBp": {"innings": 2, "over": 13, "ball": 1}, "countingBp": {"innings": 2, "over": 13, "ball": 1}, "text": "c Robin Uthappa b Sunil Narine", "bowlerId": 203, "additionalPlayerIds": [127], "dismissedMethod": "ct", "isOut": true}}, {"playerId": 113, "r": 19, "b": 12, "sr": "158.33", "4s": 1, "6s": 2, "mod": {"dismissedBp": {"innings": 2, "over": 15, "ball": 3}, "countingBp": {"innings": 2, "over": 15, "ball": 3}, "text": "c sub (Rajagopal Sathish) b Shakib Al Hasan", "bowlerId": 201, "dismissedMethod": "ct", "isOut": true}}, {"playerId": 440, "r": 7, "b": 9, "sr": "77.77", "4s": 0, "6s": 0, "mod": {"dismissedBp": {"innings": 2, "over": 16, "ball": 4}, "countingBp": {"innings": 2, "over": 16, "ball": 4}, "text": "c Suryakumar Yadav b Kuldeep Yadav", "bowlerId": 261, "additionalPlayerIds": [108], "dismissedMethod": "ct", "isOut": true}}, {"playerId": 1556, "r": 2, "b": 2, "sr": "100.00", "4s": 0, "6s": 0, "mod": {"dismissedBp": {"innings": 2, "over": 16, "ball": 1}, "countingBp": {"innings": 2, "over": 16, "ball": 1}, "text": "run out (Shakib Al Hasan)", "bowlerId": 261, "additionalPlayerIds": [201], "dismissedMethod": "ro", "isOut": true}}, {"playerId": 388, "r": 11, "b": 10, "sr": "110.00", "4s": 1, "6s": 0, "mod": {"dismissedBp": {"innings": 2, "over": 18, "ball": 6}, "countingBp": {"innings": 2, "over": 18, "ball": 6}, "text": "b Sunil Narine", "bowlerId": 203, "dismissedMethod": "b", "isOut": true}}, {"playerId": 1118, "r": 8, "b": 11, "sr": "72.72", "4s": 0, "6s": 0}, {"playerId": 116, "r": 5, "b": 4, "sr": "125.00", "4s": 1, "6s": 0, "mod": {"dismissedBp": {"innings": 2, "over": 20, "ball": 1}, "countingBp": {"innings": 2, "over": 20, "ball": 1}, "text": "c sub (Rajagopal Sathish) b Ankit Rajpoot", "bowlerId": 1106, "dismissedMethod": "ct", "isOut": true}}, {"playerId": 2746, "r": 2, "b": 2, "sr": "100.00", "4s": 0, "6s": 0}], "bowlingStats": [{"playerId": 96, "ov": "1", "r": 4, "w": 0, "d": 3, "maid": 0, "e": "4.00", "wd": 0, "nb": 0}, {"playerId": 1106, "ov": "3", "r": 21, "w": 1, "d": 5, "maid": 0, "e": "7.00", "wd": 0, "nb": 0}, {"playerId": 201, "ov": "4", "r": 34, "w": 1, "d": 9, "maid": 0, "e": "8.50", "wd": 2, "nb": 0}, {"playerId": 203, "ov": "4", "r": 26, "w": 3, "d": 12, "maid": 0, "e": "6.50", "wd": 0, "nb": 0}, {"playerId": 1075, "ov": "3", "r": 21, "w": 0, "d": 8, "maid": 0, "e": "7.00", "wd": 0, "nb": 1}, {"playerId": 773, "ov": "1", "r": 8, "w": 0, "d": 1, "maid": 0, "e": "8.00", "wd": 0, "nb": 0}, {"playerId": 261, "ov": "4", "r": 28, "w": 2, "d": 12, "maid": 0, "e": "7.00", "wd": 1, "nb": 0}], "fow": [{"bp": {"innings": 2, "over": 4, "ball": 3}, "playerId": 170, "ret": false, "w": 1, "r": 28}, {"bp": {"innings": 2, "over": 12, "ball": 3}, "playerId": 41, "ret": false, "w": 2, "r": 86}, {"bp": {"innings": 2, "over": 13, "ball": 1}, "playerId": 52, "ret": false, "w": 3, "r": 92}, {"bp": {"innings": 2, "over": 15, "ball": 3}, "playerId": 113, "ret": false, "w": 4, "r": 110}, {"bp": {"innings": 2, "over": 16, "ball": 1}, "playerId": 1556, "ret": false, "w": 5, "r": 115}, {"bp": {"innings": 2, "over": 16, "ball": 4}, "playerId": 440, "ret": false, "w": 6, "r": 117}, {"bp": {"innings": 2, "over": 18, "ball": 6}, "playerId": 388, "ret": false, "w": 7, "r": 136}, {"bp": {"innings": 2, "over": 20, "ball": 1}, "playerId": 116, "ret": false, "w": 8, "r": 144}], "extras": {"noBallRuns": 1, "wideRuns": 3, "byeRuns": 1, "legByeRuns": 6, "penaltyRuns": 0}, "declared": false}, "overHistory": [{"ovNo": 1, "ovBalls": ["1", ".", "2", ".", ".", "1"]}, {"ovNo": 2, "ovBalls": ["1", ".", "1", "2", "1", "2"]}, {"ovNo": 3, "ovBalls": ["4", ".", ".", ".", "1", "6"]}, {"ovNo": 4, "ovBalls": [".", "6", "W", ".", "1", "."]}, {"ovNo": 5, "ovBalls": [".", "1Lb", "4", "1", "4", "."]}, {"ovNo": 6, "ovBalls": ["6", "1", ".", ".", ".", "2"]}, {"ovNo": 7, "ovBalls": [".", "1", "1", ".", "1", "."]}, {"ovNo": 8, "ovBalls": ["1", "1", "1", ".", "1", "4"]}, {"ovNo": 9, "ovBalls": [".", "1", "2", "6", "1Nb", ".", "1"]}, {"ovNo": 10, "ovBalls": [".", "1", ".", ".", "2", "."]}, {"ovNo": 11, "ovBalls": ["4", "2", ".", "4", "1", "1"]}, {"ovNo": 12, "ovBalls": [".", "1", "W", ".", "4", "2"]}, {"ovNo": 13, "ovBalls": ["W", ".", ".", "1", "2Lb", "1"]}, {"ovNo": 14, "ovBalls": [".", "1", ".", ".", "6", "6"]}, {"ovNo": 15, "ovBalls": ["1", ".", "W", "1", "1", "2"]}, {"ovNo": 16, "ovBalls": ["1W", "1", "1", "W", "1", "1Wd", "1B"]}, {"ovNo": 17, "ovBalls": ["1Wd", "1Wd", "1", ".", "2", ".", "1", "2Lb"]}, {"ovNo": 18, "ovBalls": ["1", "1", "4", "1", "1", "W"]}, {"ovNo": 19, "ovBalls": [".", "2", "1Lb", ".", "4", "1"]}, {"ovNo": 20, "ovBalls": ["W", "1", "1", "1", "1", "1"]}]}]}