{"matchInfo": {"additionalInfo": {"referee.name": "Manu Nayar", "report.link": "https://www.iplt20.com/news/185393", "toss.elected": "Mumbai Indians, who chose to bat", "match.summary": "Match Tied (Mumbai Indians won the Super Over)", "umpire.name.1": "S Ravi", "umpire.name.2": "O Nandan", "toss.winner": "Mumbai Indians", "umpire.name.3": "Nanda Kishore", "umpire.name.4": "K Srinivasan", "result.playerofthematch": "Jasprit Bumrah", "highlights.link": "https://www.iplt20.com/video/185329/m51-mi-vs-srh-match-highlights"}, "teams": [{"id": 11846, "team": {"id": 6, "fullName": "Mumbai Indians", "shortName": "Mumbai", "abbreviation": "MI", "type": "m", "primaryColor": "00AEEF", "secondaryColor": "FFFFFF"}, "players": [{"id": 834, "fullName": "Quinton de Kock", "shortName": "Q de Kock", "nationality": "South African", "dateOfBirth": "1992-12-17", "rightArmedBowl": false, "rightHandedBat": false}, {"id": 107, "fullName": "Rohit Sharma", "shortName": "R Sharma", "nationality": "Indian", "dateOfBirth": "1987-04-30", "rightArmedBowl": true, "rightHandedBat": true, "bowlingStyle": "OFF_SPIN"}, {"id": 872, "fullName": "Evin Lewis", "shortName": "E Lewis", "nationality": "West Indian", "dateOfBirth": "1991-12-27", "rightArmedBowl": false, "rightHandedBat": false}, {"id": 108, "fullName": "Suryakumar Yadav", "shortName": "S Yadav", "nationality": "Indian", "dateOfBirth": "1990-09-14", "rightArmedBowl": true, "rightHandedBat": true}, {"id": 210, "fullName": "Kieron Pollard", "shortName": "K Pollard", "nationality": "West Indian", "dateOfBirth": "1987-05-12", "rightArmedBowl": true, "rightHandedBat": true, "bowlingStyle": "MEDIUM_SEAM"}, {"id": 2740, "fullName": "Hardik Pandya", "shortName": "H Pandya", "nationality": "Indian", "dateOfBirth": "1993-10-11", "rightArmedBowl": true, "rightHandedBat": true, "bowlingStyle": "MEDIUM_SEAM"}, {"id": 3183, "fullName": "Krunal Pandya", "shortName": "K Pandya", "nationality": "Indian", "dateOfBirth": "1991-03-24", "rightArmedBowl": false, "rightHandedBat": false, "bowlingStyle": "ORTHODOX"}, {"id": 2746, "fullName": "Barinder Sran", "shortName": "B Sran", "nationality": "Indian", "dateOfBirth": "1992-12-10", "rightArmedBowl": false, "rightHandedBat": false}, {"id": 3763, "fullName": "Rahul Chahar", "shortName": "R Chahar", "nationality": "Indian", "dateOfBirth": "1999-08-04", "rightArmedBowl": true, "rightHandedBat": true, "bowlingStyle": "LEG_SPIN"}, {"id": 211, "fullName": "Lasith Malinga", "shortName": "L Malinga", "nationality": "Sri Lankan", "dateOfBirth": "1983-08-28", "rightArmedBowl": true, "rightHandedBat": true, "bowlingStyle": "FAST_SEAM"}, {"id": 1124, "fullName": "Jasprit Bumrah", "shortName": "J Bumrah", "nationality": "Indian", "dateOfBirth": "1993-12-06", "rightArmedBowl": true, "rightHandedBat": true, "bowlingStyle": "FAST_SEAM"}], "wicketKeeper": {"id": 834, "fullName": "Quinton de Kock", "shortName": "Q de Kock", "nationality": "South African", "dateOfBirth": "1992-12-17", "rightArmedBowl": false, "rightHandedBat": false}, "captain": {"id": 107, "fullName": "Rohit Sharma", "shortName": "R Sharma", "nationality": "Indian", "dateOfBirth": "1987-04-30", "rightArmedBowl": true, "rightHandedBat": true, "bowlingStyle": "OFF_SPIN"}}, {"id": 11847, "team": {"id": 62, "fullName": "Sunrisers Hyderabad", "shortName": "Sunrisers", "abbreviation": "SRH", "type": "m", "primaryColor": "FF9C00", "secondaryColor": "FFFFFF"}, "players": [{"id": 431, "fullName": "Martin Guptill", "shortName": "M Guptill", "nationality": "New Zealander", "dateOfBirth": "1986-09-30", "rightArmedBowl": true, "rightHandedBat": true, "bowlingStyle": "OFF_SPIN"}, {"id": 16, "fullName": "Wriddhiman Saha", "shortName": "W Saha", "nationality": "Indian", "dateOfBirth": "1984-10-24", "rightArmedBowl": true, "rightHandedBat": true}, {"id": 123, "fullName": "Manish Pandey", "shortName": "M Pandey", "nationality": "Indian", "dateOfBirth": "1989-09-10", "rightArmedBowl": true, "rightHandedBat": true, "bowlingStyle": "MEDIUM_SEAM"}, {"id": 440, "fullName": "Kane Williamson", "shortName": "K Williamson", "nationality": "New Zealander", "dateOfBirth": "1990-08-08", "rightArmedBowl": true, "rightHandedBat": true, "bowlingStyle": "OFF_SPIN"}, {"id": 618, "fullName": "Mohammad Nabi", "shortName": "M Nabi", "nationality": "Afghan", "dateOfBirth": "1985-01-01", "rightArmedBowl": true, "rightHandedBat": true, "bowlingStyle": "OFF_SPIN"}, {"id": 1083, "fullName": "Vijay Shankar", "shortName": "V Shankar", "nationality": "Indian", "dateOfBirth": "1991-01-26", "rightArmedBowl": true, "rightHandedBat": true, "bowlingStyle": "MEDIUM_SEAM"}, {"id": 3760, "fullName": "Abhishek Sharma", "shortName": "A Sharma", "nationality": "Indian", "dateOfBirth": "2000-09-04", "rightArmedBowl": false, "rightHandedBat": false, "bowlingStyle": "ORTHODOX"}, {"id": 2885, "fullName": "Rashid Khan", "shortName": "R Khan", "nationality": "Afghan", "dateOfBirth": "1998-09-20", "rightArmedBowl": true, "rightHandedBat": true, "bowlingStyle": "LEG_SPIN"}, {"id": 116, "fullName": "Bhuvneshwar Kumar", "shortName": "B Kumar", "nationality": "Indian", "dateOfBirth": "1990-02-05", "rightArmedBowl": true, "rightHandedBat": true, "bowlingStyle": "MEDIUM_SEAM"}, {"id": 2964, "fullName": "Khaleel Ahmed", "shortName": "K Ahmed", "nationality": "Indian", "dateOfBirth": "1997-12-05", "rightArmedBowl": false, "rightHandedBat": true, "bowlingStyle": "MEDIUM_SEAM"}, {"id": 3825, "fullName": "Basil Thampi", "shortName": "B Thampi", "nationality": "Indian", "dateOfBirth": "1993-09-11", "rightArmedBowl": true, "rightHandedBat": true, "bowlingStyle": "MEDIUM_SEAM"}], "wicketKeeper": {"id": 16, "fullName": "Wriddhiman Saha", "shortName": "W Saha", "nationality": "Indian", "dateOfBirth": "1984-10-24", "rightArmedBowl": true, "rightHandedBat": true}, "captain": {"id": 440, "fullName": "Kane Williamson", "shortName": "K Williamson", "nationality": "New Zealander", "dateOfBirth": "1990-08-08", "rightArmedBowl": true, "rightHandedBat": true, "bowlingStyle": "OFF_SPIN"}}], "venue": {"id": 4, "fullName": "Wankhede Stadium", "shortName": "Wankhede Stadium", "city": "Mumbai", "country": "India"}, "matchDate": "2019-05-02T20:00:00+0530", "matchEndDate": "2019-05-02T23:00:00+0530", "matchDateMs": 1556807400000, "matchEndDateMs": 1556818200000, "isLimitedOvers": true, "battingOrder": [0, 1], "matchBroadcast": false, "matchState": "C", "matchStatus": {"outcome": "A", "text": "Match Tied (Mumbai Indians won the Super Over)"}, "description": "Match 51", "matchSummary": "Match Tied (Mumbai Indians won the Super Over)", "matchType": "IPLT20", "tournamentLabel": "IPL 2019", "oversLimit": 20, "groupName": "", "tieBreaker": {"type": "SUPER_OVER", "battingOrder": [1, 0]}}, "matchId": {"id": 11342, "name": "ipl2019-51", "tournamentId": {"id": 10192, "name": "ipl2019", "provisional": false}}, "currentState": {"inProgress": false, "phase": "O", "currentInningsIndex": 1, "currentBatsmen": [123, 2885], "facingBatsman": 2885, "nonFacingBatsman": 123, "currentBowler": -1, "previousBowler": 1124, "previousBowlerCurrentSpell": {"playerId": 1124, "ov": "2", "r": 19, "w": 0, "d": 2, "maid": 0, "e": "9.50", "wd": 0, "nb": 0}, "currentPartnership": 8, "partnership": {"runs": 8, "balls": 2, "runRate": "24.00"}, "recentOvers": [{"ovNo": 15, "ovBalls": ["2", "1", "W", ".", ".", "1"]}, {"ovNo": 16, "ovBalls": ["2", "1", "1Lb", "1", ".", "4"]}, {"ovNo": 17, "ovBalls": ["1", "1", ".", ".", "4", "1"]}, {"ovNo": 18, "ovBalls": [".", "4", "1", ".", "1", "6"]}, {"ovNo": 19, "ovBalls": ["1", "1", "1", "1", "4", "4"]}, {"ovNo": 20, "ovBalls": ["1", "1", "6", "W", "2", "6"]}]}, "innings": [{"inningsNumber": 1, "runRate": "8.10", "overProgress": "20", "declared": false, "scorecard": {"runs": 162, "wkts": 5, "allOut": false, "battingStats": [{"playerId": 107, "r": 24, "b": 18, "sr": "133.33", "4s": 5, "6s": 0, "mod": {"dismissedBp": {"innings": 1, "over": 6, "ball": 2}, "countingBp": {"innings": 1, "over": 6, "ball": 2}, "text": "c Mohammad Nabi b Khaleel Ahmed", "bowlerId": 2964, "additionalPlayerIds": [618], "dismissedMethod": "ct", "isOut": true}}, {"playerId": 834, "r": 69, "b": 58, "sr": "118.96", "4s": 6, "6s": 2}, {"playerId": 108, "r": 23, "b": 17, "sr": "135.29", "4s": 3, "6s": 1, "mod": {"dismissedBp": {"innings": 1, "over": 12, "ball": 4}, "countingBp": {"innings": 1, "over": 12, "ball": 4}, "text": "c Rashid Khan b Khaleel Ahmed", "bowlerId": 2964, "additionalPlayerIds": [2885], "dismissedMethod": "ct", "isOut": true}}, {"playerId": 872, "r": 1, "b": 6, "sr": "16.66", "4s": 0, "6s": 0, "mod": {"dismissedBp": {"innings": 1, "over": 13, "ball": 4}, "countingBp": {"innings": 1, "over": 13, "ball": 4}, "text": "c Vijay Shankar b Mohammad Nabi", "bowlerId": 618, "additionalPlayerIds": [1083], "dismissedMethod": "ct", "isOut": true}}, {"playerId": 2740, "r": 18, "b": 10, "sr": "180.00", "4s": 1, "6s": 1, "mod": {"dismissedBp": {"innings": 1, "over": 16, "ball": 5}, "countingBp": {"innings": 1, "over": 16, "ball": 5}, "text": "c Mohammad Nabi b Bhuvneshwar Kumar", "bowlerId": 116, "additionalPlayerIds": [618], "dismissedMethod": "ct", "isOut": true}}, {"playerId": 210, "r": 10, "b": 9, "sr": "111.11", "4s": 0, "6s": 1, "mod": {"dismissedBp": {"innings": 1, "over": 20, "ball": 1}, "countingBp": {"innings": 1, "over": 20, "ball": 1}, "text": "c Abhishek Sharma b Khaleel Ahmed", "bowlerId": 2964, "additionalPlayerIds": [3760], "dismissedMethod": "ct", "isOut": true}}, {"playerId": 3183, "r": 9, "b": 3, "sr": "300.00", "4s": 0, "6s": 1}], "bowlingStats": [{"playerId": 116, "ov": "4", "r": 29, "w": 1, "d": 10, "maid": 0, "e": "7.25", "wd": 1, "nb": 0}, {"playerId": 2964, "ov": "4", "r": 42, "w": 3, "d": 9, "maid": 0, "e": "10.50", "wd": 0, "nb": 0}, {"playerId": 618, "ov": "4", "r": 24, "w": 1, "d": 9, "maid": 0, "e": "6.00", "wd": 0, "nb": 0}, {"playerId": 2885, "ov": "4", "r": 21, "w": 0, "d": 11, "maid": 0, "e": "5.25", "wd": 0, "nb": 0}, {"playerId": 3825, "ov": "4", "r": 40, "w": 0, "d": 8, "maid": 0, "e": "10.00", "wd": 0, "nb": 1}], "fow": [{"bp": {"innings": 1, "over": 6, "ball": 2}, "playerId": 107, "ret": false, "w": 1, "r": 36}, {"bp": {"innings": 1, "over": 12, "ball": 4}, "playerId": 108, "ret": false, "w": 2, "r": 90}, {"bp": {"innings": 1, "over": 13, "ball": 4}, "playerId": 872, "ret": false, "w": 3, "r": 91}, {"bp": {"innings": 1, "over": 16, "ball": 5}, "playerId": 2740, "ret": false, "w": 4, "r": 119}, {"bp": {"innings": 1, "over": 20, "ball": 1}, "playerId": 210, "ret": false, "w": 5, "r": 151}], "extras": {"noBallRuns": 1, "wideRuns": 1, "byeRuns": 0, "legByeRuns": 6, "penaltyRuns": 0}, "declared": false}, "overHistory": [{"ovNo": 1, "ovBalls": [".", "4", ".", ".", "1Wd", ".", "4"]}, {"ovNo": 2, "ovBalls": ["1", ".", "4", ".", "4", "4"]}, {"ovNo": 3, "ovBalls": [".", "1", "1", "1", ".", "1"]}, {"ovNo": 4, "ovBalls": ["1", "4", "4", ".", ".", "."]}, {"ovNo": 5, "ovBalls": ["1", ".", ".", ".", ".", "."]}, {"ovNo": 6, "ovBalls": [".", "W", "4", ".", ".", "4"]}, {"ovNo": 7, "ovBalls": ["1", "1", "1", "4", "1", "1"]}, {"ovNo": 8, "ovBalls": ["1", ".", ".", "1", "4", "1Lb"]}, {"ovNo": 9, "ovBalls": [".", "1", "6", "1", "1", "."]}, {"ovNo": 10, "ovBalls": ["2Lb", "1", "1Lb", "2", ".", "1"]}, {"ovNo": 11, "ovBalls": ["1", "1", ".", "2Lb", "1", "."]}, {"ovNo": 12, "ovBalls": ["6", "2", "1", "W", ".", "1"]}, {"ovNo": 13, "ovBalls": [".", ".", ".", "W", ".", "2"]}, {"ovNo": 14, "ovBalls": [".", "6", "1", "4", "1", "4"]}, {"ovNo": 15, "ovBalls": ["1", "1", "1", "1", ".", "."]}, {"ovNo": 16, "ovBalls": ["1", "1", "2", "2", "W", "1"]}, {"ovNo": 17, "ovBalls": ["1Nb", "1", "1", "4", "6", "1", "."]}, {"ovNo": 18, "ovBalls": ["1", "6", ".", "1", "4", "1"]}, {"ovNo": 19, "ovBalls": ["1", "1", ".", "1", ".", "1"]}, {"ovNo": 20, "ovBalls": ["W", "1", "1", "1", "6", "2"]}]}, {"inningsNumber": 2, "runRate": "8.10", "overProgress": "20", "declared": false, "scorecard": {"runs": 162, "wkts": 6, "allOut": false, "battingStats": [{"playerId": 16, "r": 25, "b": 15, "sr": "166.66", "4s": 5, "6s": 0, "mod": {"dismissedBp": {"innings": 2, "over": 4, "ball": 6}, "countingBp": {"innings": 2, "over": 4, "ball": 6}, "text": "c Evin Lewis b Jasprit Bumrah", "bowlerId": 1124, "additionalPlayerIds": [872], "dismissedMethod": "ct", "isOut": true}}, {"playerId": 431, "r": 15, "b": 11, "sr": "136.36", "4s": 1, "6s": 1, "mod": {"dismissedBp": {"innings": 2, "over": 6, "ball": 1}, "countingBp": {"innings": 2, "over": 6, "ball": 1}, "text": "lbw Jasprit Bumrah", "bowlerId": 1124, "dismissedMethod": "lbw", "isOut": true}}, {"playerId": 123, "r": 71, "b": 47, "sr": "151.06", "4s": 8, "6s": 2}, {"playerId": 440, "r": 3, "b": 7, "sr": "42.85", "4s": 0, "6s": 0, "mod": {"dismissedBp": {"innings": 2, "over": 8, "ball": 1}, "countingBp": {"innings": 2, "over": 8, "ball": 1}, "text": "lbw Krunal Pandya", "bowlerId": 3183, "dismissedMethod": "lbw", "isOut": true}}, {"playerId": 1083, "r": 12, "b": 17, "sr": "70.58", "4s": 0, "6s": 0, "mod": {"dismissedBp": {"innings": 2, "over": 14, "ball": 2}, "countingBp": {"innings": 2, "over": 14, "ball": 2}, "text": "c Kieron Pollard b Krunal Pandya", "bowlerId": 3183, "additionalPlayerIds": [210], "dismissedMethod": "ct", "isOut": true}}, {"playerId": 3760, "r": 2, "b": 3, "sr": "66.66", "4s": 0, "6s": 0, "mod": {"dismissedBp": {"innings": 2, "over": 15, "ball": 3}, "countingBp": {"innings": 2, "over": 15, "ball": 3}, "text": "c Quinton de Kock b Hardik Pandya", "bowlerId": 2740, "additionalPlayerIds": [834], "dismissedMethod": "ct", "isOut": true}}, {"playerId": 618, "r": 31, "b": 20, "sr": "155.00", "4s": 2, "6s": 2, "mod": {"dismissedBp": {"innings": 2, "over": 20, "ball": 4}, "countingBp": {"innings": 2, "over": 20, "ball": 4}, "text": "c Suryakumar Yadav b Hardik Pandya", "bowlerId": 2740, "additionalPlayerIds": [108], "dismissedMethod": "ct", "isOut": true}}, {"playerId": 2885, "r": 0, "b": 0, "4s": 0, "6s": 0}], "bowlingStats": [{"playerId": 2746, "ov": "2", "r": 24, "w": 0, "d": 3, "maid": 0, "e": "12.00", "wd": 1, "nb": 0}, {"playerId": 211, "ov": "4", "r": 43, "w": 0, "d": 8, "maid": 0, "e": "10.75", "wd": 0, "nb": 0}, {"playerId": 1124, "ov": "4", "r": 31, "w": 2, "d": 9, "maid": 0, "e": "7.75", "wd": 0, "nb": 0}, {"playerId": 3763, "ov": "4", "r": 21, "w": 0, "d": 10, "maid": 0, "e": "5.25", "wd": 0, "nb": 0}, {"playerId": 3183, "ov": "4", "r": 22, "w": 2, "d": 6, "maid": 0, "e": "5.50", "wd": 1, "nb": 0}, {"playerId": 2740, "ov": "2", "r": 20, "w": 2, "d": 4, "maid": 0, "e": "10.00", "wd": 0, "nb": 0}], "fow": [{"bp": {"innings": 2, "over": 4, "ball": 6}, "playerId": 16, "ret": false, "w": 1, "r": 40}, {"bp": {"innings": 2, "over": 6, "ball": 1}, "playerId": 431, "ret": false, "w": 2, "r": 57}, {"bp": {"innings": 2, "over": 8, "ball": 1}, "playerId": 440, "ret": false, "w": 3, "r": 65}, {"bp": {"innings": 2, "over": 14, "ball": 2}, "playerId": 1083, "ret": false, "w": 4, "r": 98}, {"bp": {"innings": 2, "over": 15, "ball": 3}, "playerId": 3760, "ret": false, "w": 5, "r": 105}, {"bp": {"innings": 2, "over": 20, "ball": 4}, "playerId": 618, "ret": false, "w": 6, "r": 154}], "extras": {"noBallRuns": 0, "wideRuns": 2, "byeRuns": 0, "legByeRuns": 1, "penaltyRuns": 0}, "declared": false}, "overHistory": [{"ovNo": 1, "ovBalls": ["4", "1", ".", ".", "1", "1"]}, {"ovNo": 2, "ovBalls": [".", ".", "1", "4", ".", "1"]}, {"ovNo": 3, "ovBalls": ["1", ".", "4", "1Wd", "4", "1", "6"]}, {"ovNo": 4, "ovBalls": ["4", "1", "1", ".", "4", "W"]}, {"ovNo": 5, "ovBalls": ["1", "4", ".", "6", "4", "2"]}, {"ovNo": 6, "ovBalls": ["W", "2", ".", ".", ".", "."]}, {"ovNo": 7, "ovBalls": ["4", ".", ".", ".", "1", "1"]}, {"ovNo": 8, "ovBalls": ["W", "1", "1", "1", "1", "1"]}, {"ovNo": 9, "ovBalls": [".", "1", ".", "1", "1", "2"]}, {"ovNo": 10, "ovBalls": ["1", ".", "1", "1Wd", "1", "1", "."]}, {"ovNo": 11, "ovBalls": ["1", ".", "1", ".", ".", "4"]}, {"ovNo": 12, "ovBalls": ["1", "4", ".", "1", "1", "."]}, {"ovNo": 13, "ovBalls": [".", "1", ".", "1", "1", "1"]}, {"ovNo": 14, "ovBalls": ["1", "W", "1", "1", "1", "1"]}, {"ovNo": 15, "ovBalls": ["2", "1", "W", ".", ".", "1"]}, {"ovNo": 16, "ovBalls": ["2", "1", "1Lb", "1", ".", "4"]}, {"ovNo": 17, "ovBalls": ["1", "1", ".", ".", "4", "1"]}, {"ovNo": 18, "ovBalls": [".", "4", "1", ".", "1", "6"]}, {"ovNo": 19, "ovBalls": ["1", "1", "1", "1", "4", "4"]}, {"ovNo": 20, "ovBalls": ["1", "1", "6", "W", "2", "6"]}]}], "tieBreaker": {"currentState": {"inProgress": false, "phase": "C", "currentInningsIndex": 1, "currentBatsmen": [210, 2740], "facingBatsman": 210, "nonFacingBatsman": 2740, "currentBowler": 2885, "currentBowlerCurrentSpell": {"playerId": 2885, "ov": "0.3", "r": 9, "w": 0, "d": 0, "maid": 0, "e": "18.00", "wd": 0, "nb": 0}, "previousBowler": -1, "currentPartnership": 9, "partnership": {"runs": 9, "balls": 3, "runRate": "18.00"}, "recentOvers": [{"ovNo": 1, "ovBalls": ["6", "1", "2"]}]}, "innings": [{"inningsNumber": 1, "runRate": "12.00", "overProgress": "0.4", "declared": false, "scorecard": {"runs": 8, "wkts": 2, "allOut": false, "battingStats": [{"playerId": 123, "r": 1, "b": 1, "sr": "100.00", "4s": 0, "6s": 0, "mod": {"dismissedBp": {"innings": 3, "over": 1, "ball": 1}, "countingBp": {"innings": 3, "over": 1, "ball": 1}, "text": "run out ()", "bowlerId": 1124, "dismissedMethod": "ro", "isOut": true}}, {"playerId": 618, "r": 6, "b": 2, "sr": "300.00", "4s": 0, "6s": 1, "mod": {"dismissedBp": {"innings": 3, "over": 1, "ball": 4}, "countingBp": {"innings": 3, "over": 1, "ball": 4}, "text": "b Jasprit Bumrah", "bowlerId": 1124, "dismissedMethod": "b", "isOut": true}}, {"playerId": 431, "r": 1, "b": 1, "sr": "100.00", "4s": 0, "6s": 0}], "bowlingStats": [{"playerId": 1124, "ov": "0.4", "r": 8, "w": 1, "d": 1, "maid": 0, "e": "12.00", "wd": 0, "nb": 0}], "fow": [{"bp": {"innings": 3, "over": 1, "ball": 1}, "playerId": 123, "ret": false, "w": 1, "r": 1}, {"bp": {"innings": 3, "over": 1, "ball": 4}, "playerId": 618, "ret": false, "w": 2, "r": 8}], "extras": {"noBallRuns": 0, "wideRuns": 0, "byeRuns": 0, "legByeRuns": 0, "penaltyRuns": 0}, "declared": false}, "overHistory": [{"ovNo": 1, "ovBalls": ["1W", "1", "6", "W"]}]}, {"inningsNumber": 2, "runRate": "18.00", "overProgress": "0.3", "declared": false, "scorecard": {"runs": 9, "wkts": 0, "allOut": false, "battingStats": [{"playerId": 2740, "r": 7, "b": 2, "sr": "350.00", "4s": 0, "6s": 1}, {"playerId": 210, "r": 2, "b": 1, "sr": "200.00", "4s": 0, "6s": 0}], "bowlingStats": [{"playerId": 2885, "ov": "0.3", "r": 9, "w": 0, "d": 0, "maid": 0, "e": "18.00", "wd": 0, "nb": 0}], "fow": [], "extras": {"noBallRuns": 0, "wideRuns": 0, "byeRuns": 0, "legByeRuns": 0, "penaltyRuns": 0}, "declared": false}, "overHistory": [{"ovNo": 1, "ovBalls": ["6", "1", "2"]}]}]}}