{"matchInfo": {"additionalInfo": {"sixes.video.thumb": "http://static2.iplt20.com/cms/media/images/960x640/25232.jpg", "sixes.video.id": "d70e01c1e7da44ceb6a62f5fe18168a1", "match.video.thumb": "http://static2.iplt20.com/cms/media/images/960x640/25207.jpg", "mom.video.thumb": "http://static2.iplt20.com/cms/media/images/960x640/25236.jpg", "mom.video.id": "147ef6e743f740d185351212cae68af1", "referee.name": "Graeme Labrooy", "match.photo.id": "25214", "report.thumb": "http://static2.iplt20.com/cms/media/images/960x640/25250.jpg", "match.summary": "", "umpire.name.1": "Aleem Dar", "umpire.name.2": "Vineet Kulkarni", "umpire.name.3": "Anil Chaudhary", "interview.thumb": "http://static2.iplt20.com/cms/media/images/960x640/25157.jpg", "umpire.name.4": "Krishnamachari Srinivasan", "away.team.fan.total": "4585", "result.playerofthematch": "JP Duminy", "toss.elected": "Kolkata Knight Riders, who chose to bat", "notes.1.1": "Powerplay - 31 runs, 2 wickets", "notes.1.2": "KKR: 50 runs in 7.6 overs", "notes.2.1": "Powerplay - 49 runs, 2 wickets", "notes.1.3": "3rd Wicket: 50 runs in 49 balls (Manish Pandey 33, Robin Uthappa 14)", "notes.2.2": "DD: 50 runs in 6.1 overs", "notes.1.4": "KKR: 100 runs in 14.1 overs", "notes.2.3": "DD: 100 runs in 12.4 overs ", "notes.1.5": "Robin Uthappa: 50 off 38 balls (5 x fours, 1 x six)", "notes.2.4": "Dinesh Karthik: 50 off 36 balls (5 x fours, 2 x sixes)", "notes.1.6": "4th Wicket: 50 runs in 31 balls (Robin Uthappa 35, Shakib Al Hasan 15)", "notes.2.5": "4th Wicket: 50 runs in 39 balls (Dinesh Karthik 30, JP Duminy 18)", "notes.1.7": "KKR: 150 runs in 18.3 overs", "notes.2.6": "DD: 150 runs in 17.5 overs", "notes.1.8": "Innings Break: KKR - 166/5 in 20 overs", "notes.2.7": "JP Duminy: 50 off 35 balls (3 x fours, 3 x sixes)", "highlights.link": "http://www.iplt20.com/videos/media/id/6f7cdb7911254f8282d2100d2aa23fb1/m06-kkr-vs-dd-match-highlights", "match.video.id": "6f7cdb7911254f8282d2100d2aa23fb1", "stats.link": "http://www.iplt20.com/news/2014/more-news/4593/quick-stats-match-6-dd-vs-kkr", "home.team.fan.total": "5728", "photostream.link": "http://www.iplt20.com/photos/193/ipl-2014-match-6-kkr-v-dd", "toss.winner": "Kolkata Knight Riders", "interview.link": "http://www.iplt20.com/news/2014/features/4591/delhi-daredevils-will-help-me-grow-as-a-cricketer-coulter-nile", "stats.thumb": "http://static2.iplt20.com/cms/media/images/960x640/25244.jpg"}, "teams": [{"id": 2379, "team": {"id": 5, "fullName": "Kolkata Knight Riders", "shortName": "Knight Riders", "abbreviation": "KKR", "type": "m", "primaryColor": "6F2C91", "secondaryColor": "FFFFFF"}, "players": [{"id": 84, "fullName": "Gautam Gambhir", "shortName": "G Gambhir", "nationality": "Indian", "dateOfBirth": "1981-10-14", "rightArmedBowl": true, "rightHandedBat": false, "bowlingStyle": "LEG_SPIN"}, {"id": 198, "fullName": "Jacques Kallis", "shortName": "J Kallis", "nationality": "South African", "dateOfBirth": "1975-10-16", "rightArmedBowl": true, "rightHandedBat": true, "bowlingStyle": "FAST_SEAM"}, {"id": 123, "fullName": "Manish Pandey", "shortName": "M Pandey", "nationality": "Indian", "dateOfBirth": "1989-09-10", "rightArmedBowl": true, "rightHandedBat": true, "bowlingStyle": "MEDIUM_SEAM"}, {"id": 127, "fullName": "Robin Uthappa", "shortName": "R Uthappa", "nationality": "Indian", "dateOfBirth": "1985-11-11", "rightArmedBowl": true, "rightHandedBat": true}, {"id": 201, "fullName": "Shakib Al Hasan", "shortName": "S Al Hasan", "nationality": "Bangladeshi", "dateOfBirth": "1987-03-24", "rightArmedBowl": false, "rightHandedBat": false, "bowlingStyle": "ORTHODOX"}, {"id": 96, "fullName": "Yusuf Pathan", "shortName": "Y Pathan", "nationality": "Indian", "dateOfBirth": "1982-11-17", "rightArmedBowl": false, "rightHandedBat": true}, {"id": 108, "fullName": "Suryakumar Yadav", "shortName": "S Yadav", "nationality": "Indian", "dateOfBirth": "1990-09-14", "rightArmedBowl": true, "rightHandedBat": true}, {"id": 76, "fullName": "Piyush Chawla", "shortName": "P Chawla", "nationality": "Indian", "dateOfBirth": "1988-12-24", "rightArmedBowl": true, "rightHandedBat": false, "bowlingStyle": "LEG_SPIN"}, {"id": 166, "fullName": "Vinay Kumar", "shortName": "V Kumar", "nationality": "Indian", "dateOfBirth": "1984-02-12", "rightArmedBowl": true, "rightHandedBat": true}, {"id": 203, "fullName": "Sunil Narine", "shortName": "S Narine", "nationality": "West Indian", "dateOfBirth": "1988-05-26", "rightArmedBowl": true, "rightHandedBat": false, "bowlingStyle": "OFF_SPIN"}, {"id": 169, "fullName": "Morne Morkel", "shortName": "M Morkel", "nationality": "South African", "dateOfBirth": "1984-10-06", "rightArmedBowl": true, "rightHandedBat": false, "bowlingStyle": "FAST_SEAM"}], "wicketKeeper": {"id": 127, "fullName": "Robin Uthappa", "shortName": "R Uthappa", "nationality": "Indian", "dateOfBirth": "1985-11-11", "rightArmedBowl": true, "rightHandedBat": true}, "captain": {"id": 84, "fullName": "Gautam Gambhir", "shortName": "G Gambhir", "nationality": "Indian", "dateOfBirth": "1981-10-14", "rightArmedBowl": true, "rightHandedBat": false, "bowlingStyle": "LEG_SPIN"}}, {"id": 2378, "team": {"id": 3, "fullName": "Delhi Capitals", "shortName": "Delhi", "abbreviation": "DC", "type": "m", "primaryColor": "004C93", "secondaryColor": "F83430"}, "players": [{"id": 7, "fullName": "Murali Vijay", "shortName": "M Vijay", "nationality": "Indian", "dateOfBirth": "1984-04-01", "rightArmedBowl": false, "rightHandedBat": false}, {"id": 158, "fullName": "Mayank Agarwal", "shortName": "M Agarwal", "nationality": "Indian", "dateOfBirth": "1991-02-18", "rightArmedBowl": true, "rightHandedBat": true}, {"id": 102, "fullName": "Dinesh Karthik", "shortName": "D Karthik", "nationality": "Indian", "dateOfBirth": "1985-06-01", "rightArmedBowl": true, "rightHandedBat": true, "bowlingStyle": "OFF_SPIN"}, {"id": 182, "fullName": "JP Duminy", "shortName": "JP Duminy", "nationality": "South African", "dateOfBirth": "1984-04-14", "rightArmedBowl": false, "rightHandedBat": false}, {"id": 226, "fullName": "Ross Taylor", "shortName": "R Taylor", "nationality": "New Zealander", "dateOfBirth": "1984-03-08", "rightArmedBowl": true, "rightHandedBat": true, "bowlingStyle": "OFF_SPIN"}, {"id": 89, "fullName": "Manoj Tiwary", "shortName": "M Tiwary", "nationality": "Indian", "dateOfBirth": "1985-11-14", "rightArmedBowl": true, "rightHandedBat": true}, {"id": 971, "fullName": "Jimmy Neesham", "shortName": "J Neesham", "nationality": "New Zealander", "dateOfBirth": "1990-09-17", "rightArmedBowl": true, "rightHandedBat": false, "bowlingStyle": "MEDIUM_SEAM"}, {"id": 57, "fullName": "Shahbaz Nadeem", "shortName": "S Nadeem", "nationality": "Indian", "dateOfBirth": "1989-08-12", "rightArmedBowl": false, "rightHandedBat": true, "bowlingStyle": "ORTHODOX"}, {"id": 840, "fullName": "Nathan Coulter-Nile", "shortName": "N Coulter-Nile", "nationality": "Australian", "dateOfBirth": "1987-10-11", "rightArmedBowl": true, "rightHandedBat": true, "bowlingStyle": "FAST_SEAM"}, {"id": 86, "fullName": "Jaydev Unadkat", "shortName": "J Unadkat", "nationality": "Indian", "dateOfBirth": "1991-10-18", "rightArmedBowl": false, "rightHandedBat": true, "bowlingStyle": "MEDIUM_SEAM"}, {"id": 94, "fullName": "Mohammad Shami", "shortName": "M Shami", "nationality": "Indian", "dateOfBirth": "1990-09-03", "rightArmedBowl": true, "rightHandedBat": true, "bowlingStyle": "FAST_SEAM"}], "wicketKeeper": {"id": 102, "fullName": "Dinesh Karthik", "shortName": "D Karthik", "nationality": "Indian", "dateOfBirth": "1985-06-01", "rightArmedBowl": true, "rightHandedBat": true, "bowlingStyle": "OFF_SPIN"}, "captain": {"id": 102, "fullName": "Dinesh Karthik", "shortName": "D Karthik", "nationality": "Indian", "dateOfBirth": "1985-06-01", "rightArmedBowl": true, "rightHandedBat": true, "bowlingStyle": "OFF_SPIN"}}], "venue": {"id": 37, "fullName": "Dubai International Stadium", "shortName": "Dubai International Stadium", "city": "Dubai", "country": "UAE"}, "matchDate": "2014-04-19T18:30:00+0400", "matchEndDate": "2014-04-19T23:00:00+0400", "matchDateMs": 1397917800000, "matchEndDateMs": 1397934000000, "isLimitedOvers": true, "battingOrder": [0, 1], "matchBroadcast": false, "matchState": "C", "matchStatus": {"outcome": "B", "text": "Delhi Capitals won by 4 wickets"}, "description": "Match 6", "matchSummary": "", "matchType": "IPLT20", "tournamentLabel": "IPL 2014", "oversLimit": 20, "groupName": ""}, "matchId": {"id": 2429, "name": "ipl2014-06", "tournamentId": {"id": 2374, "name": "ipl2014", "provisional": false}}, "currentState": {"inProgress": false, "phase": "C", "currentInningsIndex": 1, "currentBatsmen": [182, 840], "facingBatsman": 182, "nonFacingBatsman": 840, "currentBowler": 76, "currentBowlerCurrentSpell": {"playerId": 76, "ov": "0.3", "r": 6, "w": 1, "d": 2, "maid": 0, "e": "12.00", "wd": 0, "nb": 0}, "previousBowler": 203, "previousBowlerCurrentSpell": {"playerId": 203, "ov": "1", "r": 1, "w": 0, "d": 5, "maid": 0, "e": "1.00", "wd": 0, "nb": 0}, "currentPartnership": 6, "partnership": {"runs": 6, "balls": 1, "runRate": "36.00"}, "recentOvers": [{"ovNo": 15, "ovBalls": ["1", ".", "W", "4", "1", "."]}, {"ovNo": 16, "ovBalls": [".", "2", "1", ".", "1", "W"]}, {"ovNo": 17, "ovBalls": [".", ".", "1", "1", "6", "."]}, {"ovNo": 18, "ovBalls": [".", "2", "4", "1Wd", "6", "6", "2"]}, {"ovNo": 19, "ovBalls": [".", ".", "1", "1Lb", "3Lb", "."]}, {"ovNo": 20, "ovBalls": [".", "W", "6"]}]}, "innings": [{"inningsNumber": 1, "runRate": "8.30", "overProgress": "20", "declared": false, "scorecard": {"runs": 166, "wkts": 5, "allOut": false, "battingStats": [{"playerId": 198, "r": 0, "b": 1, "sr": "0.00", "4s": 0, "6s": 0, "mod": {"dismissedBp": {"innings": 1, "over": 1, "ball": 2}, "countingBp": {"innings": 1, "over": 1, "ball": 1}, "text": "c Ross Taylor b Mohammad Shami", "bowlerId": 94, "additionalPlayerIds": [226], "dismissedMethod": "ct", "isOut": true}}, {"playerId": 84, "r": 0, "b": 4, "sr": "0.00", "4s": 0, "6s": 0, "mod": {"dismissedBp": {"innings": 1, "over": 2, "ball": 4}, "countingBp": {"innings": 1, "over": 2, "ball": 4}, "text": "c JP Duminy b Nathan Coulter-Nile", "bowlerId": 840, "additionalPlayerIds": [182], "dismissedMethod": "ct", "isOut": true}}, {"playerId": 123, "r": 48, "b": 42, "sr": "114.28", "4s": 5, "6s": 0, "mod": {"dismissedBp": {"innings": 1, "over": 11, "ball": 6}, "countingBp": {"innings": 1, "over": 11, "ball": 6}, "text": "b Shahbaz Nadeem", "bowlerId": 57, "dismissedMethod": "b", "isOut": true}}, {"playerId": 127, "r": 55, "b": 41, "sr": "134.14", "4s": 6, "6s": 1, "mod": {"dismissedBp": {"innings": 1, "over": 17, "ball": 6}, "countingBp": {"innings": 1, "over": 17, "ball": 6}, "text": "c Ross Taylor b Jaydev Unadkat", "bowlerId": 86, "additionalPlayerIds": [226], "dismissedMethod": "ct", "isOut": true}}, {"playerId": 201, "r": 30, "b": 22, "sr": "136.36", "4s": 2, "6s": 1}, {"playerId": 96, "r": 11, "b": 8, "sr": "137.50", "4s": 1, "6s": 0, "mod": {"dismissedBp": {"innings": 1, "over": 20, "ball": 5}, "countingBp": {"innings": 1, "over": 20, "ball": 4}, "text": "b Nathan Coulter-Nile", "bowlerId": 840, "dismissedMethod": "b", "isOut": true}}, {"playerId": 108, "r": 8, "b": 3, "sr": "266.66", "4s": 2, "6s": 0}], "bowlingStats": [{"playerId": 94, "ov": "4", "r": 33, "w": 1, "d": 10, "maid": 0, "e": "8.25", "wd": 5, "nb": 0}, {"playerId": 840, "ov": "4", "r": 27, "w": 2, "d": 12, "maid": 0, "e": "6.75", "wd": 1, "nb": 1}, {"playerId": 86, "ov": "4", "r": 25, "w": 1, "d": 4, "maid": 0, "e": "6.25", "wd": 0, "nb": 0}, {"playerId": 971, "ov": "2", "r": 26, "w": 0, "d": 2, "maid": 0, "e": "13.00", "wd": 2, "nb": 0}, {"playerId": 57, "ov": "3", "r": 29, "w": 1, "d": 5, "maid": 0, "e": "9.66", "wd": 0, "nb": 0}, {"playerId": 182, "ov": "3", "r": 25, "w": 0, "d": 3, "maid": 0, "e": "8.33", "wd": 0, "nb": 0}], "fow": [{"bp": {"innings": 1, "over": 1, "ball": 1}, "playerId": 198, "ret": false, "w": 1, "r": 1}, {"bp": {"innings": 1, "over": 2, "ball": 4}, "playerId": 84, "ret": false, "w": 2, "r": 11}, {"bp": {"innings": 1, "over": 11, "ball": 6}, "playerId": 123, "ret": false, "w": 3, "r": 75}, {"bp": {"innings": 1, "over": 17, "ball": 6}, "playerId": 127, "ret": false, "w": 4, "r": 132}, {"bp": {"innings": 1, "over": 20, "ball": 4}, "playerId": 96, "ret": false, "w": 5, "r": 157}], "extras": {"noBallRuns": 1, "wideRuns": 12, "byeRuns": 0, "legByeRuns": 1, "penaltyRuns": 0}, "declared": false}, "overHistory": [{"ovNo": 1, "ovBalls": ["1Wd", "W", "5Wd", ".", "2", "1Lb", ".", "1Wd", "."]}, {"ovNo": 2, "ovBalls": [".", "1", ".", "W", ".", "."]}, {"ovNo": 3, "ovBalls": [".", "1Wd", ".", ".", "1Wd", "2", "1", "."]}, {"ovNo": 4, "ovBalls": [".", ".", ".", ".", "1", "1"]}, {"ovNo": 5, "ovBalls": ["1", "1", "1", "4", "2", "."]}, {"ovNo": 6, "ovBalls": ["1", "1", "1", ".", ".", "1"]}, {"ovNo": 7, "ovBalls": ["1Wd", "4", ".", "1", "1", "4", "1Wd", "1"]}, {"ovNo": 8, "ovBalls": ["1", "1", "1", "1", "1", "1"]}, {"ovNo": 9, "ovBalls": ["2", "1", "1", "1", "1", "."]}, {"ovNo": 10, "ovBalls": ["2", "1", ".", "1", "2", "1"]}, {"ovNo": 11, "ovBalls": ["2", "1", "1", "4", "4", "W"]}, {"ovNo": 12, "ovBalls": [".", "1", "1", "4", "1", "."]}, {"ovNo": 13, "ovBalls": ["4", ".", "1", "6", ".", "."]}, {"ovNo": 14, "ovBalls": [".", "1", "1", "1", "2", "1"]}, {"ovNo": 15, "ovBalls": ["1", "6", "4", "1", "1", "."]}, {"ovNo": 16, "ovBalls": ["1", "4", "4", "1", "1", "1"]}, {"ovNo": 17, "ovBalls": ["1", "1", "4", "1", "1", "W"]}, {"ovNo": 18, "ovBalls": ["4", "1", "1", "1", "4", "1"]}, {"ovNo": 19, "ovBalls": ["4", "1", "2", "1", "1", "1"]}, {"ovNo": 20, "ovBalls": ["1Wd", "1", ".", "1", "W", ".", "5Nb", "4"]}]}, {"inningsNumber": 2, "runRate": "8.56", "overProgress": "19.3", "declared": false, "scorecard": {"runs": 167, "wkts": 6, "allOut": false, "battingStats": [{"playerId": 7, "r": 0, "b": 2, "sr": "0.00", "4s": 0, "6s": 0, "mod": {"dismissedBp": {"innings": 2, "over": 1, "ball": 5}, "countingBp": {"innings": 2, "over": 1, "ball": 5}, "text": "run out (Manish Pandey)", "bowlerId": 166, "additionalPlayerIds": [123], "dismissedMethod": "ro", "isOut": true}}, {"playerId": 158, "r": 26, "b": 14, "sr": "185.71", "4s": 3, "6s": 0, "mod": {"dismissedBp": {"innings": 2, "over": 4, "ball": 6}, "countingBp": {"innings": 2, "over": 4, "ball": 6}, "text": "c Piyush Chawla b Morne Morkel", "bowlerId": 169, "additionalPlayerIds": [76], "dismissedMethod": "ct", "isOut": true}}, {"playerId": 102, "r": 56, "b": 40, "sr": "140.00", "4s": 5, "6s": 2, "mod": {"dismissedBp": {"innings": 2, "over": 15, "ball": 3}, "countingBp": {"innings": 2, "over": 15, "ball": 3}, "text": "lbw Sunil Narine", "bowlerId": 203, "dismissedMethod": "lbw", "isOut": true}}, {"playerId": 226, "r": 6, "b": 9, "sr": "66.66", "4s": 1, "6s": 0, "mod": {"dismissedBp": {"innings": 2, "over": 7, "ball": 6}, "countingBp": {"innings": 2, "over": 7, "ball": 6}, "text": "b Jacques Kallis", "bowlerId": 198, "dismissedMethod": "b", "isOut": true}}, {"playerId": 182, "r": 52, "b": 35, "sr": "148.57", "4s": 3, "6s": 3}, {"playerId": 89, "r": 8, "b": 6, "sr": "133.33", "4s": 1, "6s": 0, "mod": {"dismissedBp": {"innings": 2, "over": 16, "ball": 6}, "countingBp": {"innings": 2, "over": 16, "ball": 6}, "text": "c Sunil Narine b Morne Morkel", "bowlerId": 169, "additionalPlayerIds": [203], "dismissedMethod": "ct", "isOut": true}}, {"playerId": 971, "r": 8, "b": 11, "sr": "72.72", "4s": 0, "6s": 1, "mod": {"dismissedBp": {"innings": 2, "over": 20, "ball": 2}, "countingBp": {"innings": 2, "over": 20, "ball": 2}, "text": "c Yusuf Pathan b Piyush Chawla", "bowlerId": 76, "additionalPlayerIds": [96], "dismissedMethod": "ct", "isOut": true}}, {"playerId": 840, "r": 0, "b": 0, "4s": 0, "6s": 0}], "bowlingStats": [{"playerId": 166, "ov": "4", "r": 35, "w": 0, "d": 7, "maid": 0, "e": "8.75", "wd": 0, "nb": 0}, {"playerId": 169, "ov": "4", "r": 41, "w": 2, "d": 10, "maid": 0, "e": "10.25", "wd": 2, "nb": 0}, {"playerId": 201, "ov": "3", "r": 25, "w": 0, "d": 5, "maid": 0, "e": "8.33", "wd": 1, "nb": 0}, {"playerId": 198, "ov": "2", "r": 15, "w": 1, "d": 5, "maid": 0, "e": "7.50", "wd": 0, "nb": 0}, {"playerId": 76, "ov": "2.3", "r": 27, "w": 1, "d": 6, "maid": 0, "e": "10.80", "wd": 0, "nb": 0}, {"playerId": 203, "ov": "4", "r": 18, "w": 1, "d": 11, "maid": 0, "e": "4.50", "wd": 0, "nb": 0}], "fow": [{"bp": {"innings": 2, "over": 1, "ball": 5}, "playerId": 7, "ret": false, "w": 1, "r": 10}, {"bp": {"innings": 2, "over": 4, "ball": 6}, "playerId": 158, "ret": false, "w": 2, "r": 39}, {"bp": {"innings": 2, "over": 7, "ball": 6}, "playerId": 226, "ret": false, "w": 3, "r": 60}, {"bp": {"innings": 2, "over": 15, "ball": 3}, "playerId": 102, "ret": false, "w": 4, "r": 118}, {"bp": {"innings": 2, "over": 16, "ball": 6}, "playerId": 89, "ret": false, "w": 5, "r": 127}, {"bp": {"innings": 2, "over": 20, "ball": 2}, "playerId": 971, "ret": false, "w": 6, "r": 161}], "extras": {"noBallRuns": 0, "wideRuns": 5, "byeRuns": 0, "legByeRuns": 6, "penaltyRuns": 0}, "declared": false}, "overHistory": [{"ovNo": 1, "ovBalls": ["1Lb", "4", "4", "1", "W", "."]}, {"ovNo": 2, "ovBalls": ["2Wd", ".", ".", "4", "1", ".", "1"]}, {"ovNo": 3, "ovBalls": ["2", "5", "1", "1", "4", "."]}, {"ovNo": 4, "ovBalls": ["4", "2", ".", ".", "2", "W"]}, {"ovNo": 5, "ovBalls": ["2", ".", "1", ".", ".", "1"]}, {"ovNo": 6, "ovBalls": ["1", "1", "4", ".", ".", "."]}, {"ovNo": 7, "ovBalls": ["4", ".", ".", "6", "1", "W"]}, {"ovNo": 8, "ovBalls": ["1", "1", "1", ".", ".", "2Wd", "1"]}, {"ovNo": 9, "ovBalls": [".", "1Lb", "1", "1", "1", "1"]}, {"ovNo": 10, "ovBalls": ["1", ".", "1", "6", "4", "1"]}, {"ovNo": 11, "ovBalls": ["1", "1", "1", ".", "1", "."]}, {"ovNo": 12, "ovBalls": ["1", "1", "1", "1", "4", "1"]}, {"ovNo": 13, "ovBalls": [".", "1", "1", "2", "1", "2"]}, {"ovNo": 14, "ovBalls": ["1", "4", "2", "1", "4", "1"]}, {"ovNo": 15, "ovBalls": ["1", ".", "W", "4", "1", "."]}, {"ovNo": 16, "ovBalls": [".", "2", "1", ".", "1", "W"]}, {"ovNo": 17, "ovBalls": [".", ".", "1", "1", "6", "."]}, {"ovNo": 18, "ovBalls": [".", "2", "4", "1Wd", "6", "6", "2"]}, {"ovNo": 19, "ovBalls": [".", ".", "1", "1Lb", "3Lb", "."]}, {"ovNo": 20, "ovBalls": [".", "W", "6"]}]}]}