{"matchInfo": {"additionalInfo": {"sixes.video.thumb": "https://iplplatform-static-files.s3.amazonaws.com/IPL/photo/2017/04/20/6440fe83-3f80-45fd-b84e-2149256c50fd/Jos-butler-sixes.jpg", "sixes.video.id": "5405012648001", "match.video.thumb": "https://iplplatform-static-files.s3.amazonaws.com/IPL/photo/2017/04/20/86a4bc12-bb63-4952-95ed-ba0c10392407/Match-Highlights-KXIP-vs-MI.jpg", "mom.video.thumb": "https://iplplatform-static-files.s3.amazonaws.com/IPL/photo/2017/04/20/242af869-864f-41a9-9240-093852ea332f/Jos-butler.jpg", "mom.video.id": "5405046678001", "referee.name": "Andy Pycroft", "report.thumb": "https://iplplatform-static-files.s3.amazonaws.com/IPL/photo/2017/04/20/746cfa38-df40-4bd9-a140-ebfb03987a1a/Match-Report-KXIP-vs-MI.jpg", "match.summary": "", "umpire.name.1": "Marais Erasmus", "umpire.name.2": "C Shamshuddin", "umpire.name.3": "Anil Chaudhary", "interview.thumb": "https://iplplatform-static-files.s3.amazonaws.com/IPL/photo/2017/04/20/39adb5f8-7f51-4e6b-81cc-1f164986644f/Jos-buttler-interview-text.jpg", "umpire.name.4": "Rohan Pandit", "away.team.fan.total": "18875", "result.playerofthematch": "Jos Buttler", "report.link": "http://www.iplt20.com/news/95116/match-report-m22-kxip-v-mi", "toss.elected": "Mumbai Indians, who chose to field", "notes.1.1": "Powerplay - 46 runs, 1 wicket", "notes.1.2": "Kings XI Punjab: 50 runs in 6.4 overs", "notes.2.1": "Powerplay - 82 runs, 1 wicket", "notes.1.3": "Hashim Amla: 50 off 34 balls (3 x fours, 2 x sixes)", "notes.2.2": "Mumbai Indians: 50 runs in 3.5 overs", "notes.1.4": "Kings XI Punjab: 100 runs in 12.6 overs", "notes.2.3": "1st Wicket: 50 runs in 23 balls (Parthiv Patel 20, Jos Buttler 27)", "notes.1.5": "3rd Wicket: 50 runs in 22 balls (Hashim Amla 17, Glenn Maxwell 32)", "notes.2.4": "Mumbai Indians: 100 runs in 7.5 overs", "notes.1.6": "Kings XI Punjab: 150 runs in 15.3 overs", "notes.2.5": "Jos Buttler: 50 off 24 balls (7 x fours, 2 x sixes)", "notes.1.7": "Hashim Amla: 100 off 58 balls (8 x fours, 6 x sixes)", "notes.2.6": "2nd Wicket: 50 runs in 28 balls (Jos Buttler 21, Nitish Rana 27)", "notes.1.8": "Innings Break: Kings XI Punjab - 198/4 in 20 overs", "notes.2.7": "Mumbai Indians: 150 runs in 11.6 overs", "highlights.link": "http://www.iplt20.com/video/95124/m22-kxip-vs-mi-match-highlights", "notes.2.8": "N Rana: 50 off 29 balls (6 x sixes)", "match.video.id": "5405045844001", "stats.link": "http://www.iplt20.com/news/95167/quick-stats-m22-kxip-vs-gl", "home.team.fan.total": "41456", "toss.winner": "Mumbai Indians", "interview.link": "http://www.iplt20.com/news/95171/see-ball-hit-ball-buttler-says-after-taking-mi-to-victory", "stats.thumb": "https://iplplatform-static-files.s3.amazonaws.com/IPL/photo/2017/04/20/ad15b57d-521e-4333-9565-26431dc94905/Stats-KXIP-vs-MI.jpg"}, "teams": [{"id": 7245, "team": {"id": 4, "fullName": "Punjab Kings", "shortName": "Punjab Kings", "abbreviation": "PBKS", "type": "m", "primaryColor": "DA1F3D", "secondaryColor": "FFFFFF"}, "players": [{"id": 456, "fullName": "Hashim Amla", "shortName": "H Amla", "nationality": "South African", "dateOfBirth": "1983-03-31", "rightArmedBowl": true, "rightHandedBat": true, "bowlingStyle": "MEDIUM_SEAM"}, {"id": 191, "fullName": "Shaun Marsh", "shortName": "S Marsh", "nationality": "Australian", "dateOfBirth": "1983-07-09", "rightArmedBowl": false, "rightHandedBat": false, "bowlingStyle": "ORTHODOX"}, {"id": 282, "fullName": "Glenn Maxwell", "shortName": "G Maxwell", "nationality": "Australian", "dateOfBirth": "1988-10-14", "rightArmedBowl": true, "rightHandedBat": true, "bowlingStyle": "OFF_SPIN"}, {"id": 964, "fullName": "Marcus Stoinis", "shortName": "M Stoinis", "nationality": "Australian", "dateOfBirth": "1989-08-16", "rightArmedBowl": true, "rightHandedBat": true, "bowlingStyle": "MEDIUM_SEAM"}, {"id": 16, "fullName": "Wriddhiman Saha", "shortName": "W Saha", "nationality": "Indian", "dateOfBirth": "1984-10-24", "rightArmedBowl": true, "rightHandedBat": true}, {"id": 1113, "fullName": "Axar Patel", "shortName": "A Patel", "nationality": "Indian", "dateOfBirth": "1994-01-20", "rightArmedBowl": false, "rightHandedBat": false, "bowlingStyle": "ORTHODOX"}, {"id": 253, "fullName": "Gurkeerat Mann Singh", "shortName": "GM Singh", "nationality": "Indian", "dateOfBirth": "1990-06-29", "rightArmedBowl": true, "rightHandedBat": true, "bowlingStyle": "OFF_SPIN"}, {"id": 3180, "fullName": "Swapnil Singh", "shortName": "S Singh", "nationality": "Indian", "dateOfBirth": "1991-01-22", "rightArmedBowl": false, "rightHandedBat": true}, {"id": 1107, "fullName": "Mohit Sharma", "shortName": "M Sharma", "nationality": "Indian", "dateOfBirth": "1991-12-19", "rightArmedBowl": false, "rightHandedBat": true}, {"id": 1112, "fullName": "Sandeep Sharma", "shortName": "S Sharma", "nationality": "Indian", "dateOfBirth": "1993-05-18", "rightArmedBowl": true, "rightHandedBat": true, "bowlingStyle": "MEDIUM_SEAM"}, {"id": 38, "fullName": "Ishant Sharma", "shortName": "I Sharma", "nationality": "Indian", "dateOfBirth": "1988-09-02", "rightArmedBowl": true, "rightHandedBat": true, "bowlingStyle": "FAST_SEAM"}], "wicketKeeper": {"id": 16, "fullName": "Wriddhiman Saha", "shortName": "W Saha", "nationality": "Indian", "dateOfBirth": "1984-10-24", "rightArmedBowl": true, "rightHandedBat": true}, "captain": {"id": 282, "fullName": "Glenn Maxwell", "shortName": "G Maxwell", "nationality": "Australian", "dateOfBirth": "1988-10-14", "rightArmedBowl": true, "rightHandedBat": true, "bowlingStyle": "OFF_SPIN"}}, {"id": 7244, "team": {"id": 6, "fullName": "Mumbai Indians", "shortName": "Mumbai", "abbreviation": "MI", "type": "m", "primaryColor": "00AEEF", "secondaryColor": "FFFFFF"}, "players": [{"id": 44, "fullName": "Parthiv Patel", "shortName": "P Patel", "nationality": "Indian", "dateOfBirth": "1985-03-09", "rightArmedBowl": false, "rightHandedBat": false}, {"id": 509, "fullName": "Jos Buttler", "shortName": "J Buttler", "nationality": "English", "dateOfBirth": "1990-09-08", "rightArmedBowl": true, "rightHandedBat": true}, {"id": 2738, "fullName": "Nitish Rana", "shortName": "N Rana", "nationality": "Indian", "dateOfBirth": "1993-12-27", "rightArmedBowl": true, "rightHandedBat": false, "bowlingStyle": "OFF_SPIN"}, {"id": 107, "fullName": "Rohit Sharma", "shortName": "R Sharma", "nationality": "Indian", "dateOfBirth": "1987-04-30", "rightArmedBowl": true, "rightHandedBat": true, "bowlingStyle": "OFF_SPIN"}, {"id": 210, "fullName": "Kieron Pollard", "shortName": "K Pollard", "nationality": "West Indian", "dateOfBirth": "1987-05-12", "rightArmedBowl": true, "rightHandedBat": true, "bowlingStyle": "MEDIUM_SEAM"}, {"id": 2740, "fullName": "Hardik Pandya", "shortName": "H Pandya", "nationality": "Indian", "dateOfBirth": "1993-10-11", "rightArmedBowl": true, "rightHandedBat": true, "bowlingStyle": "MEDIUM_SEAM"}, {"id": 3183, "fullName": "Krunal Pandya", "shortName": "K Pandya", "nationality": "Indian", "dateOfBirth": "1991-03-24", "rightArmedBowl": false, "rightHandedBat": false, "bowlingStyle": "ORTHODOX"}, {"id": 103, "fullName": "Harbhajan Singh", "shortName": "H Singh", "nationality": "Indian", "dateOfBirth": "1980-07-03", "rightArmedBowl": true, "rightHandedBat": true, "bowlingStyle": "OFF_SPIN"}, {"id": 730, "fullName": "Mitchell McClenaghan", "shortName": "M McClenaghan", "nationality": "New Zealander", "dateOfBirth": "1986-06-11", "rightArmedBowl": false, "rightHandedBat": false}, {"id": 211, "fullName": "Lasith Malinga", "shortName": "L Malinga", "nationality": "Sri Lankan", "dateOfBirth": "1983-08-28", "rightArmedBowl": true, "rightHandedBat": true, "bowlingStyle": "FAST_SEAM"}, {"id": 1124, "fullName": "Jasprit Bumrah", "shortName": "J Bumrah", "nationality": "Indian", "dateOfBirth": "1993-12-06", "rightArmedBowl": true, "rightHandedBat": true, "bowlingStyle": "FAST_SEAM"}], "wicketKeeper": {"id": 44, "fullName": "Parthiv Patel", "shortName": "P Patel", "nationality": "Indian", "dateOfBirth": "1985-03-09", "rightArmedBowl": false, "rightHandedBat": false}, "captain": {"id": 107, "fullName": "Rohit Sharma", "shortName": "R Sharma", "nationality": "Indian", "dateOfBirth": "1987-04-30", "rightArmedBowl": true, "rightHandedBat": true, "bowlingStyle": "OFF_SPIN"}}], "venue": {"id": 17, "fullName": "Holkar Cricket Stadium", "shortName": "Holkar Cricket Stadium", "city": "Indore", "country": "India"}, "matchDate": "2017-04-20T20:00:00+0530", "matchEndDate": "2017-04-20T23:00:00+0530", "matchDateMs": 1492698600000, "matchEndDateMs": 1492709400000, "isLimitedOvers": true, "battingOrder": [0, 1], "matchBroadcast": false, "matchState": "C", "matchStatus": {"outcome": "B", "text": "Mumbai Indians won by 8 wickets"}, "description": "Match 22", "matchSummary": "", "matchType": "IPLT20", "tournamentLabel": "IPL 2017", "oversLimit": 20, "groupName": ""}, "matchId": {"id": 5860, "name": "ipl2017-22", "tournamentId": {"id": 5815, "name": "ipl2017", "provisional": false}}, "currentState": {"inProgress": false, "phase": "C", "currentInningsIndex": 1, "currentBatsmen": [2738, 2740], "facingBatsman": 2738, "nonFacingBatsman": 2740, "currentBowler": 1107, "currentBowlerCurrentSpell": {"playerId": 1107, "ov": "1.3", "r": 12, "w": 1, "d": 4, "maid": 0, "e": "8.00", "wd": 1, "nb": 0}, "previousBowler": 38, "previousBowlerCurrentSpell": {"playerId": 38, "ov": "1", "r": 21, "w": 0, "d": 1, "maid": 0, "e": "21.00", "wd": 0, "nb": 0}, "currentPartnership": 33, "partnership": {"runs": 33, "balls": 14, "runRate": "14.14"}, "recentOvers": [{"ovNo": 11, "ovBalls": ["6", "1", "1", "1", "1", "1"]}, {"ovNo": 12, "ovBalls": ["6", "6", "1", "1", ".", "2"]}, {"ovNo": 13, "ovBalls": ["1Wd", "1", "1", "6", "6", "1", "."]}, {"ovNo": 14, "ovBalls": ["W", ".", "1Wd", ".", "1", "1", "1"]}, {"ovNo": 15, "ovBalls": ["6", ".", "1", "6", "4", "4"]}, {"ovNo": 16, "ovBalls": [".", "2", "6"]}]}, "innings": [{"inningsNumber": 1, "runRate": "9.90", "overProgress": "20", "declared": false, "scorecard": {"runs": 198, "wkts": 4, "allOut": false, "battingStats": [{"playerId": 456, "r": 104, "b": 60, "sr": "173.33", "4s": 8, "6s": 6}, {"playerId": 191, "r": 26, "b": 21, "sr": "123.80", "4s": 5, "6s": 0, "mod": {"dismissedBp": {"innings": 1, "over": 6, "ball": 5}, "countingBp": {"innings": 1, "over": 6, "ball": 5}, "text": "c Kieron Pollard b Mitchell McClenaghan", "bowlerId": 730, "additionalPlayerIds": [210], "dismissedMethod": "ct", "isOut": true}}, {"playerId": 16, "r": 11, "b": 15, "sr": "73.33", "4s": 0, "6s": 0, "mod": {"dismissedBp": {"innings": 1, "over": 11, "ball": 7}, "countingBp": {"innings": 1, "over": 11, "ball": 6}, "text": "b Krunal Pandya", "bowlerId": 3183, "dismissedMethod": "b", "isOut": true}}, {"playerId": 282, "r": 40, "b": 18, "sr": "222.22", "4s": 4, "6s": 3, "mod": {"dismissedBp": {"innings": 1, "over": 17, "ball": 3}, "countingBp": {"innings": 1, "over": 17, "ball": 3}, "text": "b Jasprit Bumrah", "bowlerId": 1124, "dismissedMethod": "b", "isOut": true}}, {"playerId": 964, "r": 1, "b": 3, "sr": "33.33", "4s": 0, "6s": 0, "mod": {"dismissedBp": {"innings": 1, "over": 18, "ball": 2}, "countingBp": {"innings": 1, "over": 18, "ball": 2}, "text": "c Kieron Pollard b Mitchell McClenaghan", "bowlerId": 730, "additionalPlayerIds": [210], "dismissedMethod": "ct", "isOut": true}}, {"playerId": 1113, "r": 4, "b": 5, "sr": "80.00", "4s": 0, "6s": 0}], "bowlingStats": [{"playerId": 2740, "ov": "2", "r": 18, "w": 0, "d": 4, "maid": 0, "e": "9.00", "wd": 0, "nb": 0}, {"playerId": 730, "ov": "4", "r": 46, "w": 2, "d": 11, "maid": 0, "e": "11.50", "wd": 0, "nb": 1}, {"playerId": 103, "ov": "2", "r": 12, "w": 0, "d": 4, "maid": 0, "e": "6.00", "wd": 0, "nb": 0}, {"playerId": 211, "ov": "4", "r": 58, "w": 0, "d": 6, "maid": 0, "e": "14.50", "wd": 2, "nb": 0}, {"playerId": 3183, "ov": "4", "r": 29, "w": 1, "d": 6, "maid": 0, "e": "7.25", "wd": 2, "nb": 0}, {"playerId": 1124, "ov": "4", "r": 30, "w": 1, "d": 9, "maid": 0, "e": "7.50", "wd": 1, "nb": 1}], "fow": [{"bp": {"innings": 1, "over": 6, "ball": 5}, "playerId": 191, "ret": false, "w": 1, "r": 46}, {"bp": {"innings": 1, "over": 11, "ball": 6}, "playerId": 16, "ret": false, "w": 2, "r": 80}, {"bp": {"innings": 1, "over": 17, "ball": 3}, "playerId": 282, "ret": false, "w": 3, "r": 163}, {"bp": {"innings": 1, "over": 18, "ball": 2}, "playerId": 964, "ret": false, "w": 4, "r": 166}], "extras": {"noBallRuns": 2, "wideRuns": 5, "byeRuns": 0, "legByeRuns": 5, "penaltyRuns": 0}, "declared": false}, "overHistory": [{"ovNo": 1, "ovBalls": ["1", ".", "4", ".", "1", "2"]}, {"ovNo": 2, "ovBalls": ["1", ".", ".", "4", "1", "1"]}, {"ovNo": 3, "ovBalls": ["1", "1Lb", "4", "4", "1", "."]}, {"ovNo": 4, "ovBalls": [".", ".", "4", "1", "1", "."]}, {"ovNo": 5, "ovBalls": [".", "6", "1", ".", ".", "."]}, {"ovNo": 6, "ovBalls": ["2", "1", ".", "4", "W", "."]}, {"ovNo": 7, "ovBalls": [".", "2", "1", "1", "1", "1"]}, {"ovNo": 8, "ovBalls": [".", "1", "1", "1", "2", "1"]}, {"ovNo": 9, "ovBalls": [".", "1Lb", "1", "1", "1", "1"]}, {"ovNo": 10, "ovBalls": ["2", "1", ".", "2", ".", "1"]}, {"ovNo": 11, "ovBalls": ["1", "6", "1", "1", "1", "1Wd", "W"]}, {"ovNo": 12, "ovBalls": ["4", "1", "1", "4", "1", "."]}, {"ovNo": 13, "ovBalls": ["4", "1Wd", ".", "1", "1Lb", "1", "1"]}, {"ovNo": 14, "ovBalls": [".", "1", "1", "4", "4", "1"]}, {"ovNo": 15, "ovBalls": ["6", "6", "4", "5Nb", "6", "1", "."]}, {"ovNo": 16, "ovBalls": ["1", "6", "1Wd", "6", "4", ".", "4"]}, {"ovNo": 17, "ovBalls": ["1Lb", "1", "W", ".", "1", "1"]}, {"ovNo": 18, "ovBalls": ["1Lb", "W", ".", ".", ".", "4"]}, {"ovNo": 19, "ovBalls": [".", "1", "3Nb", ".", "4", "1", "1Wd", "."]}, {"ovNo": 20, "ovBalls": ["1Wd", "6", "6", "1", "2", "1", "1"]}]}, {"inningsNumber": 2, "runRate": "12.83", "overProgress": "15.3", "declared": false, "scorecard": {"runs": 199, "wkts": 2, "allOut": false, "battingStats": [{"playerId": 44, "r": 37, "b": 18, "sr": "205.55", "4s": 4, "6s": 2, "mod": {"dismissedBp": {"innings": 2, "over": 6, "ball": 6}, "countingBp": {"innings": 2, "over": 6, "ball": 5}, "text": "c Glenn Maxwell b Marcus Stoinis", "bowlerId": 964, "additionalPlayerIds": [282], "dismissedMethod": "ct", "isOut": true}}, {"playerId": 509, "r": 77, "b": 37, "sr": "208.10", "4s": 7, "6s": 5, "mod": {"dismissedBp": {"innings": 2, "over": 14, "ball": 1}, "countingBp": {"innings": 2, "over": 14, "ball": 1}, "text": "c Glenn Maxwell b Mohit Sharma", "bowlerId": 1107, "additionalPlayerIds": [282], "dismissedMethod": "ct", "isOut": true}}, {"playerId": 2738, "r": 62, "b": 34, "sr": "182.35", "4s": 0, "6s": 7}, {"playerId": 2740, "r": 15, "b": 4, "sr": "375.00", "4s": 2, "6s": 1}], "bowlingStats": [{"playerId": 1112, "ov": "3", "r": 39, "w": 0, "d": 4, "maid": 0, "e": "13.00", "wd": 2, "nb": 0}, {"playerId": 38, "ov": "4", "r": 58, "w": 0, "d": 4, "maid": 0, "e": "14.50", "wd": 0, "nb": 0}, {"playerId": 1107, "ov": "2.3", "r": 29, "w": 1, "d": 5, "maid": 0, "e": "11.60", "wd": 1, "nb": 0}, {"playerId": 964, "ov": "2", "r": 28, "w": 1, "d": 1, "maid": 0, "e": "14.00", "wd": 1, "nb": 0}, {"playerId": 1113, "ov": "2", "r": 20, "w": 0, "d": 4, "maid": 0, "e": "10.00", "wd": 1, "nb": 0}, {"playerId": 3180, "ov": "2", "r": 22, "w": 0, "d": 1, "maid": 0, "e": "11.00", "wd": 0, "nb": 0}], "fow": [{"bp": {"innings": 2, "over": 6, "ball": 5}, "playerId": 44, "ret": false, "w": 1, "r": 81}, {"bp": {"innings": 2, "over": 14, "ball": 1}, "playerId": 509, "ret": false, "w": 2, "r": 166}], "extras": {"noBallRuns": 0, "wideRuns": 5, "byeRuns": 0, "legByeRuns": 3, "penaltyRuns": 0}, "declared": false}, "overHistory": [{"ovNo": 1, "ovBalls": ["1", "1", "1Wd", "1", ".", ".", "6"]}, {"ovNo": 2, "ovBalls": ["1", "4", "1Lb", "4", "1Lb", "."]}, {"ovNo": 3, "ovBalls": ["1", "4", "1", ".", "1", "6"]}, {"ovNo": 4, "ovBalls": ["6", "1", "4", "1", "4", "1"]}, {"ovNo": 5, "ovBalls": ["4", "1", "4", ".", "4", "4"]}, {"ovNo": 6, "ovBalls": ["6", "4", "1Wd", "1", "1", "W", "1"]}, {"ovNo": 7, "ovBalls": ["1", "1", ".", "1Lb", "2", "."]}, {"ovNo": 8, "ovBalls": ["6", "1", "1", "1", "4", "1"]}, {"ovNo": 9, "ovBalls": ["1", ".", "6", "1Wd", "1", "6", "1"]}, {"ovNo": 10, "ovBalls": ["1", "1", "1", "1", "1", "1"]}, {"ovNo": 11, "ovBalls": ["6", "1", "1", "1", "1", "1"]}, {"ovNo": 12, "ovBalls": ["6", "6", "1", "1", ".", "2"]}, {"ovNo": 13, "ovBalls": ["1Wd", "1", "1", "6", "6", "1", "."]}, {"ovNo": 14, "ovBalls": ["W", ".", "1Wd", ".", "1", "1", "1"]}, {"ovNo": 15, "ovBalls": ["6", ".", "1", "6", "4", "4"]}, {"ovNo": 16, "ovBalls": [".", "2", "6"]}]}]}