{"matchInfo": {"additionalInfo": {"sixes.video.thumb": "http://brightcove.vo.llnwd.net/v1/unsecured/media/3588749423001/201504/632/3588749423001_4199705567001_video-still-for-video-4199591658001.jpg?pubId=3588749423001", "sixes.video.id": "4199591665001", "match.video.thumb": "http://brightcove.vo.llnwd.net/v1/unsecured/media/3588749423001/201504/664/3588749423001_4199705589001_video-still-for-video-4199591665001.jpg?pubId=3588749423001", "mom.video.thumb": "http://brightcove.vo.llnwd.net/v1/unsecured/media/3588749423001/201504/3008/3588749423001_4199747914001_video-still-for-video-4199591673001.jpg?pubId=3588749423001", "mom.video.id": "4199591673001", "referee.name": "Roshan Mahanama", "report.thumb": "http://static2.iplt20.com/cms/media/images/320x213/38718.jpg", "match.summary": "", "umpire.name.1": "Kumar Dharmasena", "umpire.name.2": "Chris Gaffaney", "umpire.name.3": "Simon Fry", "interview.thumb": "http://static2.iplt20.com/cms/media/images/320x213/38724.jpg", "umpire.name.4": "O Nandan", "away.team.fan.total": "5232", "result.playerofthematch": "Trent Boult", "toss.elected": "Kings XI Punjab, who chose to field", "notes.1.1": "Powerplay - 56 runs, 2 wickets", "notes.1.2": "SRH: 50 runs in 5.1 overs", "notes.2.1": "Powerplay - 36 runs, 2 wickets", "notes.1.3": "David Warner: 50 off 35 balls (9 x fours, 1 x six)", "notes.2.2": "KXIP: 50 runs in 8.1 overs", "notes.1.4": "SRH: 100 runs in 14.3 overs", "notes.2.3": "KXIP: 100 runs in 15.6 overs", "notes.1.5": "SRH: 150 runs in 19.6 overs", "notes.1.6": "Innings Break: SRH - 150/6 in 20 overs", "highlights.link": "http://www.iplt20.com/videos/media/id/4199591665001/m27-kxip-vs-srh-match-highlights", "match.video.id": "4199591665001", "stats.link": "http://www.iplt20.com/news/2015/more-news/6352/quick-stats-m27-kxip-vs-srh", "home.team.fan.total": "6063", "photostream.link": "http://www.iplt20.com/photos/275/ipl-2015-match-27-kxip-v-srh", "toss.winner": "Kings XI Punjab", "interview.link": "http://www.iplt20.com/news/2015/features/6354/important-to-keep-batsmen-guessing-henriques", "stats.thumb": "http://static2.iplt20.com/cms/media/images/320x213/38723.jpg"}, "teams": [{"id": 3707, "team": {"id": 4, "fullName": "Punjab Kings", "shortName": "Punjab Kings", "abbreviation": "PBKS", "type": "m", "primaryColor": "DA1F3D", "secondaryColor": "FFFFFF"}, "players": [{"id": 7, "fullName": "Murali Vijay", "shortName": "M Vijay", "nationality": "Indian", "dateOfBirth": "1984-04-01", "rightArmedBowl": false, "rightHandedBat": false}, {"id": 191, "fullName": "Shaun Marsh", "shortName": "S Marsh", "nationality": "Australian", "dateOfBirth": "1983-07-09", "rightArmedBowl": false, "rightHandedBat": false, "bowlingStyle": "ORTHODOX"}, {"id": 1085, "fullName": "Manan Vohra", "shortName": "M Vohra", "nationality": "Indian", "dateOfBirth": "1993-07-18", "rightArmedBowl": false, "rightHandedBat": true}, {"id": 19, "fullName": "George Bailey", "shortName": "G Bailey", "nationality": "Australian", "dateOfBirth": "1982-09-07", "rightArmedBowl": false, "rightHandedBat": false}, {"id": 187, "fullName": "David Miller", "shortName": "D Miller", "nationality": "South African", "dateOfBirth": "1989-06-10", "rightArmedBowl": true, "rightHandedBat": false, "bowlingStyle": "OFF_SPIN"}, {"id": 16, "fullName": "Wriddhiman Saha", "shortName": "W Saha", "nationality": "Indian", "dateOfBirth": "1984-10-24", "rightArmedBowl": true, "rightHandedBat": true}, {"id": 1113, "fullName": "Axar Patel", "shortName": "A Patel", "nationality": "Indian", "dateOfBirth": "1994-01-20", "rightArmedBowl": false, "rightHandedBat": false, "bowlingStyle": "ORTHODOX"}, {"id": 1088, "fullName": "Rishi Dhawan", "shortName": "R Dhawan", "nationality": "Indian", "dateOfBirth": "1990-02-19", "rightArmedBowl": false, "rightHandedBat": true}, {"id": 213, "fullName": "Mitchell Johnson", "shortName": "M Johnson", "nationality": "Australian", "dateOfBirth": "1981-11-02", "rightArmedBowl": false, "rightHandedBat": false, "bowlingStyle": "FAST_SEAM"}, {"id": 412, "fullName": "Anureet Singh", "shortName": "Anureet Singh", "nationality": "Indian", "dateOfBirth": "1982-02-26", "rightArmedBowl": false, "rightHandedBat": true}, {"id": 1112, "fullName": "Sandeep Sharma", "shortName": "S Sharma", "nationality": "Indian", "dateOfBirth": "1993-05-18", "rightArmedBowl": true, "rightHandedBat": true, "bowlingStyle": "MEDIUM_SEAM"}], "wicketKeeper": {"id": 16, "fullName": "Wriddhiman Saha", "shortName": "W Saha", "nationality": "Indian", "dateOfBirth": "1984-10-24", "rightArmedBowl": true, "rightHandedBat": true}, "captain": {"id": 19, "fullName": "George Bailey", "shortName": "G Bailey", "nationality": "Australian", "dateOfBirth": "1982-09-07", "rightArmedBowl": false, "rightHandedBat": false}}, {"id": 3706, "team": {"id": 62, "fullName": "Sunrisers Hyderabad", "shortName": "Sunrisers", "abbreviation": "SRH", "type": "m", "primaryColor": "FF9C00", "secondaryColor": "FFFFFF"}, "players": [{"id": 170, "fullName": "David Warner", "shortName": "D Warner", "nationality": "Australian", "dateOfBirth": "1986-10-27", "rightArmedBowl": true, "rightHandedBat": false, "bowlingStyle": "LEG_SPIN"}, {"id": 41, "fullName": "Shikhar Dhawan", "shortName": "S Dhawan", "nationality": "Indian", "dateOfBirth": "1985-12-05", "rightArmedBowl": true, "rightHandedBat": false, "bowlingStyle": "OFF_SPIN"}, {"id": 52, "fullName": "Naman Ojha", "shortName": "N Ojha", "nationality": "Indian", "dateOfBirth": "1983-07-20", "rightArmedBowl": true, "rightHandedBat": true}, {"id": 374, "fullName": "Ravi Bopara", "shortName": "R Bopara", "nationality": "English", "dateOfBirth": "1985-05-04", "rightArmedBowl": false, "rightHandedBat": true}, {"id": 1117, "fullName": "Hanuma Vihari", "shortName": "H Vihari", "nationality": "Indian", "dateOfBirth": "1993-10-13", "rightArmedBowl": true, "rightHandedBat": true, "bowlingStyle": "OFF_SPIN"}, {"id": 388, "fullName": "Moises Henriques", "shortName": "M Henriques", "nationality": "Australian", "dateOfBirth": "1987-02-01", "rightArmedBowl": true, "rightHandedBat": true, "bowlingStyle": "MEDIUM_SEAM"}, {"id": 34, "fullName": "Ashish Reddy", "shortName": "AA Reddy", "nationality": "Indian", "dateOfBirth": "1981-02-24", "rightArmedBowl": false, "rightHandedBat": false}, {"id": 1118, "fullName": "Karn Sharma", "shortName": "K Sharma", "nationality": "Indian", "dateOfBirth": "1987-10-23", "rightArmedBowl": true, "rightHandedBat": false, "bowlingStyle": "LEG_SPIN"}, {"id": 77, "fullName": "Praveen Kumar", "shortName": "P Kumar", "nationality": "Indian", "dateOfBirth": "1986-10-02", "rightArmedBowl": true, "rightHandedBat": true}, {"id": 116, "fullName": "Bhuvneshwar Kumar", "shortName": "B Kumar", "nationality": "Indian", "dateOfBirth": "1990-02-05", "rightArmedBowl": true, "rightHandedBat": true, "bowlingStyle": "MEDIUM_SEAM"}, {"id": 969, "fullName": "Trent Boult", "shortName": "T Boult", "nationality": "New Zealander", "dateOfBirth": "1989-07-22", "rightArmedBowl": false, "rightHandedBat": true, "bowlingStyle": "FAST_SEAM"}], "wicketKeeper": {"id": 52, "fullName": "Naman Ojha", "shortName": "N Ojha", "nationality": "Indian", "dateOfBirth": "1983-07-20", "rightArmedBowl": true, "rightHandedBat": true}, "captain": {"id": 170, "fullName": "David Warner", "shortName": "D Warner", "nationality": "Australian", "dateOfBirth": "1986-10-27", "rightArmedBowl": true, "rightHandedBat": false, "bowlingStyle": "LEG_SPIN"}}], "venue": {"id": 9, "fullName": "IS Bindra Stadium", "shortName": "IS Bindra Stadium", "city": "Mohali", "country": "India"}, "matchDate": "2015-04-27T20:00:00+0530", "matchEndDate": "2015-04-27T23:00:00+0530", "matchDateMs": 1430145000000, "matchEndDateMs": 1430155800000, "isLimitedOvers": true, "battingOrder": [1, 0], "matchBroadcast": false, "matchState": "C", "matchStatus": {"outcome": "B", "text": "Sunrisers Hyderabad won by 20 runs"}, "description": "Match 27", "matchSummary": "", "matchType": "IPLT20", "tournamentLabel": "IPL 2015", "oversLimit": 20, "groupName": ""}, "matchId": {"id": 3252, "name": "ipl2015-27", "tournamentId": {"id": 2785, "name": "ipl2015", "provisional": false}}, "currentState": {"inProgress": false, "phase": "C", "currentInningsIndex": 1, "currentBatsmen": [213, 1112], "facingBatsman": 213, "nonFacingBatsman": 1112, "currentBowler": -1, "previousBowler": 116, "previousBowlerCurrentSpell": {"playerId": 116, "ov": "1", "r": 2, "w": 1, "d": 4, "maid": 0, "e": "2.00", "wd": 0, "nb": 0}, "currentPartnership": 3, "partnership": {"runs": 3, "balls": 3, "runRate": "6.00"}, "recentOvers": [{"ovNo": 15, "ovBalls": ["2", "1", "2", "2", "1", "6"]}, {"ovNo": 16, "ovBalls": ["2", "2", "1", "1", ".", "6"]}, {"ovNo": 17, "ovBalls": ["2", "1", "4", "2", "1", "1"]}, {"ovNo": 18, "ovBalls": ["W", "2", ".", "1", "4", "W"]}, {"ovNo": 19, "ovBalls": ["1Lb", ".", "1", "1", "W", "."]}, {"ovNo": 20, "ovBalls": [".", "1", "W", "1", "1", "1"]}]}, "innings": [{"inningsNumber": 1, "runRate": "7.50", "overProgress": "20", "declared": false, "scorecard": {"runs": 150, "wkts": 6, "allOut": false, "battingStats": [{"playerId": 170, "r": 58, "b": 41, "sr": "141.46", "4s": 10, "6s": 1, "mod": {"dismissedBp": {"innings": 1, "over": 10, "ball": 5}, "countingBp": {"innings": 1, "over": 10, "ball": 5}, "text": "c David Miller b Axar Patel", "bowlerId": 1113, "additionalPlayerIds": [187], "dismissedMethod": "ct", "isOut": true}}, {"playerId": 41, "r": 1, "b": 2, "sr": "50.00", "4s": 0, "6s": 0, "mod": {"dismissedBp": {"innings": 1, "over": 2, "ball": 5}, "countingBp": {"innings": 1, "over": 2, "ball": 5}, "text": "c Murali Vijay b Mitchell Johnson", "bowlerId": 213, "additionalPlayerIds": [7], "dismissedMethod": "ct", "isOut": true}}, {"playerId": 1117, "r": 9, "b": 8, "sr": "112.50", "4s": 2, "6s": 0, "mod": {"dismissedBp": {"innings": 1, "over": 6, "ball": 6}, "countingBp": {"innings": 1, "over": 6, "ball": 6}, "text": "c Manan Vohra b Anureet Singh", "bowlerId": 412, "additionalPlayerIds": [1085], "dismissedMethod": "ct", "isOut": true}}, {"playerId": 388, "r": 30, "b": 32, "sr": "93.75", "4s": 1, "6s": 0, "mod": {"dismissedBp": {"innings": 1, "over": 20, "ball": 2}, "countingBp": {"innings": 1, "over": 20, "ball": 2}, "text": "b Sandeep Sharma", "bowlerId": 1112, "dismissedMethod": "b", "isOut": true}}, {"playerId": 52, "r": 28, "b": 26, "sr": "107.69", "4s": 3, "6s": 0, "mod": {"dismissedBp": {"innings": 1, "over": 17, "ball": 4}, "countingBp": {"innings": 1, "over": 17, "ball": 4}, "text": "c David Miller b Axar Patel", "bowlerId": 1113, "additionalPlayerIds": [187], "dismissedMethod": "ct", "isOut": true}}, {"playerId": 374, "r": 0, "b": 2, "sr": "0.00", "4s": 0, "6s": 0, "mod": {"dismissedBp": {"innings": 1, "over": 18, "ball": 2}, "countingBp": {"innings": 1, "over": 18, "ball": 2}, "text": "c Wriddhiman Saha b Mitchell Johnson", "bowlerId": 213, "additionalPlayerIds": [16], "dismissedMethod": "ct", "isOut": true}}, {"playerId": 34, "r": 22, "b": 8, "sr": "275.00", "4s": 1, "6s": 2}, {"playerId": 1118, "r": 1, "b": 1, "sr": "100.00", "4s": 0, "6s": 0}], "bowlingStats": [{"playerId": 1112, "ov": "4", "r": 35, "w": 1, "d": 14, "maid": 1, "e": "8.75", "wd": 0, "nb": 0}, {"playerId": 213, "ov": "4", "r": 39, "w": 2, "d": 7, "maid": 0, "e": "9.75", "wd": 0, "nb": 0}, {"playerId": 412, "ov": "4", "r": 27, "w": 1, "d": 9, "maid": 0, "e": "6.75", "wd": 0, "nb": 0}, {"playerId": 7, "ov": "3", "r": 16, "w": 0, "d": 3, "maid": 0, "e": "5.33", "wd": 0, "nb": 0}, {"playerId": 1113, "ov": "4", "r": 25, "w": 2, "d": 8, "maid": 0, "e": "6.25", "wd": 0, "nb": 0}, {"playerId": 1088, "ov": "1", "r": 7, "w": 0, "d": 2, "maid": 0, "e": "7.00", "wd": 0, "nb": 0}], "fow": [{"bp": {"innings": 1, "over": 2, "ball": 5}, "playerId": 41, "ret": false, "w": 1, "r": 10}, {"bp": {"innings": 1, "over": 6, "ball": 6}, "playerId": 1117, "ret": false, "w": 2, "r": 56}, {"bp": {"innings": 1, "over": 10, "ball": 5}, "playerId": 170, "ret": false, "w": 3, "r": 76}, {"bp": {"innings": 1, "over": 17, "ball": 4}, "playerId": 52, "ret": false, "w": 4, "r": 121}, {"bp": {"innings": 1, "over": 18, "ball": 2}, "playerId": 374, "ret": false, "w": 5, "r": 123}, {"bp": {"innings": 1, "over": 20, "ball": 2}, "playerId": 388, "ret": false, "w": 6, "r": 136}], "extras": {"noBallRuns": 0, "wideRuns": 0, "byeRuns": 0, "legByeRuns": 1, "penaltyRuns": 0}, "declared": false}, "overHistory": [{"ovNo": 1, "ovBalls": [".", ".", ".", ".", ".", "."]}, {"ovNo": 2, "ovBalls": ["1", "4", "4", "1", "W", "."]}, {"ovNo": 3, "ovBalls": [".", ".", ".", "4", ".", "1"]}, {"ovNo": 4, "ovBalls": ["4", "6", "4", "1", ".", "."]}, {"ovNo": 5, "ovBalls": ["4", ".", "4", "4", ".", "4"]}, {"ovNo": 6, "ovBalls": ["4", "1", "1Lb", ".", "4", "W"]}, {"ovNo": 7, "ovBalls": ["1", ".", "1", "1", "1", "1"]}, {"ovNo": 8, "ovBalls": ["1", ".", "1", "1", ".", "1"]}, {"ovNo": 9, "ovBalls": [".", "2", ".", "1", "1", "1"]}, {"ovNo": 10, "ovBalls": ["4", "1", ".", "1", "W", "."]}, {"ovNo": 11, "ovBalls": ["1", "1", "1", "1", "1", "1"]}, {"ovNo": 12, "ovBalls": [".", ".", ".", "1", "1", "1"]}, {"ovNo": 13, "ovBalls": ["4", "1", ".", "1", ".", "1"]}, {"ovNo": 14, "ovBalls": ["1", "1", "1", "1", ".", "2"]}, {"ovNo": 15, "ovBalls": [".", "1", "1", "1", "2", "1"]}, {"ovNo": 16, "ovBalls": ["1", "1", "4", ".", "4", "."]}, {"ovNo": 17, "ovBalls": ["4", "2", "1", "W", "2", "."]}, {"ovNo": 18, "ovBalls": [".", "W", "2", "4", "1", "1"]}, {"ovNo": 19, "ovBalls": [".", "1", "1", "1", "1", "1"]}, {"ovNo": 20, "ovBalls": [".", "W", "1", "6", "6", "1"]}]}, {"inningsNumber": 2, "runRate": "6.50", "overProgress": "20", "declared": false, "scorecard": {"runs": 130, "wkts": 9, "allOut": false, "battingStats": [{"playerId": 7, "r": 12, "b": 16, "sr": "75.00", "4s": 0, "6s": 0, "mod": {"dismissedBp": {"innings": 2, "over": 9, "ball": 2}, "countingBp": {"innings": 2, "over": 9, "ball": 2}, "text": "run out (Hanuma Vihari)", "bowlerId": 1118, "additionalPlayerIds": [1117], "dismissedMethod": "ro", "isOut": true}}, {"playerId": 1085, "r": 5, "b": 9, "sr": "55.55", "4s": 1, "6s": 0, "mod": {"dismissedBp": {"innings": 2, "over": 3, "ball": 2}, "countingBp": {"innings": 2, "over": 3, "ball": 2}, "text": "b Trent Boult", "bowlerId": 969, "dismissedMethod": "b", "isOut": true}}, {"playerId": 191, "r": 1, "b": 4, "sr": "25.00", "4s": 0, "6s": 0, "mod": {"dismissedBp": {"innings": 2, "over": 4, "ball": 1}, "countingBp": {"innings": 2, "over": 4, "ball": 1}, "text": "b Bhuvneshwar Kumar", "bowlerId": 116, "dismissedMethod": "b", "isOut": true}}, {"playerId": 19, "r": 22, "b": 16, "sr": "137.50", "4s": 3, "6s": 0, "mod": {"dismissedBp": {"innings": 2, "over": 8, "ball": 3}, "countingBp": {"innings": 2, "over": 8, "ball": 3}, "text": "c Karn Sharma b Moises Henriques", "bowlerId": 388, "additionalPlayerIds": [1118], "dismissedMethod": "ct", "isOut": true}}, {"playerId": 187, "r": 15, "b": 14, "sr": "107.14", "4s": 1, "6s": 0, "mod": {"dismissedBp": {"innings": 2, "over": 13, "ball": 2}, "countingBp": {"innings": 2, "over": 13, "ball": 2}, "text": "c Trent Boult b Karn Sharma", "bowlerId": 1118, "additionalPlayerIds": [969], "dismissedMethod": "ct", "isOut": true}}, {"playerId": 16, "r": 42, "b": 33, "sr": "127.27", "4s": 2, "6s": 1, "mod": {"dismissedBp": {"innings": 2, "over": 18, "ball": 6}, "countingBp": {"innings": 2, "over": 18, "ball": 6}, "text": "c Praveen Kumar b Trent Boult", "bowlerId": 969, "additionalPlayerIds": [77], "dismissedMethod": "ct", "isOut": true}}, {"playerId": 1113, "r": 17, "b": 13, "sr": "130.76", "4s": 0, "6s": 1, "mod": {"dismissedBp": {"innings": 2, "over": 18, "ball": 1}, "countingBp": {"innings": 2, "over": 18, "ball": 1}, "text": "b Trent Boult", "bowlerId": 969, "dismissedMethod": "b", "isOut": true}}, {"playerId": 1088, "r": 4, "b": 6, "sr": "66.66", "4s": 0, "6s": 0, "mod": {"dismissedBp": {"innings": 2, "over": 19, "ball": 5}, "countingBp": {"innings": 2, "over": 19, "ball": 5}, "text": "lbw Bhuvneshwar Kumar", "bowlerId": 116, "dismissedMethod": "lbw", "isOut": true}}, {"playerId": 213, "r": 4, "b": 6, "sr": "66.66", "4s": 0, "6s": 0}, {"playerId": 412, "r": 0, "b": 2, "sr": "0.00", "4s": 0, "6s": 0, "mod": {"dismissedBp": {"innings": 2, "over": 20, "ball": 3}, "countingBp": {"innings": 2, "over": 20, "ball": 3}, "text": "c David Warner b Praveen Kumar", "bowlerId": 77, "additionalPlayerIds": [170], "dismissedMethod": "ct", "isOut": true}}, {"playerId": 1112, "r": 1, "b": 1, "sr": "100.00", "4s": 0, "6s": 0}], "bowlingStats": [{"playerId": 969, "ov": "4", "r": 19, "w": 3, "d": 14, "maid": 0, "e": "4.75", "wd": 2, "nb": 0}, {"playerId": 116, "ov": "4", "r": 23, "w": 2, "d": 12, "maid": 0, "e": "5.75", "wd": 1, "nb": 0}, {"playerId": 77, "ov": "4", "r": 34, "w": 1, "d": 6, "maid": 0, "e": "8.50", "wd": 2, "nb": 0}, {"playerId": 1118, "ov": "4", "r": 22, "w": 1, "d": 6, "maid": 0, "e": "5.50", "wd": 0, "nb": 0}, {"playerId": 388, "ov": "4", "r": 30, "w": 1, "d": 5, "maid": 0, "e": "7.50", "wd": 0, "nb": 0}], "fow": [{"bp": {"innings": 2, "over": 3, "ball": 2}, "playerId": 1085, "ret": false, "w": 1, "r": 10}, {"bp": {"innings": 2, "over": 4, "ball": 1}, "playerId": 191, "ret": false, "w": 2, "r": 13}, {"bp": {"innings": 2, "over": 8, "ball": 3}, "playerId": 19, "ret": false, "w": 3, "r": 45}, {"bp": {"innings": 2, "over": 9, "ball": 2}, "playerId": 7, "ret": false, "w": 4, "r": 53}, {"bp": {"innings": 2, "over": 13, "ball": 2}, "playerId": 187, "ret": false, "w": 5, "r": 72}, {"bp": {"innings": 2, "over": 18, "ball": 1}, "playerId": 1113, "ret": false, "w": 6, "r": 116}, {"bp": {"innings": 2, "over": 18, "ball": 6}, "playerId": 16, "ret": false, "w": 7, "r": 123}, {"bp": {"innings": 2, "over": 19, "ball": 5}, "playerId": 1088, "ret": false, "w": 8, "r": 126}, {"bp": {"innings": 2, "over": 20, "ball": 3}, "playerId": 412, "ret": false, "w": 9, "r": 127}], "extras": {"noBallRuns": 0, "wideRuns": 5, "byeRuns": 0, "legByeRuns": 2, "penaltyRuns": 0}, "declared": false}, "overHistory": [{"ovNo": 1, "ovBalls": [".", "3", ".", "1", ".", "."]}, {"ovNo": 2, "ovBalls": ["4", "1Wd", ".", ".", ".", ".", "."]}, {"ovNo": 3, "ovBalls": ["1", "W", "1Wd", "1Wd", ".", ".", "1", "."]}, {"ovNo": 4, "ovBalls": ["W", "1", "1", ".", "1", "1"]}, {"ovNo": 5, "ovBalls": [".", ".", "2", "1", "1", "."]}, {"ovNo": 6, "ovBalls": ["4", "1Wd", ".", "1Wd", "4", ".", "4", "1"]}, {"ovNo": 7, "ovBalls": ["1", "1", ".", "1", "1", "2"]}, {"ovNo": 8, "ovBalls": ["1", "2", "W", "2", ".", "1"]}, {"ovNo": 9, "ovBalls": ["4", "1W", "1", "1", ".", "1"]}, {"ovNo": 10, "ovBalls": [".", "1", "1", "1Lb", "1", "1"]}, {"ovNo": 11, "ovBalls": [".", "1", "1", "1", ".", "1"]}, {"ovNo": 12, "ovBalls": ["1", "2", "1", "1", ".", "1"]}, {"ovNo": 13, "ovBalls": ["1", "W", "1", "1", ".", "1"]}, {"ovNo": 14, "ovBalls": ["1", ".", "1", "1", ".", "1"]}, {"ovNo": 15, "ovBalls": ["2", "1", "2", "2", "1", "6"]}, {"ovNo": 16, "ovBalls": ["2", "2", "1", "1", ".", "6"]}, {"ovNo": 17, "ovBalls": ["2", "1", "4", "2", "1", "1"]}, {"ovNo": 18, "ovBalls": ["W", "2", ".", "1", "4", "W"]}, {"ovNo": 19, "ovBalls": ["1Lb", ".", "1", "1", "W", "."]}, {"ovNo": 20, "ovBalls": [".", "1", "W", "1", "1", "1"]}]}]}