{"matchInfo": {"additionalInfo": {"referee.name": "Prakash Bhatt", "report.link": "https://www.iplt20.com/news/167950", "toss.elected": "Chennai Super Kings, who chose to field", "match.summary": "", "umpire.name.1": "Bruce Oxenford", "umpire.name.2": "Ulhas Gandhe", "toss.winner": "Chennai Super Kings", "umpire.name.3": "Chris Gaffaney", "umpire.name.4": "Sadashiv Iyer", "result.playerofthematch": "MS Dhoni", "highlights.link": "https://www.iplt20.com/video/167931"}, "teams": [{"id": 11671, "team": {"id": 8, "fullName": "Rajasthan Royals", "shortName": "Royals", "abbreviation": "RR", "type": "m", "primaryColor": "004B8C", "secondaryColor": "FFFFFF"}, "players": [{"id": 135, "fullName": "Ajinkya Rahane", "shortName": "A Rahane", "nationality": "Indian", "dateOfBirth": "1988-06-06", "rightArmedBowl": true, "rightHandedBat": true, "bowlingStyle": "MEDIUM_SEAM"}, {"id": 509, "fullName": "Jos Buttler", "shortName": "J Buttler", "nationality": "English", "dateOfBirth": "1990-09-08", "rightArmedBowl": true, "rightHandedBat": true}, {"id": 271, "fullName": "Steve Smith", "shortName": "S Smith", "nationality": "Australian", "dateOfBirth": "1989-06-02", "rightArmedBowl": true, "rightHandedBat": true, "bowlingStyle": "LEG_SPIN"}, {"id": 258, "fullName": "Sanju Samson", "shortName": "S Samson", "nationality": "Indian", "dateOfBirth": "1994-11-11", "rightArmedBowl": true, "rightHandedBat": true}, {"id": 3838, "fullName": "Rahul Tripathi", "shortName": "R Tripathi", "nationality": "Indian", "dateOfBirth": "1991-03-02", "rightArmedBowl": true, "rightHandedBat": true, "bowlingStyle": "MEDIUM_SEAM"}, {"id": 1154, "fullName": "Ben Stokes", "shortName": "B Stokes", "nationality": "English", "dateOfBirth": "1991-06-04", "rightArmedBowl": true, "rightHandedBat": false, "bowlingStyle": "FAST_SEAM"}, {"id": 4445, "fullName": "Riyan Parag", "shortName": "R Parag", "nationality": "Indian", "dateOfBirth": "2001-11-10", "rightArmedBowl": true, "rightHandedBat": true, "bowlingStyle": "LEG_SPIN"}, {"id": 3502, "fullName": "Jofra Archer", "shortName": "J Archer", "nationality": "English", "dateOfBirth": "1995-04-01", "rightArmedBowl": true, "rightHandedBat": true, "bowlingStyle": "FAST_SEAM"}, {"id": 1748, "fullName": "Shreyas Gopal", "shortName": "S Gopal", "nationality": "Indian", "dateOfBirth": "1993-09-04", "rightArmedBowl": true, "rightHandedBat": true, "bowlingStyle": "LEG_SPIN"}, {"id": 86, "fullName": "Jaydev Unadkat", "shortName": "J Unadkat", "nationality": "Indian", "dateOfBirth": "1991-10-18", "rightArmedBowl": false, "rightHandedBat": true, "bowlingStyle": "MEDIUM_SEAM"}, {"id": 101, "fullName": "Dhawal Kulkarni", "shortName": "D Kulkarni", "nationality": "Indian", "dateOfBirth": "1988-12-10", "rightArmedBowl": true, "rightHandedBat": true, "bowlingStyle": "MEDIUM_SEAM"}], "wicketKeeper": {"id": 509, "fullName": "Jos Buttler", "shortName": "J Buttler", "nationality": "English", "dateOfBirth": "1990-09-08", "rightArmedBowl": true, "rightHandedBat": true}, "captain": {"id": 135, "fullName": "Ajinkya Rahane", "shortName": "A Rahane", "nationality": "Indian", "dateOfBirth": "1988-06-06", "rightArmedBowl": true, "rightHandedBat": true, "bowlingStyle": "MEDIUM_SEAM"}}, {"id": 11670, "team": {"id": 1, "fullName": "Chennai Super Kings", "shortName": "Super Kings", "abbreviation": "CSK", "type": "m", "primaryColor": "FDB913", "secondaryColor": "0081E5"}, "players": [{"id": 227, "fullName": "Shane Watson", "shortName": "S Watson", "nationality": "Australian", "dateOfBirth": "1981-06-17", "rightArmedBowl": true, "rightHandedBat": true, "bowlingStyle": "MEDIUM_SEAM"}, {"id": 24, "fullName": "Faf du Plessis", "shortName": "F du Plessis", "nationality": "South African", "dateOfBirth": "1984-07-13", "rightArmedBowl": true, "rightHandedBat": true, "bowlingStyle": "LEG_SPIN"}, {"id": 14, "fullName": "Suresh Raina", "shortName": "S Raina", "nationality": "Indian", "dateOfBirth": "1986-11-27", "rightArmedBowl": true, "rightHandedBat": false, "bowlingStyle": "OFF_SPIN"}, {"id": 100, "fullName": "Ambati Rayudu", "shortName": "A Rayudu", "nationality": "Indian", "dateOfBirth": "1985-09-23", "rightArmedBowl": true, "rightHandedBat": true, "bowlingStyle": "OFF_SPIN"}, {"id": 1, "fullName": "MS Dhoni", "shortName": "MS Dhoni", "nationality": "Indian", "dateOfBirth": "1981-07-07", "rightArmedBowl": true, "rightHandedBat": true, "bowlingStyle": "MEDIUM_SEAM"}, {"id": 297, "fullName": "Kedar Jadhav", "shortName": "K Jadhav", "nationality": "Indian", "dateOfBirth": "1985-03-26", "rightArmedBowl": true, "rightHandedBat": true, "bowlingStyle": "OFF_SPIN"}, {"id": 9, "fullName": "Ravindra Jadeja", "shortName": "R Jadeja", "nationality": "Indian", "dateOfBirth": "1988-12-06", "rightArmedBowl": false, "rightHandedBat": false, "bowlingStyle": "ORTHODOX"}, {"id": 1903, "fullName": "Mitchell Santner", "shortName": "M Santner", "nationality": "New Zealander", "dateOfBirth": "1992-02-05", "rightArmedBowl": false, "rightHandedBat": false, "bowlingStyle": "ORTHODOX"}, {"id": 140, "fullName": "Deepak Chahar", "shortName": "D Chahar", "nationality": "Indian", "dateOfBirth": "1992-08-07", "rightArmedBowl": true, "rightHandedBat": true, "bowlingStyle": "MEDIUM_SEAM"}, {"id": 1745, "fullName": "Shardul Thakur", "shortName": "S Thakur", "nationality": "Indian", "dateOfBirth": "1991-10-16", "rightArmedBowl": true, "rightHandedBat": true, "bowlingStyle": "MEDIUM_SEAM"}, {"id": 898, "fullName": "Imran Tahir", "shortName": "I Tahir", "nationality": "South African", "dateOfBirth": "1979-03-27", "rightArmedBowl": true, "rightHandedBat": true, "bowlingStyle": "LEG_SPIN"}], "wicketKeeper": {"id": 1, "fullName": "MS Dhoni", "shortName": "MS Dhoni", "nationality": "Indian", "dateOfBirth": "1981-07-07", "rightArmedBowl": true, "rightHandedBat": true, "bowlingStyle": "MEDIUM_SEAM"}, "captain": {"id": 1, "fullName": "MS Dhoni", "shortName": "MS Dhoni", "nationality": "Indian", "dateOfBirth": "1981-07-07", "rightArmedBowl": true, "rightHandedBat": true, "bowlingStyle": "MEDIUM_SEAM"}}], "venue": {"id": 3, "fullName": "Sawai Mansingh Stadium", "shortName": "Sawai Mansingh Stadium", "city": "Jaipur", "country": "India"}, "matchDate": "2019-04-11T20:00:00+0530", "matchEndDate": "2019-04-11T23:00:00+0530", "matchDateMs": 1554993000000, "matchEndDateMs": 1555003800000, "isLimitedOvers": true, "battingOrder": [0, 1], "matchBroadcast": false, "matchState": "C", "matchStatus": {"outcome": "B", "text": "Chennai Super Kings won by 4 wickets"}, "description": "Match 25", "matchSummary": "", "matchType": "IPLT20", "tournamentLabel": "IPL 2019", "oversLimit": 20, "groupName": ""}, "matchId": {"id": 11316, "name": "ipl2019-25", "tournamentId": {"id": 10192, "name": "ipl2019", "provisional": false}}, "currentState": {"inProgress": false, "phase": "C", "currentInningsIndex": 1, "currentBatsmen": [9, 1903], "facingBatsman": 9, "nonFacingBatsman": 1903, "currentBowler": -1, "previousBowler": 3502, "previousBowlerCurrentSpell": {"playerId": 3502, "ov": "2", "r": 15, "w": 0, "d": 3, "maid": 0, "e": "7.50", "wd": 0, "nb": 0}, "currentPartnership": 11, "partnership": {"runs": 11, "balls": 3, "runRate": "22.00"}, "recentOvers": [{"ovNo": 15, "ovBalls": ["1", "1", "1", "6", ".", "4"]}, {"ovNo": 16, "ovBalls": [".", "1", "1", "1", "1", "1"]}, {"ovNo": 17, "ovBalls": ["1", "2Lb", "1", "1Lb", "1", "1"]}, {"ovNo": 18, "ovBalls": [".", "4", "1Wd", "1", "W", "1", "2"]}, {"ovNo": 19, "ovBalls": ["1", "1Lb", "2", "2", "2", "4"]}, {"ovNo": 20, "ovBalls": ["6", "2Nb", "2", "W", "2", "2", "1Wd", "6"]}]}, "innings": [{"inningsNumber": 1, "runRate": "7.55", "overProgress": "20", "declared": false, "scorecard": {"runs": 151, "wkts": 7, "allOut": false, "battingStats": [{"playerId": 135, "r": 14, "b": 11, "sr": "127.27", "4s": 3, "6s": 0, "mod": {"dismissedBp": {"innings": 1, "over": 3, "ball": 5}, "countingBp": {"innings": 1, "over": 3, "ball": 5}, "text": "lbw Deepak Chahar", "bowlerId": 140, "dismissedMethod": "lbw", "isOut": true}}, {"playerId": 509, "r": 23, "b": 10, "sr": "230.00", "4s": 4, "6s": 1, "mod": {"dismissedBp": {"innings": 1, "over": 4, "ball": 4}, "countingBp": {"innings": 1, "over": 4, "ball": 4}, "text": "c Ambati Rayudu b Shardul Thakur", "bowlerId": 1745, "additionalPlayerIds": [100], "dismissedMethod": "ct", "isOut": true}}, {"playerId": 258, "r": 6, "b": 6, "sr": "100.00", "4s": 1, "6s": 0, "mod": {"dismissedBp": {"innings": 1, "over": 6, "ball": 2}, "countingBp": {"innings": 1, "over": 6, "ball": 2}, "text": "c sub (Shorey) b Mitchell Santner", "bowlerId": 1903, "dismissedMethod": "ct", "isOut": true}}, {"playerId": 271, "r": 15, "b": 22, "sr": "68.18", "4s": 1, "6s": 0, "mod": {"dismissedBp": {"innings": 1, "over": 11, "ball": 5}, "countingBp": {"innings": 1, "over": 11, "ball": 5}, "text": "c Ambati Rayudu b Ravindra Jadeja", "bowlerId": 9, "additionalPlayerIds": [100], "dismissedMethod": "ct", "isOut": true}}, {"playerId": 3838, "r": 10, "b": 12, "sr": "83.33", "4s": 1, "6s": 0, "mod": {"dismissedBp": {"innings": 1, "over": 9, "ball": 5}, "countingBp": {"innings": 1, "over": 9, "ball": 5}, "text": "c Kedar Jadhav b Ravindra Jadeja", "bowlerId": 9, "additionalPlayerIds": [297], "dismissedMethod": "ct", "isOut": true}}, {"playerId": 1154, "r": 28, "b": 26, "sr": "107.69", "4s": 1, "6s": 0, "mod": {"dismissedBp": {"innings": 1, "over": 19, "ball": 2}, "countingBp": {"innings": 1, "over": 19, "ball": 2}, "text": "b Deepak Chahar", "bowlerId": 140, "dismissedMethod": "b", "isOut": true}}, {"playerId": 4445, "r": 16, "b": 14, "sr": "114.28", "4s": 2, "6s": 0, "mod": {"dismissedBp": {"innings": 1, "over": 15, "ball": 7}, "countingBp": {"innings": 1, "over": 15, "ball": 6}, "text": "c MS Dhoni b Shardul Thakur", "bowlerId": 1745, "additionalPlayerIds": [1], "dismissedMethod": "ct", "isOut": true}}, {"playerId": 3502, "r": 13, "b": 12, "sr": "108.33", "4s": 1, "6s": 0}, {"playerId": 1748, "r": 19, "b": 7, "sr": "271.42", "4s": 2, "6s": 1}], "bowlingStats": [{"playerId": 140, "ov": "4", "r": 33, "w": 2, "d": 11, "maid": 0, "e": "8.25", "wd": 0, "nb": 0}, {"playerId": 1903, "ov": "4", "r": 25, "w": 1, "d": 11, "maid": 0, "e": "6.25", "wd": 1, "nb": 0}, {"playerId": 1745, "ov": "4", "r": 44, "w": 2, "d": 5, "maid": 0, "e": "11.00", "wd": 1, "nb": 0}, {"playerId": 9, "ov": "4", "r": 20, "w": 2, "d": 9, "maid": 0, "e": "5.00", "wd": 0, "nb": 0}, {"playerId": 898, "ov": "4", "r": 28, "w": 0, "d": 6, "maid": 0, "e": "7.00", "wd": 0, "nb": 0}], "fow": [{"bp": {"innings": 1, "over": 3, "ball": 5}, "playerId": 135, "ret": false, "w": 1, "r": 31}, {"bp": {"innings": 1, "over": 4, "ball": 4}, "playerId": 509, "ret": false, "w": 2, "r": 47}, {"bp": {"innings": 1, "over": 6, "ball": 2}, "playerId": 258, "ret": false, "w": 3, "r": 53}, {"bp": {"innings": 1, "over": 9, "ball": 5}, "playerId": 3838, "ret": false, "w": 4, "r": 69}, {"bp": {"innings": 1, "over": 11, "ball": 5}, "playerId": 271, "ret": false, "w": 5, "r": 78}, {"bp": {"innings": 1, "over": 15, "ball": 6}, "playerId": 4445, "ret": false, "w": 6, "r": 103}, {"bp": {"innings": 1, "over": 19, "ball": 2}, "playerId": 1154, "ret": false, "w": 7, "r": 126}], "extras": {"noBallRuns": 0, "wideRuns": 6, "byeRuns": 0, "legByeRuns": 1, "penaltyRuns": 0}, "declared": false}, "overHistory": [{"ovNo": 1, "ovBalls": ["1Lb", ".", "4", ".", "6", "."]}, {"ovNo": 2, "ovBalls": [".", ".", "4", "4", "5Wd", ".", "1"]}, {"ovNo": 3, "ovBalls": [".", "4", "1", "1", "W", "4"]}, {"ovNo": 4, "ovBalls": ["4", "4", "4", "W", ".", "1"]}, {"ovNo": 5, "ovBalls": ["1", ".", ".", "4", ".", "."]}, {"ovNo": 6, "ovBalls": [".", "W", "1", ".", ".", "."]}, {"ovNo": 7, "ovBalls": ["1", "1", ".", ".", "1", "1"]}, {"ovNo": 8, "ovBalls": ["2", ".", "1", "1", "1", "1"]}, {"ovNo": 9, "ovBalls": [".", "1", ".", "4", "W", "2"]}, {"ovNo": 10, "ovBalls": [".", ".", "1", ".", "1", "1"]}, {"ovNo": 11, "ovBalls": ["2", "1", "1", ".", "W", "1"]}, {"ovNo": 12, "ovBalls": ["1", "1", "1", "1", "1", "1"]}, {"ovNo": 13, "ovBalls": ["1", "1", ".", ".", "1", "1"]}, {"ovNo": 14, "ovBalls": ["4", ".", "4", ".", "1", "."]}, {"ovNo": 15, "ovBalls": ["1", ".", "1Wd", "2", "1", ".", "W"]}, {"ovNo": 16, "ovBalls": ["1", "1", "4", "1", "1", "2"]}, {"ovNo": 17, "ovBalls": [".", "1", "1", "1", "1", "."]}, {"ovNo": 18, "ovBalls": ["2", "2", "1", "1", "1", "1"]}, {"ovNo": 19, "ovBalls": ["1", "W", "1", "1", "4", "1"]}, {"ovNo": 20, "ovBalls": ["2", "4", "6", "1", "4", "1"]}]}, {"inningsNumber": 2, "runRate": "7.75", "overProgress": "20", "declared": false, "scorecard": {"runs": 155, "wkts": 6, "allOut": false, "battingStats": [{"playerId": 227, "r": 0, "b": 4, "sr": "0.00", "4s": 0, "6s": 0, "mod": {"dismissedBp": {"innings": 2, "over": 1, "ball": 4}, "countingBp": {"innings": 2, "over": 1, "ball": 4}, "text": "b Dhawal Kulkarni", "bowlerId": 101, "dismissedMethod": "b", "isOut": true}}, {"playerId": 24, "r": 7, "b": 10, "sr": "70.00", "4s": 0, "6s": 0, "mod": {"dismissedBp": {"innings": 2, "over": 4, "ball": 6}, "countingBp": {"innings": 2, "over": 4, "ball": 6}, "text": "c Rahul Tripathi b Jaydev Unadkat", "bowlerId": 86, "additionalPlayerIds": [3838], "dismissedMethod": "ct", "isOut": true}}, {"playerId": 14, "r": 4, "b": 4, "sr": "100.00", "4s": 1, "6s": 0, "mod": {"dismissedBp": {"innings": 2, "over": 2, "ball": 5}, "countingBp": {"innings": 2, "over": 2, "ball": 5}, "text": "run out (Jofra Archer)", "bowlerId": 86, "additionalPlayerIds": [3502], "dismissedMethod": "ro", "isOut": true}}, {"playerId": 100, "r": 57, "b": 47, "sr": "121.27", "4s": 2, "6s": 3, "mod": {"dismissedBp": {"innings": 2, "over": 18, "ball": 5}, "countingBp": {"innings": 2, "over": 18, "ball": 4}, "text": "c Shreyas Gopal b Ben Stokes", "bowlerId": 1154, "additionalPlayerIds": [1748], "dismissedMethod": "ct", "isOut": true}}, {"playerId": 297, "r": 1, "b": 6, "sr": "16.66", "4s": 0, "6s": 0, "mod": {"dismissedBp": {"innings": 2, "over": 6, "ball": 5}, "countingBp": {"innings": 2, "over": 6, "ball": 5}, "text": "c Ben Stokes b Jofra Archer", "bowlerId": 3502, "additionalPlayerIds": [1154], "dismissedMethod": "ct", "isOut": true}}, {"playerId": 1, "r": 58, "b": 43, "sr": "134.88", "4s": 2, "6s": 3, "mod": {"dismissedBp": {"innings": 2, "over": 20, "ball": 4}, "countingBp": {"innings": 2, "over": 20, "ball": 3}, "text": "b Ben Stokes", "bowlerId": 1154, "dismissedMethod": "b", "isOut": true}}, {"playerId": 9, "r": 9, "b": 4, "sr": "225.00", "4s": 0, "6s": 1}, {"playerId": 1903, "r": 10, "b": 3, "sr": "333.33", "4s": 0, "6s": 1}], "bowlingStats": [{"playerId": 101, "ov": "3", "r": 14, "w": 1, "d": 11, "maid": 1, "e": "4.66", "wd": 0, "nb": 0}, {"playerId": 86, "ov": "3", "r": 23, "w": 1, "d": 8, "maid": 0, "e": "7.66", "wd": 0, "nb": 0}, {"playerId": 3502, "ov": "4", "r": 19, "w": 1, "d": 11, "maid": 1, "e": "4.75", "wd": 0, "nb": 0}, {"playerId": 4445, "ov": "3", "r": 24, "w": 0, "d": 6, "maid": 0, "e": "8.00", "wd": 0, "nb": 0}, {"playerId": 1748, "ov": "4", "r": 31, "w": 0, "d": 3, "maid": 0, "e": "7.75", "wd": 0, "nb": 0}, {"playerId": 1154, "ov": "3", "r": 39, "w": 2, "d": 6, "maid": 0, "e": "13.00", "wd": 3, "nb": 1}], "fow": [{"bp": {"innings": 2, "over": 1, "ball": 4}, "playerId": 227, "ret": false, "w": 1, "r": 0}, {"bp": {"innings": 2, "over": 2, "ball": 5}, "playerId": 14, "ret": false, "w": 2, "r": 5}, {"bp": {"innings": 2, "over": 4, "ball": 6}, "playerId": 24, "ret": false, "w": 3, "r": 15}, {"bp": {"innings": 2, "over": 6, "ball": 5}, "playerId": 297, "ret": false, "w": 4, "r": 24}, {"bp": {"innings": 2, "over": 18, "ball": 4}, "playerId": 100, "ret": false, "w": 5, "r": 119}, {"bp": {"innings": 2, "over": 20, "ball": 3}, "playerId": 1, "ret": false, "w": 6, "r": 144}], "extras": {"noBallRuns": 1, "wideRuns": 3, "byeRuns": 0, "legByeRuns": 5, "penaltyRuns": 0}, "declared": false}, "overHistory": [{"ovNo": 1, "ovBalls": [".", ".", ".", "W", ".", "."]}, {"ovNo": 2, "ovBalls": [".", ".", "1", "4", "W", "."]}, {"ovNo": 3, "ovBalls": ["1", "2", "1", "1", ".", "."]}, {"ovNo": 4, "ovBalls": [".", "1", "3", ".", "1", "W"]}, {"ovNo": 5, "ovBalls": ["1", ".", ".", ".", "6", "2"]}, {"ovNo": 6, "ovBalls": [".", ".", ".", ".", "W", "."]}, {"ovNo": 7, "ovBalls": [".", "1", ".", ".", ".", "2"]}, {"ovNo": 8, "ovBalls": ["1", "1", ".", "1", "1", "1"]}, {"ovNo": 9, "ovBalls": ["1", "1", "2", "2", "1", "."]}, {"ovNo": 10, "ovBalls": ["1", "6", "1", "1", "1", "1"]}, {"ovNo": 11, "ovBalls": ["2", ".", "1", "6", "1", "4"]}, {"ovNo": 12, "ovBalls": [".", "1", ".", "1", "1", "1"]}, {"ovNo": 13, "ovBalls": ["1", "1", "1", ".", "6", "1"]}, {"ovNo": 14, "ovBalls": ["1", "6", "1Lb", "1", ".", "1Wd", "."]}, {"ovNo": 15, "ovBalls": ["1", "1", "1", "6", ".", "4"]}, {"ovNo": 16, "ovBalls": [".", "1", "1", "1", "1", "1"]}, {"ovNo": 17, "ovBalls": ["1", "2Lb", "1", "1Lb", "1", "1"]}, {"ovNo": 18, "ovBalls": [".", "4", "1Wd", "1", "W", "1", "2"]}, {"ovNo": 19, "ovBalls": ["1", "1Lb", "2", "2", "2", "4"]}, {"ovNo": 20, "ovBalls": ["6", "2Nb", "2", "W", "2", "2", "1Wd", "6"]}]}]}