{"matchInfo": {"additionalInfo": {"sixes.video.thumb": "https://iplplatform-static-files.s3.amazonaws.com/IPL/photo/2018/05/12/928e1997-721b-46a7-91da-60f06a38fc2e/Xotnhufd.jpg", "sixes.video.id": "136562", "match.video.thumb": "https://iplplatform-static-files.s3.amazonaws.com/IPL/photo/2018/05/12/45bf8aa2-7be1-4b08-9a48-1b348185a656/QQKlDxGk.jpg", "mom.video.thumb": "https://iplplatform-static-files.s3.amazonaws.com/IPL/photo/2018/05/12/27162b1f-b015-43eb-878e-8254fde2f112/IHFqJYwu.jpg", "mom.video.id": "136601", "referee.name": "Prakash Bhatt", "report.thumb": "https://iplplatform-static-files.s3.amazonaws.com/IPL/photo/2018/05/12/dcacd4e7-4167-4316-a900-60698544cf5d/DM1L5151.JPG", "match.summary": "", "umpire.name.1": "Kumar Dharmasena", "umpire.name.2": "Anil Chaudhary", "umpire.name.3": "K Ananthapadmanabhan", "interview.thumb": "https://iplplatform-static-files.s3.amazonaws.com/IPL/photo/2018/05/12/aa41ff06-a417-4885-a03f-489043575e1b/clarke.jpg", "umpire.name.4": "K Srinath", "result.playerofthematch": "AB de Villiers", "report.link": "https://www.iplt20.com/news/136566/report-m45-dd-vs-rcb", "toss.elected": "Royal Challengers Bangalore, who chose to field", "notes.1.1": "Powerplay 1 - 44 runs, 2 wickets", "notes.1.2": "Delhi Daredevils: 50 runs in 7.3 overs", "notes.2.1": "Powerplay 1 - 58 runs, 2 wickets", "notes.1.3": "3rd Wicket: 50 runs in 38 balls (Shreyas Iyer 14, Rishabh Pant 33)", "notes.2.2": "Royal Challengers Bangalore: 50 runs in 5.4 overs", "notes.1.4": "Rishabh Pant: 50 off 27 balls (4 x fours, 4 x sixes)", "notes.2.3": "3rd Wicket: 50 runs in 28 balls (Virat Kohli 36, AB de Villiers 13)", "notes.1.5": "Delhi Daredevils: 100 runs in 11.6 overs", "notes.2.4": "Virat Kohli: 50 off 26 balls (6 x fours, 2 x sixes)", "notes.1.6": "Delhi Daredevils: 150 runs in 17.2 overs ", "notes.2.5": "Royal Challengers Bangalore: 100 runs in 10.4 overs", "notes.1.7": "5th Wicket: 50 runs in 27 balls (Vijay Shankar 12, Abhishek Sharma 41)", "notes.2.6": "3rd Wicket: 100 runs in 57 balls (Virat Kohli 58, AB de Villiers 41)", "notes.1.8": "Innings Break: Delhi Daredevils - 181/4 in 20 overs (Vijay Shankar 21, Abhishek Sharma 46)", "notes.2.7": "AB de Villiers: 50 off 28 balls (4 x fours, 4 x sixes)", "highlights.link": "https://www.iplt20.com/video/136599", "notes.2.8": "Royal Challengers Bangalore: 150 runs in 15.2 overs", "match.video.id": "136599", "stats.link": "https://www.iplt20.com/news/136628/quick-stats-m45-dd-vs-rcb", "toss.winner": "Royal Challengers Bangalore", "interview.link": "https://www.iplt20.com/video/136621/sandeep-lamichhane-talks-to-michael-clarke-about-his-ipl-experience", "stats.thumb": "https://iplplatform-static-files.s3.amazonaws.com/IPL/photo/2018/05/12/d04947a1-c0ab-458e-afbb-5ec0ca43fd03/DM1L4795.JPG"}, "teams": [{"id": 9829, "team": {"id": 3, "fullName": "Delhi Capitals", "shortName": "Delhi", "abbreviation": "DC", "type": "m", "primaryColor": "004C93", "secondaryColor": "F83430"}, "players": [{"id": 3764, "fullName": "Prithvi Shaw", "shortName": "P Shaw", "nationality": "Indian", "dateOfBirth": "1999-11-09", "rightArmedBowl": true, "rightHandedBat": true, "bowlingStyle": "OFF_SPIN"}, {"id": 1906, "fullName": "Jason Roy", "shortName": "J Roy", "nationality": "English", "dateOfBirth": "1990-07-21", "rightArmedBowl": true, "rightHandedBat": true}, {"id": 1563, "fullName": "Shreyas Iyer", "shortName": "S Iyer", "nationality": "Indian", "dateOfBirth": "1994-12-06", "rightArmedBowl": true, "rightHandedBat": true, "bowlingStyle": "LEG_SPIN"}, {"id": 2972, "fullName": "Rishabh Pant", "shortName": "R Pant", "nationality": "Indian", "dateOfBirth": "1997-10-04", "rightArmedBowl": false, "rightHandedBat": false}, {"id": 1083, "fullName": "Vijay Shankar", "shortName": "V Shankar", "nationality": "Indian", "dateOfBirth": "1991-01-26", "rightArmedBowl": true, "rightHandedBat": true, "bowlingStyle": "MEDIUM_SEAM"}, {"id": 157, "fullName": "Harshal Patel", "shortName": "H Patel", "nationality": "Indian", "dateOfBirth": "1990-11-23", "rightArmedBowl": true, "rightHandedBat": true, "bowlingStyle": "MEDIUM_SEAM"}, {"id": 3760, "fullName": "Abhishek Sharma", "shortName": "A Sharma", "nationality": "Indian", "dateOfBirth": "2000-09-04", "rightArmedBowl": false, "rightHandedBat": false, "bowlingStyle": "ORTHODOX"}, {"id": 30, "fullName": "Amit Mishra", "shortName": "A Mishra", "nationality": "Indian", "dateOfBirth": "1982-11-24", "rightArmedBowl": true, "rightHandedBat": true, "bowlingStyle": "LEG_SPIN"}, {"id": 3013, "fullName": "Sandeep Lamichhane", "shortName": "S Lamichhane", "nationality": "Nepalese", "dateOfBirth": "2000-08-14", "rightArmedBowl": true, "rightHandedBat": true, "bowlingStyle": "LEG_SPIN"}, {"id": 4277, "fullName": "Junior Dala", "shortName": "J Dala", "nationality": "South African", "dateOfBirth": "1989-12-29", "rightArmedBowl": true, "rightHandedBat": true, "bowlingStyle": "MEDIUM_SEAM"}, {"id": 969, "fullName": "Trent Boult", "shortName": "T Boult", "nationality": "New Zealander", "dateOfBirth": "1989-07-22", "rightArmedBowl": false, "rightHandedBat": true, "bowlingStyle": "FAST_SEAM"}], "wicketKeeper": {"id": 2972, "fullName": "Rishabh Pant", "shortName": "R Pant", "nationality": "Indian", "dateOfBirth": "1997-10-04", "rightArmedBowl": false, "rightHandedBat": false}, "captain": {"id": 1563, "fullName": "Shreyas Iyer", "shortName": "S Iyer", "nationality": "Indian", "dateOfBirth": "1994-12-06", "rightArmedBowl": true, "rightHandedBat": true, "bowlingStyle": "LEG_SPIN"}}, {"id": 9828, "team": {"id": 9, "fullName": "Royal Challengers Bangalore", "shortName": "Challengers", "abbreviation": "RCB", "type": "m", "primaryColor": "000000", "secondaryColor": "FF3245"}, "players": [{"id": 44, "fullName": "Parthiv Patel", "shortName": "P Patel", "nationality": "Indian", "dateOfBirth": "1985-03-09", "rightArmedBowl": false, "rightHandedBat": false}, {"id": 164, "fullName": "Virat Kohli", "shortName": "V Kohli", "nationality": "Indian", "dateOfBirth": "1988-11-05", "rightArmedBowl": true, "rightHandedBat": true, "bowlingStyle": "MEDIUM_SEAM"}, {"id": 233, "fullName": "AB de Villiers", "shortName": "AB de Villiers", "nationality": "South African", "dateOfBirth": "1984-02-17", "rightArmedBowl": true, "rightHandedBat": true, "bowlingStyle": "MEDIUM_SEAM"}, {"id": 72, "fullName": "Mandeep Singh", "shortName": "M Singh", "nationality": "Indian", "dateOfBirth": "1991-12-18", "rightArmedBowl": true, "rightHandedBat": true}, {"id": 1735, "fullName": "Moeen Ali", "shortName": "M Ali", "nationality": "English", "dateOfBirth": "1987-06-18", "rightArmedBowl": true, "rightHandedBat": false, "bowlingStyle": "OFF_SPIN"}, {"id": 1564, "fullName": "Sarfaraz Khan", "shortName": "SN Khan", "nationality": "Indian", "dateOfBirth": "1997-10-22", "rightArmedBowl": true, "rightHandedBat": true, "bowlingStyle": "LEG_SPIN"}, {"id": 820, "fullName": "Colin de Grandhomme", "shortName": "C de Grandhomme", "nationality": "New Zealander", "dateOfBirth": "1986-07-22", "rightArmedBowl": true, "rightHandedBat": true, "bowlingStyle": "MEDIUM_SEAM"}, {"id": 307, "fullName": "Tim Southee", "shortName": "T Southee", "nationality": "New Zealander", "dateOfBirth": "1988-12-11", "rightArmedBowl": true, "rightHandedBat": true, "bowlingStyle": "MEDIUM_SEAM"}, {"id": 59, "fullName": "Umesh Yadav", "shortName": "U Yadav", "nationality": "Indian", "dateOfBirth": "1987-10-25", "rightArmedBowl": true, "rightHandedBat": true, "bowlingStyle": "FAST_SEAM"}, {"id": 3840, "fullName": "Mohammed Siraj", "shortName": "M Siraj", "nationality": "Indian", "dateOfBirth": "1994-03-13", "rightArmedBowl": true, "rightHandedBat": true, "bowlingStyle": "MEDIUM_SEAM"}, {"id": 111, "fullName": "Yuzvendra Chahal", "shortName": "Y Chahal", "nationality": "Indian", "dateOfBirth": "1990-07-23", "rightArmedBowl": true, "rightHandedBat": true, "bowlingStyle": "LEG_SPIN"}], "wicketKeeper": {"id": 44, "fullName": "Parthiv Patel", "shortName": "P Patel", "nationality": "Indian", "dateOfBirth": "1985-03-09", "rightArmedBowl": false, "rightHandedBat": false}, "captain": {"id": 164, "fullName": "Virat Kohli", "shortName": "V Kohli", "nationality": "Indian", "dateOfBirth": "1988-11-05", "rightArmedBowl": true, "rightHandedBat": true, "bowlingStyle": "MEDIUM_SEAM"}}], "venue": {"id": 8, "fullName": "Arun Jaitley Stadium", "shortName": "Arun Jaitley Stadium", "city": "Delhi", "country": "India"}, "matchDate": "2018-05-12T20:00:00+0530", "matchEndDate": "2018-05-12T23:00:00+0530", "matchDateMs": 1526135400000, "matchEndDateMs": 1526146200000, "isLimitedOvers": true, "battingOrder": [0, 1], "matchBroadcast": false, "matchState": "C", "matchStatus": {"outcome": "B", "text": "Royal Challengers Bangalore won by 5 wickets"}, "description": "Match 45", "matchSummary": "", "matchType": "IPLT20", "tournamentLabel": "IPL 2018", "oversLimit": 20, "groupName": ""}, "matchId": {"id": 7938, "name": "ipl2018-45", "tournamentId": {"id": 7749, "name": "ipl2018", "provisional": false}}, "currentState": {"inProgress": false, "phase": "C", "currentInningsIndex": 1, "currentBatsmen": [233, 820], "facingBatsman": 820, "nonFacingBatsman": 233, "currentBowler": -1, "previousBowler": 157, "previousBowlerCurrentSpell": {"playerId": 157, "ov": "1", "r": 14, "w": 1, "d": 3, "maid": 0, "e": "14.00", "wd": 3, "nb": 0}, "currentPartnership": 19, "partnership": {"runs": 19, "balls": 7, "runRate": "16.28"}, "recentOvers": [{"ovNo": 14, "ovBalls": ["4", "W", ".", "1", "1", "1"]}, {"ovNo": 15, "ovBalls": [".", "6", ".", ".", "2", "."]}, {"ovNo": 16, "ovBalls": ["1", "2", ".", ".", "1", "2"]}, {"ovNo": 17, "ovBalls": ["W", "1", "1", "1", "1", "1"]}, {"ovNo": 18, "ovBalls": [".", "1Wd", "4", "1Wd", "4", ".", "W", "3Wd", "1"]}, {"ovNo": 19, "ovBalls": ["1", "6", "1", ".", "1", "6"]}]}, "innings": [{"inningsNumber": 1, "runRate": "9.05", "overProgress": "20", "declared": false, "scorecard": {"runs": 181, "wkts": 4, "allOut": false, "battingStats": [{"playerId": 3764, "r": 2, "b": 4, "sr": "50.00", "4s": 0, "6s": 0, "mod": {"dismissedBp": {"innings": 1, "over": 1, "ball": 6}, "countingBp": {"innings": 1, "over": 1, "ball": 6}, "text": "b Yuzvendra Chahal", "bowlerId": 111, "dismissedMethod": "b", "isOut": true}}, {"playerId": 1906, "r": 12, "b": 9, "sr": "133.33", "4s": 1, "6s": 1, "mod": {"dismissedBp": {"innings": 1, "over": 3, "ball": 4}, "countingBp": {"innings": 1, "over": 3, "ball": 4}, "text": "b Yuzvendra Chahal", "bowlerId": 111, "dismissedMethod": "b", "isOut": true}}, {"playerId": 1563, "r": 32, "b": 35, "sr": "91.42", "4s": 3, "6s": 0, "mod": {"dismissedBp": {"innings": 1, "over": 16, "ball": 1}, "countingBp": {"innings": 1, "over": 16, "ball": 1}, "text": "c Virat Kohli b Mohammed Siraj", "bowlerId": 3840, "additionalPlayerIds": [164], "dismissedMethod": "ct", "isOut": true}}, {"playerId": 2972, "r": 61, "b": 34, "sr": "179.41", "4s": 5, "6s": 4, "mod": {"dismissedBp": {"innings": 1, "over": 13, "ball": 7}, "countingBp": {"innings": 1, "over": 13, "ball": 6}, "text": "c AB de Villiers b Moeen Ali", "bowlerId": 1735, "additionalPlayerIds": [233], "dismissedMethod": "ct", "isOut": true}}, {"playerId": 1083, "r": 21, "b": 20, "sr": "105.00", "4s": 2, "6s": 0}, {"playerId": 3760, "r": 46, "b": 19, "sr": "242.10", "4s": 3, "6s": 4}], "bowlingStats": [{"playerId": 111, "ov": "4", "r": 28, "w": 2, "d": 9, "maid": 0, "e": "7.00", "wd": 0, "nb": 0}, {"playerId": 59, "ov": "3", "r": 28, "w": 0, "d": 8, "maid": 0, "e": "9.33", "wd": 1, "nb": 0}, {"playerId": 307, "ov": "4", "r": 41, "w": 0, "d": 7, "maid": 0, "e": "10.25", "wd": 2, "nb": 1}, {"playerId": 1735, "ov": "4", "r": 25, "w": 1, "d": 9, "maid": 0, "e": "6.25", "wd": 2, "nb": 0}, {"playerId": 3840, "ov": "4", "r": 46, "w": 1, "d": 7, "maid": 0, "e": "11.50", "wd": 0, "nb": 0}, {"playerId": 820, "ov": "1", "r": 12, "w": 0, "d": 0, "maid": 0, "e": "12.00", "wd": 0, "nb": 0}], "fow": [{"bp": {"innings": 1, "over": 1, "ball": 6}, "playerId": 3764, "ret": false, "w": 1, "r": 4}, {"bp": {"innings": 1, "over": 3, "ball": 4}, "playerId": 1906, "ret": false, "w": 2, "r": 16}, {"bp": {"innings": 1, "over": 13, "ball": 6}, "playerId": 2972, "ret": false, "w": 3, "r": 109}, {"bp": {"innings": 1, "over": 16, "ball": 1}, "playerId": 1563, "ret": false, "w": 4, "r": 120}], "extras": {"noBallRuns": 1, "wideRuns": 5, "byeRuns": 0, "legByeRuns": 1, "penaltyRuns": 0}, "declared": false}, "overHistory": [{"ovNo": 1, "ovBalls": [".", "1", "1", "1", "1", "W"]}, {"ovNo": 2, "ovBalls": ["6", ".", ".", "1Wd", ".", "4", "."]}, {"ovNo": 3, "ovBalls": [".", ".", "1", "W", "1", "4"]}, {"ovNo": 4, "ovBalls": [".", "4", "1Wd", "2", ".", ".", "."]}, {"ovNo": 5, "ovBalls": ["1", "1", "1Lb", "4", ".", "4"]}, {"ovNo": 6, "ovBalls": ["2", ".", "1", "1", ".", "1"]}, {"ovNo": 7, "ovBalls": ["1", ".", "1", ".", "1Wd", ".", "1"]}, {"ovNo": 8, "ovBalls": [".", "1", "6", "6", "1", "."]}, {"ovNo": 9, "ovBalls": ["1", ".", ".", "1", "1", "1"]}, {"ovNo": 10, "ovBalls": ["4", "1", "1", "1", "1", "4"]}, {"ovNo": 11, "ovBalls": ["6", ".", "1", ".", "1", "1"]}, {"ovNo": 12, "ovBalls": ["6", "4", "1", "1", ".", "2"]}, {"ovNo": 13, "ovBalls": ["1Wd", "1", ".", "1", "1", "4", "W"]}, {"ovNo": 14, "ovBalls": [".", ".", "1", "1", ".", "2"]}, {"ovNo": 15, "ovBalls": ["1", ".", "4", ".", "1", "1"]}, {"ovNo": 16, "ovBalls": ["W", "1", "4", ".", ".", "."]}, {"ovNo": 17, "ovBalls": ["1", "2", "1Wd", "4", "6", "6", "2"]}, {"ovNo": 18, "ovBalls": ["1", "6", "1", "4", "1", "1"]}, {"ovNo": 19, "ovBalls": ["1", "2Nb", "1", "1", "1", ".", "1"]}, {"ovNo": 20, "ovBalls": ["1", ".", "6", "4", "1", "1"]}]}, {"inningsNumber": 2, "runRate": "9.84", "overProgress": "19", "declared": false, "scorecard": {"runs": 187, "wkts": 5, "allOut": false, "battingStats": [{"playerId": 44, "r": 6, "b": 8, "sr": "75.00", "4s": 1, "6s": 0, "mod": {"dismissedBp": {"innings": 2, "over": 3, "ball": 4}, "countingBp": {"innings": 2, "over": 3, "ball": 4}, "text": "lbw Sandeep Lamichhane", "bowlerId": 3013, "dismissedMethod": "lbw", "isOut": true}}, {"playerId": 1735, "r": 1, "b": 3, "sr": "33.33", "4s": 0, "6s": 0, "mod": {"dismissedBp": {"innings": 2, "over": 2, "ball": 1}, "countingBp": {"innings": 2, "over": 2, "ball": 1}, "text": "c Prithvi Shaw b Trent Boult", "bowlerId": 969, "additionalPlayerIds": [3764], "dismissedMethod": "ct", "isOut": true}}, {"playerId": 164, "r": 70, "b": 40, "sr": "175.00", "4s": 7, "6s": 3, "mod": {"dismissedBp": {"innings": 2, "over": 14, "ball": 2}, "countingBp": {"innings": 2, "over": 14, "ball": 2}, "text": "c Rishabh Pant b Amit Mishra", "bowlerId": 30, "additionalPlayerIds": [2972], "dismissedMethod": "ct", "isOut": true}}, {"playerId": 233, "r": 72, "b": 37, "sr": "194.59", "4s": 4, "6s": 6}, {"playerId": 72, "r": 13, "b": 14, "sr": "92.85", "4s": 0, "6s": 1, "mod": {"dismissedBp": {"innings": 2, "over": 17, "ball": 1}, "countingBp": {"innings": 2, "over": 17, "ball": 1}, "text": "b Trent Boult", "bowlerId": 969, "dismissedMethod": "b", "isOut": true}}, {"playerId": 1564, "r": 11, "b": 8, "sr": "137.50", "4s": 2, "6s": 0, "mod": {"dismissedBp": {"innings": 2, "over": 18, "ball": 7}, "countingBp": {"innings": 2, "over": 18, "ball": 5}, "text": "c Prithvi Shaw b Harshal Patel", "bowlerId": 157, "additionalPlayerIds": [3764], "dismissedMethod": "ct", "isOut": true}}, {"playerId": 820, "r": 3, "b": 4, "sr": "75.00", "4s": 0, "6s": 0}], "bowlingStats": [{"playerId": 3013, "ov": "4", "r": 25, "w": 1, "d": 10, "maid": 0, "e": "6.25", "wd": 0, "nb": 0}, {"playerId": 969, "ov": "4", "r": 40, "w": 2, "d": 5, "maid": 0, "e": "10.00", "wd": 0, "nb": 0}, {"playerId": 4277, "ov": "3", "r": 34, "w": 0, "d": 7, "maid": 0, "e": "11.33", "wd": 1, "nb": 0}, {"playerId": 157, "ov": "4", "r": 51, "w": 1, "d": 8, "maid": 0, "e": "12.75", "wd": 3, "nb": 0}, {"playerId": 30, "ov": "4", "r": 33, "w": 1, "d": 7, "maid": 0, "e": "8.25", "wd": 1, "nb": 0}], "fow": [{"bp": {"innings": 2, "over": 2, "ball": 1}, "playerId": 1735, "ret": false, "w": 1, "r": 6}, {"bp": {"innings": 2, "over": 3, "ball": 4}, "playerId": 44, "ret": false, "w": 2, "r": 18}, {"bp": {"innings": 2, "over": 14, "ball": 2}, "playerId": 164, "ret": false, "w": 3, "r": 136}, {"bp": {"innings": 2, "over": 17, "ball": 1}, "playerId": 72, "ret": false, "w": 4, "r": 153}, {"bp": {"innings": 2, "over": 18, "ball": 5}, "playerId": 1564, "ret": false, "w": 5, "r": 168}], "extras": {"noBallRuns": 0, "wideRuns": 7, "byeRuns": 4, "legByeRuns": 0, "penaltyRuns": 0}, "declared": false}, "overHistory": [{"ovNo": 1, "ovBalls": ["1", ".", "1", ".", "4B", "."]}, {"ovNo": 2, "ovBalls": ["W", "1", "1", "4", "1", "."]}, {"ovNo": 3, "ovBalls": [".", "1", "4", "W", ".", "."]}, {"ovNo": 4, "ovBalls": [".", "4", "1Wd", "6", "4", ".", "2"]}, {"ovNo": 5, "ovBalls": [".", ".", "4", "1", "4", "1"]}, {"ovNo": 6, "ovBalls": ["1", "1", ".", "6", "1", "4"]}, {"ovNo": 7, "ovBalls": ["4", ".", "1", "1", "1", "1"]}, {"ovNo": 8, "ovBalls": ["1", "1", "1", "1", "6", "."]}, {"ovNo": 9, "ovBalls": [".", "2", "4", "1", "1", "1"]}, {"ovNo": 10, "ovBalls": ["1", "1", "1Wd", "1", ".", "6", "."]}, {"ovNo": 11, "ovBalls": [".", ".", "1", "4", "1", "2"]}, {"ovNo": 12, "ovBalls": ["1", "1", "1", "1", "6", "."]}, {"ovNo": 13, "ovBalls": ["6", "1", ".", "4", "6", "2"]}, {"ovNo": 14, "ovBalls": ["4", "W", ".", "1", "1", "1"]}, {"ovNo": 15, "ovBalls": [".", "6", ".", ".", "2", "."]}, {"ovNo": 16, "ovBalls": ["1", "2", ".", ".", "1", "2"]}, {"ovNo": 17, "ovBalls": ["W", "1", "1", "1", "1", "1"]}, {"ovNo": 18, "ovBalls": [".", "1Wd", "4", "1Wd", "4", ".", "W", "3Wd", "1"]}, {"ovNo": 19, "ovBalls": ["1", "6", "1", ".", "1", "6"]}]}]}