{"matchInfo": {"additionalInfo": {"sixes.video.thumb": "http://brightcove.vo.llnwd.net/v1/unsecured/media/3588749423001/201504/2583/3588749423001_4202115997001_video-still-for-video-4201949559001.jpg?pubId=3588749423001", "sixes.video.id": "4201949559001", "match.video.thumb": "http://brightcove.vo.llnwd.net/v1/unsecured/media/3588749423001/201504/1625/3588749423001_4202248167001_video-still-for-video-4202243892001.jpg?pubId=3588749423001", "mom.video.thumb": "http://brightcove.vo.llnwd.net/v1/unsecured/media/3588749423001/201504/2057/3588749423001_4202409517001_video-still-for-video-4202243905001.jpg?pubId=3588749423001", "mom.video.id": "4202243905001", "referee.name": "Javagal Srinath", "report.thumb": "http://static2.iplt20.com/cms/media/images/320x213/38921.jpg", "match.summary": "", "umpire.name.1": "Vineet Kulkarni", "umpire.name.2": "Rajesh Deshpande", "umpire.name.3": "Richard Illingworth", "interview.thumb": "http://static2.iplt20.com/cms/media/images/320x213/38955.jpg", "umpire.name.4": "Krishnamachari Bharatan", "away.team.fan.total": "18523", "result.playerofthematch": "Dwayne Bravo", "toss.elected": "Kolkata Knight Riders, who chose to field", "notes.1.1": "Powerplay 1 - 53 runs, 1 wicket", "notes.1.2": "CSK: 50 runs in 5.4 overs", "notes.2.1": "Powerplay 1: Overs 0.1 - 6.0 (Mandatory - 54 runs, 2 wickets)", "notes.1.3": "CSK: 100 runs in 15.1 overs", "notes.2.2": "KKR: 50 runs in 4.6 overs", "notes.1.4": "Innings Break: CSK - 134/6 in 20 overs", "notes.2.3": "2nd Wicket: 50 runs in 28 balls (Robin Uthappa 38, Manish Pandey 12)", "notes.2.4": "KKR: 100 runs in 16.5 overs", "highlights.link": "http://www.iplt20.com/videos/media/id/4202243892001/m28-csk-vs-kkr-match-highlights", "match.video.id": "4202243892001", "stats.link": "http://www.iplt20.com/news/2015/more-news/6378/quick-stats-m28-csk-vs-kkr", "home.team.fan.total": "15503", "photostream.link": "http://www.iplt20.com/photos/276/ipl-2015-match-28-csk-v-kkr", "toss.winner": "Kolkata Knight Riders", "interview.link": "http://www.iplt20.com/news/2015/features/6376/bravo-tells-of-msds-magic-in-stunning-win", "stats.thumb": "http://static2.iplt20.com/cms/media/images/320x213/38956.jpg"}, "teams": [{"id": 3711, "team": {"id": 1, "fullName": "Chennai Super Kings", "shortName": "Super Kings", "abbreviation": "CSK", "type": "m", "primaryColor": "FDB913", "secondaryColor": "0081E5"}, "players": [{"id": 202, "fullName": "Brendon McCullum", "shortName": "B McCullum", "nationality": "New Zealander", "dateOfBirth": "1981-09-27", "rightArmedBowl": true, "rightHandedBat": true, "bowlingStyle": "MEDIUM_SEAM"}, {"id": 413, "fullName": "Dwayne Smith", "shortName": "DR Smith", "nationality": "West Indian", "dateOfBirth": "1983-04-12", "rightArmedBowl": true, "rightHandedBat": true}, {"id": 14, "fullName": "Suresh Raina", "shortName": "S Raina", "nationality": "Indian", "dateOfBirth": "1986-11-27", "rightArmedBowl": true, "rightHandedBat": false, "bowlingStyle": "OFF_SPIN"}, {"id": 24, "fullName": "Faf du Plessis", "shortName": "F du Plessis", "nationality": "South African", "dateOfBirth": "1984-07-13", "rightArmedBowl": true, "rightHandedBat": true, "bowlingStyle": "LEG_SPIN"}, {"id": 25, "fullName": "Dwayne Bravo", "shortName": "DJ Bravo", "nationality": "West Indian", "dateOfBirth": "1983-10-07", "rightArmedBowl": true, "rightHandedBat": true, "bowlingStyle": "MEDIUM_SEAM"}, {"id": 9, "fullName": "Ravindra Jadeja", "shortName": "R Jadeja", "nationality": "Indian", "dateOfBirth": "1988-12-06", "rightArmedBowl": false, "rightHandedBat": false, "bowlingStyle": "ORTHODOX"}, {"id": 1, "fullName": "MS Dhoni", "shortName": "MS Dhoni", "nationality": "Indian", "dateOfBirth": "1981-07-07", "rightArmedBowl": true, "rightHandedBat": true, "bowlingStyle": "MEDIUM_SEAM"}, {"id": 8, "fullName": "Ravichandran Ashwin", "shortName": "R Ashwin", "nationality": "Indian", "dateOfBirth": "1986-09-17", "rightArmedBowl": true, "rightHandedBat": true, "bowlingStyle": "OFF_SPIN"}, {"id": 1107, "fullName": "Mohit Sharma", "shortName": "M Sharma", "nationality": "Indian", "dateOfBirth": "1991-12-19", "rightArmedBowl": false, "rightHandedBat": true}, {"id": 1090, "fullName": "Ishwar Pandey", "shortName": "I Pandey", "nationality": "Indian", "dateOfBirth": "1989-08-15", "rightArmedBowl": true, "rightHandedBat": true}, {"id": 115, "fullName": "Ashish Nehra", "shortName": "A Nehra", "nationality": "Indian", "dateOfBirth": "1979-04-29", "rightArmedBowl": false, "rightHandedBat": true, "bowlingStyle": "MEDIUM_SEAM"}], "wicketKeeper": {"id": 1, "fullName": "MS Dhoni", "shortName": "MS Dhoni", "nationality": "Indian", "dateOfBirth": "1981-07-07", "rightArmedBowl": true, "rightHandedBat": true, "bowlingStyle": "MEDIUM_SEAM"}, "captain": {"id": 1, "fullName": "MS Dhoni", "shortName": "MS Dhoni", "nationality": "Indian", "dateOfBirth": "1981-07-07", "rightArmedBowl": true, "rightHandedBat": true, "bowlingStyle": "MEDIUM_SEAM"}}, {"id": 3710, "team": {"id": 5, "fullName": "Kolkata Knight Riders", "shortName": "Knight Riders", "abbreviation": "KKR", "type": "m", "primaryColor": "6F2C91", "secondaryColor": "FFFFFF"}, "players": [{"id": 127, "fullName": "Robin Uthappa", "shortName": "R Uthappa", "nationality": "Indian", "dateOfBirth": "1985-11-11", "rightArmedBowl": true, "rightHandedBat": true}, {"id": 84, "fullName": "Gautam Gambhir", "shortName": "G Gambhir", "nationality": "Indian", "dateOfBirth": "1981-10-14", "rightArmedBowl": true, "rightHandedBat": false, "bowlingStyle": "LEG_SPIN"}, {"id": 123, "fullName": "Manish Pandey", "shortName": "M Pandey", "nationality": "Indian", "dateOfBirth": "1989-09-10", "rightArmedBowl": true, "rightHandedBat": true, "bowlingStyle": "MEDIUM_SEAM"}, {"id": 108, "fullName": "Suryakumar Yadav", "shortName": "S Yadav", "nationality": "Indian", "dateOfBirth": "1990-09-14", "rightArmedBowl": true, "rightHandedBat": true}, {"id": 96, "fullName": "Yusuf Pathan", "shortName": "Y Pathan", "nationality": "Indian", "dateOfBirth": "1982-11-17", "rightArmedBowl": false, "rightHandedBat": true}, {"id": 200, "fullName": "Ryan ten Doeschate", "shortName": "R ten Doeschate", "nationality": "Dutch", "dateOfBirth": "1980-06-30", "rightArmedBowl": false, "rightHandedBat": false}, {"id": 177, "fullName": "Andre Russell", "shortName": "A Russell", "nationality": "West Indian", "dateOfBirth": "1988-04-29", "rightArmedBowl": true, "rightHandedBat": true, "bowlingStyle": "FAST_SEAM"}, {"id": 76, "fullName": "Piyush Chawla", "shortName": "P Chawla", "nationality": "Indian", "dateOfBirth": "1988-12-24", "rightArmedBowl": true, "rightHandedBat": false, "bowlingStyle": "LEG_SPIN"}, {"id": 488, "fullName": "Pat Cummins", "shortName": "P Cummins", "nationality": "Australian", "dateOfBirth": "1993-05-08", "rightArmedBowl": true, "rightHandedBat": true, "bowlingStyle": "FAST_SEAM"}, {"id": 231, "fullName": "Brad Hogg", "shortName": "B Hogg", "nationality": "Australian", "dateOfBirth": "1971-02-06", "rightArmedBowl": false, "rightHandedBat": false}, {"id": 59, "fullName": "Umesh Yadav", "shortName": "U Yadav", "nationality": "Indian", "dateOfBirth": "1987-10-25", "rightArmedBowl": true, "rightHandedBat": true, "bowlingStyle": "FAST_SEAM"}], "wicketKeeper": {"id": 127, "fullName": "Robin Uthappa", "shortName": "R Uthappa", "nationality": "Indian", "dateOfBirth": "1985-11-11", "rightArmedBowl": true, "rightHandedBat": true}, "captain": {"id": 84, "fullName": "Gautam Gambhir", "shortName": "G Gambhir", "nationality": "Indian", "dateOfBirth": "1981-10-14", "rightArmedBowl": true, "rightHandedBat": false, "bowlingStyle": "LEG_SPIN"}}], "venue": {"id": 1, "fullName": "M. A. Chidambaram Stadium", "shortName": "Chidambaram", "city": "Chennai", "country": "India"}, "matchDate": "2015-04-28T20:00:00+0530", "matchEndDate": "2015-04-28T23:00:00+0530", "matchDateMs": 1430231400000, "matchEndDateMs": 1430242200000, "isLimitedOvers": true, "battingOrder": [0, 1], "matchBroadcast": false, "matchState": "C", "matchStatus": {"outcome": "A", "text": "Chennai Super Kings won by 2 runs"}, "description": "Match 28", "matchSummary": "", "matchType": "IPLT20", "tournamentLabel": "IPL 2015", "oversLimit": 20, "groupName": ""}, "matchId": {"id": 3253, "name": "ipl2015-28", "tournamentId": {"id": 2785, "name": "ipl2015", "provisional": false}}, "currentState": {"inProgress": false, "phase": "C", "currentInningsIndex": 1, "currentBatsmen": [200, 231], "facingBatsman": 231, "nonFacingBatsman": 200, "currentBowler": -1, "previousBowler": 115, "previousBowlerCurrentSpell": {"playerId": 115, "ov": "2", "r": 18, "w": 1, "d": 3, "maid": 0, "e": "9.00", "wd": 0, "nb": 0}, "currentPartnership": 16, "partnership": {"runs": 16, "balls": 7, "runRate": "13.71"}, "recentOvers": [{"ovNo": 15, "ovBalls": ["1", "1", "1", ".", "1", "2"]}, {"ovNo": 16, "ovBalls": ["1", "W", "1", "1", "1", "1"]}, {"ovNo": 17, "ovBalls": ["1", "1", "1", "1", "1W", "1Lb"]}, {"ovNo": 18, "ovBalls": ["W", "2", "1Lb", ".", "W", "1"]}, {"ovNo": 19, "ovBalls": [".", "4", "6", "1", "W", "2"]}, {"ovNo": 20, "ovBalls": [".", ".", ".", "6", "4", "4"]}]}, "innings": [{"inningsNumber": 1, "runRate": "6.70", "overProgress": "20", "declared": false, "scorecard": {"runs": 134, "wkts": 6, "allOut": false, "battingStats": [{"playerId": 413, "r": 25, "b": 19, "sr": "131.57", "4s": 3, "6s": 1, "mod": {"dismissedBp": {"innings": 1, "over": 9, "ball": 4}, "countingBp": {"innings": 1, "over": 9, "ball": 4}, "text": "run out (Yusuf Pathan)", "bowlerId": 231, "additionalPlayerIds": [96], "dismissedMethod": "ro", "isOut": true}}, {"playerId": 202, "r": 19, "b": 14, "sr": "135.71", "4s": 3, "6s": 1, "mod": {"dismissedBp": {"innings": 1, "over": 5, "ball": 4}, "countingBp": {"innings": 1, "over": 5, "ball": 4}, "text": "lbw Piyush Chawla", "bowlerId": 76, "dismissedMethod": "lbw", "isOut": true}}, {"playerId": 14, "r": 17, "b": 21, "sr": "80.95", "4s": 2, "6s": 1, "mod": {"dismissedBp": {"innings": 1, "over": 10, "ball": 4}, "countingBp": {"innings": 1, "over": 10, "ball": 3}, "text": "c Robin Uthappa b Andre Russell", "bowlerId": 177, "additionalPlayerIds": [127], "dismissedMethod": "ct", "isOut": true}}, {"playerId": 24, "r": 29, "b": 29, "sr": "100.00", "4s": 1, "6s": 0}, {"playerId": 1, "r": 3, "b": 6, "sr": "50.00", "4s": 0, "6s": 0, "mod": {"dismissedBp": {"innings": 1, "over": 12, "ball": 3}, "countingBp": {"innings": 1, "over": 12, "ball": 3}, "text": "c Robin Uthappa b Andre Russell", "bowlerId": 177, "additionalPlayerIds": [127], "dismissedMethod": "ct", "isOut": true}}, {"playerId": 25, "r": 5, "b": 7, "sr": "71.42", "4s": 1, "6s": 0, "mod": {"dismissedBp": {"innings": 1, "over": 13, "ball": 6}, "countingBp": {"innings": 1, "over": 13, "ball": 6}, "text": "c Suryakumar Yadav b Piyush Chawla", "bowlerId": 76, "additionalPlayerIds": [108], "dismissedMethod": "ct", "isOut": true}}, {"playerId": 9, "r": 15, "b": 20, "sr": "75.00", "4s": 0, "6s": 0, "mod": {"dismissedBp": {"innings": 1, "over": 19, "ball": 5}, "countingBp": {"innings": 1, "over": 19, "ball": 5}, "text": "b Brad Hogg", "bowlerId": 231, "dismissedMethod": "b", "isOut": true}}, {"playerId": 8, "r": 9, "b": 4, "sr": "225.00", "4s": 2, "6s": 0}], "bowlingStats": [{"playerId": 488, "ov": "4", "r": 25, "w": 0, "d": 13, "maid": 0, "e": "6.25", "wd": 2, "nb": 0}, {"playerId": 59, "ov": "4", "r": 36, "w": 0, "d": 12, "maid": 0, "e": "9.00", "wd": 1, "nb": 0}, {"playerId": 76, "ov": "4", "r": 26, "w": 2, "d": 9, "maid": 0, "e": "6.50", "wd": 0, "nb": 0}, {"playerId": 231, "ov": "4", "r": 18, "w": 1, "d": 9, "maid": 0, "e": "4.50", "wd": 0, "nb": 0}, {"playerId": 177, "ov": "4", "r": 26, "w": 2, "d": 12, "maid": 0, "e": "6.50", "wd": 4, "nb": 0}], "fow": [{"bp": {"innings": 1, "over": 5, "ball": 4}, "playerId": 202, "ret": false, "w": 1, "r": 42}, {"bp": {"innings": 1, "over": 9, "ball": 4}, "playerId": 413, "ret": false, "w": 2, "r": 64}, {"bp": {"innings": 1, "over": 10, "ball": 3}, "playerId": 14, "ret": false, "w": 3, "r": 67}, {"bp": {"innings": 1, "over": 12, "ball": 3}, "playerId": 1, "ret": false, "w": 4, "r": 81}, {"bp": {"innings": 1, "over": 13, "ball": 6}, "playerId": 25, "ret": false, "w": 5, "r": 88}, {"bp": {"innings": 1, "over": 19, "ball": 5}, "playerId": 9, "ret": false, "w": 6, "r": 124}], "extras": {"noBallRuns": 0, "wideRuns": 9, "byeRuns": 0, "legByeRuns": 3, "penaltyRuns": 0}, "declared": false}, "overHistory": [{"ovNo": 1, "ovBalls": [".", ".", "4", ".", ".", "."]}, {"ovNo": 2, "ovBalls": ["4", ".", "1Lb", "1", ".", "1"]}, {"ovNo": 3, "ovBalls": [".", ".", "6", "1Lb", "1", "4"]}, {"ovNo": 4, "ovBalls": ["1Wd", ".", ".", ".", "6", "4", "4"]}, {"ovNo": 5, "ovBalls": [".", "4", ".", "W", ".", "6"]}, {"ovNo": 6, "ovBalls": ["1", ".", ".", "4", ".", "."]}, {"ovNo": 7, "ovBalls": ["1", ".", ".", ".", ".", "1"]}, {"ovNo": 8, "ovBalls": ["1", "1", ".", ".", ".", "4"]}, {"ovNo": 9, "ovBalls": ["1", "1", "1", "W", ".", "1"]}, {"ovNo": 10, "ovBalls": ["1", ".", "1Wd", "W", "1Lb", "1Wd", "1", "3Wd", "."]}, {"ovNo": 11, "ovBalls": ["2", "1", "1", ".", "1", "1"]}, {"ovNo": 12, "ovBalls": ["1", "1", "W", ".", ".", "4"]}, {"ovNo": 13, "ovBalls": ["1", "1", "1", ".", ".", "W"]}, {"ovNo": 14, "ovBalls": [".", "2", ".", "1", "1", "."]}, {"ovNo": 15, "ovBalls": ["1", "1", "2", "1", "2", "."]}, {"ovNo": 16, "ovBalls": ["2", "1Wd", "1", ".", "2", ".", "1"]}, {"ovNo": 17, "ovBalls": ["1", "4", "1", "1", "1", "1"]}, {"ovNo": 18, "ovBalls": [".", "1", "1", "1", "1Wd", ".", "1Wd", "1"]}, {"ovNo": 19, "ovBalls": ["1", "1", ".", "1", "W", "."]}, {"ovNo": 20, "ovBalls": [".", ".", "1", "4", "4", "1"]}]}, {"inningsNumber": 2, "runRate": "6.60", "overProgress": "20", "declared": false, "scorecard": {"runs": 132, "wkts": 9, "allOut": false, "battingStats": [{"playerId": 127, "r": 39, "b": 17, "sr": "229.41", "4s": 6, "6s": 1, "mod": {"dismissedBp": {"innings": 2, "over": 6, "ball": 1}, "countingBp": {"innings": 2, "over": 6, "ball": 1}, "text": "c Brendon McCullum b Ravichandran Ashwin", "bowlerId": 8, "additionalPlayerIds": [202], "dismissedMethod": "ct", "isOut": true}}, {"playerId": 84, "r": 0, "b": 1, "sr": "0.00", "4s": 0, "6s": 0, "mod": {"dismissedBp": {"innings": 2, "over": 1, "ball": 2}, "countingBp": {"innings": 2, "over": 1, "ball": 2}, "text": "c MS Dhoni b Ishwar Pandey", "bowlerId": 1090, "additionalPlayerIds": [1], "dismissedMethod": "ct", "isOut": true}}, {"playerId": 123, "r": 15, "b": 20, "sr": "75.00", "4s": 2, "6s": 0, "mod": {"dismissedBp": {"innings": 2, "over": 8, "ball": 1}, "countingBp": {"innings": 2, "over": 8, "ball": 1}, "text": "c Dwayne Bravo b Ravichandran Ashwin", "bowlerId": 8, "additionalPlayerIds": [25], "dismissedMethod": "ct", "isOut": true}}, {"playerId": 108, "r": 16, "b": 26, "sr": "61.53", "4s": 1, "6s": 0, "mod": {"dismissedBp": {"innings": 2, "over": 13, "ball": 2}, "countingBp": {"innings": 2, "over": 13, "ball": 2}, "text": "c Dwayne Bravo b Mohit Sharma", "bowlerId": 1107, "additionalPlayerIds": [25], "dismissedMethod": "ct", "isOut": true}}, {"playerId": 96, "r": 13, "b": 18, "sr": "72.22", "4s": 0, "6s": 0, "mod": {"dismissedBp": {"innings": 2, "over": 16, "ball": 2}, "countingBp": {"innings": 2, "over": 16, "ball": 2}, "text": "b Dwayne Bravo", "bowlerId": 25, "dismissedMethod": "b", "isOut": true}}, {"playerId": 200, "r": 38, "b": 28, "sr": "135.71", "4s": 3, "6s": 2}, {"playerId": 177, "r": 4, "b": 4, "sr": "100.00", "4s": 0, "6s": 0, "mod": {"dismissedBp": {"innings": 2, "over": 17, "ball": 5}, "countingBp": {"innings": 2, "over": 17, "ball": 5}, "text": "run out (Ravindra Jadeja)", "bowlerId": 115, "additionalPlayerIds": [9], "dismissedMethod": "ro", "isOut": true}}, {"playerId": 488, "r": 0, "b": 2, "sr": "0.00", "4s": 0, "6s": 0, "mod": {"dismissedBp": {"innings": 2, "over": 18, "ball": 1}, "countingBp": {"innings": 2, "over": 18, "ball": 1}, "text": "c Ravindra Jadeja b Dwayne Bravo", "bowlerId": 25, "additionalPlayerIds": [9], "dismissedMethod": "ct", "isOut": true}}, {"playerId": 76, "r": 0, "b": 2, "sr": "0.00", "4s": 0, "6s": 0, "mod": {"dismissedBp": {"innings": 2, "over": 18, "ball": 5}, "countingBp": {"innings": 2, "over": 18, "ball": 5}, "text": "c MS Dhoni b Dwayne Bravo", "bowlerId": 25, "additionalPlayerIds": [1], "dismissedMethod": "ct", "isOut": true}}, {"playerId": 59, "r": 0, "b": 1, "sr": "0.00", "4s": 0, "6s": 0, "mod": {"dismissedBp": {"innings": 2, "over": 19, "ball": 5}, "countingBp": {"innings": 2, "over": 19, "ball": 5}, "text": "b Ashish Nehra", "bowlerId": 115, "dismissedMethod": "b", "isOut": true}}, {"playerId": 231, "r": 2, "b": 1, "sr": "200.00", "4s": 0, "6s": 0}], "bowlingStats": [{"playerId": 1090, "ov": "2", "r": 18, "w": 1, "d": 6, "maid": 0, "e": "9.00", "wd": 1, "nb": 0}, {"playerId": 115, "ov": "4", "r": 38, "w": 1, "d": 7, "maid": 0, "e": "9.50", "wd": 0, "nb": 0}, {"playerId": 1107, "ov": "3", "r": 24, "w": 1, "d": 5, "maid": 0, "e": "8.00", "wd": 1, "nb": 0}, {"playerId": 8, "ov": "2", "r": 5, "w": 2, "d": 8, "maid": 0, "e": "2.50", "wd": 0, "nb": 0}, {"playerId": 9, "ov": "3", "r": 11, "w": 0, "d": 10, "maid": 0, "e": "3.66", "wd": 0, "nb": 0}, {"playerId": 14, "ov": "3", "r": 12, "w": 0, "d": 8, "maid": 0, "e": "4.00", "wd": 1, "nb": 0}, {"playerId": 25, "ov": "3", "r": 22, "w": 3, "d": 8, "maid": 0, "e": "7.33", "wd": 0, "nb": 0}], "fow": [{"bp": {"innings": 2, "over": 1, "ball": 2}, "playerId": 84, "ret": false, "w": 1, "r": 1}, {"bp": {"innings": 2, "over": 6, "ball": 1}, "playerId": 127, "ret": false, "w": 2, "r": 52}, {"bp": {"innings": 2, "over": 8, "ball": 1}, "playerId": 123, "ret": false, "w": 3, "r": 61}, {"bp": {"innings": 2, "over": 13, "ball": 2}, "playerId": 108, "ret": false, "w": 4, "r": 76}, {"bp": {"innings": 2, "over": 16, "ball": 2}, "playerId": 96, "ret": false, "w": 5, "r": 91}, {"bp": {"innings": 2, "over": 17, "ball": 5}, "playerId": 177, "ret": false, "w": 6, "r": 100}, {"bp": {"innings": 2, "over": 18, "ball": 1}, "playerId": 488, "ret": false, "w": 7, "r": 101}, {"bp": {"innings": 2, "over": 18, "ball": 5}, "playerId": 76, "ret": false, "w": 8, "r": 104}, {"bp": {"innings": 2, "over": 19, "ball": 5}, "playerId": 59, "ret": false, "w": 9, "r": 116}], "extras": {"noBallRuns": 0, "wideRuns": 3, "byeRuns": 0, "legByeRuns": 2, "penaltyRuns": 0}, "declared": false}, "overHistory": [{"ovNo": 1, "ovBalls": ["1", "W", ".", "4", ".", "."]}, {"ovNo": 2, "ovBalls": [".", "2", "3", "1", "4", "."]}, {"ovNo": 3, "ovBalls": ["1", "6", ".", "4", "1Wd", "1", "."]}, {"ovNo": 4, "ovBalls": ["4", "4", "4", "1", ".", "1"]}, {"ovNo": 5, "ovBalls": [".", ".", "1", "4", "1", "4"]}, {"ovNo": 6, "ovBalls": ["W", "1", ".", ".", ".", "1"]}, {"ovNo": 7, "ovBalls": ["1", "1", "1", ".", "4", "."]}, {"ovNo": 8, "ovBalls": ["W", ".", "1", ".", ".", "2"]}, {"ovNo": 9, "ovBalls": [".", "1", ".", ".", "1", "1"]}, {"ovNo": 10, "ovBalls": [".", ".", "1", ".", "1", "1"]}, {"ovNo": 11, "ovBalls": [".", ".", ".", ".", ".", "1"]}, {"ovNo": 12, "ovBalls": ["2", "1", ".", "1", ".", "1"]}, {"ovNo": 13, "ovBalls": [".", "W", "1Wd", "1", "1", "1", "."]}, {"ovNo": 14, "ovBalls": ["1", ".", ".", ".", "1", "1Wd", "1"]}, {"ovNo": 15, "ovBalls": ["1", "1", "1", ".", "1", "2"]}, {"ovNo": 16, "ovBalls": ["1", "W", "1", "1", "1", "1"]}, {"ovNo": 17, "ovBalls": ["1", "1", "1", "1", "1W", "1Lb"]}, {"ovNo": 18, "ovBalls": ["W", "2", "1Lb", ".", "W", "1"]}, {"ovNo": 19, "ovBalls": [".", "4", "6", "1", "W", "2"]}, {"ovNo": 20, "ovBalls": [".", ".", ".", "6", "4", "4"]}]}]}