{"matchInfo": {"additionalInfo": {"sixes.video.thumb": "http://brightcove.vo.llnwd.net/v1/unsecured/media/3588749423001/201604/3875/3588749423001_4870591842001_video-still-for-video-4870463179001.jpg?pubId=3588749423001", "sixes.video.id": "4870463179001", "match.video.thumb": "http://brightcove.vo.llnwd.net/v1/unsecured/media/3588749423001/201604/3653/3588749423001_4870641757001_highgl.jpg?pubId=3588749423001", "mom.video.thumb": "http://brightcove.vo.llnwd.net/v1/unsecured/media/3588749423001/201604/421/3588749423001_4870591837001_video-still-for-video-4870463191001.jpg?pubId=3588749423001", "mom.video.id": "4870463191001", "referee.name": "Chinmay Sharma", "report.thumb": "http://static2.iplt20.com/cms/media/images/320x213/48881.jpg", "match.summary": "", "umpire.name.1": "Chris Gaffaney", "umpire.name.2": "Bruce Oxenford", "umpire.name.3": "A Nand Kishore", "interview.thumb": "http://static2.iplt20.com/cms/media/images/320x213/48928.jpg", "umpire.name.4": "Virender Sharma", "away.team.fan.total": "4119", "result.playerofthematch": "Dwayne Smith", "toss.elected": "Gujarat Lions, who chose to field", "notes.1.1": "Powerplay - 48 runs, 1 wicket", "notes.1.2": "RPS: 50 runs in 6.2 overs", "notes.2.1": "Powerplay - 72 runs, 0 wickets", "notes.1.3": "2nd Wicket: 50 runs in 33 balls (Ajinkya Rahane 15, Steve Smith 33)", "notes.2.2": "GL: 50 runs in 4.1 overs", "notes.1.4": "Steve Smith: 50 off 29 balls (5 x fours, 1 x six)", "notes.2.3": "1st Wicket: 50 runs in 25 balls (Dwayne Smith 21, Brendon McCullum 28)", "notes.1.5": "RPS: 100 runs in 11.4 overs", "notes.2.4": "Dwayne Smith: 50 off 28 balls (7 x fours, 1 x six)", "notes.1.6": "2nd Wicket: 100 runs in 62 balls (Ajinkya Rahane 38, Steve Smith 62)", "notes.2.5": "GL: 100 runs in 8.6 overs", "notes.1.7": "Ajinkya Rahane: 50 off 43 balls (5 x fours)", "notes.2.6": "GL: 150 runs in 15.2 overs", "notes.1.8": "RPS: 150 runs in 16.3 overs ", "notes.2.7": "3rd Wicket: 50 runs in 32 balls (Suresh Raina 17, Dinesh Karthik 33)", "highlights.link": "http://www.iplt20.com/videos/media/id/4870463180001/m25-rps-vs-gl-match-highlights", "notes.1.9": "3rd Wicket: 50 runs in 28 balls (Steve Smith 24, MS Dhoni 24)", "match.video.id": "4870463180001", "stats.link": "http://www.iplt20.com/news/2016/more-news/7509/quick-stats-m25-rps-vs-gl", "home.team.fan.total": "2381", "toss.winner": "Gujarat Lions", "notes.1.10": "Steve Smith: 100 off 53 balls (8 x fours, 5 x sixes)", "interview.link": "http://www.iplt20.com/news/2016/features/7507/dhoni-is-open-to-my-suggestions-smith", "notes.1.11": "Innings Break: RPS - 195/3 in 20 overs", "stats.thumb": "http://static2.iplt20.com/cms/media/images/320x213/48910.jpg"}, "teams": [{"id": 4773, "team": {"id": 434, "fullName": "Rising Pune Supergiant", "shortName": "Supergiant", "abbreviation": "RPS", "type": "m", "primaryColor": "FFC0CB", "secondaryColor": "AA3355"}, "players": [{"id": 135, "fullName": "Ajinkya Rahane", "shortName": "A Rahane", "nationality": "Indian", "dateOfBirth": "1988-06-06", "rightArmedBowl": true, "rightHandedBat": true, "bowlingStyle": "MEDIUM_SEAM"}, {"id": 163, "fullName": "Saurabh Tiwary", "shortName": "S Tiwary", "nationality": "Indian", "dateOfBirth": "1989-12-30", "rightArmedBowl": true, "rightHandedBat": false}, {"id": 271, "fullName": "Steve Smith", "shortName": "S Smith", "nationality": "Australian", "dateOfBirth": "1989-06-02", "rightArmedBowl": true, "rightHandedBat": true, "bowlingStyle": "LEG_SPIN"}, {"id": 1, "fullName": "MS Dhoni", "shortName": "MS Dhoni", "nationality": "Indian", "dateOfBirth": "1981-07-07", "rightArmedBowl": true, "rightHandedBat": true, "bowlingStyle": "MEDIUM_SEAM"}, {"id": 215, "fullName": "Thisara Perera", "shortName": "NTLC Perera", "nationality": "Sri Lankan", "dateOfBirth": "1989-04-03", "rightArmedBowl": true, "rightHandedBat": false, "bowlingStyle": "MEDIUM_SEAM"}, {"id": 932, "fullName": "Peter Handscomb", "shortName": "P Handscomb", "nationality": "Australian", "dateOfBirth": "1991-04-26", "rightArmedBowl": true, "rightHandedBat": true}, {"id": 26, "fullName": "Albie Morkel", "shortName": "A Morkel", "nationality": "South African", "dateOfBirth": "1981-06-10", "rightArmedBowl": false, "rightHandedBat": false}, {"id": 92, "fullName": "Rajat Bhatia", "shortName": "R Bhatia", "nationality": "Indian", "dateOfBirth": "1979-10-22", "rightArmedBowl": true, "rightHandedBat": true}, {"id": 8, "fullName": "Ravichandran Ashwin", "shortName": "R Ashwin", "nationality": "Indian", "dateOfBirth": "1986-09-17", "rightArmedBowl": true, "rightHandedBat": true, "bowlingStyle": "OFF_SPIN"}, {"id": 48, "fullName": "Ashok Dinda", "shortName": "A Dinda", "nationality": "Indian", "dateOfBirth": "1984-03-25", "rightArmedBowl": true, "rightHandedBat": true}, {"id": 3187, "fullName": "Murugan Ashwin", "shortName": "M Ashwin", "nationality": "Indian", "dateOfBirth": "1990-09-08", "rightArmedBowl": true, "rightHandedBat": true, "bowlingStyle": "LEG_SPIN"}], "wicketKeeper": {"id": 1, "fullName": "MS Dhoni", "shortName": "MS Dhoni", "nationality": "Indian", "dateOfBirth": "1981-07-07", "rightArmedBowl": true, "rightHandedBat": true, "bowlingStyle": "MEDIUM_SEAM"}, "captain": {"id": 1, "fullName": "MS Dhoni", "shortName": "MS Dhoni", "nationality": "Indian", "dateOfBirth": "1981-07-07", "rightArmedBowl": true, "rightHandedBat": true, "bowlingStyle": "MEDIUM_SEAM"}}, {"id": 4772, "team": {"id": 433, "fullName": "Gujarat Lions", "shortName": "Gujarat Lions", "abbreviation": "GL", "type": "m", "primaryColor": "E5BA0F", "secondaryColor": "383838"}, "players": [{"id": 413, "fullName": "Dwayne Smith", "shortName": "DR Smith", "nationality": "West Indian", "dateOfBirth": "1983-04-12", "rightArmedBowl": true, "rightHandedBat": true}, {"id": 202, "fullName": "Brendon McCullum", "shortName": "B McCullum", "nationality": "New Zealander", "dateOfBirth": "1981-09-27", "rightArmedBowl": true, "rightHandedBat": true, "bowlingStyle": "MEDIUM_SEAM"}, {"id": 14, "fullName": "Suresh Raina", "shortName": "S Raina", "nationality": "Indian", "dateOfBirth": "1986-11-27", "rightArmedBowl": true, "rightHandedBat": false, "bowlingStyle": "OFF_SPIN"}, {"id": 102, "fullName": "Dinesh Karthik", "shortName": "D Karthik", "nationality": "Indian", "dateOfBirth": "1985-06-01", "rightArmedBowl": true, "rightHandedBat": true, "bowlingStyle": "OFF_SPIN"}, {"id": 9, "fullName": "Ravindra Jadeja", "shortName": "R Jadeja", "nationality": "Indian", "dateOfBirth": "1988-12-06", "rightArmedBowl": false, "rightHandedBat": false, "bowlingStyle": "ORTHODOX"}, {"id": 2975, "fullName": "Ishan Kishan", "shortName": "I Kishan", "nationality": "Indian", "dateOfBirth": "1998-07-18", "rightArmedBowl": false, "rightHandedBat": false}, {"id": 25, "fullName": "Dwayne Bravo", "shortName": "DJ Bravo", "nationality": "West Indian", "dateOfBirth": "1983-10-07", "rightArmedBowl": true, "rightHandedBat": true, "bowlingStyle": "MEDIUM_SEAM"}, {"id": 193, "fullName": "James Faulkner", "shortName": "J Faulkner", "nationality": "Australian", "dateOfBirth": "1990-04-29", "rightArmedBowl": false, "rightHandedBat": true}, {"id": 77, "fullName": "Praveen Kumar", "shortName": "P Kumar", "nationality": "Indian", "dateOfBirth": "1986-10-02", "rightArmedBowl": true, "rightHandedBat": true}, {"id": 101, "fullName": "Dhawal Kulkarni", "shortName": "D Kulkarni", "nationality": "Indian", "dateOfBirth": "1988-12-10", "rightArmedBowl": true, "rightHandedBat": true, "bowlingStyle": "MEDIUM_SEAM"}, {"id": 3178, "fullName": "Shivil Kaushik", "shortName": "S Kaushik", "nationality": "Indian", "dateOfBirth": "1995-07-09", "rightArmedBowl": false, "rightHandedBat": true, "bowlingStyle": "UNORTHODOX"}], "wicketKeeper": {"id": 102, "fullName": "Dinesh Karthik", "shortName": "D Karthik", "nationality": "Indian", "dateOfBirth": "1985-06-01", "rightArmedBowl": true, "rightHandedBat": true, "bowlingStyle": "OFF_SPIN"}, "captain": {"id": 14, "fullName": "Suresh Raina", "shortName": "S Raina", "nationality": "Indian", "dateOfBirth": "1986-11-27", "rightArmedBowl": true, "rightHandedBat": false, "bowlingStyle": "OFF_SPIN"}}], "venue": {"id": 7, "fullName": "Maharashtra Cricket Association's International Stadium", "shortName": "Maharashtra Cricket Association's International Stadium", "city": "Pune", "country": "India"}, "matchDate": "2016-04-29T20:00:00+0530", "matchEndDate": "2016-04-29T23:00:00+0530", "matchDateMs": 1461940200000, "matchEndDateMs": 1461951000000, "isLimitedOvers": true, "battingOrder": [0, 1], "matchBroadcast": false, "matchState": "C", "matchStatus": {"outcome": "B", "text": "Gujarat Lions won by 3 wickets"}, "description": "Match 25", "matchSummary": "", "matchType": "IPLT20", "tournamentLabel": "IPL 2016", "oversLimit": 20, "groupName": ""}, "matchId": {"id": 4066, "name": "ipl2016-25", "tournamentId": {"id": 3957, "name": "ipl2016", "provisional": false}}, "currentState": {"inProgress": false, "phase": "C", "currentInningsIndex": 1, "currentBatsmen": [193, 77], "facingBatsman": 193, "nonFacingBatsman": 77, "currentBowler": -1, "previousBowler": 48, "previousBowlerCurrentSpell": {"playerId": 48, "ov": "2", "r": 22, "w": 2, "d": 4, "maid": 0, "e": "11.00", "wd": 2, "nb": 0}, "currentPartnership": 3, "partnership": {"runs": 3, "balls": 2, "runRate": "9.00"}, "recentOvers": [{"ovNo": 15, "ovBalls": ["1", ".", "1", "1", "2", "4"]}, {"ovNo": 16, "ovBalls": ["2", "1", "4", "1", "4", "2"]}, {"ovNo": 17, "ovBalls": ["1Wd", "4", "W", "2", "1", "1Wd", "2", "."]}, {"ovNo": 18, "ovBalls": [".", ".", "2", "1", ".", "1"]}, {"ovNo": 19, "ovBalls": ["4", "W", "W", "1", "4", "2"]}, {"ovNo": 20, "ovBalls": ["4", "1Wd", "1", "W", "W", "2", "1"]}]}, "innings": [{"inningsNumber": 1, "runRate": "9.75", "overProgress": "20", "declared": false, "scorecard": {"runs": 195, "wkts": 3, "allOut": false, "battingStats": [{"playerId": 135, "r": 53, "b": 45, "sr": "117.77", "4s": 5, "6s": 0, "mod": {"dismissedBp": {"innings": 1, "over": 14, "ball": 5}, "countingBp": {"innings": 1, "over": 14, "ball": 4}, "text": "run out (Dwayne Bravo)", "bowlerId": 25, "additionalPlayerIds": [25], "dismissedMethod": "ro", "isOut": true}}, {"playerId": 163, "r": 1, "b": 2, "sr": "50.00", "4s": 0, "6s": 0, "mod": {"dismissedBp": {"innings": 1, "over": 3, "ball": 3}, "countingBp": {"innings": 1, "over": 3, "ball": 3}, "text": "run out (Suresh Raina)", "bowlerId": 77, "additionalPlayerIds": [14], "dismissedMethod": "ro", "isOut": true}}, {"playerId": 271, "r": 101, "b": 54, "sr": "187.03", "4s": 8, "6s": 5, "mod": {"dismissedBp": {"innings": 1, "over": 20, "ball": 3}, "countingBp": {"innings": 1, "over": 20, "ball": 3}, "text": "b Dwayne Bravo", "bowlerId": 25, "dismissedMethod": "b", "isOut": true}}, {"playerId": 1, "r": 30, "b": 18, "sr": "166.66", "4s": 2, "6s": 2}, {"playerId": 215, "r": 3, "b": 2, "sr": "150.00", "4s": 0, "6s": 0}], "bowlingStats": [{"playerId": 77, "ov": "4", "r": 37, "w": 0, "d": 8, "maid": 0, "e": "9.25", "wd": 0, "nb": 0}, {"playerId": 101, "ov": "3", "r": 25, "w": 0, "d": 4, "maid": 0, "e": "8.33", "wd": 1, "nb": 0}, {"playerId": 9, "ov": "4", "r": 37, "w": 0, "d": 7, "maid": 0, "e": "9.25", "wd": 2, "nb": 0}, {"playerId": 3178, "ov": "3", "r": 32, "w": 0, "d": 5, "maid": 0, "e": "10.66", "wd": 0, "nb": 1}, {"playerId": 193, "ov": "2", "r": 22, "w": 0, "d": 0, "maid": 0, "e": "11.00", "wd": 0, "nb": 0}, {"playerId": 25, "ov": "4", "r": 40, "w": 1, "d": 4, "maid": 0, "e": "10.00", "wd": 1, "nb": 0}], "fow": [{"bp": {"innings": 1, "over": 3, "ball": 3}, "playerId": 163, "ret": false, "w": 1, "r": 13}, {"bp": {"innings": 1, "over": 14, "ball": 4}, "playerId": 135, "ret": false, "w": 2, "r": 124}, {"bp": {"innings": 1, "over": 20, "ball": 3}, "playerId": 271, "ret": false, "w": 3, "r": 188}], "extras": {"noBallRuns": 1, "wideRuns": 4, "byeRuns": 0, "legByeRuns": 2, "penaltyRuns": 0}, "declared": false}, "overHistory": [{"ovNo": 1, "ovBalls": [".", "4", ".", ".", "1", "."]}, {"ovNo": 2, "ovBalls": [".", "1Wd", "4", ".", "1", "1", "1"]}, {"ovNo": 3, "ovBalls": [".", ".", "W", "4", ".", "1"]}, {"ovNo": 4, "ovBalls": ["1", ".", "1", "1", ".", "1"]}, {"ovNo": 5, "ovBalls": ["1", "4", "4", "2", "1", "1"]}, {"ovNo": 6, "ovBalls": ["4", "1", "1", "2", "1", "4"]}, {"ovNo": 7, "ovBalls": ["1", "1", "2Lb", "1", ".", "2"]}, {"ovNo": 8, "ovBalls": [".", "1", "4", "2", ".", "1"]}, {"ovNo": 9, "ovBalls": ["2", "1", "1", "1", "1", "1"]}, {"ovNo": 10, "ovBalls": ["2", "1", "4", ".", "1", "1Nb", "6"]}, {"ovNo": 11, "ovBalls": ["2", "1", "1", "2", "1", "1"]}, {"ovNo": 12, "ovBalls": ["1", "2", "2", "4", "1", "1"]}, {"ovNo": 13, "ovBalls": ["1", "1", "6", "4", "1", "1"]}, {"ovNo": 14, "ovBalls": ["2", "1Wd", "1", "2", "W", "1", "1"]}, {"ovNo": 15, "ovBalls": ["2", "1", "6", ".", ".", "."]}, {"ovNo": 16, "ovBalls": [".", "1", "1", "1", ".", "6"]}, {"ovNo": 17, "ovBalls": ["1Wd", "1", "1", "6", "6", "1Wd", ".", "."]}, {"ovNo": 18, "ovBalls": ["1", "1", "6", "1", ".", "."]}, {"ovNo": 19, "ovBalls": ["1", "4", "1", "2", "2", "4"]}, {"ovNo": 20, "ovBalls": ["1", "4", "W", "2", "1", "4"]}]}, {"inningsNumber": 2, "runRate": "9.80", "overProgress": "20", "declared": false, "scorecard": {"runs": 196, "wkts": 7, "allOut": false, "battingStats": [{"playerId": 413, "r": 63, "b": 37, "sr": "170.27", "4s": 9, "6s": 1, "mod": {"dismissedBp": {"innings": 2, "over": 11, "ball": 5}, "countingBp": {"innings": 2, "over": 11, "ball": 5}, "text": "b Thisara Perera", "bowlerId": 215, "dismissedMethod": "b", "isOut": true}}, {"playerId": 202, "r": 43, "b": 22, "sr": "195.45", "4s": 5, "6s": 2, "mod": {"dismissedBp": {"innings": 2, "over": 9, "ball": 1}, "countingBp": {"innings": 2, "over": 9, "ball": 1}, "text": "c Albie Morkel b Rajat Bhatia", "bowlerId": 92, "additionalPlayerIds": [26], "dismissedMethod": "ct", "isOut": true}}, {"playerId": 14, "r": 34, "b": 28, "sr": "121.42", "4s": 2, "6s": 0, "mod": {"dismissedBp": {"innings": 2, "over": 20, "ball": 4}, "countingBp": {"innings": 2, "over": 20, "ball": 3}, "text": "b Thisara Perera", "bowlerId": 215, "dismissedMethod": "b", "isOut": true}}, {"playerId": 102, "r": 33, "b": 20, "sr": "165.00", "4s": 4, "6s": 0, "mod": {"dismissedBp": {"innings": 2, "over": 17, "ball": 3}, "countingBp": {"innings": 2, "over": 17, "ball": 2}, "text": "c Ajinkya Rahane b Ashok Dinda", "bowlerId": 48, "additionalPlayerIds": [135], "dismissedMethod": "ct", "isOut": true}}, {"playerId": 25, "r": 7, "b": 6, "sr": "116.66", "4s": 1, "6s": 0, "mod": {"dismissedBp": {"innings": 2, "over": 19, "ball": 2}, "countingBp": {"innings": 2, "over": 19, "ball": 2}, "text": "c MS Dhoni b Ashok Dinda", "bowlerId": 48, "additionalPlayerIds": [1], "dismissedMethod": "ct", "isOut": true}}, {"playerId": 9, "r": 0, "b": 1, "sr": "0.00", "4s": 0, "6s": 0, "mod": {"dismissedBp": {"innings": 2, "over": 19, "ball": 3}, "countingBp": {"innings": 2, "over": 19, "ball": 3}, "text": "run out (MS Dhoni)", "bowlerId": 48, "additionalPlayerIds": [1], "dismissedMethod": "ro", "isOut": true}}, {"playerId": 193, "r": 9, "b": 5, "sr": "180.00", "4s": 1, "6s": 0}, {"playerId": 2975, "r": 0, "b": 1, "sr": "0.00", "4s": 0, "6s": 0, "mod": {"dismissedBp": {"innings": 2, "over": 20, "ball": 5}, "countingBp": {"innings": 2, "over": 20, "ball": 4}, "text": "run out (Saurabh Tiwary)", "bowlerId": 215, "additionalPlayerIds": [163], "dismissedMethod": "ro", "isOut": true}}, {"playerId": 77, "r": 0, "b": 0, "4s": 0, "6s": 0}], "bowlingStats": [{"playerId": 26, "ov": "2", "r": 30, "w": 0, "d": 4, "maid": 0, "e": "15.00", "wd": 2, "nb": 0}, {"playerId": 48, "ov": "4", "r": 40, "w": 2, "d": 8, "maid": 0, "e": "10.00", "wd": 3, "nb": 0}, {"playerId": 215, "ov": "4", "r": 41, "w": 2, "d": 5, "maid": 0, "e": "10.25", "wd": 1, "nb": 0}, {"playerId": 8, "ov": "4", "r": 37, "w": 0, "d": 4, "maid": 0, "e": "9.25", "wd": 1, "nb": 0}, {"playerId": 92, "ov": "3", "r": 26, "w": 1, "d": 3, "maid": 0, "e": "8.66", "wd": 0, "nb": 0}, {"playerId": 3187, "ov": "3", "r": 22, "w": 0, "d": 6, "maid": 0, "e": "7.33", "wd": 0, "nb": 0}], "fow": [{"bp": {"innings": 2, "over": 9, "ball": 1}, "playerId": 202, "ret": false, "w": 1, "r": 93}, {"bp": {"innings": 2, "over": 11, "ball": 5}, "playerId": 413, "ret": false, "w": 2, "r": 115}, {"bp": {"innings": 2, "over": 17, "ball": 2}, "playerId": 102, "ret": false, "w": 3, "r": 166}, {"bp": {"innings": 2, "over": 19, "ball": 2}, "playerId": 25, "ret": false, "w": 4, "r": 180}, {"bp": {"innings": 2, "over": 19, "ball": 3}, "playerId": 9, "ret": false, "w": 5, "r": 180}, {"bp": {"innings": 2, "over": 20, "ball": 3}, "playerId": 14, "ret": false, "w": 6, "r": 193}, {"bp": {"innings": 2, "over": 20, "ball": 4}, "playerId": 2975, "ret": false, "w": 7, "r": 193}], "extras": {"noBallRuns": 0, "wideRuns": 7, "byeRuns": 0, "legByeRuns": 0, "penaltyRuns": 0}, "declared": false}, "overHistory": [{"ovNo": 1, "ovBalls": [".", ".", "2", ".", ".", "4"]}, {"ovNo": 2, "ovBalls": [".", "1", "1", ".", "1", "."]}, {"ovNo": 3, "ovBalls": ["2", "4", "1Wd", "4", "1Wd", "6", "2", "4"]}, {"ovNo": 4, "ovBalls": ["2", "4", ".", "1Wd", "2", "2", "4"]}, {"ovNo": 5, "ovBalls": ["4", "4", "1", "4", "1", "."]}, {"ovNo": 6, "ovBalls": ["4", "4", ".", ".", "1Wd", "1", "."]}, {"ovNo": 7, "ovBalls": ["6", "3", ".", "1", "1", "1"]}, {"ovNo": 8, "ovBalls": ["1", ".", "1", "6", "1", "."]}, {"ovNo": 9, "ovBalls": ["W", "4", "1", ".", "1", "1"]}, {"ovNo": 10, "ovBalls": ["1", "1", "4", "4", "1", "1"]}, {"ovNo": 11, "ovBalls": ["1", ".", "1", "1", "W", "1"]}, {"ovNo": 12, "ovBalls": ["1", ".", "1", "1", "1", "1"]}, {"ovNo": 13, "ovBalls": ["1", "1", "1", "1", "2", "1"]}, {"ovNo": 14, "ovBalls": ["1", "1", "1", "1", "2", "4"]}, {"ovNo": 15, "ovBalls": ["1", ".", "1", "1", "2", "4"]}, {"ovNo": 16, "ovBalls": ["2", "1", "4", "1", "4", "2"]}, {"ovNo": 17, "ovBalls": ["1Wd", "4", "W", "2", "1", "1Wd", "2", "."]}, {"ovNo": 18, "ovBalls": [".", ".", "2", "1", ".", "1"]}, {"ovNo": 19, "ovBalls": ["4", "W", "W", "1", "4", "2"]}, {"ovNo": 20, "ovBalls": ["4", "1Wd", "1", "W", "W", "2", "1"]}]}]}