{"matchInfo": {"additionalInfo": {"sixes.video.thumb": "http://brightcove.vo.llnwd.net/v1/unsecured/media/3588749423001/201605/73/3588749423001_4883214686001_4883169867001-vs.jpg?pubId=3588749423001", "sixes.video.id": "4883169867001", "match.video.thumb": "http://brightcove.vo.llnwd.net/v1/unsecured/media/3588749423001/201605/3073/3588749423001_4883208719001_4883169858001-vs.jpg?pubId=3588749423001", "mom.video.thumb": "http://brightcove.vo.llnwd.net/v1/unsecured/media/3588749423001/201605/191/3588749423001_4883198534001_video-still-for-video-4883169875001.jpg?pubId=3588749423001", "mom.video.id": "4883169875001", "referee.name": "Roshan Mahanama", "report.thumb": "http://static2.iplt20.com/cms/media/images/630x420/50838.jpg", "match.summary": "", "umpire.name.1": "O Nandan", "umpire.name.2": "Kumar Dharmasena", "umpire.name.3": "Anil Chaudhary", "interview.thumb": "http://static2.iplt20.com/cms/media/images/320x213/50877.jpg", "umpire.name.4": "Rohan Pandit", "away.team.fan.total": "2411", "result.playerofthematch": "Marcus Stoinis", "toss.elected": "Delhi Daredevils, who chose to field", "notes.1.1": "Powerplay - 45 runs, 1 wicket", "notes.1.2": "KXIP: 50 runs in 7.3 overs", "notes.2.1": "Powerplay - 51 runs, 0 wickets", "notes.1.3": "3rd Wicket: 50 runs in 33 balls (Marcus Stoinis 30, Wriddhiman Saha 20)", "notes.2.2": "DD: 50 runs in 5.5 overs", "notes.1.4": "KXIP: 100 runs in 12.5 overs", "notes.2.3": "1st Wicket: 50 runs in 35 balls (Quinton de Kock 37, Sanju Samson 11)", "notes.1.5": "Marcus Stoinis: 50 off 42 balls (3 x fours, 2 x sixes)", "notes.2.4": "Quinton de Kock: 50 off 27 balls (6 x fours, 2 x sixes)", "notes.1.6": "Wriddhiman Saha: 50 off 29 balls (7 x fours)", "notes.2.5": "DD: 100 runs in 11.3 overs", "notes.1.7": "KXIP: 150 runs in 17.2 overs", "notes.2.6": "2nd Wicket: 50 runs in 34 balls (Sanju Samson 34, Karun Nair 15)", "notes.1.8": "Innings Break: Kings XI Punjab - 181/5 in 20 overs", "notes.2.7": "DD: 150 runs in 17.4 overs", "highlights.link": "http://www.iplt20.com/videos/media/id/4883169858001/m36-kxip-vs-dd-match-highlights", "match.video.id": "4883169858001", "stats.link": "http://www.iplt20.com/news/2016/more-news/7668/quick-stats-m36-kxip-vs-dd", "home.team.fan.total": "2253", "photostream.link": "http://www.iplt20.com/photos/347/match-36-kxip-v-dd", "toss.winner": "Delhi Daredevils", "interview.link": "http://www.iplt20.com/news/2016/features/7664/batting-with-vijay-eases-pressure-off-me-stoinis", "stats.thumb": "http://static2.iplt20.com/cms/media/images/630x420/50879.jpg"}, "teams": [{"id": 4795, "team": {"id": 4, "fullName": "Punjab Kings", "shortName": "Punjab Kings", "abbreviation": "PBKS", "type": "m", "primaryColor": "DA1F3D", "secondaryColor": "FFFFFF"}, "players": [{"id": 7, "fullName": "Murali Vijay", "shortName": "M Vijay", "nationality": "Indian", "dateOfBirth": "1984-04-01", "rightArmedBowl": false, "rightHandedBat": false}, {"id": 964, "fullName": "Marcus Stoinis", "shortName": "M Stoinis", "nationality": "Australian", "dateOfBirth": "1989-08-16", "rightArmedBowl": true, "rightHandedBat": true, "bowlingStyle": "MEDIUM_SEAM"}, {"id": 456, "fullName": "Hashim Amla", "shortName": "H Amla", "nationality": "South African", "dateOfBirth": "1983-03-31", "rightArmedBowl": true, "rightHandedBat": true, "bowlingStyle": "MEDIUM_SEAM"}, {"id": 282, "fullName": "Glenn Maxwell", "shortName": "G Maxwell", "nationality": "Australian", "dateOfBirth": "1988-10-14", "rightArmedBowl": true, "rightHandedBat": true, "bowlingStyle": "OFF_SPIN"}, {"id": 187, "fullName": "David Miller", "shortName": "D Miller", "nationality": "South African", "dateOfBirth": "1989-06-10", "rightArmedBowl": true, "rightHandedBat": false, "bowlingStyle": "OFF_SPIN"}, {"id": 16, "fullName": "Wriddhiman Saha", "shortName": "W Saha", "nationality": "Indian", "dateOfBirth": "1984-10-24", "rightArmedBowl": true, "rightHandedBat": true}, {"id": 1113, "fullName": "Axar Patel", "shortName": "A Patel", "nationality": "Indian", "dateOfBirth": "1994-01-20", "rightArmedBowl": false, "rightHandedBat": false, "bowlingStyle": "ORTHODOX"}, {"id": 253, "fullName": "Gurkeerat Mann Singh", "shortName": "GM Singh", "nationality": "Indian", "dateOfBirth": "1990-06-29", "rightArmedBowl": true, "rightHandedBat": true, "bowlingStyle": "OFF_SPIN"}, {"id": 2743, "fullName": "KC Cariappa", "shortName": "KC Cariappa", "nationality": "Indian", "dateOfBirth": "1994-04-13", "rightArmedBowl": true, "rightHandedBat": true, "bowlingStyle": "LEG_SPIN"}, {"id": 1107, "fullName": "Mohit Sharma", "shortName": "M Sharma", "nationality": "Indian", "dateOfBirth": "1991-12-19", "rightArmedBowl": false, "rightHandedBat": true}, {"id": 1112, "fullName": "Sandeep Sharma", "shortName": "S Sharma", "nationality": "Indian", "dateOfBirth": "1993-05-18", "rightArmedBowl": true, "rightHandedBat": true, "bowlingStyle": "MEDIUM_SEAM"}], "wicketKeeper": {"id": 16, "fullName": "Wriddhiman Saha", "shortName": "W Saha", "nationality": "Indian", "dateOfBirth": "1984-10-24", "rightArmedBowl": true, "rightHandedBat": true}, "captain": {"id": 7, "fullName": "Murali Vijay", "shortName": "M Vijay", "nationality": "Indian", "dateOfBirth": "1984-04-01", "rightArmedBowl": false, "rightHandedBat": false}}, {"id": 4794, "team": {"id": 3, "fullName": "Delhi Capitals", "shortName": "Delhi", "abbreviation": "DC", "type": "m", "primaryColor": "004C93", "secondaryColor": "F83430"}, "players": [{"id": 834, "fullName": "Quinton de Kock", "shortName": "Q de Kock", "nationality": "South African", "dateOfBirth": "1992-12-17", "rightArmedBowl": false, "rightHandedBat": false}, {"id": 2972, "fullName": "Rishabh Pant", "shortName": "R Pant", "nationality": "Indian", "dateOfBirth": "1997-10-04", "rightArmedBowl": false, "rightHandedBat": false}, {"id": 258, "fullName": "Sanju Samson", "shortName": "S Samson", "nationality": "Indian", "dateOfBirth": "1994-11-11", "rightArmedBowl": true, "rightHandedBat": true}, {"id": 276, "fullName": "Karun Nair", "shortName": "K Nair", "nationality": "Indian", "dateOfBirth": "1991-12-06", "rightArmedBowl": true, "rightHandedBat": true, "bowlingStyle": "OFF_SPIN"}, {"id": 2756, "fullName": "Sam Billings", "shortName": "S Billings", "nationality": "English", "dateOfBirth": "1991-06-15", "rightArmedBowl": true, "rightHandedBat": true}, {"id": 2722, "fullName": "Carlos Brathwaite", "shortName": "C Brathwaite", "nationality": "West Indian", "dateOfBirth": "1988-07-18", "rightArmedBowl": true, "rightHandedBat": true, "bowlingStyle": "MEDIUM_SEAM"}, {"id": 836, "fullName": "Chris Morris", "shortName": "C Morris", "nationality": "South African", "dateOfBirth": "1987-04-30", "rightArmedBowl": true, "rightHandedBat": true, "bowlingStyle": "FAST_SEAM"}, {"id": 30, "fullName": "Amit Mishra", "shortName": "A Mishra", "nationality": "Indian", "dateOfBirth": "1982-11-24", "rightArmedBowl": true, "rightHandedBat": true, "bowlingStyle": "LEG_SPIN"}, {"id": 94, "fullName": "Mohammad Shami", "shortName": "M Shami", "nationality": "Indian", "dateOfBirth": "1990-09-03", "rightArmedBowl": true, "rightHandedBat": true, "bowlingStyle": "FAST_SEAM"}, {"id": 165, "fullName": "Zaheer Khan", "shortName": "Z Khan", "nationality": "Indian", "dateOfBirth": "1978-10-07", "rightArmedBowl": false, "rightHandedBat": true, "bowlingStyle": "FAST_SEAM"}, {"id": 57, "fullName": "Shahbaz Nadeem", "shortName": "S Nadeem", "nationality": "Indian", "dateOfBirth": "1989-08-12", "rightArmedBowl": false, "rightHandedBat": true, "bowlingStyle": "ORTHODOX"}], "wicketKeeper": {"id": 834, "fullName": "Quinton de Kock", "shortName": "Q de Kock", "nationality": "South African", "dateOfBirth": "1992-12-17", "rightArmedBowl": false, "rightHandedBat": false}, "captain": {"id": 165, "fullName": "Zaheer Khan", "shortName": "Z Khan", "nationality": "Indian", "dateOfBirth": "1978-10-07", "rightArmedBowl": false, "rightHandedBat": true, "bowlingStyle": "FAST_SEAM"}}], "venue": {"id": 9, "fullName": "IS Bindra Stadium", "shortName": "IS Bindra Stadium", "city": "Mohali", "country": "India"}, "matchDate": "2016-05-07T20:00:00+0530", "matchEndDate": "2016-05-07T23:00:00+0530", "matchDateMs": 1462631400000, "matchEndDateMs": 1462642200000, "isLimitedOvers": true, "battingOrder": [0, 1], "matchBroadcast": false, "matchState": "C", "matchStatus": {"outcome": "A", "text": "Punjab Kings won by 9 runs"}, "description": "Match 36", "matchSummary": "", "matchType": "IPLT20", "tournamentLabel": "IPL 2016", "oversLimit": 20, "groupName": ""}, "matchId": {"id": 4077, "name": "ipl2016-36", "tournamentId": {"id": 3957, "name": "ipl2016", "provisional": false}}, "currentState": {"inProgress": false, "phase": "C", "currentInningsIndex": 1, "currentBatsmen": [2972, 836], "facingBatsman": 836, "nonFacingBatsman": 2972, "currentBowler": -1, "previousBowler": 1107, "previousBowlerCurrentSpell": {"playerId": 1107, "ov": "1", "r": 3, "w": 0, "d": 4, "maid": 0, "e": "3.00", "wd": 0, "nb": 0}, "currentPartnership": 19, "partnership": {"runs": 19, "balls": 13, "runRate": "8.76"}, "recentOvers": [{"ovNo": 15, "ovBalls": ["1", ".", ".", ".", "2", "1"]}, {"ovNo": 16, "ovBalls": ["1", "1Lb", "W", ".", "2", "2"]}, {"ovNo": 17, "ovBalls": ["2", "1Lb", ".", ".", "W", "1"]}, {"ovNo": 18, "ovBalls": ["1", "4", ".", "6", "W", "1"]}, {"ovNo": 19, "ovBalls": ["2", ".", ".", "1", ".", "."]}, {"ovNo": 20, "ovBalls": [".", "2", "2", "6", "1", "4"]}]}, "innings": [{"inningsNumber": 1, "runRate": "9.05", "overProgress": "20", "declared": false, "scorecard": {"runs": 181, "wkts": 5, "allOut": false, "battingStats": [{"playerId": 7, "r": 25, "b": 16, "sr": "156.25", "4s": 4, "6s": 0, "mod": {"dismissedBp": {"innings": 1, "over": 6, "ball": 4}, "countingBp": {"innings": 1, "over": 6, "ball": 4}, "text": "c Carlos Brathwaite b Chris Morris", "bowlerId": 836, "additionalPlayerIds": [2722], "dismissedMethod": "ct", "isOut": true}}, {"playerId": 964, "r": 52, "b": 44, "sr": "118.18", "4s": 3, "6s": 2, "mod": {"dismissedBp": {"innings": 1, "over": 14, "ball": 5}, "countingBp": {"innings": 1, "over": 14, "ball": 5}, "text": "c Sanju Samson b Zaheer Khan", "bowlerId": 165, "additionalPlayerIds": [258], "dismissedMethod": "ct", "isOut": true}}, {"playerId": 456, "r": 1, "b": 5, "sr": "20.00", "4s": 0, "6s": 0, "mod": {"dismissedBp": {"innings": 1, "over": 7, "ball": 6}, "countingBp": {"innings": 1, "over": 7, "ball": 6}, "text": "run out (Zaheer Khan/Quinton de Kock)", "bowlerId": 57, "additionalPlayerIds": [165, 834], "dismissedMethod": "ro", "isOut": true}}, {"playerId": 16, "r": 52, "b": 33, "sr": "157.57", "4s": 7, "6s": 0, "mod": {"dismissedBp": {"innings": 1, "over": 19, "ball": 1}, "countingBp": {"innings": 1, "over": 19, "ball": 1}, "text": "c Chris Morris b Mohammad Shami", "bowlerId": 94, "additionalPlayerIds": [836], "dismissedMethod": "ct", "isOut": true}}, {"playerId": 282, "r": 16, "b": 11, "sr": "145.45", "4s": 0, "6s": 1, "mod": {"dismissedBp": {"innings": 1, "over": 18, "ball": 6}, "countingBp": {"innings": 1, "over": 18, "ball": 6}, "text": "b Chris Morris", "bowlerId": 836, "dismissedMethod": "b", "isOut": true}}, {"playerId": 187, "r": 11, "b": 6, "sr": "183.33", "4s": 1, "6s": 0}, {"playerId": 1113, "r": 16, "b": 5, "sr": "320.00", "4s": 0, "6s": 2}], "bowlingStats": [{"playerId": 57, "ov": "4", "r": 30, "w": 0, "d": 8, "maid": 0, "e": "7.50", "wd": 0, "nb": 0}, {"playerId": 94, "ov": "3", "r": 34, "w": 1, "d": 5, "maid": 0, "e": "11.33", "wd": 1, "nb": 0}, {"playerId": 836, "ov": "4", "r": 30, "w": 2, "d": 9, "maid": 0, "e": "7.50", "wd": 1, "nb": 0}, {"playerId": 165, "ov": "3", "r": 25, "w": 1, "d": 5, "maid": 0, "e": "8.33", "wd": 0, "nb": 0}, {"playerId": 2722, "ov": "2", "r": 20, "w": 0, "d": 1, "maid": 0, "e": "10.00", "wd": 0, "nb": 0}, {"playerId": 30, "ov": "4", "r": 37, "w": 0, "d": 6, "maid": 0, "e": "9.25", "wd": 1, "nb": 0}], "fow": [{"bp": {"innings": 1, "over": 6, "ball": 4}, "playerId": 7, "ret": false, "w": 1, "r": 45}, {"bp": {"innings": 1, "over": 7, "ball": 6}, "playerId": 456, "ret": false, "w": 2, "r": 48}, {"bp": {"innings": 1, "over": 14, "ball": 5}, "playerId": 964, "ret": false, "w": 3, "r": 106}, {"bp": {"innings": 1, "over": 18, "ball": 6}, "playerId": 282, "ret": false, "w": 4, "r": 152}, {"bp": {"innings": 1, "over": 19, "ball": 1}, "playerId": 16, "ret": false, "w": 5, "r": 152}], "extras": {"noBallRuns": 0, "wideRuns": 3, "byeRuns": 0, "legByeRuns": 5, "penaltyRuns": 0}, "declared": false}, "overHistory": [{"ovNo": 1, "ovBalls": ["1", ".", ".", ".", ".", "."]}, {"ovNo": 2, "ovBalls": [".", "1", ".", "1", "4", "4"]}, {"ovNo": 3, "ovBalls": ["1", "4", "2", "1", "4", "1"]}, {"ovNo": 4, "ovBalls": ["4Lb", "4", ".", "1", "2", "1"]}, {"ovNo": 5, "ovBalls": [".", "1", "2", ".", "1", "."]}, {"ovNo": 6, "ovBalls": ["1", ".", "4", "W", ".", "."]}, {"ovNo": 7, "ovBalls": ["1", ".", "1", ".", "1", "W"]}, {"ovNo": 8, "ovBalls": [".", ".", "2", "1", "4", "1"]}, {"ovNo": 9, "ovBalls": ["1", "6", "1", "2", "2", "1"]}, {"ovNo": 10, "ovBalls": ["1", "1", "1", "1", "1", "2"]}, {"ovNo": 11, "ovBalls": [".", "1", "2", ".", "1", "."]}, {"ovNo": 12, "ovBalls": ["6", "1", "1", "4", ".", "1"]}, {"ovNo": 13, "ovBalls": [".", "1", "4", "1", "1", "1"]}, {"ovNo": 14, "ovBalls": ["1", "1", "1", "2", "W", "."]}, {"ovNo": 15, "ovBalls": ["1Wd", "1", "4", "1", "1", "4", "1"]}, {"ovNo": 16, "ovBalls": ["1", "1", "2", "4", "4", "4"]}, {"ovNo": 17, "ovBalls": ["6", "2", ".", "2", "2", "."]}, {"ovNo": 18, "ovBalls": ["2", "1Lb", "1", ".", "1", "W"]}, {"ovNo": 19, "ovBalls": ["W", "1Wd", "2", "4", "2", "1", "6"]}, {"ovNo": 20, "ovBalls": ["1", "1Wd", "1", "1", "6", "2", "1"]}]}, {"inningsNumber": 2, "runRate": "8.60", "overProgress": "20", "declared": false, "scorecard": {"runs": 172, "wkts": 5, "allOut": false, "battingStats": [{"playerId": 834, "r": 52, "b": 30, "sr": "173.33", "4s": 6, "6s": 2, "mod": {"dismissedBp": {"innings": 2, "over": 8, "ball": 5}, "countingBp": {"innings": 2, "over": 8, "ball": 5}, "text": "c Axar Patel b Marcus Stoinis", "bowlerId": 964, "additionalPlayerIds": [1113], "dismissedMethod": "ct", "isOut": true}}, {"playerId": 258, "r": 49, "b": 35, "sr": "140.00", "4s": 4, "6s": 1, "mod": {"dismissedBp": {"innings": 2, "over": 14, "ball": 4}, "countingBp": {"innings": 2, "over": 14, "ball": 4}, "text": "c Glenn Maxwell b Marcus Stoinis", "bowlerId": 964, "additionalPlayerIds": [282], "dismissedMethod": "ct", "isOut": true}}, {"playerId": 276, "r": 23, "b": 25, "sr": "92.00", "4s": 1, "6s": 0, "mod": {"dismissedBp": {"innings": 2, "over": 16, "ball": 3}, "countingBp": {"innings": 2, "over": 16, "ball": 3}, "text": "c David Miller b KC Cariappa", "bowlerId": 2743, "additionalPlayerIds": [187], "dismissedMethod": "ct", "isOut": true}}, {"playerId": 2756, "r": 6, "b": 9, "sr": "66.66", "4s": 0, "6s": 0, "mod": {"dismissedBp": {"innings": 2, "over": 17, "ball": 5}, "countingBp": {"innings": 2, "over": 17, "ball": 5}, "text": "c Wriddhiman Saha b Marcus Stoinis", "bowlerId": 964, "additionalPlayerIds": [16], "dismissedMethod": "ct", "isOut": true}}, {"playerId": 2722, "r": 12, "b": 6, "sr": "200.00", "4s": 1, "6s": 1, "mod": {"dismissedBp": {"innings": 2, "over": 18, "ball": 5}, "countingBp": {"innings": 2, "over": 18, "ball": 5}, "text": "c Gurkeerat Mann Singh b Sandeep Sharma", "bowlerId": 1112, "additionalPlayerIds": [253], "dismissedMethod": "ct", "isOut": true}}, {"playerId": 836, "r": 17, "b": 12, "sr": "141.66", "4s": 0, "6s": 1}, {"playerId": 2972, "r": 4, "b": 3, "sr": "133.33", "4s": 1, "6s": 0}], "bowlingStats": [{"playerId": 1112, "ov": "4", "r": 36, "w": 1, "d": 8, "maid": 0, "e": "9.00", "wd": 0, "nb": 0}, {"playerId": 1107, "ov": "4", "r": 21, "w": 0, "d": 12, "maid": 0, "e": "5.25", "wd": 0, "nb": 0}, {"playerId": 2743, "ov": "4", "r": 37, "w": 1, "d": 7, "maid": 0, "e": "9.25", "wd": 1, "nb": 0}, {"playerId": 964, "ov": "4", "r": 40, "w": 3, "d": 8, "maid": 0, "e": "10.00", "wd": 1, "nb": 0}, {"playerId": 1113, "ov": "4", "r": 32, "w": 0, "d": 5, "maid": 0, "e": "8.00", "wd": 0, "nb": 0}], "fow": [{"bp": {"innings": 2, "over": 8, "ball": 5}, "playerId": 834, "ret": false, "w": 1, "r": 70}, {"bp": {"innings": 2, "over": 14, "ball": 4}, "playerId": 258, "ret": false, "w": 2, "r": 121}, {"bp": {"innings": 2, "over": 16, "ball": 3}, "playerId": 276, "ret": false, "w": 3, "r": 134}, {"bp": {"innings": 2, "over": 17, "ball": 5}, "playerId": 2756, "ret": false, "w": 4, "r": 141}, {"bp": {"innings": 2, "over": 18, "ball": 5}, "playerId": 2722, "ret": false, "w": 5, "r": 153}], "extras": {"noBallRuns": 0, "wideRuns": 3, "byeRuns": 0, "legByeRuns": 6, "penaltyRuns": 0}, "declared": false}, "overHistory": [{"ovNo": 1, "ovBalls": [".", ".", "1", ".", "1Lb", "1"]}, {"ovNo": 2, "ovBalls": ["1", ".", ".", "4", "2", "."]}, {"ovNo": 3, "ovBalls": [".", "1", ".", "1", "4", "."]}, {"ovNo": 4, "ovBalls": ["1", ".", "4", "1", "1", "."]}, {"ovNo": 5, "ovBalls": ["1", "4", "4", "1", "1", "1Lb"]}, {"ovNo": 6, "ovBalls": ["2", "2", "6", "4", "1", "1"]}, {"ovNo": 7, "ovBalls": ["1", "1", "1", ".", "4", "1Wd", "3"]}, {"ovNo": 8, "ovBalls": ["6", ".", "1", "1", "W", "1"]}, {"ovNo": 9, "ovBalls": [".", "1", "1", "1", "1", "1"]}, {"ovNo": 10, "ovBalls": ["2", "1", "6", "1", "1", "4"]}, {"ovNo": 11, "ovBalls": ["2", "2", "1", ".", "1", "."]}, {"ovNo": 12, "ovBalls": ["1", "1Lb", "2", "1", "1", "2"]}, {"ovNo": 13, "ovBalls": ["1", "2", "1", "1Lb", "1", "."]}, {"ovNo": 14, "ovBalls": ["2", "4", "4", "W", "2Wd", "1", "4"]}, {"ovNo": 15, "ovBalls": ["1", ".", ".", ".", "2", "1"]}, {"ovNo": 16, "ovBalls": ["1", "1Lb", "W", ".", "2", "2"]}, {"ovNo": 17, "ovBalls": ["2", "1Lb", ".", ".", "W", "1"]}, {"ovNo": 18, "ovBalls": ["1", "4", ".", "6", "W", "1"]}, {"ovNo": 19, "ovBalls": ["2", ".", ".", "1", ".", "."]}, {"ovNo": 20, "ovBalls": [".", "2", "2", "6", "1", "4"]}]}]}