{"matchInfo": {"additionalInfo": {"sixes.video.thumb": "http://brightcove.vo.llnwd.net/v1/unsecured/media/3588749423001/201604/2000/3588749423001_4849445347001_sixesab.jpg?pubId=3588749423001", "sixes.video.id": "4849370662001", "match.video.thumb": "http://brightcove.vo.llnwd.net/v1/unsecured/media/3588749423001/201604/680/3588749423001_4849420348001_video-still-for-video-4849490272001.jpg?pubId=3588749423001", "mom.video.thumb": "http://brightcove.vo.llnwd.net/v1/unsecured/media/3588749423001/201604/728/3588749423001_4849385494001_kock.jpg?pubId=3588749423001", "mom.video.id": "4849490259001", "referee.name": "Roshan Mahanama", "report.thumb": "http://static2.iplt20.com/cms/media/images/320x213/46788.jpg", "match.summary": "", "umpire.name.1": "Vineet Kulkarni", "umpire.name.2": "Nand Kishore", "umpire.name.3": "Anil Dandekar", "interview.thumb": "http://static2.iplt20.com/cms/media/images/630x420/46790.jpg", "umpire.name.4": "Rohan Pandit", "away.team.fan.total": "4550", "result.playerofthematch": "Quinton de Kock", "toss.elected": "Dehli Daredevils, who chose to field", "notes.1.1": "Powerplay 1 - 63 runs, 1 wicket", "notes.1.2": "RCB: 50 runs in 4.6 overs", "notes.2.1": "Powerplay 1 - 51 runs, 2 wickets", "notes.1.3": "2nd Wicket: 50 runs in 27 balls (Virat Kohli 20, AB de Villiers 29)", "notes.2.2": "DD: 50 runs in 4.5 overs", "notes.1.4": "AB de Villiers: 50 off 25 balls (9 x fours, 1 x six)", "notes.2.3": "Quinton de Kock: 50 off 22 balls (9 x fours, 1 x six)", "notes.1.5": "RCB: 100 runs in 10.5 overs", "notes.2.4": "DD: 100 runs in 10.6 overs", "notes.1.6": "2nd Wicket: 100 runs in 62 balls (Virat Kohli 44, AB de Villiers 55)", "notes.2.5": "3rd Wicket: 50 runs in 32 balls (Qunton de Kock 24, Karun Nair 25)", "notes.1.7": "Virat Kohli: 50 off 36 balls (4 x 4, 1 x 6)", "notes.2.6": "DD: 150 runs in 15.2 overs", "notes.1.8": "RCB: 150 runs in 15.3 overs", "notes.2.7": "3rd Wicket: 100 runs in 59 balls (Quinton de Kock 55, Karun Nair 41)", "highlights.link": "http://www.iplt20.com/videos/media/id/4849490272001/m11-rcb-vs-dd-match-highlights", "notes.1.9": "3rd Wicket: 50 runs in 27 balls (Virat Kohli 25, Shane Watson 27)", "notes.2.8": "Karun Nair: 50 off 36 balls (6 x fours, 1 x six)", "notes.2.9": "Quinton de Kock: 100 off 48 balls (13 x fours, 3 x sixes)", "match.video.id": "4849490272001", "stats.link": "http://www.iplt20.com/news/2016/more-news/7247/quick-stats-m11-rcb-vs-dd", "home.team.fan.total": "6330", "photostream.link": "http://www.iplt20.com/photos/322/match-11-rcb-v-dd", "toss.winner": "Dehli Daredevils", "notes.1.10": "Innings Break: RCB - 191/5 in 20 overs", "interview.link": "http://www.iplt20.com/news/2016/features/7243/when-quinton-karun-turned-batman-robin", "stats.thumb": "http://static2.iplt20.com/cms/media/images/630x420/46792.jpg"}, "teams": [{"id": 4745, "team": {"id": 9, "fullName": "Royal Challengers Bangalore", "shortName": "Challengers", "abbreviation": "RCB", "type": "m", "primaryColor": "000000", "secondaryColor": "FF3245"}, "players": [{"id": 236, "fullName": "Chris Gayle", "shortName": "C Gayle", "nationality": "West Indian", "dateOfBirth": "1979-09-21", "rightArmedBowl": true, "rightHandedBat": false, "bowlingStyle": "OFF_SPIN"}, {"id": 164, "fullName": "Virat Kohli", "shortName": "V Kohli", "nationality": "Indian", "dateOfBirth": "1988-11-05", "rightArmedBowl": true, "rightHandedBat": true, "bowlingStyle": "MEDIUM_SEAM"}, {"id": 233, "fullName": "AB de Villiers", "shortName": "AB de Villiers", "nationality": "South African", "dateOfBirth": "1984-02-17", "rightArmedBowl": true, "rightHandedBat": true, "bowlingStyle": "MEDIUM_SEAM"}, {"id": 227, "fullName": "Shane Watson", "shortName": "S Watson", "nationality": "Australian", "dateOfBirth": "1981-06-17", "rightArmedBowl": true, "rightHandedBat": true, "bowlingStyle": "MEDIUM_SEAM"}, {"id": 1564, "fullName": "Sarfaraz Khan", "shortName": "SN Khan", "nationality": "Indian", "dateOfBirth": "1997-10-22", "rightArmedBowl": true, "rightHandedBat": true, "bowlingStyle": "LEG_SPIN"}, {"id": 297, "fullName": "Kedar Jadhav", "shortName": "K Jadhav", "nationality": "Indian", "dateOfBirth": "1985-03-26", "rightArmedBowl": true, "rightHandedBat": true, "bowlingStyle": "OFF_SPIN"}, {"id": 1093, "fullName": "Parveez Rasool", "shortName": "P Rasool", "nationality": "Indian", "dateOfBirth": "1989-02-13", "rightArmedBowl": false, "rightHandedBat": true}, {"id": 869, "fullName": "David Wiese", "shortName": "D Wiese", "nationality": "Namibian", "dateOfBirth": "1985-05-18", "rightArmedBowl": true, "rightHandedBat": true, "bowlingStyle": "MEDIUM_SEAM"}, {"id": 157, "fullName": "Harshal Patel", "shortName": "H Patel", "nationality": "Indian", "dateOfBirth": "1990-11-23", "rightArmedBowl": true, "rightHandedBat": true, "bowlingStyle": "MEDIUM_SEAM"}, {"id": 111, "fullName": "Yuzvendra Chahal", "shortName": "Y Chahal", "nationality": "Indian", "dateOfBirth": "1990-07-23", "rightArmedBowl": true, "rightHandedBat": true, "bowlingStyle": "LEG_SPIN"}, {"id": 162, "fullName": "Sreenath Aravind", "shortName": "S Aravind", "nationality": "Indian", "dateOfBirth": "1984-04-08", "rightArmedBowl": false, "rightHandedBat": false, "bowlingStyle": "MEDIUM_SEAM"}], "wicketKeeper": {"id": 297, "fullName": "Kedar Jadhav", "shortName": "K Jadhav", "nationality": "Indian", "dateOfBirth": "1985-03-26", "rightArmedBowl": true, "rightHandedBat": true, "bowlingStyle": "OFF_SPIN"}, "captain": {"id": 164, "fullName": "Virat Kohli", "shortName": "V Kohli", "nationality": "Indian", "dateOfBirth": "1988-11-05", "rightArmedBowl": true, "rightHandedBat": true, "bowlingStyle": "MEDIUM_SEAM"}}, {"id": 4744, "team": {"id": 3, "fullName": "Delhi Capitals", "shortName": "Delhi", "abbreviation": "DC", "type": "m", "primaryColor": "004C93", "secondaryColor": "F83430"}, "players": [{"id": 834, "fullName": "Quinton de Kock", "shortName": "Q de Kock", "nationality": "South African", "dateOfBirth": "1992-12-17", "rightArmedBowl": false, "rightHandedBat": false}, {"id": 1563, "fullName": "Shreyas Iyer", "shortName": "S Iyer", "nationality": "Indian", "dateOfBirth": "1994-12-06", "rightArmedBowl": true, "rightHandedBat": true, "bowlingStyle": "LEG_SPIN"}, {"id": 258, "fullName": "Sanju Samson", "shortName": "S Samson", "nationality": "Indian", "dateOfBirth": "1994-11-11", "rightArmedBowl": true, "rightHandedBat": true}, {"id": 276, "fullName": "Karun Nair", "shortName": "K Nair", "nationality": "Indian", "dateOfBirth": "1991-12-06", "rightArmedBowl": true, "rightHandedBat": true, "bowlingStyle": "OFF_SPIN"}, {"id": 182, "fullName": "JP Duminy", "shortName": "JP Duminy", "nationality": "South African", "dateOfBirth": "1984-04-14", "rightArmedBowl": false, "rightHandedBat": false}, {"id": 2722, "fullName": "Carlos Brathwaite", "shortName": "C Brathwaite", "nationality": "West Indian", "dateOfBirth": "1988-07-18", "rightArmedBowl": true, "rightHandedBat": true, "bowlingStyle": "MEDIUM_SEAM"}, {"id": 836, "fullName": "Chris Morris", "shortName": "C Morris", "nationality": "South African", "dateOfBirth": "1987-04-30", "rightArmedBowl": true, "rightHandedBat": true, "bowlingStyle": "FAST_SEAM"}, {"id": 53, "fullName": "Pawan Negi", "shortName": "P Negi", "nationality": "Indian", "dateOfBirth": "1983-01-06", "rightArmedBowl": false, "rightHandedBat": false, "bowlingStyle": "ORTHODOX"}, {"id": 165, "fullName": "Zaheer Khan", "shortName": "Z Khan", "nationality": "Indian", "dateOfBirth": "1978-10-07", "rightArmedBowl": false, "rightHandedBat": true, "bowlingStyle": "FAST_SEAM"}, {"id": 30, "fullName": "Amit Mishra", "shortName": "A Mishra", "nationality": "Indian", "dateOfBirth": "1982-11-24", "rightArmedBowl": true, "rightHandedBat": true, "bowlingStyle": "LEG_SPIN"}, {"id": 94, "fullName": "Mohammad Shami", "shortName": "M Shami", "nationality": "Indian", "dateOfBirth": "1990-09-03", "rightArmedBowl": true, "rightHandedBat": true, "bowlingStyle": "FAST_SEAM"}], "wicketKeeper": {"id": 834, "fullName": "Quinton de Kock", "shortName": "Q de Kock", "nationality": "South African", "dateOfBirth": "1992-12-17", "rightArmedBowl": false, "rightHandedBat": false}, "captain": {"id": 165, "fullName": "Zaheer Khan", "shortName": "Z Khan", "nationality": "Indian", "dateOfBirth": "1978-10-07", "rightArmedBowl": false, "rightHandedBat": true, "bowlingStyle": "FAST_SEAM"}}], "venue": {"id": 5, "fullName": "M. Chinnaswamy Stadium", "shortName": "M. Chinnaswamy Stadium", "city": "Bengaluru", "country": "India"}, "matchDate": "2016-04-17T20:00:00+0530", "matchEndDate": "2016-04-17T23:00:00+0530", "matchDateMs": 1460903400000, "matchEndDateMs": 1460914200000, "isLimitedOvers": true, "battingOrder": [0, 1], "matchBroadcast": false, "matchState": "C", "matchStatus": {"outcome": "B", "text": "Delhi Capitals won by 7 wickets"}, "description": "Match 11", "matchSummary": "", "matchType": "IPLT20", "tournamentLabel": "IPL 2016", "oversLimit": 20, "groupName": ""}, "matchId": {"id": 4052, "name": "ipl2016-11", "tournamentId": {"id": 3957, "name": "ipl2016", "provisional": false}}, "currentState": {"inProgress": false, "phase": "C", "currentInningsIndex": 1, "currentBatsmen": [276, 182], "facingBatsman": 276, "nonFacingBatsman": 182, "currentBowler": 111, "currentBowlerCurrentSpell": {"playerId": 111, "ov": "0.1", "r": 1, "w": 0, "d": 0, "maid": 0, "e": "6.00", "wd": 0, "nb": 0}, "previousBowler": 227, "previousBowlerCurrentSpell": {"playerId": 227, "ov": "1", "r": 7, "w": 1, "d": 3, "maid": 0, "e": "7.00", "wd": 0, "nb": 0}, "currentPartnership": 8, "partnership": {"runs": 8, "balls": 5, "runRate": "9.60"}, "recentOvers": [{"ovNo": 15, "ovBalls": ["1", "2", "4", "1", ".", "2Lb"]}, {"ovNo": 16, "ovBalls": ["1", "4", "1", "4", "1", "1"]}, {"ovNo": 17, "ovBalls": ["6", "1", "1", ".", "1", "4"]}, {"ovNo": 18, "ovBalls": [".", "1", "1", "1", "1Wd", "4", "4"]}, {"ovNo": 19, "ovBalls": ["1", "W", ".", "4", "2", "1Lb"]}, {"ovNo": 20, "ovBalls": ["1"]}]}, "innings": [{"inningsNumber": 1, "runRate": "9.55", "overProgress": "20", "declared": false, "scorecard": {"runs": 191, "wkts": 5, "allOut": false, "battingStats": [{"playerId": 236, "r": 0, "b": 3, "sr": "0.00", "4s": 0, "6s": 0, "mod": {"dismissedBp": {"innings": 1, "over": 1, "ball": 3}, "countingBp": {"innings": 1, "over": 1, "ball": 3}, "text": "c JP Duminy b Zaheer Khan", "bowlerId": 165, "additionalPlayerIds": [182], "dismissedMethod": "ct", "isOut": true}}, {"playerId": 164, "r": 79, "b": 48, "sr": "164.58", "4s": 7, "6s": 3, "mod": {"dismissedBp": {"innings": 1, "over": 19, "ball": 1}, "countingBp": {"innings": 1, "over": 19, "ball": 1}, "text": "c Shreyas Iyer b Mohammad Shami", "bowlerId": 94, "additionalPlayerIds": [1563], "dismissedMethod": "ct", "isOut": true}}, {"playerId": 233, "r": 55, "b": 33, "sr": "166.66", "4s": 9, "6s": 1, "mod": {"dismissedBp": {"innings": 1, "over": 12, "ball": 2}, "countingBp": {"innings": 1, "over": 12, "ball": 2}, "text": "c Mohammad Shami b Carlos Brathwaite", "bowlerId": 2722, "additionalPlayerIds": [94], "dismissedMethod": "ct", "isOut": true}}, {"playerId": 227, "r": 33, "b": 19, "sr": "173.68", "4s": 2, "6s": 3, "mod": {"dismissedBp": {"innings": 1, "over": 17, "ball": 2}, "countingBp": {"innings": 1, "over": 17, "ball": 2}, "text": "c Chris Morris b Mohammad Shami", "bowlerId": 94, "additionalPlayerIds": [836], "dismissedMethod": "ct", "isOut": true}}, {"playerId": 1564, "r": 1, "b": 2, "sr": "50.00", "4s": 0, "6s": 0, "mod": {"dismissedBp": {"innings": 1, "over": 17, "ball": 5}, "countingBp": {"innings": 1, "over": 17, "ball": 5}, "text": "run out (Mohammad Shami)", "bowlerId": 94, "additionalPlayerIds": [94], "dismissedMethod": "ro", "isOut": true}}, {"playerId": 297, "r": 9, "b": 11, "sr": "81.81", "4s": 1, "6s": 0}, {"playerId": 869, "r": 5, "b": 4, "sr": "125.00", "4s": 0, "6s": 0}], "bowlingStats": [{"playerId": 165, "ov": "4", "r": 50, "w": 1, "d": 6, "maid": 0, "e": "12.50", "wd": 0, "nb": 0}, {"playerId": 836, "ov": "4", "r": 29, "w": 0, "d": 9, "maid": 0, "e": "7.25", "wd": 0, "nb": 0}, {"playerId": 94, "ov": "4", "r": 34, "w": 2, "d": 8, "maid": 0, "e": "8.50", "wd": 1, "nb": 0}, {"playerId": 53, "ov": "3", "r": 26, "w": 0, "d": 3, "maid": 0, "e": "8.66", "wd": 0, "nb": 0}, {"playerId": 30, "ov": "3", "r": 26, "w": 0, "d": 4, "maid": 0, "e": "8.66", "wd": 0, "nb": 0}, {"playerId": 2722, "ov": "2", "r": 18, "w": 1, "d": 5, "maid": 0, "e": "9.00", "wd": 0, "nb": 0}], "fow": [{"bp": {"innings": 1, "over": 1, "ball": 3}, "playerId": 236, "ret": false, "w": 1, "r": 0}, {"bp": {"innings": 1, "over": 12, "ball": 2}, "playerId": 233, "ret": false, "w": 2, "r": 107}, {"bp": {"innings": 1, "over": 17, "ball": 2}, "playerId": 227, "ret": false, "w": 3, "r": 170}, {"bp": {"innings": 1, "over": 17, "ball": 5}, "playerId": 1564, "ret": false, "w": 4, "r": 172}, {"bp": {"innings": 1, "over": 19, "ball": 1}, "playerId": 164, "ret": false, "w": 5, "r": 177}], "extras": {"noBallRuns": 0, "wideRuns": 1, "byeRuns": 0, "legByeRuns": 8, "penaltyRuns": 0}, "declared": false}, "overHistory": [{"ovNo": 1, "ovBalls": [".", ".", "W", ".", "4", "4"]}, {"ovNo": 2, "ovBalls": ["4", ".", ".", "1", ".", "."]}, {"ovNo": 3, "ovBalls": ["1", ".", "1", "2", "1", "1"]}, {"ovNo": 4, "ovBalls": ["1Lb", "4", "4", ".", "1", "6"]}, {"ovNo": 5, "ovBalls": ["1", "1", "1", "4", "4", "4"]}, {"ovNo": 6, "ovBalls": ["1", "4", "1Lb", "2", "1", "4"]}, {"ovNo": 7, "ovBalls": ["1", "4", "1", "1", "1", "1"]}, {"ovNo": 8, "ovBalls": [".", "4", ".", "1", "1", "1"]}, {"ovNo": 9, "ovBalls": ["1", "1", "1", ".", "4", "1"]}, {"ovNo": 10, "ovBalls": ["1", "1", "2", "4Lb", "1", "1"]}, {"ovNo": 11, "ovBalls": ["1", ".", ".", "1", "6", "1"]}, {"ovNo": 12, "ovBalls": ["1", "W", ".", "1", "1", "."]}, {"ovNo": 13, "ovBalls": ["1", ".", "1", "1", "1", "1"]}, {"ovNo": 14, "ovBalls": ["1Lb", "6", "4", "4", ".", "1"]}, {"ovNo": 15, "ovBalls": [".", "1", "6", "4", "1", "1"]}, {"ovNo": 16, "ovBalls": [".", "6", "1", "4", "6", "4"]}, {"ovNo": 17, "ovBalls": ["6", "W", "1", "1", "W", "1"]}, {"ovNo": 18, "ovBalls": [".", ".", "1", ".", "2", "1"]}, {"ovNo": 19, "ovBalls": ["W", ".", "1Wd", "1", "1", "1Lb", "2"]}, {"ovNo": 20, "ovBalls": ["1", "1", "1", "1", ".", "4"]}]}, {"inningsNumber": 2, "runRate": "10.01", "overProgress": "19.1", "declared": false, "scorecard": {"runs": 192, "wkts": 3, "allOut": false, "battingStats": [{"playerId": 834, "r": 108, "b": 51, "sr": "211.76", "4s": 15, "6s": 3, "mod": {"dismissedBp": {"innings": 2, "over": 19, "ball": 2}, "countingBp": {"innings": 2, "over": 19, "ball": 2}, "text": "c Kedar Jadhav b Shane Watson", "bowlerId": 227, "additionalPlayerIds": [297], "dismissedMethod": "ct", "isOut": true}}, {"playerId": 1563, "r": 0, "b": 4, "sr": "0.00", "4s": 0, "6s": 0, "mod": {"dismissedBp": {"innings": 2, "over": 1, "ball": 8}, "countingBp": {"innings": 2, "over": 1, "ball": 6}, "text": "c David Wiese b Sreenath Aravind", "bowlerId": 162, "additionalPlayerIds": [869], "dismissedMethod": "ct", "isOut": true}}, {"playerId": 258, "r": 9, "b": 14, "sr": "64.28", "4s": 0, "6s": 0, "mod": {"dismissedBp": {"innings": 2, "over": 6, "ball": 4}, "countingBp": {"innings": 2, "over": 6, "ball": 4}, "text": "c Yuzvendra Chahal b Shane Watson", "bowlerId": 227, "additionalPlayerIds": [111], "dismissedMethod": "ct", "isOut": true}}, {"playerId": 276, "r": 54, "b": 42, "sr": "128.57", "4s": 6, "6s": 1}, {"playerId": 182, "r": 7, "b": 5, "sr": "140.00", "4s": 1, "6s": 0}], "bowlingStats": [{"playerId": 162, "ov": "3", "r": 32, "w": 1, "d": 5, "maid": 0, "e": "10.66", "wd": 2, "nb": 0}, {"playerId": 1093, "ov": "3", "r": 28, "w": 0, "d": 5, "maid": 0, "e": "9.33", "wd": 0, "nb": 0}, {"playerId": 227, "ov": "4", "r": 25, "w": 2, "d": 12, "maid": 0, "e": "6.25", "wd": 1, "nb": 0}, {"playerId": 111, "ov": "2.1", "r": 23, "w": 0, "d": 2, "maid": 0, "e": "10.61", "wd": 1, "nb": 0}, {"playerId": 869, "ov": "4", "r": 49, "w": 0, "d": 6, "maid": 0, "e": "12.25", "wd": 2, "nb": 1}, {"playerId": 157, "ov": "3", "r": 32, "w": 0, "d": 4, "maid": 0, "e": "10.66", "wd": 0, "nb": 0}], "fow": [{"bp": {"innings": 2, "over": 1, "ball": 6}, "playerId": 1563, "ret": false, "w": 1, "r": 11}, {"bp": {"innings": 2, "over": 6, "ball": 4}, "playerId": 258, "ret": false, "w": 2, "r": 50}, {"bp": {"innings": 2, "over": 19, "ball": 2}, "playerId": 834, "ret": false, "w": 3, "r": 184}], "extras": {"noBallRuns": 1, "wideRuns": 10, "byeRuns": 0, "legByeRuns": 3, "penaltyRuns": 0}, "declared": false}, "overHistory": [{"ovNo": 1, "ovBalls": ["4", "5Wd", "1", ".", ".", ".", "1Wd", "W"]}, {"ovNo": 2, "ovBalls": [".", "1", "4", ".", "4", "4"]}, {"ovNo": 3, "ovBalls": ["1", "1", "1", "4", ".", "2"]}, {"ovNo": 4, "ovBalls": ["1", ".", "4", "1Wd", "1", ".", "2"]}, {"ovNo": 5, "ovBalls": ["4", "1", "2", ".", "1", "."]}, {"ovNo": 6, "ovBalls": [".", ".", ".", "W", ".", "1"]}, {"ovNo": 7, "ovBalls": ["4", ".", "1", "1", "1", "4"]}, {"ovNo": 8, "ovBalls": ["1Wd", ".", ".", ".", ".", ".", "4"]}, {"ovNo": 9, "ovBalls": ["6", "1", "2", ".", "4", "1"]}, {"ovNo": 10, "ovBalls": ["1", "1", "4", "1", "4", "1"]}, {"ovNo": 11, "ovBalls": [".", "2", "1", "1", "2", "1"]}, {"ovNo": 12, "ovBalls": ["1", "1", "2", ".", ".", "1"]}, {"ovNo": 13, "ovBalls": ["6", "1", ".", "1", "1", "1Wd", "1"]}, {"ovNo": 14, "ovBalls": ["4", "2", "1", "1", "2Nb", "6", "4"]}, {"ovNo": 15, "ovBalls": ["1", "2", "4", "1", ".", "2Lb"]}, {"ovNo": 16, "ovBalls": ["1", "4", "1", "4", "1", "1"]}, {"ovNo": 17, "ovBalls": ["6", "1", "1", ".", "1", "4"]}, {"ovNo": 18, "ovBalls": [".", "1", "1", "1", "1Wd", "4", "4"]}, {"ovNo": 19, "ovBalls": ["1", "W", ".", "4", "2", "1Lb"]}, {"ovNo": 20, "ovBalls": ["1"]}]}]}