{"matchInfo": {"additionalInfo": {"referee.name": "Andy Pycroft", "report.link": "https://www.iplt20.com/news/186306", "toss.elected": "Rajasthan Royals, who chose to bat", "match.summary": "", "umpire.name.1": "Ian Gould", "umpire.name.2": "Anil Dandekar", "toss.winner": "Rajasthan Royals", "umpire.name.3": "Nitin Menon", "umpire.name.4": "Khalid Hussen Saiyed", "result.playerofthematch": "Amit Mishra", "highlights.link": "https://www.iplt20.com/video/186236/m53-dc-vs-rr-match-highlights"}, "teams": [{"id": 11860, "team": {"id": 3, "fullName": "Delhi Capitals", "shortName": "Delhi", "abbreviation": "DC", "type": "m", "primaryColor": "004C93", "secondaryColor": "F83430"}, "players": [{"id": 3764, "fullName": "Prithvi Shaw", "shortName": "P Shaw", "nationality": "Indian", "dateOfBirth": "1999-11-09", "rightArmedBowl": true, "rightHandedBat": true, "bowlingStyle": "OFF_SPIN"}, {"id": 41, "fullName": "Shikhar Dhawan", "shortName": "S Dhawan", "nationality": "Indian", "dateOfBirth": "1985-12-05", "rightArmedBowl": true, "rightHandedBat": false, "bowlingStyle": "OFF_SPIN"}, {"id": 1563, "fullName": "Shreyas Iyer", "shortName": "S Iyer", "nationality": "Indian", "dateOfBirth": "1994-12-06", "rightArmedBowl": true, "rightHandedBat": true, "bowlingStyle": "LEG_SPIN"}, {"id": 2972, "fullName": "Rishabh Pant", "shortName": "R Pant", "nationality": "Indian", "dateOfBirth": "1997-10-04", "rightArmedBowl": false, "rightHandedBat": false}, {"id": 168, "fullName": "Colin Ingram", "shortName": "C Ingram", "nationality": "South African", "dateOfBirth": "1985-07-03", "rightArmedBowl": false, "rightHandedBat": true}, {"id": 5396, "fullName": "Sherfane Rutherford", "shortName": "S Rutherford", "nationality": "West Indian", "dateOfBirth": "1998-08-15", "rightArmedBowl": true, "rightHandedBat": false, "bowlingStyle": "MEDIUM_SEAM"}, {"id": 3101, "fullName": "Keemo Paul", "shortName": "K Paul", "nationality": "West Indian", "dateOfBirth": "1998-02-21", "rightArmedBowl": true, "rightHandedBat": true, "bowlingStyle": "FAST_SEAM"}, {"id": 1113, "fullName": "Axar Patel", "shortName": "A Patel", "nationality": "Indian", "dateOfBirth": "1994-01-20", "rightArmedBowl": false, "rightHandedBat": false, "bowlingStyle": "ORTHODOX"}, {"id": 30, "fullName": "Amit Mishra", "shortName": "A Mishra", "nationality": "Indian", "dateOfBirth": "1982-11-24", "rightArmedBowl": true, "rightHandedBat": true, "bowlingStyle": "LEG_SPIN"}, {"id": 38, "fullName": "Ishant Sharma", "shortName": "I Sharma", "nationality": "Indian", "dateOfBirth": "1988-09-02", "rightArmedBowl": true, "rightHandedBat": true, "bowlingStyle": "FAST_SEAM"}, {"id": 969, "fullName": "Trent Boult", "shortName": "T Boult", "nationality": "New Zealander", "dateOfBirth": "1989-07-22", "rightArmedBowl": false, "rightHandedBat": true, "bowlingStyle": "FAST_SEAM"}], "wicketKeeper": {"id": 2972, "fullName": "Rishabh Pant", "shortName": "R Pant", "nationality": "Indian", "dateOfBirth": "1997-10-04", "rightArmedBowl": false, "rightHandedBat": false}, "captain": {"id": 1563, "fullName": "Shreyas Iyer", "shortName": "S Iyer", "nationality": "Indian", "dateOfBirth": "1994-12-06", "rightArmedBowl": true, "rightHandedBat": true, "bowlingStyle": "LEG_SPIN"}}, {"id": 11861, "team": {"id": 8, "fullName": "Rajasthan Royals", "shortName": "Royals", "abbreviation": "RR", "type": "m", "primaryColor": "004B8C", "secondaryColor": "FFFFFF"}, "players": [{"id": 135, "fullName": "Ajinkya Rahane", "shortName": "A Rahane", "nationality": "Indian", "dateOfBirth": "1988-06-06", "rightArmedBowl": true, "rightHandedBat": true, "bowlingStyle": "MEDIUM_SEAM"}, {"id": 3644, "fullName": "Liam Livingstone", "shortName": "L Livingstone", "nationality": "English", "dateOfBirth": "1993-08-04", "rightArmedBowl": true, "rightHandedBat": true, "bowlingStyle": "LEG_SPIN"}, {"id": 258, "fullName": "Sanju Samson", "shortName": "S Samson", "nationality": "Indian", "dateOfBirth": "1994-11-11", "rightArmedBowl": true, "rightHandedBat": true}, {"id": 2970, "fullName": "Mahipal Lomror", "shortName": "M Lomror", "nationality": "Indian", "dateOfBirth": "1999-11-16", "rightArmedBowl": false, "rightHandedBat": false, "bowlingStyle": "ORTHODOX"}, {"id": 4445, "fullName": "Riyan Parag", "shortName": "R Parag", "nationality": "Indian", "dateOfBirth": "2001-11-10", "rightArmedBowl": true, "rightHandedBat": true, "bowlingStyle": "LEG_SPIN"}, {"id": 148, "fullName": "Stuart Binny", "shortName": "S Binny", "nationality": "Indian", "dateOfBirth": "1984-06-03", "rightArmedBowl": true, "rightHandedBat": true}, {"id": 3834, "fullName": "Krishnappa Gowtham", "shortName": "K Gowtham", "nationality": "Indian", "dateOfBirth": "1988-10-20", "rightArmedBowl": true, "rightHandedBat": true, "bowlingStyle": "OFF_SPIN"}, {"id": 1748, "fullName": "Shreyas Gopal", "shortName": "S Gopal", "nationality": "Indian", "dateOfBirth": "1993-09-04", "rightArmedBowl": true, "rightHandedBat": true, "bowlingStyle": "LEG_SPIN"}, {"id": 1304, "fullName": "Ish Sodhi", "shortName": "I Sodhi", "nationality": "New Zealander", "dateOfBirth": "1992-10-31", "rightArmedBowl": true, "rightHandedBat": true, "bowlingStyle": "LEG_SPIN"}, {"id": 61, "fullName": "Varun Aaron", "shortName": "V Aaron", "nationality": "Indian", "dateOfBirth": "1989-10-29", "rightArmedBowl": true, "rightHandedBat": true}, {"id": 5146, "fullName": "Oshane Thomas", "shortName": "O Thomas", "nationality": "West Indian", "dateOfBirth": "1997-02-18", "rightArmedBowl": true, "rightHandedBat": false, "bowlingStyle": "FAST_SEAM"}], "wicketKeeper": {"id": 258, "fullName": "Sanju Samson", "shortName": "S Samson", "nationality": "Indian", "dateOfBirth": "1994-11-11", "rightArmedBowl": true, "rightHandedBat": true}, "captain": {"id": 135, "fullName": "Ajinkya Rahane", "shortName": "A Rahane", "nationality": "Indian", "dateOfBirth": "1988-06-06", "rightArmedBowl": true, "rightHandedBat": true, "bowlingStyle": "MEDIUM_SEAM"}}], "venue": {"id": 8, "fullName": "Arun Jaitley Stadium", "shortName": "Arun Jaitley Stadium", "city": "Delhi", "country": "India"}, "matchDate": "2019-05-04T16:00:00+0530", "matchEndDate": "2019-05-04T23:00:00+0530", "matchDateMs": 1556965800000, "matchEndDateMs": 1556991000000, "isLimitedOvers": true, "battingOrder": [1, 0], "matchBroadcast": false, "matchState": "C", "matchStatus": {"outcome": "A", "text": "Delhi Capitals won by 5 wickets"}, "description": "Match 53", "matchSummary": "", "matchType": "IPLT20", "tournamentLabel": "IPL 2019", "oversLimit": 20, "groupName": ""}, "matchId": {"id": 11344, "name": "ipl2019-53", "tournamentId": {"id": 10192, "name": "ipl2019", "provisional": false}}, "currentState": {"inProgress": false, "phase": "C", "currentInningsIndex": 1, "currentBatsmen": [2972, 1113], "facingBatsman": 2972, "nonFacingBatsman": 1113, "currentBowler": 1304, "currentBowlerCurrentSpell": {"playerId": 1304, "ov": "0.1", "r": 6, "w": 0, "d": 0, "maid": 0, "e": "36.00", "wd": 0, "nb": 0}, "previousBowler": 1748, "previousBowlerCurrentSpell": {"playerId": 1748, "ov": "1", "r": 15, "w": 1, "d": 1, "maid": 0, "e": "15.00", "wd": 0, "nb": 0}, "currentPartnership": 15, "partnership": {"runs": 15, "balls": 5, "runRate": "18.00"}, "recentOvers": [{"ovNo": 12, "ovBalls": [".", "1", ".", "1", ".", "."]}, {"ovNo": 13, "ovBalls": ["1", "1", ".", ".", "1", "1"]}, {"ovNo": 14, "ovBalls": [".", "1", "1", "W", "1", "."]}, {"ovNo": 15, "ovBalls": ["1Wd", "2", "1", "1", "1", "6", "4"]}, {"ovNo": 16, "ovBalls": ["6", "W", "1", "1", "6", "1"]}, {"ovNo": 17, "ovBalls": ["6"]}]}, "innings": [{"inningsNumber": 1, "runRate": "5.75", "overProgress": "20", "declared": false, "scorecard": {"runs": 115, "wkts": 9, "allOut": false, "battingStats": [{"playerId": 135, "r": 2, "b": 4, "sr": "50.00", "4s": 0, "6s": 0, "mod": {"dismissedBp": {"innings": 1, "over": 2, "ball": 6}, "countingBp": {"innings": 1, "over": 2, "ball": 6}, "text": "c Shikhar Dhawan b Ishant Sharma", "bowlerId": 38, "additionalPlayerIds": [41], "dismissedMethod": "ct", "isOut": true}}, {"playerId": 3644, "r": 14, "b": 13, "sr": "107.69", "4s": 1, "6s": 1, "mod": {"dismissedBp": {"innings": 1, "over": 4, "ball": 5}, "countingBp": {"innings": 1, "over": 4, "ball": 5}, "text": "b Ishant Sharma", "bowlerId": 38, "dismissedMethod": "b", "isOut": true}}, {"playerId": 258, "r": 5, "b": 8, "sr": "62.50", "4s": 0, "6s": 0, "mod": {"dismissedBp": {"innings": 1, "over": 5, "ball": 2}, "countingBp": {"innings": 1, "over": 5, "ball": 2}, "text": "run out (Prithvi Shaw)", "bowlerId": 1113, "additionalPlayerIds": [3764], "dismissedMethod": "ro", "isOut": true}}, {"playerId": 2970, "r": 8, "b": 3, "sr": "266.66", "4s": 2, "6s": 0, "mod": {"dismissedBp": {"innings": 1, "over": 6, "ball": 2}, "countingBp": {"innings": 1, "over": 6, "ball": 2}, "text": "c Rishabh Pant b Ishant Sharma", "bowlerId": 38, "additionalPlayerIds": [2972], "dismissedMethod": "ct", "isOut": true}}, {"playerId": 1748, "r": 12, "b": 18, "sr": "66.66", "4s": 0, "6s": 0, "mod": {"dismissedBp": {"innings": 1, "over": 12, "ball": 2}, "countingBp": {"innings": 1, "over": 12, "ball": 2}, "text": "st Rishabh Pant b Amit Mishra", "bowlerId": 30, "additionalPlayerIds": [2972], "dismissedMethod": "st", "isOut": true}}, {"playerId": 4445, "r": 50, "b": 49, "sr": "102.04", "4s": 4, "6s": 2, "mod": {"dismissedBp": {"innings": 1, "over": 20, "ball": 7}, "countingBp": {"innings": 1, "over": 20, "ball": 6}, "text": "c Sherfane Rutherford b Trent Boult", "bowlerId": 969, "additionalPlayerIds": [5396], "dismissedMethod": "ct", "isOut": true}}, {"playerId": 148, "r": 0, "b": 1, "sr": "0.00", "4s": 0, "6s": 0, "mod": {"dismissedBp": {"innings": 1, "over": 12, "ball": 3}, "countingBp": {"innings": 1, "over": 12, "ball": 3}, "text": "c Rishabh Pant b Amit Mishra", "bowlerId": 30, "additionalPlayerIds": [2972], "dismissedMethod": "ct", "isOut": true}}, {"playerId": 3834, "r": 6, "b": 6, "sr": "100.00", "4s": 1, "6s": 0, "mod": {"dismissedBp": {"innings": 1, "over": 14, "ball": 2}, "countingBp": {"innings": 1, "over": 14, "ball": 2}, "text": "c Ishant Sharma b Amit Mishra", "bowlerId": 30, "additionalPlayerIds": [38], "dismissedMethod": "ct", "isOut": true}}, {"playerId": 1304, "r": 6, "b": 11, "sr": "54.54", "4s": 0, "6s": 0, "mod": {"dismissedBp": {"innings": 1, "over": 18, "ball": 3}, "countingBp": {"innings": 1, "over": 18, "ball": 2}, "text": "c Amit Mishra b Trent Boult", "bowlerId": 969, "additionalPlayerIds": [30], "dismissedMethod": "ct", "isOut": true}}, {"playerId": 61, "r": 3, "b": 7, "sr": "42.85", "4s": 0, "6s": 0}], "bowlingStats": [{"playerId": 969, "ov": "4", "r": 27, "w": 2, "d": 10, "maid": 0, "e": "6.75", "wd": 3, "nb": 0}, {"playerId": 38, "ov": "4", "r": 38, "w": 3, "d": 12, "maid": 0, "e": "9.50", "wd": 2, "nb": 0}, {"playerId": 1113, "ov": "4", "r": 16, "w": 0, "d": 12, "maid": 0, "e": "4.00", "wd": 0, "nb": 0}, {"playerId": 30, "ov": "4", "r": 17, "w": 3, "d": 11, "maid": 0, "e": "4.25", "wd": 0, "nb": 0}, {"playerId": 3101, "ov": "3.1", "r": 15, "w": 0, "d": 8, "maid": 0, "e": "4.73", "wd": 1, "nb": 0}, {"playerId": 5396, "ov": "0.5", "r": 2, "w": 0, "d": 3, "maid": 0, "e": "2.40", "wd": 0, "nb": 0}], "fow": [{"bp": {"innings": 1, "over": 2, "ball": 6}, "playerId": 135, "ret": false, "w": 1, "r": 11}, {"bp": {"innings": 1, "over": 4, "ball": 5}, "playerId": 3644, "ret": false, "w": 2, "r": 20}, {"bp": {"innings": 1, "over": 5, "ball": 2}, "playerId": 258, "ret": false, "w": 3, "r": 26}, {"bp": {"innings": 1, "over": 6, "ball": 2}, "playerId": 2970, "ret": false, "w": 4, "r": 30}, {"bp": {"innings": 1, "over": 12, "ball": 2}, "playerId": 1748, "ret": false, "w": 5, "r": 57}, {"bp": {"innings": 1, "over": 12, "ball": 3}, "playerId": 148, "ret": false, "w": 6, "r": 57}, {"bp": {"innings": 1, "over": 14, "ball": 2}, "playerId": 3834, "ret": false, "w": 7, "r": 65}, {"bp": {"innings": 1, "over": 18, "ball": 2}, "playerId": 1304, "ret": false, "w": 8, "r": 95}, {"bp": {"innings": 1, "over": 20, "ball": 6}, "playerId": 4445, "ret": false, "w": 9, "r": 115}], "extras": {"noBallRuns": 0, "wideRuns": 9, "byeRuns": 0, "legByeRuns": 0, "penaltyRuns": 0}, "declared": false}, "overHistory": [{"ovNo": 1, "ovBalls": ["1", "1", "1", ".", ".", "1"]}, {"ovNo": 2, "ovBalls": [".", ".", "6", "1", ".", "W"]}, {"ovNo": 3, "ovBalls": ["1", ".", "1", "1Wd", ".", ".", "1"]}, {"ovNo": 4, "ovBalls": [".", "1", "4", ".", "W", "4"]}, {"ovNo": 5, "ovBalls": ["2", "W", ".", ".", ".", "."]}, {"ovNo": 6, "ovBalls": ["4", "W", ".", ".", ".", "."]}, {"ovNo": 7, "ovBalls": ["1", ".", "1", "1", "1", "1"]}, {"ovNo": 8, "ovBalls": ["1", "1", "2", "1", "4", "."]}, {"ovNo": 9, "ovBalls": [".", "1", "4", ".", "1", "1"]}, {"ovNo": 10, "ovBalls": ["1", "1", "1", ".", ".", "1"]}, {"ovNo": 11, "ovBalls": [".", ".", ".", "1", "1", "."]}, {"ovNo": 12, "ovBalls": [".", "W", "W", "1", ".", "."]}, {"ovNo": 13, "ovBalls": ["1", ".", "1", "4", ".", "."]}, {"ovNo": 14, "ovBalls": ["1", "W", ".", "1", ".", "1"]}, {"ovNo": 15, "ovBalls": ["1", ".", "1", "1", ".", "."]}, {"ovNo": 16, "ovBalls": [".", "1", "1", "1Wd", ".", "1", "1"]}, {"ovNo": 17, "ovBalls": ["1", "2Wd", "3Wd", "1", "4", "4", "2", "1"]}, {"ovNo": 18, "ovBalls": ["1Wd", "1", "W", ".", "1", "1", "."]}, {"ovNo": 19, "ovBalls": ["1", "1", ".", "1", ".", "."]}, {"ovNo": 20, "ovBalls": ["6", "1", "1", "6", "1Wd", ".", "W"]}]}, {"inningsNumber": 2, "runRate": "7.48", "overProgress": "16.1", "declared": false, "scorecard": {"runs": 121, "wkts": 5, "allOut": false, "battingStats": [{"playerId": 3764, "r": 8, "b": 8, "sr": "100.00", "4s": 1, "6s": 0, "mod": {"dismissedBp": {"innings": 2, "over": 4, "ball": 2}, "countingBp": {"innings": 2, "over": 4, "ball": 2}, "text": "b Ish Sodhi", "bowlerId": 1304, "dismissedMethod": "b", "isOut": true}}, {"playerId": 41, "r": 16, "b": 12, "sr": "133.33", "4s": 2, "6s": 0, "mod": {"dismissedBp": {"innings": 2, "over": 4, "ball": 1}, "countingBp": {"innings": 2, "over": 4, "ball": 1}, "text": "c Riyan Parag b Ish Sodhi", "bowlerId": 1304, "additionalPlayerIds": [4445], "dismissedMethod": "ct", "isOut": true}}, {"playerId": 1563, "r": 15, "b": 9, "sr": "166.66", "4s": 0, "6s": 2, "mod": {"dismissedBp": {"innings": 2, "over": 8, "ball": 3}, "countingBp": {"innings": 2, "over": 8, "ball": 3}, "text": "c Liam Livingstone b Shreyas Gopal", "bowlerId": 1748, "additionalPlayerIds": [3644], "dismissedMethod": "ct", "isOut": true}}, {"playerId": 2972, "r": 53, "b": 38, "sr": "139.47", "4s": 2, "6s": 5}, {"playerId": 168, "r": 12, "b": 23, "sr": "52.17", "4s": 0, "6s": 0, "mod": {"dismissedBp": {"innings": 2, "over": 14, "ball": 4}, "countingBp": {"innings": 2, "over": 14, "ball": 4}, "text": "c Ajinkya Rahane b Ish Sodhi", "bowlerId": 1304, "additionalPlayerIds": [135], "dismissedMethod": "ct", "isOut": true}}, {"playerId": 5396, "r": 11, "b": 6, "sr": "183.33", "4s": 0, "6s": 1, "mod": {"dismissedBp": {"innings": 2, "over": 16, "ball": 2}, "countingBp": {"innings": 2, "over": 16, "ball": 2}, "text": "c Liam Livingstone b Shreyas Gopal", "bowlerId": 1748, "additionalPlayerIds": [3644], "dismissedMethod": "ct", "isOut": true}}, {"playerId": 1113, "r": 1, "b": 1, "sr": "100.00", "4s": 0, "6s": 0}], "bowlingStats": [{"playerId": 3834, "ov": "4", "r": 16, "w": 0, "d": 9, "maid": 0, "e": "4.00", "wd": 0, "nb": 0}, {"playerId": 61, "ov": "2", "r": 21, "w": 0, "d": 2, "maid": 0, "e": "10.50", "wd": 1, "nb": 0}, {"playerId": 5146, "ov": "1", "r": 13, "w": 0, "d": 2, "maid": 0, "e": "13.00", "wd": 0, "nb": 0}, {"playerId": 1304, "ov": "3.1", "r": 26, "w": 3, "d": 11, "maid": 1, "e": "8.21", "wd": 0, "nb": 0}, {"playerId": 1748, "ov": "4", "r": 21, "w": 2, "d": 13, "maid": 0, "e": "5.25", "wd": 0, "nb": 0}, {"playerId": 4445, "ov": "1", "r": 14, "w": 0, "d": 2, "maid": 0, "e": "14.00", "wd": 0, "nb": 0}, {"playerId": 148, "ov": "1", "r": 6, "w": 0, "d": 0, "maid": 0, "e": "6.00", "wd": 0, "nb": 0}], "fow": [{"bp": {"innings": 2, "over": 4, "ball": 1}, "playerId": 41, "ret": false, "w": 1, "r": 28}, {"bp": {"innings": 2, "over": 4, "ball": 2}, "playerId": 3764, "ret": false, "w": 2, "r": 28}, {"bp": {"innings": 2, "over": 8, "ball": 3}, "playerId": 1563, "ret": false, "w": 3, "r": 61}, {"bp": {"innings": 2, "over": 14, "ball": 4}, "playerId": 168, "ret": false, "w": 4, "r": 83}, {"bp": {"innings": 2, "over": 16, "ball": 2}, "playerId": 5396, "ret": false, "w": 5, "r": 106}], "extras": {"noBallRuns": 0, "wideRuns": 1, "byeRuns": 0, "legByeRuns": 4, "penaltyRuns": 0}, "declared": false}, "overHistory": [{"ovNo": 1, "ovBalls": ["1", "1", "1", "1", "1", "1"]}, {"ovNo": 2, "ovBalls": ["1", "1", "4Lb", "2", "1", "."]}, {"ovNo": 3, "ovBalls": ["4", ".", "4", "1", ".", "4"]}, {"ovNo": 4, "ovBalls": ["W", "W", ".", ".", ".", "."]}, {"ovNo": 5, "ovBalls": ["1", ".", ".", ".", ".", "."]}, {"ovNo": 6, "ovBalls": [".", "6", "6", ".", "1", "4"]}, {"ovNo": 7, "ovBalls": ["1", ".", "6", "6", ".", "1"]}, {"ovNo": 8, "ovBalls": ["1", ".", "W", "1", ".", "1"]}, {"ovNo": 9, "ovBalls": ["1", ".", ".", ".", ".", "."]}, {"ovNo": 10, "ovBalls": ["1", "1", "1", "1", "1", "1"]}, {"ovNo": 11, "ovBalls": [".", "1", "1", ".", "2", "1"]}, {"ovNo": 12, "ovBalls": [".", "1", ".", "1", ".", "."]}, {"ovNo": 13, "ovBalls": ["1", "1", ".", ".", "1", "1"]}, {"ovNo": 14, "ovBalls": [".", "1", "1", "W", "1", "."]}, {"ovNo": 15, "ovBalls": ["1Wd", "2", "1", "1", "1", "6", "4"]}, {"ovNo": 16, "ovBalls": ["6", "W", "1", "1", "6", "1"]}, {"ovNo": 17, "ovBalls": ["6"]}]}]}