{"matchInfo": {"additionalInfo": {"sixes.video.thumb": "https://iplplatform-static-files.s3.amazonaws.com/IPL/photo/2017/05/03/4b988253-0bf4-4396-ae36-594ba1e2cafc/sixes-KKR-vs-RPS.jpg", "sixes.video.id": "5420509960001", "match.video.thumb": "https://iplplatform-static-files.s3.amazonaws.com/IPL/photo/2017/05/03/91d2c54a-0620-42c2-9499-5752ce4a2f9c/Match-Highlights-KKR-vs-RPS.jpg", "mom.video.thumb": "https://iplplatform-static-files.s3.amazonaws.com/IPL/photo/2017/05/03/3ca11fe1-284e-49c7-afde-30762fb02b9d/Rahul-MoM.jpg", "mom.video.id": "5420502514001", "referee.name": "Javagal Srinath", "report.thumb": "https://iplplatform-static-files.s3.amazonaws.com/IPL/photo/2017/05/03/decbfc5c-f666-4fd7-8e49-7bfdce815bed/Match-report-KKR-vs-RPS.jpg", "match.summary": "", "umpire.name.1": "K N Ananthapadmanabhan", "umpire.name.2": "A Nanda Kishore", "umpire.name.3": "S Ravi", "interview.thumb": "", "umpire.name.4": "Navdeep Singh Sidhu", "away.team.fan.total": "2736", "result.playerofthematch": "Rahul Tripathi", "report.link": "http://www.iplt20.com/news/102115/match-report-m41-kkr-vs-rps", "toss.elected": "RPS, who chose to field", "notes.1.1": "Powerplay 1 - 41 runs, 3 wickets", "notes.1.2": "KKR: 50 runs in 7.5 overs", "notes.2.1": "Powerplay 1 - 74 runs, 2 wickets", "notes.1.3": "KKR: 100 runs in 13.2 overs", "notes.2.2": "RPS: 50 runs in 4.2 overs", "notes.1.4": "KKR: 150 runs in 18.5 overs", "notes.2.3": "Rahul Tripathi: 50 off 23 balls (8 x fours, 3 x sixes)", "notes.1.5": "Innings Break: Kolkata Knight Riders - 155/8 in 20 overs", "notes.2.4": "RPS: 100 runs in 10.3 overs", "notes.2.5": "Rising Pune Supergiant: 150 runs in 18.2 overs", "highlights.link": "http://www.iplt20.com/video/102107/m41-kkr-vs-rps-match-highlights", "match.video.id": "5420480008001", "stats.link": "http://www.iplt20.com/news/102128/quick-stats-m41-kkr-vs-rps", "home.team.fan.total": "3386", "toss.winner": "RPS", "interview.link": "", "stats.thumb": "https://iplplatform-static-files.s3.amazonaws.com/IPL/photo/2017/05/03/cb48e7f7-b8e2-4637-9ad8-a19546edebbc/stats-KKR-vs-RPS.jpg"}, "teams": [{"id": 7359, "team": {"id": 5, "fullName": "Kolkata Knight Riders", "shortName": "Knight Riders", "abbreviation": "KKR", "type": "m", "primaryColor": "6F2C91", "secondaryColor": "FFFFFF"}, "players": [{"id": 203, "fullName": "Sunil Narine", "shortName": "S Narine", "nationality": "West Indian", "dateOfBirth": "1988-05-26", "rightArmedBowl": true, "rightHandedBat": false, "bowlingStyle": "OFF_SPIN"}, {"id": 84, "fullName": "Gautam Gambhir", "shortName": "G Gambhir", "nationality": "Indian", "dateOfBirth": "1981-10-14", "rightArmedBowl": true, "rightHandedBat": false, "bowlingStyle": "LEG_SPIN"}, {"id": 123, "fullName": "Manish Pandey", "shortName": "M Pandey", "nationality": "Indian", "dateOfBirth": "1989-09-10", "rightArmedBowl": true, "rightHandedBat": true, "bowlingStyle": "MEDIUM_SEAM"}, {"id": 96, "fullName": "Yusuf Pathan", "shortName": "Y Pathan", "nationality": "Indian", "dateOfBirth": "1982-11-17", "rightArmedBowl": false, "rightHandedBat": true}, {"id": 108, "fullName": "Suryakumar Yadav", "shortName": "S Yadav", "nationality": "Indian", "dateOfBirth": "1990-09-14", "rightArmedBowl": true, "rightHandedBat": true}, {"id": 1116, "fullName": "Sheldon Jackson", "shortName": "S Jackson", "nationality": "Indian", "dateOfBirth": "1986-09-27", "rightArmedBowl": false, "rightHandedBat": true}, {"id": 820, "fullName": "Colin de Grandhomme", "shortName": "C de Grandhomme", "nationality": "New Zealander", "dateOfBirth": "1986-07-22", "rightArmedBowl": true, "rightHandedBat": true, "bowlingStyle": "MEDIUM_SEAM"}, {"id": 967, "fullName": "Chris Woakes", "shortName": "C Woakes", "nationality": "English", "dateOfBirth": "1989-03-02", "rightArmedBowl": true, "rightHandedBat": true, "bowlingStyle": "FAST_SEAM"}, {"id": 840, "fullName": "Nathan Coulter-Nile", "shortName": "N Coulter-Nile", "nationality": "Australian", "dateOfBirth": "1987-10-11", "rightArmedBowl": true, "rightHandedBat": true, "bowlingStyle": "FAST_SEAM"}, {"id": 59, "fullName": "Umesh Yadav", "shortName": "U Yadav", "nationality": "Indian", "dateOfBirth": "1987-10-25", "rightArmedBowl": true, "rightHandedBat": true, "bowlingStyle": "FAST_SEAM"}, {"id": 261, "fullName": "Kuldeep Yadav", "shortName": "K Yadav", "nationality": "Indian", "dateOfBirth": "1994-12-14", "rightArmedBowl": false, "rightHandedBat": false, "bowlingStyle": "UNORTHODOX"}], "wicketKeeper": {"id": 1116, "fullName": "Sheldon Jackson", "shortName": "S Jackson", "nationality": "Indian", "dateOfBirth": "1986-09-27", "rightArmedBowl": false, "rightHandedBat": true}, "captain": {"id": 84, "fullName": "Gautam Gambhir", "shortName": "G Gambhir", "nationality": "Indian", "dateOfBirth": "1981-10-14", "rightArmedBowl": true, "rightHandedBat": false, "bowlingStyle": "LEG_SPIN"}}, {"id": 7358, "team": {"id": 434, "fullName": "Rising Pune Supergiant", "shortName": "Supergiant", "abbreviation": "RPS", "type": "m", "primaryColor": "FFC0CB", "secondaryColor": "AA3355"}, "players": [{"id": 3838, "fullName": "Rahul Tripathi", "shortName": "R Tripathi", "nationality": "Indian", "dateOfBirth": "1991-03-02", "rightArmedBowl": true, "rightHandedBat": true, "bowlingStyle": "MEDIUM_SEAM"}, {"id": 135, "fullName": "Ajinkya Rahane", "shortName": "A Rahane", "nationality": "Indian", "dateOfBirth": "1988-06-06", "rightArmedBowl": true, "rightHandedBat": true, "bowlingStyle": "MEDIUM_SEAM"}, {"id": 271, "fullName": "Steve Smith", "shortName": "S Smith", "nationality": "Australian", "dateOfBirth": "1989-06-02", "rightArmedBowl": true, "rightHandedBat": true, "bowlingStyle": "LEG_SPIN"}, {"id": 1154, "fullName": "Ben Stokes", "shortName": "B Stokes", "nationality": "English", "dateOfBirth": "1991-06-04", "rightArmedBowl": true, "rightHandedBat": false, "bowlingStyle": "FAST_SEAM"}, {"id": 89, "fullName": "Manoj Tiwary", "shortName": "M Tiwary", "nationality": "Indian", "dateOfBirth": "1985-11-14", "rightArmedBowl": true, "rightHandedBat": true}, {"id": 1, "fullName": "MS Dhoni", "shortName": "MS Dhoni", "nationality": "Indian", "dateOfBirth": "1981-07-07", "rightArmedBowl": true, "rightHandedBat": true, "bowlingStyle": "MEDIUM_SEAM"}, {"id": 181, "fullName": "Dan Christian", "shortName": "D Christian", "nationality": "Australian", "dateOfBirth": "1983-05-04", "rightArmedBowl": true, "rightHandedBat": true, "bowlingStyle": "MEDIUM_SEAM"}, {"id": 2973, "fullName": "Washington Sundar", "shortName": "W Sundar", "nationality": "Indian", "dateOfBirth": "1999-10-05", "rightArmedBowl": true, "rightHandedBat": false, "bowlingStyle": "OFF_SPIN"}, {"id": 1745, "fullName": "Shardul Thakur", "shortName": "S Thakur", "nationality": "Indian", "dateOfBirth": "1991-10-16", "rightArmedBowl": true, "rightHandedBat": true, "bowlingStyle": "MEDIUM_SEAM"}, {"id": 86, "fullName": "Jaydev Unadkat", "shortName": "J Unadkat", "nationality": "Indian", "dateOfBirth": "1991-10-18", "rightArmedBowl": false, "rightHandedBat": true, "bowlingStyle": "MEDIUM_SEAM"}, {"id": 898, "fullName": "Imran Tahir", "shortName": "I Tahir", "nationality": "South African", "dateOfBirth": "1979-03-27", "rightArmedBowl": true, "rightHandedBat": true, "bowlingStyle": "LEG_SPIN"}], "wicketKeeper": {"id": 1, "fullName": "MS Dhoni", "shortName": "MS Dhoni", "nationality": "Indian", "dateOfBirth": "1981-07-07", "rightArmedBowl": true, "rightHandedBat": true, "bowlingStyle": "MEDIUM_SEAM"}, "captain": {"id": 271, "fullName": "Steve Smith", "shortName": "S Smith", "nationality": "Australian", "dateOfBirth": "1989-06-02", "rightArmedBowl": true, "rightHandedBat": true, "bowlingStyle": "LEG_SPIN"}}], "venue": {"id": 2, "fullName": "Eden Gardens", "shortName": "Eden Gardens", "city": "Kolkata", "country": "India"}, "matchDate": "2017-05-03T20:00:00+0530", "matchEndDate": "2017-05-03T23:00:00+0530", "matchDateMs": 1493821800000, "matchEndDateMs": 1493832600000, "isLimitedOvers": true, "battingOrder": [0, 1], "matchBroadcast": false, "matchState": "C", "matchStatus": {"outcome": "B", "text": "Rising Pune Supergiant won by 4 wickets"}, "description": "Match 41", "matchSummary": "", "matchType": "IPLT20", "tournamentLabel": "IPL 2017", "oversLimit": 20, "groupName": ""}, "matchId": {"id": 5879, "name": "ipl2017-41", "tournamentId": {"id": 5815, "name": "ipl2017", "provisional": false}}, "currentState": {"inProgress": false, "phase": "C", "currentInningsIndex": 1, "currentBatsmen": [181, 2973], "facingBatsman": 181, "nonFacingBatsman": 2973, "currentBowler": 820, "currentBowlerCurrentSpell": {"playerId": 820, "ov": "0.2", "r": 7, "w": 0, "d": 0, "maid": 0, "e": "21.00", "wd": 0, "nb": 0}, "previousBowler": 967, "previousBowlerCurrentSpell": {"playerId": 967, "ov": "1", "r": 2, "w": 1, "d": 4, "maid": 0, "e": "2.00", "wd": 0, "nb": 0}, "currentPartnership": 8, "partnership": {"runs": 8, "balls": 4, "runRate": "12.00"}, "recentOvers": [{"ovNo": 15, "ovBalls": [".", ".", ".", "1", "1", "1"]}, {"ovNo": 16, "ovBalls": ["1", "1", "1", ".", "1", "1"]}, {"ovNo": 17, "ovBalls": ["W", ".", ".", "1", ".", "6"]}, {"ovNo": 18, "ovBalls": [".", ".", ".", ".", "1", "1"]}, {"ovNo": 19, "ovBalls": ["1", "1", ".", "W", ".", "1Lb"]}, {"ovNo": 20, "ovBalls": ["1", "6"]}]}, "innings": [{"inningsNumber": 1, "runRate": "7.75", "overProgress": "20", "declared": false, "scorecard": {"runs": 155, "wkts": 8, "allOut": false, "battingStats": [{"playerId": 203, "r": 0, "b": 6, "sr": "0.00", "4s": 0, "6s": 0, "mod": {"dismissedBp": {"innings": 1, "over": 1, "ball": 6}, "countingBp": {"innings": 1, "over": 1, "ball": 6}, "text": "c & b Jaydev Unadkat", "bowlerId": 86, "additionalPlayerIds": [86], "dismissedMethod": "ct", "isOut": true}}, {"playerId": 84, "r": 24, "b": 19, "sr": "126.31", "4s": 3, "6s": 1, "mod": {"dismissedBp": {"innings": 1, "over": 6, "ball": 5}, "countingBp": {"innings": 1, "over": 6, "ball": 5}, "text": "c Ajinkya Rahane b Washington Sundar", "bowlerId": 2973, "additionalPlayerIds": [135], "dismissedMethod": "ct", "isOut": true}}, {"playerId": 1116, "r": 10, "b": 9, "sr": "111.11", "4s": 2, "6s": 0, "mod": {"dismissedBp": {"innings": 1, "over": 4, "ball": 6}, "countingBp": {"innings": 1, "over": 4, "ball": 6}, "text": "Hit wicket b Washington Sundar", "bowlerId": 2973, "dismissedMethod": "hw", "isOut": true}}, {"playerId": 123, "r": 37, "b": 32, "sr": "115.62", "4s": 4, "6s": 1, "mod": {"dismissedBp": {"innings": 1, "over": 15, "ball": 1}, "countingBp": {"innings": 1, "over": 15, "ball": 1}, "text": "c Ajinkya Rahane b Dan Christian", "bowlerId": 181, "additionalPlayerIds": [135], "dismissedMethod": "ct", "isOut": true}}, {"playerId": 96, "r": 4, "b": 9, "sr": "44.44", "4s": 0, "6s": 0, "mod": {"dismissedBp": {"innings": 1, "over": 10, "ball": 1}, "countingBp": {"innings": 1, "over": 10, "ball": 1}, "text": "lbw Imran Tahir", "bowlerId": 898, "dismissedMethod": "lbw", "isOut": true}}, {"playerId": 820, "r": 36, "b": 19, "sr": "189.47", "4s": 3, "6s": 2, "mod": {"dismissedBp": {"innings": 1, "over": 17, "ball": 2}, "countingBp": {"innings": 1, "over": 17, "ball": 2}, "text": "c Washington Sundar b Jaydev Unadkat", "bowlerId": 86, "additionalPlayerIds": [2973], "dismissedMethod": "ct", "isOut": true}}, {"playerId": 108, "r": 30, "b": 16, "sr": "187.50", "4s": 2, "6s": 2}, {"playerId": 967, "r": 1, "b": 3, "sr": "33.33", "4s": 0, "6s": 0, "mod": {"dismissedBp": {"innings": 1, "over": 18, "ball": 4}, "countingBp": {"innings": 1, "over": 18, "ball": 4}, "text": "run out (Steve Smith)", "bowlerId": 181, "additionalPlayerIds": [271], "dismissedMethod": "ro", "isOut": true}}, {"playerId": 840, "r": 6, "b": 5, "sr": "120.00", "4s": 0, "6s": 1, "mod": {"dismissedBp": {"innings": 1, "over": 20, "ball": 3}, "countingBp": {"innings": 1, "over": 20, "ball": 3}, "text": "c Washington Sundar b Ben Stokes", "bowlerId": 1154, "additionalPlayerIds": [2973], "dismissedMethod": "ct", "isOut": true}}, {"playerId": 59, "r": 2, "b": 2, "sr": "100.00", "4s": 0, "6s": 0}], "bowlingStats": [{"playerId": 86, "ov": "4", "r": 28, "w": 2, "d": 15, "maid": 1, "e": "7.00", "wd": 0, "nb": 0}, {"playerId": 1154, "ov": "4", "r": 24, "w": 1, "d": 10, "maid": 0, "e": "6.00", "wd": 0, "nb": 0}, {"playerId": 2973, "ov": "2", "r": 18, "w": 2, "d": 6, "maid": 0, "e": "9.00", "wd": 0, "nb": 0}, {"playerId": 1745, "ov": "3", "r": 21, "w": 0, "d": 6, "maid": 0, "e": "7.00", "wd": 0, "nb": 0}, {"playerId": 898, "ov": "4", "r": 36, "w": 1, "d": 6, "maid": 0, "e": "9.00", "wd": 0, "nb": 0}, {"playerId": 181, "ov": "3", "r": 23, "w": 1, "d": 6, "maid": 0, "e": "7.66", "wd": 0, "nb": 0}], "fow": [{"bp": {"innings": 1, "over": 1, "ball": 6}, "playerId": 203, "ret": false, "w": 1, "r": 0}, {"bp": {"innings": 1, "over": 4, "ball": 6}, "playerId": 1116, "ret": false, "w": 2, "r": 19}, {"bp": {"innings": 1, "over": 6, "ball": 5}, "playerId": 84, "ret": false, "w": 3, "r": 40}, {"bp": {"innings": 1, "over": 10, "ball": 1}, "playerId": 96, "ret": false, "w": 4, "r": 55}, {"bp": {"innings": 1, "over": 15, "ball": 1}, "playerId": 123, "ret": false, "w": 5, "r": 103}, {"bp": {"innings": 1, "over": 17, "ball": 2}, "playerId": 820, "ret": false, "w": 6, "r": 119}, {"bp": {"innings": 1, "over": 18, "ball": 4}, "playerId": 967, "ret": false, "w": 7, "r": 129}, {"bp": {"innings": 1, "over": 20, "ball": 3}, "playerId": 840, "ret": false, "w": 8, "r": 152}], "extras": {"noBallRuns": 0, "wideRuns": 0, "byeRuns": 0, "legByeRuns": 5, "penaltyRuns": 0}, "declared": false}, "overHistory": [{"ovNo": 1, "ovBalls": [".", ".", ".", ".", ".", "W"]}, {"ovNo": 2, "ovBalls": ["4Lb", "2", ".", "1", ".", "1"]}, {"ovNo": 3, "ovBalls": [".", "4", ".", ".", "1", "1"]}, {"ovNo": 4, "ovBalls": [".", ".", ".", "1Lb", "4", "W"]}, {"ovNo": 5, "ovBalls": [".", ".", ".", "4", "4", "."]}, {"ovNo": 6, "ovBalls": ["1", "2", "4", "6", "W", "1"]}, {"ovNo": 7, "ovBalls": [".", ".", "1", "1", "1", "."]}, {"ovNo": 8, "ovBalls": [".", "1", ".", "1", "6", "."]}, {"ovNo": 9, "ovBalls": ["1", ".", "1", ".", ".", "1"]}, {"ovNo": 10, "ovBalls": ["W", "1", ".", "1", "1", "1"]}, {"ovNo": 11, "ovBalls": ["4", "4", "4", "1", "1", "1"]}, {"ovNo": 12, "ovBalls": ["1", "1", ".", "1", "6", "6"]}, {"ovNo": 13, "ovBalls": [".", ".", "4", "1", "1", "."]}, {"ovNo": 14, "ovBalls": ["4", "1", "1", "1", ".", "1"]}, {"ovNo": 15, "ovBalls": ["W", "4", "1", "1", "1", "."]}, {"ovNo": 16, "ovBalls": ["1", "1", "1", "1", "4", "1"]}, {"ovNo": 17, "ovBalls": [".", "W", ".", "1", ".", "."]}, {"ovNo": 18, "ovBalls": ["1", "1", "6", "1W", "1", "."]}, {"ovNo": 19, "ovBalls": ["4", "4", "6", "1", "6", "."]}, {"ovNo": 20, "ovBalls": ["1", ".", "W", "1", "1", "1"]}]}, {"inningsNumber": 2, "runRate": "8.17", "overProgress": "19.2", "declared": false, "scorecard": {"runs": 158, "wkts": 6, "allOut": false, "battingStats": [{"playerId": 135, "r": 11, "b": 9, "sr": "122.22", "4s": 2, "6s": 0, "mod": {"dismissedBp": {"innings": 2, "over": 2, "ball": 4}, "countingBp": {"innings": 2, "over": 2, "ball": 4}, "text": "c Sheldon Jackson b Umesh Yadav", "bowlerId": 59, "additionalPlayerIds": [1116], "dismissedMethod": "ct", "isOut": true}}, {"playerId": 3838, "r": 93, "b": 52, "sr": "178.84", "4s": 9, "6s": 7, "mod": {"dismissedBp": {"innings": 2, "over": 19, "ball": 4}, "countingBp": {"innings": 2, "over": 19, "ball": 4}, "text": "c sub (Rovman Powell) b Chris Woakes", "bowlerId": 967, "dismissedMethod": "ct", "isOut": true}}, {"playerId": 271, "r": 9, "b": 9, "sr": "100.00", "4s": 0, "6s": 1, "mod": {"dismissedBp": {"innings": 2, "over": 5, "ball": 6}, "countingBp": {"innings": 2, "over": 5, "ball": 6}, "text": "b Chris Woakes", "bowlerId": 967, "dismissedMethod": "b", "isOut": true}}, {"playerId": 89, "r": 8, "b": 9, "sr": "88.88", "4s": 1, "6s": 0, "mod": {"dismissedBp": {"innings": 2, "over": 9, "ball": 2}, "countingBp": {"innings": 2, "over": 9, "ball": 2}, "text": "b Chris Woakes", "bowlerId": 967, "dismissedMethod": "b", "isOut": true}}, {"playerId": 1154, "r": 14, "b": 15, "sr": "93.33", "4s": 1, "6s": 0, "mod": {"dismissedBp": {"innings": 2, "over": 14, "ball": 3}, "countingBp": {"innings": 2, "over": 14, "ball": 3}, "text": "c & b Sunil Narine", "bowlerId": 203, "additionalPlayerIds": [203], "dismissedMethod": "ct", "isOut": true}}, {"playerId": 1, "r": 5, "b": 9, "sr": "55.55", "4s": 0, "6s": 0, "mod": {"dismissedBp": {"innings": 2, "over": 17, "ball": 1}, "countingBp": {"innings": 2, "over": 17, "ball": 1}, "text": "c Sheldon Jackson b Kuldeep Yadav", "bowlerId": 261, "additionalPlayerIds": [1116], "dismissedMethod": "ct", "isOut": true}}, {"playerId": 181, "r": 9, "b": 10, "sr": "90.00", "4s": 0, "6s": 1}, {"playerId": 2973, "r": 1, "b": 3, "sr": "33.33", "4s": 0, "6s": 0}], "bowlingStats": [{"playerId": 840, "ov": "3", "r": 41, "w": 0, "d": 8, "maid": 0, "e": "13.66", "wd": 2, "nb": 0}, {"playerId": 59, "ov": "4", "r": 23, "w": 1, "d": 12, "maid": 0, "e": "5.75", "wd": 0, "nb": 0}, {"playerId": 967, "ov": "4", "r": 18, "w": 3, "d": 14, "maid": 0, "e": "4.50", "wd": 0, "nb": 0}, {"playerId": 203, "ov": "4", "r": 28, "w": 1, "d": 9, "maid": 0, "e": "7.00", "wd": 0, "nb": 0}, {"playerId": 261, "ov": "4", "r": 35, "w": 1, "d": 10, "maid": 0, "e": "8.75", "wd": 0, "nb": 0}, {"playerId": 820, "ov": "0.2", "r": 7, "w": 0, "d": 0, "maid": 0, "e": "21.00", "wd": 0, "nb": 0}], "fow": [{"bp": {"innings": 2, "over": 2, "ball": 4}, "playerId": 135, "ret": false, "w": 1, "r": 11}, {"bp": {"innings": 2, "over": 5, "ball": 6}, "playerId": 271, "ret": false, "w": 2, "r": 59}, {"bp": {"innings": 2, "over": 9, "ball": 2}, "playerId": 89, "ret": false, "w": 3, "r": 88}, {"bp": {"innings": 2, "over": 14, "ball": 3}, "playerId": 1154, "ret": false, "w": 4, "r": 131}, {"bp": {"innings": 2, "over": 17, "ball": 1}, "playerId": 1, "ret": false, "w": 5, "r": 139}, {"bp": {"innings": 2, "over": 19, "ball": 4}, "playerId": 3838, "ret": false, "w": 6, "r": 150}], "extras": {"noBallRuns": 0, "wideRuns": 2, "byeRuns": 4, "legByeRuns": 2, "penaltyRuns": 0}, "declared": false}, "overHistory": [{"ovNo": 1, "ovBalls": [".", "4", ".", "2", "1", "."]}, {"ovNo": 2, "ovBalls": [".", ".", "4", "W", ".", "."]}, {"ovNo": 3, "ovBalls": [".", "4", "1Wd", ".", "6", "4", "4"]}, {"ovNo": 4, "ovBalls": ["4B", "1", "1Lb", "1", "6", "4"]}, {"ovNo": 5, "ovBalls": [".", "6", "1", "4", "1", "W"]}, {"ovNo": 6, "ovBalls": ["1Wd", ".", ".", "6", "4", ".", "4"]}, {"ovNo": 7, "ovBalls": [".", "1", "1", ".", "1", "."]}, {"ovNo": 8, "ovBalls": ["4", "1", "1", "1", ".", "4"]}, {"ovNo": 9, "ovBalls": [".", "W", "1", ".", ".", "."]}, {"ovNo": 10, "ovBalls": ["4", "1", ".", "1", ".", "1"]}, {"ovNo": 11, "ovBalls": ["1", "2", "1", ".", ".", "1"]}, {"ovNo": 12, "ovBalls": ["1", "4", ".", "1", "2", "1"]}, {"ovNo": 13, "ovBalls": ["1", "6", "6", "6", ".", "1"]}, {"ovNo": 14, "ovBalls": ["1", ".", "W", ".", ".", "."]}, {"ovNo": 15, "ovBalls": [".", ".", ".", "1", "1", "1"]}, {"ovNo": 16, "ovBalls": ["1", "1", "1", ".", "1", "1"]}, {"ovNo": 17, "ovBalls": ["W", ".", ".", "1", ".", "6"]}, {"ovNo": 18, "ovBalls": [".", ".", ".", ".", "1", "1"]}, {"ovNo": 19, "ovBalls": ["1", "1", ".", "W", ".", "1Lb"]}, {"ovNo": 20, "ovBalls": ["1", "6"]}]}]}