{"matchInfo": {"additionalInfo": {"referee.name": "Andy Pycroft", "match.photo.id": "21062", "match.summary": "", "umpire.name.1": "Subrat Das", "umpire.name.2": "Rod Tucker", "umpire.name.3": "Chettithody Shamsuddin", "umpire.name.4": "Nitin Menon", "away.team.fan.total": "4223", "result.playerofthematch": "Parthiv Patel", "toss.elected": "Kings XI Punjab, who chose to field", "notes.1.1": "Powerplay - 37 runs, 2 wickets", "notes.1.2": "SRH: 50 runs in 7.2 overs ", "notes.2.1": "Powerplay - 41 runs, 1 wicket", "notes.1.3": "SRH: 100 runs in 15.4 overs", "notes.2.2": "KXIP: 50 runs in 7.4 overs", "notes.1.4": "Parthiv Patel: 50 off 44 balls (4 x fours, 1 x six)", "notes.2.3": "KXIP: 100 runs in 16.3 overs ", "notes.1.5": "SRH: 150 runs in 19.6 overs", "notes.2.4": "5th Wicket: 50 runs in 42 balls (Luke Pomersbach 20, Rajagopal Sathish 24)", "notes.1.6": "Innings Break: SRH - 150/7 in 20 overs", "highlights.link": "http://www.iplt20.com/videos/media/id/c00d08f9ea464aa8933de92199674211/m59-kxip-vs-srh-match-highlights", "match.video.id": "c00d08f9ea464aa8933de92199674211", "home.team.fan.total": "4168", "photostream.link": "http://www.iplt20.com/photos/163/ipl-2013-match-59-kxip-v-sh", "toss.winner": "Kings XI Punjab"}, "teams": [{"id": 1514, "team": {"id": 4, "fullName": "Punjab Kings", "shortName": "Punjab Kings", "abbreviation": "PBKS", "type": "m", "primaryColor": "DA1F3D", "secondaryColor": "FFFFFF"}, "players": [{"id": 65, "fullName": "Adam Gilchrist", "shortName": "A Gilchrist", "nationality": "Australian", "dateOfBirth": "1971-11-14", "rightArmedBowl": true, "rightHandedBat": false, "bowlingStyle": "OFF_SPIN"}, {"id": 72, "fullName": "Mandeep Singh", "shortName": "M Singh", "nationality": "Indian", "dateOfBirth": "1991-12-18", "rightArmedBowl": true, "rightHandedBat": true}, {"id": 191, "fullName": "Shaun Marsh", "shortName": "S Marsh", "nationality": "Australian", "dateOfBirth": "1983-07-09", "rightArmedBowl": false, "rightHandedBat": false, "bowlingStyle": "ORTHODOX"}, {"id": 238, "fullName": "Luke Pomersbach", "shortName": "L Pomersbach", "nationality": "Australian", "dateOfBirth": "1984-09-28", "rightArmedBowl": false, "rightHandedBat": false}, {"id": 187, "fullName": "David Miller", "shortName": "D Miller", "nationality": "South African", "dateOfBirth": "1989-06-10", "rightArmedBowl": true, "rightHandedBat": false, "bowlingStyle": "OFF_SPIN"}, {"id": 78, "fullName": "Rajagopal Sathish", "shortName": "R Sathish", "nationality": "Indian", "dateOfBirth": "1981-01-14", "rightArmedBowl": false, "rightHandedBat": false}, {"id": 76, "fullName": "Piyush Chawla", "shortName": "P Chawla", "nationality": "Indian", "dateOfBirth": "1988-12-24", "rightArmedBowl": true, "rightHandedBat": false, "bowlingStyle": "LEG_SPIN"}, {"id": 77, "fullName": "Praveen Kumar", "shortName": "P Kumar", "nationality": "Indian", "dateOfBirth": "1986-10-02", "rightArmedBowl": true, "rightHandedBat": true}, {"id": 70, "fullName": "Harmeet Singh Bansal", "shortName": "H Singh Bansal", "nationality": "Indian", "dateOfBirth": "1987-10-09", "rightArmedBowl": false, "rightHandedBat": false}, {"id": 254, "fullName": "Parvinder Awana", "shortName": "P Awana", "nationality": "Indian", "dateOfBirth": "1986-07-19", "rightArmedBowl": false, "rightHandedBat": false}, {"id": 1112, "fullName": "Sandeep Sharma", "shortName": "S Sharma", "nationality": "Indian", "dateOfBirth": "1993-05-18", "rightArmedBowl": true, "rightHandedBat": true, "bowlingStyle": "MEDIUM_SEAM"}], "wicketKeeper": {"id": 65, "fullName": "Adam Gilchrist", "shortName": "A Gilchrist", "nationality": "Australian", "dateOfBirth": "1971-11-14", "rightArmedBowl": true, "rightHandedBat": false, "bowlingStyle": "OFF_SPIN"}, "captain": {"id": 65, "fullName": "Adam Gilchrist", "shortName": "A Gilchrist", "nationality": "Australian", "dateOfBirth": "1971-11-14", "rightArmedBowl": true, "rightHandedBat": false, "bowlingStyle": "OFF_SPIN"}}, {"id": 1513, "team": {"id": 62, "fullName": "Sunrisers Hyderabad", "shortName": "Sunrisers", "abbreviation": "SRH", "type": "m", "primaryColor": "FF9C00", "secondaryColor": "FFFFFF"}, "players": [{"id": 44, "fullName": "Parthiv Patel", "shortName": "P Patel", "nationality": "Indian", "dateOfBirth": "1985-03-09", "rightArmedBowl": false, "rightHandedBat": false}, {"id": 41, "fullName": "Shikhar Dhawan", "shortName": "S Dhawan", "nationality": "Indian", "dateOfBirth": "1985-12-05", "rightArmedBowl": true, "rightHandedBat": false, "bowlingStyle": "OFF_SPIN"}, {"id": 1117, "fullName": "Hanuma Vihari", "shortName": "H Vihari", "nationality": "Indian", "dateOfBirth": "1993-10-13", "rightArmedBowl": true, "rightHandedBat": true, "bowlingStyle": "OFF_SPIN"}, {"id": 178, "fullName": "Cameron White", "shortName": "C White", "nationality": "Australian", "dateOfBirth": "1983-08-18", "rightArmedBowl": false, "rightHandedBat": false}, {"id": 215, "fullName": "Thisara Perera", "shortName": "NTLC Perera", "nationality": "Sri Lankan", "dateOfBirth": "1989-04-03", "rightArmedBowl": true, "rightHandedBat": false, "bowlingStyle": "MEDIUM_SEAM"}, {"id": 589, "fullName": "Darren Sammy", "shortName": "D Sammy", "nationality": "West Indian", "dateOfBirth": "1983-12-20", "rightArmedBowl": false, "rightHandedBat": true}, {"id": 249, "fullName": "Biplap Samantray", "shortName": "B Samantray", "nationality": "Indian", "dateOfBirth": "1988-12-14", "rightArmedBowl": false, "rightHandedBat": false}, {"id": 1118, "fullName": "Karn Sharma", "shortName": "K Sharma", "nationality": "Indian", "dateOfBirth": "1987-10-23", "rightArmedBowl": true, "rightHandedBat": false, "bowlingStyle": "LEG_SPIN"}, {"id": 30, "fullName": "Amit Mishra", "shortName": "A Mishra", "nationality": "Indian", "dateOfBirth": "1982-11-24", "rightArmedBowl": true, "rightHandedBat": true, "bowlingStyle": "LEG_SPIN"}, {"id": 180, "fullName": "Dale Steyn", "shortName": "D Steyn", "nationality": "South African", "dateOfBirth": "1983-06-27", "rightArmedBowl": true, "rightHandedBat": true, "bowlingStyle": "FAST_SEAM"}, {"id": 38, "fullName": "Ishant Sharma", "shortName": "I Sharma", "nationality": "Indian", "dateOfBirth": "1988-09-02", "rightArmedBowl": true, "rightHandedBat": true, "bowlingStyle": "FAST_SEAM"}], "wicketKeeper": {"id": 44, "fullName": "Parthiv Patel", "shortName": "P Patel", "nationality": "Indian", "dateOfBirth": "1985-03-09", "rightArmedBowl": false, "rightHandedBat": false}, "captain": {"id": 178, "fullName": "Cameron White", "shortName": "C White", "nationality": "Australian", "dateOfBirth": "1983-08-18", "rightArmedBowl": false, "rightHandedBat": false}}], "venue": {"id": 9, "fullName": "IS Bindra Stadium", "shortName": "IS Bindra Stadium", "city": "Mohali", "country": "India"}, "matchDate": "2013-05-11T20:00:00+0530", "matchEndDate": "2013-05-11T23:00:00+0530", "matchDateMs": 1368282600000, "matchEndDateMs": 1368293400000, "isLimitedOvers": true, "battingOrder": [1, 0], "matchBroadcast": false, "matchState": "C", "matchStatus": {"outcome": "B", "text": "Sunrisers Hyderabad won by 30 runs"}, "description": "Match 59", "matchSummary": "", "matchType": "IPLT20", "tournamentLabel": "IPL 2013", "oversLimit": 20, "groupName": ""}, "matchId": {"id": 674, "name": "ipl2013-59", "tournamentId": {"id": 605, "name": "ipl2013", "provisional": false}}, "currentState": {"inProgress": false, "phase": "C", "currentInningsIndex": 1, "currentBatsmen": [238, 1112], "facingBatsman": 238, "nonFacingBatsman": 1112, "currentBowler": -1, "previousBowler": 180, "previousBowlerCurrentSpell": {"playerId": 180, "ov": "1", "r": 4, "w": 1, "d": 3, "maid": 0, "e": "4.00", "wd": 0, "nb": 0}, "currentPartnership": 1, "partnership": {"runs": 1, "balls": 2, "runRate": "3.00"}, "recentOvers": [{"ovNo": 15, "ovBalls": [".", ".", ".", "1Wd", ".", "2", "1"]}, {"ovNo": 16, "ovBalls": [".", "1", ".", "1", ".", "1"]}, {"ovNo": 17, "ovBalls": ["2", "1", "1Lb", "1", "1W", "."]}, {"ovNo": 18, "ovBalls": ["1", "W", "1B", ".", "1", "2"]}, {"ovNo": 19, "ovBalls": ["W", "2", ".", ".", "1", "1"]}, {"ovNo": 20, "ovBalls": ["1W", "6", "1", "W", "1", "."]}]}, "innings": [{"inningsNumber": 1, "runRate": "7.50", "overProgress": "20", "declared": false, "scorecard": {"runs": 150, "wkts": 7, "allOut": false, "battingStats": [{"playerId": 44, "r": 61, "b": 47, "sr": "129.78", "4s": 5, "6s": 2, "mod": {"dismissedBp": {"innings": 1, "over": 19, "ball": 6}, "countingBp": {"innings": 1, "over": 19, "ball": 6}, "text": "run out (Rajagopal Sathish)", "bowlerId": 70, "additionalPlayerIds": [78], "dismissedMethod": "ro", "isOut": true}}, {"playerId": 41, "r": 15, "b": 14, "sr": "107.14", "4s": 2, "6s": 0, "mod": {"dismissedBp": {"innings": 1, "over": 5, "ball": 1}, "countingBp": {"innings": 1, "over": 5, "ball": 1}, "text": "c & b Harmeet Singh Bansal", "bowlerId": 70, "additionalPlayerIds": [70], "dismissedMethod": "ct", "isOut": true}}, {"playerId": 1117, "r": 5, "b": 7, "sr": "71.42", "4s": 1, "6s": 0, "mod": {"dismissedBp": {"innings": 1, "over": 6, "ball": 3}, "countingBp": {"innings": 1, "over": 6, "ball": 3}, "text": "c David Miller b Sandeep Sharma", "bowlerId": 1112, "additionalPlayerIds": [187], "dismissedMethod": "ct", "isOut": true}}, {"playerId": 178, "r": 10, "b": 8, "sr": "125.00", "4s": 2, "6s": 0, "mod": {"dismissedBp": {"innings": 1, "over": 8, "ball": 5}, "countingBp": {"innings": 1, "over": 8, "ball": 5}, "text": "lbw Sandeep Sharma", "bowlerId": 1112, "dismissedMethod": "lbw", "isOut": true}}, {"playerId": 249, "r": 0, "b": 1, "sr": "0.00", "4s": 0, "6s": 0, "mod": {"dismissedBp": {"innings": 1, "over": 8, "ball": 6}, "countingBp": {"innings": 1, "over": 8, "ball": 6}, "text": "b Sandeep Sharma", "bowlerId": 1112, "dismissedMethod": "b", "isOut": true}}, {"playerId": 589, "r": 0, "b": 3, "sr": "0.00", "4s": 0, "6s": 0, "mod": {"dismissedBp": {"innings": 1, "over": 9, "ball": 4}, "countingBp": {"innings": 1, "over": 9, "ball": 4}, "text": "lbw Piyush Chawla", "bowlerId": 76, "dismissedMethod": "lbw", "isOut": true}}, {"playerId": 1118, "r": 22, "b": 18, "sr": "122.22", "4s": 2, "6s": 1, "mod": {"dismissedBp": {"innings": 1, "over": 15, "ball": 5}, "countingBp": {"innings": 1, "over": 15, "ball": 5}, "text": "c Adam Gilchrist b Parvinder Awana", "bowlerId": 254, "additionalPlayerIds": [65], "dismissedMethod": "ct", "isOut": true}}, {"playerId": 215, "r": 32, "b": 19, "sr": "168.42", "4s": 2, "6s": 2}, {"playerId": 180, "r": 1, "b": 3, "sr": "33.33", "4s": 0, "6s": 0}], "bowlingStats": [{"playerId": 77, "ov": "4", "r": 32, "w": 0, "d": 9, "maid": 0, "e": "8.00", "wd": 1, "nb": 0}, {"playerId": 254, "ov": "4", "r": 35, "w": 1, "d": 11, "maid": 0, "e": "8.75", "wd": 0, "nb": 0}, {"playerId": 70, "ov": "4", "r": 39, "w": 1, "d": 8, "maid": 0, "e": "9.75", "wd": 0, "nb": 0}, {"playerId": 1112, "ov": "4", "r": 21, "w": 3, "d": 13, "maid": 0, "e": "5.25", "wd": 0, "nb": 0}, {"playerId": 76, "ov": "4", "r": 20, "w": 1, "d": 10, "maid": 0, "e": "5.00", "wd": 0, "nb": 0}], "fow": [{"bp": {"innings": 1, "over": 5, "ball": 1}, "playerId": 41, "ret": false, "w": 1, "r": 28}, {"bp": {"innings": 1, "over": 6, "ball": 3}, "playerId": 1117, "ret": false, "w": 2, "r": 33}, {"bp": {"innings": 1, "over": 8, "ball": 5}, "playerId": 178, "ret": false, "w": 3, "r": 51}, {"bp": {"innings": 1, "over": 8, "ball": 6}, "playerId": 249, "ret": false, "w": 4, "r": 51}, {"bp": {"innings": 1, "over": 9, "ball": 4}, "playerId": 589, "ret": false, "w": 5, "r": 52}, {"bp": {"innings": 1, "over": 15, "ball": 5}, "playerId": 1118, "ret": false, "w": 6, "r": 94}, {"bp": {"innings": 1, "over": 19, "ball": 6}, "playerId": 44, "ret": false, "w": 7, "r": 142}], "extras": {"noBallRuns": 0, "wideRuns": 1, "byeRuns": 2, "legByeRuns": 1, "penaltyRuns": 0}, "declared": false}, "overHistory": [{"ovNo": 1, "ovBalls": [".", "1", "1", "1", "1", "."]}, {"ovNo": 2, "ovBalls": [".", "4", "1", "6", ".", "."]}, {"ovNo": 3, "ovBalls": [".", "2", "1Wd", ".", "4", ".", "1"]}, {"ovNo": 4, "ovBalls": [".", "1", ".", ".", ".", "4"]}, {"ovNo": 5, "ovBalls": ["W", ".", ".", ".", "1", "."]}, {"ovNo": 6, "ovBalls": ["4", ".", "W", "4", ".", "."]}, {"ovNo": 7, "ovBalls": ["1", "1", "4", "1", "4", "."]}, {"ovNo": 8, "ovBalls": ["1Lb", "1", ".", "1", "W", "W"]}, {"ovNo": 9, "ovBalls": ["1", ".", ".", "W", ".", "."]}, {"ovNo": 10, "ovBalls": ["1", ".", ".", "1", ".", "2"]}, {"ovNo": 11, "ovBalls": ["3", ".", "1", "1", "2", "1"]}, {"ovNo": 12, "ovBalls": ["1", "1", "4", ".", ".", "1"]}, {"ovNo": 13, "ovBalls": ["2", "1", "1", ".", "1", "."]}, {"ovNo": 14, "ovBalls": ["1", ".", "1", "1", "6", "4"]}, {"ovNo": 15, "ovBalls": ["1", "4", ".", ".", "W", "4"]}, {"ovNo": 16, "ovBalls": [".", ".", "1", "2", "1", "2"]}, {"ovNo": 17, "ovBalls": ["1", "1", "1", ".", "6", "1"]}, {"ovNo": 18, "ovBalls": ["6", ".", "4", "1", "1", "2"]}, {"ovNo": 19, "ovBalls": ["6", "4", "1", "2", ".", "1W"]}, {"ovNo": 20, "ovBalls": [".", "1", "4", "1", "1B", "1B"]}]}, {"inningsNumber": 2, "runRate": "6.00", "overProgress": "20", "declared": false, "scorecard": {"runs": 120, "wkts": 9, "allOut": false, "battingStats": [{"playerId": 65, "r": 26, "b": 22, "sr": "118.18", "4s": 4, "6s": 0, "mod": {"dismissedBp": {"innings": 2, "over": 8, "ball": 2}, "countingBp": {"innings": 2, "over": 8, "ball": 2}, "text": "b Darren Sammy", "bowlerId": 589, "dismissedMethod": "b", "isOut": true}}, {"playerId": 72, "r": 0, "b": 2, "sr": "0.00", "4s": 0, "6s": 0, "mod": {"dismissedBp": {"innings": 2, "over": 1, "ball": 5}, "countingBp": {"innings": 2, "over": 1, "ball": 5}, "text": "c Cameron White b Dale Steyn", "bowlerId": 180, "additionalPlayerIds": [178], "dismissedMethod": "ct", "isOut": true}}, {"playerId": 191, "r": 18, "b": 20, "sr": "90.00", "4s": 3, "6s": 0, "mod": {"dismissedBp": {"innings": 2, "over": 8, "ball": 1}, "countingBp": {"innings": 2, "over": 8, "ball": 1}, "text": "c Thisara Perera b Darren Sammy", "bowlerId": 589, "additionalPlayerIds": [215], "dismissedMethod": "ct", "isOut": true}}, {"playerId": 238, "r": 33, "b": 40, "sr": "82.50", "4s": 1, "6s": 1}, {"playerId": 187, "r": 6, "b": 7, "sr": "85.71", "4s": 1, "6s": 0, "mod": {"dismissedBp": {"innings": 2, "over": 10, "ball": 4}, "countingBp": {"innings": 2, "over": 10, "ball": 4}, "text": "c Cameron White b Darren Sammy", "bowlerId": 589, "additionalPlayerIds": [178], "dismissedMethod": "ct", "isOut": true}}, {"playerId": 78, "r": 25, "b": 18, "sr": "138.88", "4s": 1, "6s": 2, "mod": {"dismissedBp": {"innings": 2, "over": 17, "ball": 5}, "countingBp": {"innings": 2, "over": 17, "ball": 5}, "text": "run out (Thisara Perera)", "bowlerId": 589, "additionalPlayerIds": [215], "dismissedMethod": "ro", "isOut": true}}, {"playerId": 76, "r": 0, "b": 2, "sr": "0.00", "4s": 0, "6s": 0, "mod": {"dismissedBp": {"innings": 2, "over": 18, "ball": 2}, "countingBp": {"innings": 2, "over": 18, "ball": 2}, "text": "c Shikhar Dhawan b Thisara Perera", "bowlerId": 215, "additionalPlayerIds": [41], "dismissedMethod": "ct", "isOut": true}}, {"playerId": 77, "r": 1, "b": 3, "sr": "33.33", "4s": 0, "6s": 0, "mod": {"dismissedBp": {"innings": 2, "over": 19, "ball": 1}, "countingBp": {"innings": 2, "over": 19, "ball": 1}, "text": "b Dale Steyn", "bowlerId": 180, "dismissedMethod": "b", "isOut": true}}, {"playerId": 70, "r": 3, "b": 4, "sr": "75.00", "4s": 0, "6s": 0, "mod": {"dismissedBp": {"innings": 2, "over": 20, "ball": 1}, "countingBp": {"innings": 2, "over": 20, "ball": 1}, "text": "run out (Ishant Sharma)", "bowlerId": 589, "additionalPlayerIds": [38], "dismissedMethod": "ro", "isOut": true}}, {"playerId": 254, "r": 0, "b": 1, "sr": "0.00", "4s": 0, "6s": 0, "mod": {"dismissedBp": {"innings": 2, "over": 20, "ball": 4}, "countingBp": {"innings": 2, "over": 20, "ball": 4}, "text": "c Ishant Sharma b Darren Sammy", "bowlerId": 589, "additionalPlayerIds": [38], "dismissedMethod": "ct", "isOut": true}}, {"playerId": 1112, "r": 0, "b": 1, "sr": "0.00", "4s": 0, "6s": 0}], "bowlingStats": [{"playerId": 180, "ov": "4", "r": 20, "w": 2, "d": 13, "maid": 0, "e": "5.00", "wd": 1, "nb": 0}, {"playerId": 38, "ov": "3", "r": 22, "w": 0, "d": 10, "maid": 0, "e": "7.33", "wd": 0, "nb": 0}, {"playerId": 215, "ov": "4", "r": 19, "w": 1, "d": 12, "maid": 0, "e": "4.75", "wd": 0, "nb": 0}, {"playerId": 1117, "ov": "2", "r": 5, "w": 0, "d": 8, "maid": 0, "e": "2.50", "wd": 1, "nb": 0}, {"playerId": 589, "ov": "4", "r": 22, "w": 4, "d": 12, "maid": 0, "e": "5.50", "wd": 0, "nb": 0}, {"playerId": 1118, "ov": "1", "r": 6, "w": 0, "d": 3, "maid": 0, "e": "6.00", "wd": 0, "nb": 0}, {"playerId": 30, "ov": "2", "r": 20, "w": 0, "d": 5, "maid": 0, "e": "10.00", "wd": 0, "nb": 0}], "fow": [{"bp": {"innings": 2, "over": 1, "ball": 5}, "playerId": 72, "ret": false, "w": 1, "r": 1}, {"bp": {"innings": 2, "over": 8, "ball": 1}, "playerId": 191, "ret": false, "w": 2, "r": 45}, {"bp": {"innings": 2, "over": 8, "ball": 2}, "playerId": 65, "ret": false, "w": 3, "r": 45}, {"bp": {"innings": 2, "over": 10, "ball": 4}, "playerId": 187, "ret": false, "w": 4, "r": 51}, {"bp": {"innings": 2, "over": 17, "ball": 5}, "playerId": 78, "ret": false, "w": 5, "r": 102}, {"bp": {"innings": 2, "over": 18, "ball": 2}, "playerId": 76, "ret": false, "w": 6, "r": 103}, {"bp": {"innings": 2, "over": 19, "ball": 1}, "playerId": 77, "ret": false, "w": 7, "r": 107}, {"bp": {"innings": 2, "over": 20, "ball": 1}, "playerId": 70, "ret": false, "w": 8, "r": 112}, {"bp": {"innings": 2, "over": 20, "ball": 4}, "playerId": 254, "ret": false, "w": 9, "r": 119}], "extras": {"noBallRuns": 0, "wideRuns": 2, "byeRuns": 5, "legByeRuns": 1, "penaltyRuns": 0}, "declared": false}, "overHistory": [{"ovNo": 1, "ovBalls": [".", ".", "1", ".", "W", "1"]}, {"ovNo": 2, "ovBalls": [".", ".", ".", ".", "4", "1"]}, {"ovNo": 3, "ovBalls": ["4", ".", ".", "1", "1", "4"]}, {"ovNo": 4, "ovBalls": [".", "4", ".", ".", "1", "."]}, {"ovNo": 5, "ovBalls": ["4", "1", ".", ".", "1", "1"]}, {"ovNo": 6, "ovBalls": [".", "4", "2", "2", ".", "4"]}, {"ovNo": 7, "ovBalls": [".", "1", ".", ".", "1Wd", "1", "1"]}, {"ovNo": 8, "ovBalls": ["W", "W", "4", "1", ".", "."]}, {"ovNo": 9, "ovBalls": ["1", ".", ".", ".", ".", "."]}, {"ovNo": 10, "ovBalls": [".", ".", ".", "W", "1", "2"]}, {"ovNo": 11, "ovBalls": [".", "2", "1", ".", ".", "3"]}, {"ovNo": 12, "ovBalls": ["1", ".", ".", "1", ".", "."]}, {"ovNo": 13, "ovBalls": [".", ".", "1", ".", "4B", "4"]}, {"ovNo": 14, "ovBalls": ["6", "6", "4", "1", ".", "1"]}, {"ovNo": 15, "ovBalls": [".", ".", ".", "1Wd", ".", "2", "1"]}, {"ovNo": 16, "ovBalls": [".", "1", ".", "1", ".", "1"]}, {"ovNo": 17, "ovBalls": ["2", "1", "1Lb", "1", "1W", "."]}, {"ovNo": 18, "ovBalls": ["1", "W", "1B", ".", "1", "2"]}, {"ovNo": 19, "ovBalls": ["W", "2", ".", ".", "1", "1"]}, {"ovNo": 20, "ovBalls": ["1W", "6", "1", "W", "1", "."]}]}]}