{"matchInfo": {"additionalInfo": {"referee.name": "Roshan Mahanama", "match.summary": "", "umpire.name.1": "Johan Cloete", "umpire.name.2": "S Ravi", "umpire.name.3": "Rod Tucker", "umpire.name.4": "Bharati Vij", "away.team.fan.total": "3,097", "result.playerofthematch": "Chris Gayle", "toss.elected": "Royal Challengers Bangalore, who chose to field", "notes.1.1": "Powerplay - 41 runs, 2 wickets", "notes.1.2": "KXIP: 50 runs in 6.6 overs", "notes.2.1": "Powerplay - 36 runs, 3 wickets", "notes.1.3": "KXIP: 100 runs in 14.3 overs", "notes.2.2": "RCB: 50 runs in 8.1 overs", "notes.1.4": "KXIP: 150 runs in 19.2 overs", "notes.2.3": "4th Wicket: 50 runs in 34 balls (Chris Gayle 26, AB de Villiers 24)", "notes.1.5": "Innings Break: KXIP - 163/6 in 20.0 overs ", "notes.2.4": "Chris Gayle: 50 off 41 balls (5 fours, 1 six)", "notes.2.5": "RCB: 100 runs in 13.2 overs", "notes.2.6": "AB de Villiers: 50 off 36 balls (6 fours)", "notes.2.7": "RCB: 150 runs in 17.2 overs", "highlights.link": "http://iplt20.com/videos?mid=a997e577454c45adbb242a47bab1d10b", "home.team.fan.total": "2,073", "photostream.link": "http://iplt20.com/photos/48/ipl-2012-match-25-kings-xi-punjab-v-royal-challengers-bangalore", "toss.winner": "Royal Challengers Bangalore"}, "teams": [{"id": 49, "team": {"id": 4, "fullName": "Punjab Kings", "shortName": "Punjab Kings", "abbreviation": "PBKS", "type": "m", "primaryColor": "DA1F3D", "secondaryColor": "FFFFFF"}, "players": [{"id": 75, "fullName": "Paul Valthaty", "shortName": "P Valthaty", "nationality": "Indian", "dateOfBirth": "1983-12-07", "rightArmedBowl": false, "rightHandedBat": false}, {"id": 73, "fullName": "Nitin Saini", "shortName": "N Saini", "nationality": "Indian", "dateOfBirth": "1988-10-28", "rightArmedBowl": false, "rightHandedBat": false}, {"id": 191, "fullName": "Shaun Marsh", "shortName": "S Marsh", "nationality": "Australian", "dateOfBirth": "1983-07-09", "rightArmedBowl": false, "rightHandedBat": false, "bowlingStyle": "ORTHODOX"}, {"id": 72, "fullName": "Mandeep Singh", "shortName": "M Singh", "nationality": "Indian", "dateOfBirth": "1991-12-18", "rightArmedBowl": true, "rightHandedBat": true}, {"id": 186, "fullName": "David Hussey", "shortName": "D Hussey", "nationality": "Australian", "dateOfBirth": "1977-07-15", "rightArmedBowl": false, "rightHandedBat": false}, {"id": 187, "fullName": "David Miller", "shortName": "D Miller", "nationality": "South African", "dateOfBirth": "1989-06-10", "rightArmedBowl": true, "rightHandedBat": false, "bowlingStyle": "OFF_SPIN"}, {"id": 194, "fullName": "Azhar Mahmood", "shortName": "A Mahmood", "nationality": "English", "dateOfBirth": "1975-02-28", "rightArmedBowl": false, "rightHandedBat": false}, {"id": 76, "fullName": "Piyush Chawla", "shortName": "P Chawla", "nationality": "Indian", "dateOfBirth": "1988-12-24", "rightArmedBowl": true, "rightHandedBat": false, "bowlingStyle": "LEG_SPIN"}, {"id": 254, "fullName": "Parvinder Awana", "shortName": "P Awana", "nationality": "Indian", "dateOfBirth": "1986-07-19", "rightArmedBowl": false, "rightHandedBat": false}, {"id": 77, "fullName": "Praveen Kumar", "shortName": "P Kumar", "nationality": "Indian", "dateOfBirth": "1986-10-02", "rightArmedBowl": true, "rightHandedBat": true}, {"id": 70, "fullName": "Harmeet Singh Bansal", "shortName": "H Singh Bansal", "nationality": "Indian", "dateOfBirth": "1987-10-09", "rightArmedBowl": false, "rightHandedBat": false}], "wicketKeeper": {"id": 73, "fullName": "Nitin Saini", "shortName": "N Saini", "nationality": "Indian", "dateOfBirth": "1988-10-28", "rightArmedBowl": false, "rightHandedBat": false}, "captain": {"id": 186, "fullName": "David Hussey", "shortName": "D Hussey", "nationality": "Australian", "dateOfBirth": "1977-07-15", "rightArmedBowl": false, "rightHandedBat": false}}, {"id": 50, "team": {"id": 9, "fullName": "Royal Challengers Bangalore", "shortName": "Challengers", "abbreviation": "RCB", "type": "m", "primaryColor": "000000", "secondaryColor": "FF3245"}, "players": [{"id": 234, "fullName": "Andrew McDonald", "shortName": "A McDonald", "nationality": "Australian", "dateOfBirth": "1981-06-05", "rightArmedBowl": false, "rightHandedBat": false}, {"id": 236, "fullName": "Chris Gayle", "shortName": "C Gayle", "nationality": "West Indian", "dateOfBirth": "1979-09-21", "rightArmedBowl": true, "rightHandedBat": false, "bowlingStyle": "OFF_SPIN"}, {"id": 158, "fullName": "Mayank Agarwal", "shortName": "M Agarwal", "nationality": "Indian", "dateOfBirth": "1991-02-18", "rightArmedBowl": true, "rightHandedBat": true}, {"id": 164, "fullName": "Virat Kohli", "shortName": "V Kohli", "nationality": "Indian", "dateOfBirth": "1988-11-05", "rightArmedBowl": true, "rightHandedBat": true, "bowlingStyle": "MEDIUM_SEAM"}, {"id": 233, "fullName": "AB de Villiers", "shortName": "AB de Villiers", "nationality": "South African", "dateOfBirth": "1984-02-17", "rightArmedBowl": true, "rightHandedBat": true, "bowlingStyle": "MEDIUM_SEAM"}, {"id": 163, "fullName": "Saurabh Tiwary", "shortName": "S Tiwary", "nationality": "Indian", "dateOfBirth": "1989-12-30", "rightArmedBowl": true, "rightHandedBat": false}, {"id": 153, "fullName": "Arun Karthik", "shortName": "A Karthik", "nationality": "Indian", "dateOfBirth": "1986-02-15", "rightArmedBowl": false, "rightHandedBat": false}, {"id": 243, "fullName": "Daniel Vettori", "shortName": "D Vettori", "nationality": "New Zealander", "dateOfBirth": "1979-01-27", "rightArmedBowl": false, "rightHandedBat": false, "bowlingStyle": "ORTHODOX"}, {"id": 166, "fullName": "Vinay Kumar", "shortName": "V Kumar", "nationality": "Indian", "dateOfBirth": "1984-02-12", "rightArmedBowl": true, "rightHandedBat": true}, {"id": 157, "fullName": "Harshal Patel", "shortName": "H Patel", "nationality": "Indian", "dateOfBirth": "1990-11-23", "rightArmedBowl": true, "rightHandedBat": true, "bowlingStyle": "MEDIUM_SEAM"}, {"id": 165, "fullName": "Zaheer Khan", "shortName": "Z Khan", "nationality": "Indian", "dateOfBirth": "1978-10-07", "rightArmedBowl": false, "rightHandedBat": true, "bowlingStyle": "FAST_SEAM"}], "wicketKeeper": {"id": 153, "fullName": "Arun Karthik", "shortName": "A Karthik", "nationality": "Indian", "dateOfBirth": "1986-02-15", "rightArmedBowl": false, "rightHandedBat": false}, "captain": {"id": 243, "fullName": "Daniel Vettori", "shortName": "D Vettori", "nationality": "New Zealander", "dateOfBirth": "1979-01-27", "rightArmedBowl": false, "rightHandedBat": false, "bowlingStyle": "ORTHODOX"}}], "venue": {"id": 9, "fullName": "IS Bindra Stadium", "shortName": "IS Bindra Stadium", "city": "Mohali", "country": "India"}, "matchDate": "2012-04-20T20:00:00+0530", "matchEndDate": "2012-04-20T23:00:00+0530", "matchDateMs": 1334932200000, "matchEndDateMs": 1334943000000, "isLimitedOvers": true, "battingOrder": [0, 1], "matchBroadcast": false, "matchState": "C", "matchStatus": {"outcome": "B", "text": "Royal Challengers Bangalore won by 5 wickets"}, "description": "Match 25", "matchSummary": "", "matchType": "IPLT20", "tournamentLabel": "IPL 2012", "oversLimit": 20, "groupName": ""}, "matchId": {"id": 26, "name": "ipl2012-25", "tournamentId": {"id": 1, "name": "ipl2012", "provisional": false}}, "currentState": {"inProgress": false, "phase": "C", "currentInningsIndex": 1, "currentBatsmen": [234, 243], "facingBatsman": 234, "nonFacingBatsman": 243, "currentBowler": 194, "currentBowlerCurrentSpell": {"playerId": 194, "ov": "0.3", "r": 6, "w": 0, "d": 0, "maid": 0, "e": "12.00", "wd": 0, "nb": 0}, "previousBowler": 76, "previousBowlerCurrentSpell": {"playerId": 76, "ov": "1", "r": 3, "w": 1, "d": 3, "maid": 0, "e": "3.00", "wd": 0, "nb": 0}, "currentPartnership": 8, "partnership": {"runs": 8, "balls": 6, "runRate": "8.00"}, "recentOvers": [{"ovNo": 15, "ovBalls": [".", ".", "1", "1", ".", "1"]}, {"ovNo": 16, "ovBalls": ["1Wd", "1", "4", "6", "1", "1", "1Wd", "1"]}, {"ovNo": 17, "ovBalls": ["1", ".", "1Wd", "2", ".", "4", "."]}, {"ovNo": 18, "ovBalls": ["4", "1Wd", "1Nb", "6", "4", "W", ".", "1"]}, {"ovNo": 19, "ovBalls": ["1", ".", "W", ".", "1", "1"]}, {"ovNo": 20, "ovBalls": ["1", "1", "4"]}]}, "innings": [{"inningsNumber": 1, "runRate": "8.15", "overProgress": "20", "declared": false, "scorecard": {"runs": 163, "wkts": 6, "allOut": false, "battingStats": [{"playerId": 73, "r": 14, "b": 12, "sr": "116.66", "4s": 1, "6s": 0, "mod": {"dismissedBp": {"innings": 1, "over": 3, "ball": 4}, "countingBp": {"innings": 1, "over": 3, "ball": 4}, "text": "b Zaheer Khan", "bowlerId": 165, "dismissedMethod": "b", "isOut": true}}, {"playerId": 75, "r": 6, "b": 12, "sr": "50.00", "4s": 1, "6s": 0, "mod": {"dismissedBp": {"innings": 1, "over": 5, "ball": 6}, "countingBp": {"innings": 1, "over": 5, "ball": 6}, "text": "c AB de Villiers b Zaheer Khan", "bowlerId": 165, "additionalPlayerIds": [233], "dismissedMethod": "ct", "isOut": true}}, {"playerId": 191, "r": 26, "b": 17, "sr": "152.94", "4s": 3, "6s": 1, "mod": {"dismissedBp": {"innings": 1, "over": 9, "ball": 1}, "countingBp": {"innings": 1, "over": 9, "ball": 1}, "text": "b Andrew McDonald", "bowlerId": 234, "dismissedMethod": "b", "isOut": true}}, {"playerId": 186, "r": 41, "b": 34, "sr": "120.58", "4s": 4, "6s": 0, "mod": {"dismissedBp": {"innings": 1, "over": 15, "ball": 7}, "countingBp": {"innings": 1, "over": 15, "ball": 6}, "text": "b Harshal Patel", "bowlerId": 157, "dismissedMethod": "b", "isOut": true}}, {"playerId": 187, "r": 8, "b": 13, "sr": "61.53", "4s": 0, "6s": 0, "mod": {"dismissedBp": {"innings": 1, "over": 14, "ball": 6}, "countingBp": {"innings": 1, "over": 14, "ball": 6}, "text": "c Zaheer Khan b Andrew McDonald", "bowlerId": 234, "additionalPlayerIds": [165], "dismissedMethod": "ct", "isOut": true}}, {"playerId": 72, "r": 20, "b": 15, "sr": "133.33", "4s": 0, "6s": 0, "mod": {"dismissedBp": {"innings": 1, "over": 20, "ball": 1}, "countingBp": {"innings": 1, "over": 20, "ball": 1}, "text": "c Virat Kohli b Vinay Kumar", "bowlerId": 166, "additionalPlayerIds": [164], "dismissedMethod": "ct", "isOut": true}}, {"playerId": 194, "r": 33, "b": 14, "sr": "235.71", "4s": 3, "6s": 2}, {"playerId": 76, "r": 7, "b": 3, "sr": "233.33", "4s": 1, "6s": 0}], "bowlingStats": [{"playerId": 165, "ov": "4", "r": 25, "w": 2, "d": 10, "maid": 0, "e": "6.25", "wd": 0, "nb": 0}, {"playerId": 166, "ov": "4", "r": 40, "w": 1, "d": 8, "maid": 0, "e": "10.00", "wd": 0, "nb": 0}, {"playerId": 157, "ov": "4", "r": 44, "w": 1, "d": 7, "maid": 0, "e": "11.00", "wd": 1, "nb": 0}, {"playerId": 234, "ov": "4", "r": 25, "w": 2, "d": 6, "maid": 0, "e": "6.25", "wd": 1, "nb": 0}, {"playerId": 243, "ov": "4", "r": 24, "w": 0, "d": 7, "maid": 0, "e": "6.00", "wd": 1, "nb": 0}], "fow": [{"bp": {"innings": 1, "over": 3, "ball": 4}, "playerId": 73, "ret": false, "w": 1, "r": 14}, {"bp": {"innings": 1, "over": 5, "ball": 6}, "playerId": 75, "ret": false, "w": 2, "r": 27}, {"bp": {"innings": 1, "over": 9, "ball": 1}, "playerId": 191, "ret": false, "w": 3, "r": 57}, {"bp": {"innings": 1, "over": 14, "ball": 6}, "playerId": 187, "ret": false, "w": 4, "r": 94}, {"bp": {"innings": 1, "over": 15, "ball": 6}, "playerId": 186, "ret": false, "w": 5, "r": 105}, {"bp": {"innings": 1, "over": 20, "ball": 1}, "playerId": 72, "ret": false, "w": 6, "r": 149}], "extras": {"noBallRuns": 0, "wideRuns": 3, "byeRuns": 1, "legByeRuns": 4, "penaltyRuns": 0}, "declared": false}, "overHistory": [{"ovNo": 1, "ovBalls": ["2", ".", ".", ".", "1", "."]}, {"ovNo": 2, "ovBalls": ["2", "4", "1", ".", ".", "."]}, {"ovNo": 3, "ovBalls": [".", "2", "2", "W", "1", "."]}, {"ovNo": 4, "ovBalls": [".", ".", "4", "1", ".", "."]}, {"ovNo": 5, "ovBalls": ["1", "2", "4", ".", ".", "W"]}, {"ovNo": 6, "ovBalls": ["1", "4", "4", ".", "1", "4"]}, {"ovNo": 7, "ovBalls": ["1", "1", "1", "1", ".", "6"]}, {"ovNo": 8, "ovBalls": ["2", "1", "1", ".", "1", "1"]}, {"ovNo": 9, "ovBalls": ["W", "1", "1Lb", "1", "1Wd", "2", "1"]}, {"ovNo": 10, "ovBalls": [".", "4", ".", "2", ".", "."]}, {"ovNo": 11, "ovBalls": ["1", "1", "1B", "1", "1", "."]}, {"ovNo": 12, "ovBalls": ["1Lb", ".", "1", "1Wd", "1", "1", "1"]}, {"ovNo": 13, "ovBalls": ["1Lb", ".", "2", "4", "1", "."]}, {"ovNo": 14, "ovBalls": ["1", "1", "1", "1", "1", "W"]}, {"ovNo": 15, "ovBalls": ["1Wd", "2", "1", "2", "1", "4", "W"]}, {"ovNo": 16, "ovBalls": ["1", "1", "2", "1", "1", "1"]}, {"ovNo": 17, "ovBalls": ["1", ".", "1", "1Lb", "4", "6"]}, {"ovNo": 18, "ovBalls": ["2", "1", "4", "2", "4", "1"]}, {"ovNo": 19, "ovBalls": ["1", "3", "1", "2", "2", "1"]}, {"ovNo": 20, "ovBalls": ["W", "6", "1", "4", "2", "1"]}]}, {"inningsNumber": 2, "runRate": "8.51", "overProgress": "19.3", "declared": false, "scorecard": {"runs": 166, "wkts": 5, "allOut": false, "battingStats": [{"playerId": 158, "r": 1, "b": 3, "sr": "33.33", "4s": 0, "6s": 0, "mod": {"dismissedBp": {"innings": 2, "over": 2, "ball": 2}, "countingBp": {"innings": 2, "over": 2, "ball": 2}, "text": "lbw Parvinder Awana", "bowlerId": 254, "dismissedMethod": "lbw", "isOut": true}}, {"playerId": 236, "r": 87, "b": 56, "sr": "155.35", "4s": 8, "6s": 4, "mod": {"dismissedBp": {"innings": 2, "over": 18, "ball": 6}, "countingBp": {"innings": 2, "over": 18, "ball": 4}, "text": "c David Hussey b Parvinder Awana", "bowlerId": 254, "additionalPlayerIds": [186], "dismissedMethod": "ct", "isOut": true}}, {"playerId": 164, "r": 4, "b": 4, "sr": "100.00", "4s": 1, "6s": 0, "mod": {"dismissedBp": {"innings": 2, "over": 2, "ball": 6}, "countingBp": {"innings": 2, "over": 2, "ball": 6}, "text": "c Shaun Marsh b Parvinder Awana", "bowlerId": 254, "additionalPlayerIds": [191], "dismissedMethod": "ct", "isOut": true}}, {"playerId": 163, "r": 4, "b": 7, "sr": "57.14", "4s": 0, "6s": 0, "mod": {"dismissedBp": {"innings": 2, "over": 6, "ball": 1}, "countingBp": {"innings": 2, "over": 6, "ball": 1}, "text": "c Nitin Saini b Parvinder Awana", "bowlerId": 254, "additionalPlayerIds": [73], "dismissedMethod": "ct", "isOut": true}}, {"playerId": 233, "r": 52, "b": 39, "sr": "133.33", "4s": 6, "6s": 0, "mod": {"dismissedBp": {"innings": 2, "over": 19, "ball": 3}, "countingBp": {"innings": 2, "over": 19, "ball": 3}, "text": "lbw Piyush Chawla", "bowlerId": 76, "dismissedMethod": "lbw", "isOut": true}}, {"playerId": 234, "r": 8, "b": 6, "sr": "133.33", "4s": 1, "6s": 0}, {"playerId": 243, "r": 2, "b": 3, "sr": "66.66", "4s": 0, "6s": 0}], "bowlingStats": [{"playerId": 77, "ov": "4", "r": 35, "w": 0, "d": 9, "maid": 0, "e": "8.75", "wd": 4, "nb": 0}, {"playerId": 254, "ov": "4", "r": 34, "w": 4, "d": 14, "maid": 0, "e": "8.50", "wd": 1, "nb": 1}, {"playerId": 76, "ov": "4", "r": 21, "w": 1, "d": 9, "maid": 0, "e": "5.25", "wd": 0, "nb": 0}, {"playerId": 70, "ov": "4", "r": 46, "w": 0, "d": 2, "maid": 0, "e": "11.50", "wd": 1, "nb": 0}, {"playerId": 194, "ov": "3.3", "r": 30, "w": 0, "d": 6, "maid": 0, "e": "8.57", "wd": 1, "nb": 0}], "fow": [{"bp": {"innings": 2, "over": 2, "ball": 2}, "playerId": 158, "ret": false, "w": 1, "r": 4}, {"bp": {"innings": 2, "over": 2, "ball": 6}, "playerId": 164, "ret": false, "w": 2, "r": 8}, {"bp": {"innings": 2, "over": 6, "ball": 1}, "playerId": 163, "ret": false, "w": 3, "r": 25}, {"bp": {"innings": 2, "over": 18, "ball": 4}, "playerId": 236, "ret": false, "w": 4, "r": 156}, {"bp": {"innings": 2, "over": 19, "ball": 3}, "playerId": 233, "ret": false, "w": 5, "r": 158}], "extras": {"noBallRuns": 1, "wideRuns": 7, "byeRuns": 0, "legByeRuns": 0, "penaltyRuns": 0}, "declared": false}, "overHistory": [{"ovNo": 1, "ovBalls": [".", "1", ".", ".", ".", "1Wd", "1"]}, {"ovNo": 2, "ovBalls": ["1", "W", "4", ".", ".", "W"]}, {"ovNo": 3, "ovBalls": ["1Wd", ".", "4", "4", ".", ".", "."]}, {"ovNo": 4, "ovBalls": [".", "1", ".", ".", ".", "."]}, {"ovNo": 5, "ovBalls": ["1", "1", ".", "1", "3", "1"]}, {"ovNo": 6, "ovBalls": ["W", ".", "3", "4", "4", "."]}, {"ovNo": 7, "ovBalls": ["1", ".", "1", "1", ".", "."]}, {"ovNo": 8, "ovBalls": ["1", "2", "1", "1", "2", "2"]}, {"ovNo": 9, "ovBalls": ["2", "1", "1", "1", "6", "1"]}, {"ovNo": 10, "ovBalls": ["1", "4", "4", "2", ".", "1"]}, {"ovNo": 11, "ovBalls": ["1", ".", ".", "1", "1", "1"]}, {"ovNo": 12, "ovBalls": ["2", "4", "1", "1", "1", "1"]}, {"ovNo": 13, "ovBalls": [".", "1", "2", "1", "4", "4"]}, {"ovNo": 14, "ovBalls": ["1Wd", ".", "6", "1", "4", "2", "1"]}, {"ovNo": 15, "ovBalls": [".", ".", "1", "1", ".", "1"]}, {"ovNo": 16, "ovBalls": ["1Wd", "1", "4", "6", "1", "1", "1Wd", "1"]}, {"ovNo": 17, "ovBalls": ["1", ".", "1Wd", "2", ".", "4", "."]}, {"ovNo": 18, "ovBalls": ["4", "1Wd", "1Nb", "6", "4", "W", ".", "1"]}, {"ovNo": 19, "ovBalls": ["1", ".", "W", ".", "1", "1"]}, {"ovNo": 20, "ovBalls": ["1", "1", "4"]}]}]}