{"matchInfo": {"additionalInfo": {"report.link": "", "sixes.video.thumb": "", "toss.elected": "Sunrisers Hyderabad, who chose to bat", "sixes.video.id": "", "match.video.thumb": "", "referee.name": "Manu Nayar", "match.video.id": "", "report.thumb": "", "match.summary": "", "umpire.name.1": "Michael Gough", "umpire.name.2": "J R Madangopal", "toss.winner": "Sunrisers Hyderabad", "umpire.name.3": "Navdeep Singh Sidhu", "umpire.name.4": "Khalid Hussen Saiyed"}, "teams": [{"id": 32502, "team": {"id": 5, "fullName": "Kolkata Knight Riders", "shortName": "Knight Riders", "abbreviation": "KKR", "type": "m", "primaryColor": "6F2C91", "secondaryColor": "FFFFFF"}, "players": [{"id": 3761, "fullName": "Shubman Gill", "shortName": "S Gill", "nationality": "Indian", "dateOfBirth": "1999-09-08", "rightArmedBowl": true, "rightHandedBat": true, "bowlingStyle": "OFF_SPIN"}, {"id": 8540, "fullName": "Venkatesh Iyer", "shortName": "V Iyer", "nationality": "Indian", "dateOfBirth": "1994-12-25", "rightArmedBowl": true, "rightHandedBat": false, "bowlingStyle": "FAST_SEAM"}, {"id": 2738, "fullName": "Nitish Rana", "shortName": "N Rana", "nationality": "Indian", "dateOfBirth": "1993-12-27", "rightArmedBowl": true, "rightHandedBat": false, "bowlingStyle": "OFF_SPIN"}, {"id": 3838, "fullName": "Rahul Tripathi", "shortName": "R Tripathi", "nationality": "Indian", "dateOfBirth": "1991-03-02", "rightArmedBowl": true, "rightHandedBat": true, "bowlingStyle": "MEDIUM_SEAM"}, {"id": 197, "fullName": "Eoin Morgan", "shortName": "E Morgan", "nationality": "English", "dateOfBirth": "1986-09-10", "rightArmedBowl": true, "rightHandedBat": false, "bowlingStyle": "MEDIUM_SEAM"}, {"id": 102, "fullName": "Dinesh Karthik", "shortName": "D Karthik", "nationality": "Indian", "dateOfBirth": "1985-06-01", "rightArmedBowl": true, "rightHandedBat": true, "bowlingStyle": "OFF_SPIN"}, {"id": 203, "fullName": "Sunil Narine", "shortName": "S Narine", "nationality": "West Indian", "dateOfBirth": "1988-05-26", "rightArmedBowl": true, "rightHandedBat": false, "bowlingStyle": "OFF_SPIN"}, {"id": 201, "fullName": "Shakib Al Hasan", "shortName": "S Al Hasan", "nationality": "Bangladeshi", "dateOfBirth": "1987-03-24", "rightArmedBowl": false, "rightHandedBat": false, "bowlingStyle": "ORTHODOX"}, {"id": 307, "fullName": "Tim Southee", "shortName": "T Southee", "nationality": "New Zealander", "dateOfBirth": "1988-12-11", "rightArmedBowl": true, "rightHandedBat": true, "bowlingStyle": "MEDIUM_SEAM"}, {"id": 5432, "fullName": "Varun Chakaravarthy", "shortName": "V Chakaravarthy", "nationality": "Indian", "dateOfBirth": "1991-08-29", "rightArmedBowl": true, "rightHandedBat": true, "bowlingStyle": "LEG_SPIN"}, {"id": 3779, "fullName": "Shivam Mavi", "shortName": "S Mavi", "nationality": "Indian", "dateOfBirth": "1998-11-26", "rightArmedBowl": true, "rightHandedBat": true, "bowlingStyle": "FAST_SEAM"}], "wicketKeeper": {"id": 102, "fullName": "Dinesh Karthik", "shortName": "D Karthik", "nationality": "Indian", "dateOfBirth": "1985-06-01", "rightArmedBowl": true, "rightHandedBat": true, "bowlingStyle": "OFF_SPIN"}, "captain": {"id": 197, "fullName": "Eoin Morgan", "shortName": "E Morgan", "nationality": "English", "dateOfBirth": "1986-09-10", "rightArmedBowl": true, "rightHandedBat": false, "bowlingStyle": "MEDIUM_SEAM"}}, {"id": 32503, "team": {"id": 62, "fullName": "Sunrisers Hyderabad", "shortName": "Sunrisers", "abbreviation": "SRH", "type": "m", "primaryColor": "FF9C00", "secondaryColor": "FFFFFF"}, "players": [{"id": 1906, "fullName": "Jason Roy", "shortName": "J Roy", "nationality": "English", "dateOfBirth": "1990-07-21", "rightArmedBowl": true, "rightHandedBat": true}, {"id": 16, "fullName": "Wriddhiman Saha", "shortName": "W Saha", "nationality": "Indian", "dateOfBirth": "1984-10-24", "rightArmedBowl": true, "rightHandedBat": true}, {"id": 440, "fullName": "Kane Williamson", "shortName": "K Williamson", "nationality": "New Zealander", "dateOfBirth": "1990-08-08", "rightArmedBowl": true, "rightHandedBat": true, "bowlingStyle": "OFF_SPIN"}, {"id": 3775, "fullName": "Priyam Garg", "shortName": "P Garg", "nationality": "Indian", "dateOfBirth": "2000-11-30", "rightArmedBowl": true, "rightHandedBat": true, "bowlingStyle": "MEDIUM_SEAM"}, {"id": 3760, "fullName": "Abhishek Sharma", "shortName": "A Sharma", "nationality": "Indian", "dateOfBirth": "2000-09-04", "rightArmedBowl": false, "rightHandedBat": false, "bowlingStyle": "ORTHODOX"}, {"id": 1075, "fullName": "Jason Holder", "shortName": "J Holder", "nationality": "West Indian", "dateOfBirth": "1991-11-05", "rightArmedBowl": true, "rightHandedBat": true, "bowlingStyle": "MEDIUM_SEAM"}, {"id": 19352, "fullName": "Abdul Samad", "shortName": "A Samad", "nationality": "Indian", "dateOfBirth": "2001-10-28", "rightArmedBowl": true, "rightHandedBat": true, "bowlingStyle": "LEG_SPIN"}, {"id": 2885, "fullName": "Rashid Khan", "shortName": "R Khan", "nationality": "Afghan", "dateOfBirth": "1998-09-20", "rightArmedBowl": true, "rightHandedBat": true, "bowlingStyle": "LEG_SPIN"}, {"id": 116, "fullName": "Bhuvneshwar Kumar", "shortName": "B Kumar", "nationality": "Indian", "dateOfBirth": "1990-02-05", "rightArmedBowl": true, "rightHandedBat": true, "bowlingStyle": "MEDIUM_SEAM"}, {"id": 15154, "fullName": "Umran Malik", "shortName": "U Malik", "nationality": "Indian", "dateOfBirth": "1999-11-22", "rightArmedBowl": true, "rightHandedBat": true, "bowlingStyle": "FAST_SEAM"}, {"id": 1086, "fullName": "Siddarth Kaul", "shortName": "S Kaul", "nationality": "Indian", "dateOfBirth": "1990-05-19", "rightArmedBowl": true, "rightHandedBat": true, "bowlingStyle": "MEDIUM_SEAM"}], "wicketKeeper": {"id": 16, "fullName": "Wriddhiman Saha", "shortName": "W Saha", "nationality": "Indian", "dateOfBirth": "1984-10-24", "rightArmedBowl": true, "rightHandedBat": true}, "captain": {"id": 440, "fullName": "Kane Williamson", "shortName": "K Williamson", "nationality": "New Zealander", "dateOfBirth": "1990-08-08", "rightArmedBowl": true, "rightHandedBat": true, "bowlingStyle": "OFF_SPIN"}}], "venue": {"id": 37, "fullName": "Dubai International Stadium", "shortName": "Dubai International Stadium", "city": "Dubai", "country": "UAE"}, "matchDate": "2021-10-03T18:00:00+0400", "matchEndDate": "2021-10-03T23:00:00+0400", "matchDateMs": 1633269600000, "matchEndDateMs": 1633287600000, "isLimitedOvers": true, "battingOrder": [1, 0], "matchBroadcast": false, "matchState": "C", "matchStatus": {"outcome": "A", "text": "Kolkata Knight Riders won by 6 wickets"}, "description": "Match 49", "matchSummary": "", "matchType": "IPLT20", "tournamentLabel": "IPL 2021", "oversLimit": 20, "groupName": ""}, "matchId": {"id": 32231, "name": "ipl2021-49", "tournamentId": {"id": 22399, "name": "ipl2021", "provisional": false}}, "currentState": {"inProgress": false, "phase": "C", "currentInningsIndex": 1, "currentBatsmen": [197, 102], "facingBatsman": 102, "nonFacingBatsman": 197, "currentBowler": 1086, "currentBowlerCurrentSpell": {"playerId": 1086, "ov": "0.4", "r": 6, "w": 0, "d": 1, "maid": 0, "e": "9.00", "wd": 0, "nb": 0}, "previousBowler": 116, "previousBowlerCurrentSpell": {"playerId": 116, "ov": "1", "r": 7, "w": 0, "d": 2, "maid": 0, "e": "7.00", "wd": 0, "nb": 0}, "currentPartnership": 13, "partnership": {"runs": 13, "balls": 10, "runRate": "7.80"}, "recentOvers": [{"ovNo": 15, "ovBalls": [".", "1", ".", "4", "1", "."]}, {"ovNo": 16, "ovBalls": ["2", ".", ".", "1", "4", "1"]}, {"ovNo": 17, "ovBalls": ["1", ".", "W", "1", "4", "1"]}, {"ovNo": 18, "ovBalls": ["1", "1", "1", "4", ".", "W"]}, {"ovNo": 19, "ovBalls": [".", ".", "4", "1", "1", "1"]}, {"ovNo": 20, "ovBalls": [".", "1", "1", "4"]}]}, "innings": [{"inningsNumber": 1, "runRate": "5.75", "overProgress": "20", "declared": false, "scorecard": {"runs": 115, "wkts": 8, "allOut": false, "battingStats": [{"playerId": 1906, "r": 10, "b": 13, "sr": "76.92", "4s": 2, "6s": 0, "mod": {"dismissedBp": {"innings": 1, "over": 4, "ball": 5}, "countingBp": {"innings": 1, "over": 4, "ball": 4}, "text": "c Tim Southee b Shivam Mavi", "bowlerId": 3779, "additionalPlayerIds": [307], "dismissedMethod": "ct", "isOut": true}}, {"playerId": 16, "r": 0, "b": 1, "sr": "0.00", "4s": 0, "6s": 0, "mod": {"dismissedBp": {"innings": 1, "over": 1, "ball": 2}, "countingBp": {"innings": 1, "over": 1, "ball": 2}, "text": "lbw Tim Southee", "bowlerId": 307, "dismissedMethod": "lbw", "isOut": true}}, {"playerId": 440, "r": 26, "b": 21, "sr": "123.80", "4s": 4, "6s": 0, "mod": {"dismissedBp": {"innings": 1, "over": 7, "ball": 5}, "countingBp": {"innings": 1, "over": 7, "ball": 5}, "text": "run out (Shakib Al Hasan)", "bowlerId": 201, "additionalPlayerIds": [201], "dismissedMethod": "ro", "isOut": true}}, {"playerId": 3775, "r": 21, "b": 31, "sr": "67.74", "4s": 0, "6s": 1, "mod": {"dismissedBp": {"innings": 1, "over": 15, "ball": 2}, "countingBp": {"innings": 1, "over": 15, "ball": 2}, "text": "c Rahul Tripathi b Varun Chakaravarthy", "bowlerId": 5432, "additionalPlayerIds": [3838], "dismissedMethod": "ct", "isOut": true}}, {"playerId": 3760, "r": 6, "b": 10, "sr": "60.00", "4s": 0, "6s": 0, "mod": {"dismissedBp": {"innings": 1, "over": 11, "ball": 1}, "countingBp": {"innings": 1, "over": 11, "ball": 1}, "text": "st Dinesh Karthik b Shakib Al Hasan", "bowlerId": 201, "additionalPlayerIds": [102], "dismissedMethod": "st", "isOut": true}}, {"playerId": 19352, "r": 25, "b": 18, "sr": "138.88", "4s": 0, "6s": 3, "mod": {"dismissedBp": {"innings": 1, "over": 18, "ball": 2}, "countingBp": {"innings": 1, "over": 18, "ball": 2}, "text": "c Shubman Gill b Tim Southee", "bowlerId": 307, "additionalPlayerIds": [3761], "dismissedMethod": "ct", "isOut": true}}, {"playerId": 1075, "r": 2, "b": 9, "sr": "22.22", "4s": 0, "6s": 0, "mod": {"dismissedBp": {"innings": 1, "over": 17, "ball": 1}, "countingBp": {"innings": 1, "over": 17, "ball": 1}, "text": "c Venkatesh Iyer b Varun Chakaravarthy", "bowlerId": 5432, "additionalPlayerIds": [8540], "dismissedMethod": "ct", "isOut": true}}, {"playerId": 2885, "r": 8, "b": 6, "sr": "133.33", "4s": 1, "6s": 0, "mod": {"dismissedBp": {"innings": 1, "over": 19, "ball": 2}, "countingBp": {"innings": 1, "over": 19, "ball": 2}, "text": "c Venkatesh Iyer b Shivam Mavi", "bowlerId": 3779, "additionalPlayerIds": [8540], "dismissedMethod": "ct", "isOut": true}}, {"playerId": 116, "r": 7, "b": 7, "sr": "100.00", "4s": 0, "6s": 0}, {"playerId": 1086, "r": 7, "b": 5, "sr": "140.00", "4s": 1, "6s": 0}], "bowlingStats": [{"playerId": 307, "ov": "4", "r": 26, "w": 2, "d": 9, "maid": 0, "e": "6.50", "wd": 0, "nb": 0}, {"playerId": 3779, "ov": "4", "r": 29, "w": 2, "d": 12, "maid": 0, "e": "7.25", "wd": 0, "nb": 1}, {"playerId": 5432, "ov": "4", "r": 26, "w": 2, "d": 13, "maid": 0, "e": "6.50", "wd": 0, "nb": 0}, {"playerId": 201, "ov": "4", "r": 20, "w": 1, "d": 10, "maid": 0, "e": "5.00", "wd": 0, "nb": 0}, {"playerId": 203, "ov": "4", "r": 12, "w": 0, "d": 12, "maid": 0, "e": "3.00", "wd": 0, "nb": 0}], "fow": [{"bp": {"innings": 1, "over": 1, "ball": 2}, "playerId": 16, "ret": false, "w": 1, "r": 1}, {"bp": {"innings": 1, "over": 4, "ball": 4}, "playerId": 1906, "ret": false, "w": 2, "r": 16}, {"bp": {"innings": 1, "over": 7, "ball": 5}, "playerId": 440, "ret": false, "w": 3, "r": 38}, {"bp": {"innings": 1, "over": 11, "ball": 1}, "playerId": 3760, "ret": false, "w": 4, "r": 51}, {"bp": {"innings": 1, "over": 15, "ball": 2}, "playerId": 3775, "ret": false, "w": 5, "r": 70}, {"bp": {"innings": 1, "over": 17, "ball": 1}, "playerId": 1075, "ret": false, "w": 6, "r": 80}, {"bp": {"innings": 1, "over": 18, "ball": 2}, "playerId": 19352, "ret": false, "w": 7, "r": 95}, {"bp": {"innings": 1, "over": 19, "ball": 2}, "playerId": 2885, "ret": false, "w": 8, "r": 103}], "extras": {"noBallRuns": 1, "wideRuns": 0, "byeRuns": 0, "legByeRuns": 2, "penaltyRuns": 0}, "declared": false}, "overHistory": [{"ovNo": 1, "ovBalls": ["1", "W", ".", ".", ".", "3"]}, {"ovNo": 2, "ovBalls": [".", "1", ".", "1", ".", "."]}, {"ovNo": 3, "ovBalls": [".", "4", "4", ".", ".", "."]}, {"ovNo": 4, "ovBalls": ["1", ".", "1Nb", ".", "W", ".", "."]}, {"ovNo": 5, "ovBalls": [".", ".", "1", ".", ".", "."]}, {"ovNo": 6, "ovBalls": ["4", ".", "4", "2", "4", "4"]}, {"ovNo": 7, "ovBalls": [".", "1", ".", "2", "W", "1"]}, {"ovNo": 8, "ovBalls": [".", "1", ".", ".", "1", "1"]}, {"ovNo": 9, "ovBalls": ["1", ".", "1", ".", "1", "1"]}, {"ovNo": 10, "ovBalls": ["1", ".", "1", "1", "1", "1"]}, {"ovNo": 11, "ovBalls": ["W", ".", ".", ".", "1", "1"]}, {"ovNo": 12, "ovBalls": ["1", ".", "1", "1", "1", "."]}, {"ovNo": 13, "ovBalls": ["1", "6", ".", "1", "1", "1"]}, {"ovNo": 14, "ovBalls": ["1", "1", ".", ".", "1", "."]}, {"ovNo": 15, "ovBalls": [".", "W", "2Lb", "1", ".", "6"]}, {"ovNo": 16, "ovBalls": [".", ".", ".", ".", ".", "1"]}, {"ovNo": 17, "ovBalls": ["W", "1", "1", ".", "6", "6"]}, {"ovNo": 18, "ovBalls": ["1", "W", "1", "1", "1", "1"]}, {"ovNo": 19, "ovBalls": ["4", "W", "1", ".", "1", "1"]}, {"ovNo": 20, "ovBalls": ["1", "1", "1", "1", "1", "4"]}]}, {"inningsNumber": 2, "runRate": "6.05", "overProgress": "19.4", "declared": false, "scorecard": {"runs": 119, "wkts": 4, "allOut": false, "battingStats": [{"playerId": 3761, "r": 57, "b": 51, "sr": "111.76", "4s": 10, "6s": 0, "mod": {"dismissedBp": {"innings": 2, "over": 17, "ball": 3}, "countingBp": {"innings": 2, "over": 17, "ball": 3}, "text": "c Jason Holder b Siddarth Kaul", "bowlerId": 1086, "additionalPlayerIds": [1075], "dismissedMethod": "ct", "isOut": true}}, {"playerId": 8540, "r": 8, "b": 14, "sr": "57.14", "4s": 0, "6s": 0, "mod": {"dismissedBp": {"innings": 2, "over": 5, "ball": 4}, "countingBp": {"innings": 2, "over": 5, "ball": 4}, "text": "c Kane Williamson b Jason Holder", "bowlerId": 1075, "additionalPlayerIds": [440], "dismissedMethod": "ct", "isOut": true}}, {"playerId": 3838, "r": 7, "b": 6, "sr": "116.66", "4s": 1, "6s": 0, "mod": {"dismissedBp": {"innings": 2, "over": 7, "ball": 4}, "countingBp": {"innings": 2, "over": 7, "ball": 4}, "text": "c Abhishek Sharma b Rashid Khan", "bowlerId": 2885, "additionalPlayerIds": [3760], "dismissedMethod": "ct", "isOut": true}}, {"playerId": 2738, "r": 25, "b": 33, "sr": "75.75", "4s": 3, "6s": 0, "mod": {"dismissedBp": {"innings": 2, "over": 18, "ball": 6}, "countingBp": {"innings": 2, "over": 18, "ball": 6}, "text": "c Wriddhiman Saha b Jason Holder", "bowlerId": 1075, "additionalPlayerIds": [16], "dismissedMethod": "ct", "isOut": true}}, {"playerId": 102, "r": 18, "b": 12, "sr": "150.00", "4s": 3, "6s": 0}, {"playerId": 197, "r": 2, "b": 2, "sr": "100.00", "4s": 0, "6s": 0}], "bowlingStats": [{"playerId": 116, "ov": "4", "r": 20, "w": 0, "d": 14, "maid": 0, "e": "5.00", "wd": 0, "nb": 0}, {"playerId": 1075, "ov": "4", "r": 32, "w": 2, "d": 8, "maid": 0, "e": "8.00", "wd": 0, "nb": 0}, {"playerId": 15154, "ov": "4", "r": 27, "w": 0, "d": 13, "maid": 0, "e": "6.75", "wd": 2, "nb": 0}, {"playerId": 2885, "ov": "4", "r": 23, "w": 1, "d": 13, "maid": 0, "e": "5.75", "wd": 0, "nb": 0}, {"playerId": 1086, "ov": "3.4", "r": 17, "w": 1, "d": 11, "maid": 0, "e": "4.63", "wd": 0, "nb": 0}], "fow": [{"bp": {"innings": 2, "over": 5, "ball": 4}, "playerId": 8540, "ret": false, "w": 1, "r": 23}, {"bp": {"innings": 2, "over": 7, "ball": 4}, "playerId": 3838, "ret": false, "w": 2, "r": 38}, {"bp": {"innings": 2, "over": 17, "ball": 3}, "playerId": 3761, "ret": false, "w": 3, "r": 93}, {"bp": {"innings": 2, "over": 18, "ball": 6}, "playerId": 2738, "ret": false, "w": 4, "r": 106}], "extras": {"noBallRuns": 0, "wideRuns": 2, "byeRuns": 0, "legByeRuns": 0, "penaltyRuns": 0}, "declared": false}, "overHistory": [{"ovNo": 1, "ovBalls": [".", "1", "1", ".", ".", "."]}, {"ovNo": 2, "ovBalls": ["1", "4", ".", ".", ".", "2"]}, {"ovNo": 3, "ovBalls": ["2", ".", ".", ".", ".", "."]}, {"ovNo": 4, "ovBalls": ["4", "2", "1", ".", "2", "1"]}, {"ovNo": 5, "ovBalls": [".", "1", "1", "W", ".", "4"]}, {"ovNo": 6, "ovBalls": ["4", "1", ".", "4", ".", "."]}, {"ovNo": 7, "ovBalls": ["2", ".", ".", "W", ".", "."]}, {"ovNo": 8, "ovBalls": [".", ".", "1", "1", ".", "."]}, {"ovNo": 9, "ovBalls": [".", "1Wd", ".", ".", ".", ".", "1Wd", "."]}, {"ovNo": 10, "ovBalls": [".", ".", "1", ".", "1", "."]}, {"ovNo": 11, "ovBalls": [".", "2", ".", "1", ".", "4"]}, {"ovNo": 12, "ovBalls": ["1", "4", "1", "1", "4", "1"]}, {"ovNo": 13, "ovBalls": ["4", "4", "1", ".", ".", "."]}, {"ovNo": 14, "ovBalls": [".", "1", "4", "1", ".", "."]}, {"ovNo": 15, "ovBalls": [".", "1", ".", "4", "1", "."]}, {"ovNo": 16, "ovBalls": ["2", ".", ".", "1", "4", "1"]}, {"ovNo": 17, "ovBalls": ["1", ".", "W", "1", "4", "1"]}, {"ovNo": 18, "ovBalls": ["1", "1", "1", "4", ".", "W"]}, {"ovNo": 19, "ovBalls": [".", ".", "4", "1", "1", "1"]}, {"ovNo": 20, "ovBalls": [".", "1", "1", "4"]}]}]}