{"matchInfo": {"additionalInfo": {"sixes.video.thumb": "http://brightcove.vo.llnwd.net/v1/unsecured/media/3588749423001/201604/1339/3588749423001_4872260842001_4872122189001-vs.jpg?pubId=3588749423001", "sixes.video.id": "4872122189001", "match.video.thumb": "http://brightcove.vo.llnwd.net/v1/unsecured/media/3588749423001/201604/2861/3588749423001_4872290200001_highsrhrcb.jpg?pubId=3588749423001", "mom.video.thumb": "http://brightcove.vo.llnwd.net/v1/unsecured/media/3588749423001/201604/547/3588749423001_4872251430001_video-still-for-video-4872122197001.jpg?pubId=3588749423001", "mom.video.id": "4872122197001", "referee.name": "Roshan Mahanama", "report.thumb": "http://static2.iplt20.com/cms/media/images/320x213/49206.jpg", "match.summary": "", "umpire.name.1": "Anil Chaudhary", "umpire.name.2": "Kumar Dharmasena", "umpire.name.3": "CK Nandan", "interview.thumb": "http://static2.iplt20.com/cms/media/images/630x420/49205.jpg", "umpire.name.4": "Rohan Pandit", "away.team.fan.total": "4071", "result.playerofthematch": "David Warner", "toss.elected": "Royal Challengers Bangalore, who chose to field", "notes.1.1": "Powerplay - 49 runs, 1 wicket", "notes.1.2": "SRH: 50 runs in 6.1 overs", "notes.2.1": "Powerplay - 45 runs, 1 wicket", "notes.1.3": "David Warner: 50 off 32 balls (7 x fours, 1 x six)", "notes.2.2": "RCB: 50 runs in 6.4 overs", "notes.1.4": "2nd Wicket: 50 runs in 34 balls (David Warner 36, Kane Williamson 11)", "notes.2.3": "Lokesh Rahul: 50 off 26 balls (6 x fours, 1 x six)", "notes.1.5": "SRH: 100 runs in 12.1 overs", "notes.2.4": "RCB: 100 runs in 12.4 overs", "notes.1.6": "2nd Wicket: 100 runs in 65 balls (David Warner 59, Kane Williamson 39)", "notes.2.5": "RCB: 150 runs in 16.5 overs", "notes.1.7": "SRH: 150 runs in 15.4 overs", "notes.1.8": "Kane Williamson: 50 off 37 balls (7 x fours)", "highlights.link": "http://www.iplt20.com/videos/media/id/4872122187001/m27-srh-vs-rcb-match-highlights", "notes.1.9": "Innings Break: SRH - 194/5 in 20 overs", "match.video.id": "4872122187001", "stats.link": "http://www.iplt20.com/news/2016/more-news/7537/quick-stats-m27-srh-vs-rcb", "home.team.fan.total": "5515", "photostream.link": "http://www.iplt20.com/photos/338/match-27-srh-v-rcb", "toss.winner": "Royal Challlengers Bangalore", "interview.link": "http://www.iplt20.com/news/2016/features/7530/decoding-the-warner-williamson-show", "stats.thumb": "http://static2.iplt20.com/cms/media/images/320x213/49208.jpg"}, "teams": [{"id": 4777, "team": {"id": 62, "fullName": "Sunrisers Hyderabad", "shortName": "Sunrisers", "abbreviation": "SRH", "type": "m", "primaryColor": "FF9C00", "secondaryColor": "FFFFFF"}, "players": [{"id": 170, "fullName": "David Warner", "shortName": "D Warner", "nationality": "Australian", "dateOfBirth": "1986-10-27", "rightArmedBowl": true, "rightHandedBat": false, "bowlingStyle": "LEG_SPIN"}, {"id": 41, "fullName": "Shikhar Dhawan", "shortName": "S Dhawan", "nationality": "Indian", "dateOfBirth": "1985-12-05", "rightArmedBowl": true, "rightHandedBat": false, "bowlingStyle": "OFF_SPIN"}, {"id": 388, "fullName": "Moises Henriques", "shortName": "M Henriques", "nationality": "Australian", "dateOfBirth": "1987-02-01", "rightArmedBowl": true, "rightHandedBat": true, "bowlingStyle": "MEDIUM_SEAM"}, {"id": 440, "fullName": "Kane Williamson", "shortName": "K Williamson", "nationality": "New Zealander", "dateOfBirth": "1990-08-08", "rightArmedBowl": true, "rightHandedBat": true, "bowlingStyle": "OFF_SPIN"}, {"id": 52, "fullName": "Naman Ojha", "shortName": "N Ojha", "nationality": "Indian", "dateOfBirth": "1983-07-20", "rightArmedBowl": true, "rightHandedBat": true}, {"id": 1556, "fullName": "Deepak Hooda", "shortName": "D Hooda", "nationality": "Indian", "dateOfBirth": "1995-04-19", "rightArmedBowl": true, "rightHandedBat": true, "bowlingStyle": "OFF_SPIN"}, {"id": 34, "fullName": "Ashish Reddy", "shortName": "AA Reddy", "nationality": "Indian", "dateOfBirth": "1981-02-24", "rightArmedBowl": false, "rightHandedBat": false}, {"id": 116, "fullName": "Bhuvneshwar Kumar", "shortName": "B Kumar", "nationality": "Indian", "dateOfBirth": "1990-02-05", "rightArmedBowl": true, "rightHandedBat": true, "bowlingStyle": "MEDIUM_SEAM"}, {"id": 2746, "fullName": "Barinder Sran", "shortName": "B Sran", "nationality": "Indian", "dateOfBirth": "1992-12-10", "rightArmedBowl": false, "rightHandedBat": false}, {"id": 115, "fullName": "Ashish Nehra", "shortName": "A Nehra", "nationality": "Indian", "dateOfBirth": "1979-04-29", "rightArmedBowl": false, "rightHandedBat": true, "bowlingStyle": "MEDIUM_SEAM"}, {"id": 1594, "fullName": "Mustafizur Rahman", "shortName": "M Rahman", "nationality": "Bangladeshi", "dateOfBirth": "1995-09-06", "rightArmedBowl": false, "rightHandedBat": false, "bowlingStyle": "FAST_SEAM"}], "wicketKeeper": {"id": 52, "fullName": "Naman Ojha", "shortName": "N Ojha", "nationality": "Indian", "dateOfBirth": "1983-07-20", "rightArmedBowl": true, "rightHandedBat": true}, "captain": {"id": 170, "fullName": "David Warner", "shortName": "D Warner", "nationality": "Australian", "dateOfBirth": "1986-10-27", "rightArmedBowl": true, "rightHandedBat": false, "bowlingStyle": "LEG_SPIN"}}, {"id": 4776, "team": {"id": 9, "fullName": "Royal Challengers Bangalore", "shortName": "Challengers", "abbreviation": "RCB", "type": "m", "primaryColor": "000000", "secondaryColor": "FF3245"}, "players": [{"id": 164, "fullName": "Virat Kohli", "shortName": "V Kohli", "nationality": "Indian", "dateOfBirth": "1988-11-05", "rightArmedBowl": true, "rightHandedBat": true, "bowlingStyle": "MEDIUM_SEAM"}, {"id": 227, "fullName": "Shane Watson", "shortName": "S Watson", "nationality": "Australian", "dateOfBirth": "1981-06-17", "rightArmedBowl": true, "rightHandedBat": true, "bowlingStyle": "MEDIUM_SEAM"}, {"id": 233, "fullName": "AB de Villiers", "shortName": "AB de Villiers", "nationality": "South African", "dateOfBirth": "1984-02-17", "rightArmedBowl": true, "rightHandedBat": true, "bowlingStyle": "MEDIUM_SEAM"}, {"id": 1115, "fullName": "Sachin Baby", "shortName": "S Baby", "nationality": "Indian", "dateOfBirth": "1988-12-18", "rightArmedBowl": true, "rightHandedBat": false}, {"id": 1125, "fullName": "KL Rahul", "shortName": "KL Rahul", "nationality": "Indian", "dateOfBirth": "1992-04-18", "rightArmedBowl": true, "rightHandedBat": true}, {"id": 297, "fullName": "Kedar Jadhav", "shortName": "K Jadhav", "nationality": "Indian", "dateOfBirth": "1985-03-26", "rightArmedBowl": true, "rightHandedBat": true, "bowlingStyle": "OFF_SPIN"}, {"id": 1093, "fullName": "Parveez Rasool", "shortName": "P Rasool", "nationality": "Indian", "dateOfBirth": "1989-02-13", "rightArmedBowl": false, "rightHandedBat": true}, {"id": 157, "fullName": "Harshal Patel", "shortName": "H Patel", "nationality": "Indian", "dateOfBirth": "1990-11-23", "rightArmedBowl": true, "rightHandedBat": true, "bowlingStyle": "MEDIUM_SEAM"}, {"id": 798, "fullName": "Kane Richardson", "shortName": "K Richardson", "nationality": "Australian", "dateOfBirth": "1991-02-12", "rightArmedBowl": true, "rightHandedBat": true, "bowlingStyle": "FAST_SEAM"}, {"id": 61, "fullName": "Varun Aaron", "shortName": "V Aaron", "nationality": "Indian", "dateOfBirth": "1989-10-29", "rightArmedBowl": true, "rightHandedBat": true}, {"id": 3309, "fullName": "Tabraiz Shamsi", "shortName": "T Shamsi", "nationality": "South African", "dateOfBirth": "1990-02-18", "rightArmedBowl": false, "rightHandedBat": true, "bowlingStyle": "UNORTHODOX"}], "wicketKeeper": {"id": 1125, "fullName": "KL Rahul", "shortName": "KL Rahul", "nationality": "Indian", "dateOfBirth": "1992-04-18", "rightArmedBowl": true, "rightHandedBat": true}, "captain": {"id": 164, "fullName": "Virat Kohli", "shortName": "V Kohli", "nationality": "Indian", "dateOfBirth": "1988-11-05", "rightArmedBowl": true, "rightHandedBat": true, "bowlingStyle": "MEDIUM_SEAM"}}], "venue": {"id": 10, "fullName": "Rajiv Gandhi Intl. Cricket Stadium", "shortName": "Rajiv Gandhi Intl. Cricket Stadium", "city": "Hyderabad", "country": "India"}, "matchDate": "2016-04-30T20:00:00+0530", "matchEndDate": "2016-04-30T23:00:00+0530", "matchDateMs": 1462026600000, "matchEndDateMs": 1462037400000, "isLimitedOvers": true, "battingOrder": [0, 1], "matchBroadcast": false, "matchState": "C", "matchStatus": {"outcome": "A", "text": "Sunrisers Hyderabad won by 15 runs"}, "description": "Match 27", "matchSummary": "", "matchType": "IPLT20", "tournamentLabel": "IPL 2016", "oversLimit": 20, "groupName": ""}, "matchId": {"id": 4068, "name": "ipl2016-27", "tournamentId": {"id": 3957, "name": "ipl2016", "provisional": false}}, "currentState": {"inProgress": false, "phase": "C", "currentInningsIndex": 1, "currentBatsmen": [297, -1], "facingBatsman": 297, "nonFacingBatsman": -1, "currentBowler": -1, "previousBowler": 1594, "previousBowlerCurrentSpell": {"playerId": 1594, "ov": "2", "r": 20, "w": 0, "d": 3, "maid": 0, "e": "10.00", "wd": 0, "nb": 0}, "currentPartnership": 27, "partnership": {"runs": 27, "balls": 17, "runRate": "9.52"}, "recentOvers": [{"ovNo": 15, "ovBalls": ["4", "1", "1", "1Wd", "W", "1", "2"]}, {"ovNo": 16, "ovBalls": ["4", "1", "1", "1", "2", "1"]}, {"ovNo": 17, "ovBalls": [".", "1", "2", "4", "1", "2"]}, {"ovNo": 18, "ovBalls": ["W", "6", ".", "1", "2", "1"]}, {"ovNo": 19, "ovBalls": ["1", "2", "1B", "1", "6", "."]}, {"ovNo": 20, "ovBalls": [".", ".", "1", "1", "4", "W"]}]}, "innings": [{"inningsNumber": 1, "runRate": "9.70", "overProgress": "20", "declared": false, "scorecard": {"runs": 194, "wkts": 5, "allOut": false, "battingStats": [{"playerId": 170, "r": 92, "b": 50, "sr": "184.00", "4s": 9, "6s": 5, "mod": {"dismissedBp": {"innings": 1, "over": 16, "ball": 5}, "countingBp": {"innings": 1, "over": 16, "ball": 5}, "text": "c AB de Villiers b Tabraiz Shamsi", "bowlerId": 3309, "additionalPlayerIds": [233], "dismissedMethod": "ct", "isOut": true}}, {"playerId": 41, "r": 11, "b": 11, "sr": "100.00", "4s": 2, "6s": 0, "mod": {"dismissedBp": {"innings": 1, "over": 4, "ball": 4}, "countingBp": {"innings": 1, "over": 4, "ball": 4}, "text": "c&b Kane Richardson", "bowlerId": 798, "additionalPlayerIds": [798], "dismissedMethod": "ct", "isOut": true}}, {"playerId": 440, "r": 50, "b": 38, "sr": "131.57", "4s": 7, "6s": 0, "mod": {"dismissedBp": {"innings": 1, "over": 17, "ball": 5}, "countingBp": {"innings": 1, "over": 17, "ball": 5}, "text": "c KL Rahul b Shane Watson", "bowlerId": 227, "additionalPlayerIds": [1125], "dismissedMethod": "ct", "isOut": true}}, {"playerId": 388, "r": 31, "b": 14, "sr": "221.42", "4s": 1, "6s": 3}, {"playerId": 52, "r": 1, "b": 3, "sr": "33.33", "4s": 0, "6s": 0, "mod": {"dismissedBp": {"innings": 1, "over": 18, "ball": 2}, "countingBp": {"innings": 1, "over": 18, "ball": 2}, "text": "c AB de Villiers b Kane Richardson", "bowlerId": 798, "additionalPlayerIds": [233], "dismissedMethod": "ct", "isOut": true}}, {"playerId": 1556, "r": 2, "b": 2, "sr": "100.00", "4s": 0, "6s": 0, "mod": {"dismissedBp": {"innings": 1, "over": 20, "ball": 2}, "countingBp": {"innings": 1, "over": 20, "ball": 1}, "text": "run out (KL Rahul)", "bowlerId": 227, "additionalPlayerIds": [1125], "dismissedMethod": "ro", "isOut": true}}, {"playerId": 34, "r": 2, "b": 3, "sr": "66.66", "4s": 0, "6s": 0}], "bowlingStats": [{"playerId": 798, "ov": "4", "r": 45, "w": 2, "d": 10, "maid": 0, "e": "11.25", "wd": 0, "nb": 0}, {"playerId": 227, "ov": "4", "r": 33, "w": 1, "d": 5, "maid": 0, "e": "8.25", "wd": 1, "nb": 0}, {"playerId": 1093, "ov": "4", "r": 33, "w": 0, "d": 6, "maid": 0, "e": "8.25", "wd": 0, "nb": 0}, {"playerId": 61, "ov": "3", "r": 27, "w": 0, "d": 6, "maid": 0, "e": "9.00", "wd": 1, "nb": 0}, {"playerId": 157, "ov": "1", "r": 16, "w": 0, "d": 4, "maid": 0, "e": "16.00", "wd": 1, "nb": 1}, {"playerId": 3309, "ov": "4", "r": 39, "w": 1, "d": 6, "maid": 0, "e": "9.75", "wd": 0, "nb": 0}], "fow": [{"bp": {"innings": 1, "over": 4, "ball": 4}, "playerId": 41, "ret": false, "w": 1, "r": 28}, {"bp": {"innings": 1, "over": 16, "ball": 5}, "playerId": 170, "ret": false, "w": 2, "r": 152}, {"bp": {"innings": 1, "over": 17, "ball": 5}, "playerId": 440, "ret": false, "w": 3, "r": 160}, {"bp": {"innings": 1, "over": 18, "ball": 2}, "playerId": 52, "ret": false, "w": 4, "r": 161}, {"bp": {"innings": 1, "over": 20, "ball": 1}, "playerId": 1556, "ret": false, "w": 5, "r": 190}], "extras": {"noBallRuns": 1, "wideRuns": 3, "byeRuns": 0, "legByeRuns": 1, "penaltyRuns": 0}, "declared": false}, "overHistory": [{"ovNo": 1, "ovBalls": [".", "4", "1", ".", ".", "1"]}, {"ovNo": 2, "ovBalls": ["1", ".", "2", "1", "4", "."]}, {"ovNo": 3, "ovBalls": [".", "1Lb", ".", "4", "1", "1"]}, {"ovNo": 4, "ovBalls": ["4", "3", ".", "W", ".", "."]}, {"ovNo": 5, "ovBalls": ["1", "3", "1", ".", ".", "."]}, {"ovNo": 6, "ovBalls": ["5Nb", "6", ".", "4", ".", "1Wd", ".", "."]}, {"ovNo": 7, "ovBalls": ["1", ".", "2", "4", ".", "1"]}, {"ovNo": 8, "ovBalls": ["2", "1", "1", "1", ".", "1"]}, {"ovNo": 9, "ovBalls": ["4", "1", "4", ".", "1Wd", "1", "."]}, {"ovNo": 10, "ovBalls": ["4", ".", "1", "1", "1", "1"]}, {"ovNo": 11, "ovBalls": ["1", "1", "1", ".", "1", "1"]}, {"ovNo": 12, "ovBalls": ["1", "4", "1", "4", ".", "1"]}, {"ovNo": 13, "ovBalls": ["4", "1", "1", ".", "4", "1"]}, {"ovNo": 14, "ovBalls": ["4", "1", "1", ".", "1", "6"]}, {"ovNo": 15, "ovBalls": ["1", "6", "4", "6", "1", "1"]}, {"ovNo": 16, "ovBalls": ["4", "1", ".", "6", "W", "1"]}, {"ovNo": 17, "ovBalls": ["1", "4", "1", "1", "W", "1"]}, {"ovNo": 18, "ovBalls": [".", "W", "6", ".", "6", "1"]}, {"ovNo": 19, "ovBalls": [".", "2", "1", "1", "6", "4"]}, {"ovNo": 20, "ovBalls": ["1Wd", "1W", ".", "1", "1", "1", "1"]}]}, {"inningsNumber": 2, "runRate": "8.95", "overProgress": "20", "declared": false, "scorecard": {"runs": 179, "wkts": 6, "allOut": false, "battingStats": [{"playerId": 164, "r": 14, "b": 17, "sr": "82.35", "4s": 1, "6s": 0, "mod": {"dismissedBp": {"innings": 2, "over": 6, "ball": 2}, "countingBp": {"innings": 2, "over": 6, "ball": 2}, "text": "c Ashish Reddy b Mustafizur Rahman", "bowlerId": 1594, "additionalPlayerIds": [34], "dismissedMethod": "ct", "isOut": true}}, {"playerId": 1125, "r": 51, "b": 28, "sr": "182.14", "4s": 6, "6s": 1, "mod": {"dismissedBp": {"innings": 2, "over": 10, "ball": 6}, "countingBp": {"innings": 2, "over": 10, "ball": 6}, "text": "c Naman Ojha b Moises Henriques", "bowlerId": 388, "additionalPlayerIds": [52], "dismissedMethod": "ct", "isOut": true}}, {"playerId": 233, "r": 47, "b": 32, "sr": "146.87", "4s": 3, "6s": 2, "mod": {"dismissedBp": {"innings": 2, "over": 15, "ball": 5}, "countingBp": {"innings": 2, "over": 15, "ball": 4}, "text": "c Kane Williamson b Barinder Sran", "bowlerId": 2746, "additionalPlayerIds": [440], "dismissedMethod": "ct", "isOut": true}}, {"playerId": 227, "r": 2, "b": 3, "sr": "66.66", "4s": 0, "6s": 0, "mod": {"dismissedBp": {"innings": 2, "over": 12, "ball": 2}, "countingBp": {"innings": 2, "over": 12, "ball": 2}, "text": "run out (Barinder Sran)", "bowlerId": 388, "additionalPlayerIds": [2746], "dismissedMethod": "ro", "isOut": true}}, {"playerId": 1115, "r": 27, "b": 16, "sr": "168.75", "4s": 3, "6s": 1, "mod": {"dismissedBp": {"innings": 2, "over": 18, "ball": 1}, "countingBp": {"innings": 2, "over": 18, "ball": 1}, "text": "c Shikhar Dhawan b Ashish Nehra", "bowlerId": 115, "additionalPlayerIds": [41], "dismissedMethod": "ct", "isOut": true}}, {"playerId": 297, "r": 25, "b": 15, "sr": "166.66", "4s": 0, "6s": 2}, {"playerId": 1093, "r": 10, "b": 9, "sr": "111.11", "4s": 1, "6s": 0, "mod": {"dismissedBp": {"innings": 2, "over": 20, "ball": 6}, "countingBp": {"innings": 2, "over": 20, "ball": 6}, "text": "c Moises Henriques b Bhuvneshwar Kumar", "bowlerId": 116, "additionalPlayerIds": [388], "dismissedMethod": "ct", "isOut": true}}], "bowlingStats": [{"playerId": 115, "ov": "4", "r": 32, "w": 1, "d": 5, "maid": 0, "e": "8.00", "wd": 0, "nb": 0}, {"playerId": 116, "ov": "4", "r": 36, "w": 1, "d": 6, "maid": 0, "e": "9.00", "wd": 1, "nb": 0}, {"playerId": 1594, "ov": "4", "r": 34, "w": 1, "d": 8, "maid": 0, "e": "8.50", "wd": 0, "nb": 0}, {"playerId": 2746, "ov": "4", "r": 36, "w": 1, "d": 7, "maid": 0, "e": "9.00", "wd": 1, "nb": 0}, {"playerId": 388, "ov": "4", "r": 40, "w": 1, "d": 5, "maid": 0, "e": "10.00", "wd": 0, "nb": 0}], "fow": [{"bp": {"innings": 2, "over": 6, "ball": 2}, "playerId": 164, "ret": false, "w": 1, "r": 42}, {"bp": {"innings": 2, "over": 10, "ball": 6}, "playerId": 1125, "ret": false, "w": 2, "r": 83}, {"bp": {"innings": 2, "over": 12, "ball": 2}, "playerId": 227, "ret": false, "w": 3, "r": 90}, {"bp": {"innings": 2, "over": 15, "ball": 4}, "playerId": 233, "ret": false, "w": 4, "r": 129}, {"bp": {"innings": 2, "over": 18, "ball": 1}, "playerId": 1115, "ret": false, "w": 5, "r": 152}, {"bp": {"innings": 2, "over": 20, "ball": 6}, "playerId": 1093, "ret": false, "w": 6, "r": 179}], "extras": {"noBallRuns": 0, "wideRuns": 2, "byeRuns": 1, "legByeRuns": 0, "penaltyRuns": 0}, "declared": false}, "overHistory": [{"ovNo": 1, "ovBalls": ["1", "2", "4", "1", "1", "1"]}, {"ovNo": 2, "ovBalls": ["2", "4", "1", ".", "1", "4"]}, {"ovNo": 3, "ovBalls": [".", "1", "1", "4", ".", "1"]}, {"ovNo": 4, "ovBalls": ["1", "1Wd", ".", "4", "1", ".", "1"]}, {"ovNo": 5, "ovBalls": ["1", "1", "1", "1", "1", "."]}, {"ovNo": 6, "ovBalls": [".", "W", ".", ".", "1", "2"]}, {"ovNo": 7, "ovBalls": ["2", "2", ".", "2", "1", "."]}, {"ovNo": 8, "ovBalls": ["1", "4", "1", "4", "1", "1"]}, {"ovNo": 9, "ovBalls": ["6", "1", "1", "4", "1", "."]}, {"ovNo": 10, "ovBalls": ["1", "1", "2", "1", "1", "W"]}, {"ovNo": 11, "ovBalls": [".", "4", ".", "1", "1", "."]}, {"ovNo": 12, "ovBalls": [".", "1W", "1", "1", ".", "."]}, {"ovNo": 13, "ovBalls": ["2", ".", "1", "6", "1", "1"]}, {"ovNo": 14, "ovBalls": ["6", "6", "2", "1", ".", "4"]}, {"ovNo": 15, "ovBalls": ["4", "1", "1", "1Wd", "W", "1", "2"]}, {"ovNo": 16, "ovBalls": ["4", "1", "1", "1", "2", "1"]}, {"ovNo": 17, "ovBalls": [".", "1", "2", "4", "1", "2"]}, {"ovNo": 18, "ovBalls": ["W", "6", ".", "1", "2", "1"]}, {"ovNo": 19, "ovBalls": ["1", "2", "1B", "1", "6", "."]}, {"ovNo": 20, "ovBalls": [".", ".", "1", "1", "4", "W"]}]}]}