{"matchInfo": {"additionalInfo": {"sixes.video.thumb": "http://images.lvp.llnw.net/bec92a81ddd44d1c80669f5061c90861/media/cf80d3b874af4ada87816a0423ce2bcd/_QO.540x304.jpeg", "sixes.video.id": "cf80d3b874af4ada87816a0423ce2bcd", "match.video.thumb": "http://img.delvenetworks.com/vskqgd3UTRwgGafUGHJCGE/ekrj2_qtTHouRJ5fLSesDU/8SK.540x302.jpeg", "mom.video.thumb": "http://images.lvp.llnw.net/bec92a81ddd44d1c80669f5061c90861/media/9d10823500f94d8b845c91582d18ce79/evp.540x304.jpeg", "mom.video.id": "9d10823500f94d8b845c91582d18ce79", "referee.name": "Ranjan Madugalle", "report.thumb": "http://static2.iplt20.com/cms/media/images/630x420/29076.jpg", "match.summary": "", "umpire.name.1": "Anil Chaudhary", "umpire.name.2": "Nigel Llong", "umpire.name.3": "CK Nandan", "interview.thumb": "http://static2.iplt20.com/cms/media/images/630x420/29102.jpg", "umpire.name.4": "Nitin Menon", "away.team.fan.total": "3592", "result.playerofthematch": "Bhuvneshwar Kumar", "toss.elected": "Rajasthan Royals, who chose to field", "notes.1.1": "Powerplay  - 50 runs, 1 wicket", "notes.1.2": "SRH: 50 runs in 5.6 overs", "notes.2.1": "Powerplay - 37 runs, 3 wickets", "notes.1.3": "SRH: 100 runs in 14.6 overs", "notes.2.2": "RR: 50 runs in 9.1 overs", "notes.1.4": "Innings Break: SRH - 134/9 in 20 overs", "notes.2.3": "RR: 100 runs in 18.6 overs", "highlights.link": "http://www.iplt20.com/videos/media/id/7a4ae3dbfaad4c7ab912797cb49eb035/m30-rr-vs-srh-match-highlights", "match.video.id": "7a4ae3dbfaad4c7ab912797cb49eb035", "stats.link": "http://www.iplt20.com/news/2014/more-news/5012/quick-stats-match-30-rr-v-srh", "home.team.fan.total": "7849", "photostream.link": "http://www.iplt20.com/photos/217/ipl-2014-match-30-rr-v-srh", "toss.winner": "Rajasthan Royals", "interview.link": "http://www.iplt20.com/news/2014/features/5014/swing-it-like-bhuvi", "stats.thumb": "http://static2.iplt20.com/cms/media/images/630x420/29101.jpg"}, "teams": [{"id": 2427, "team": {"id": 8, "fullName": "Rajasthan Royals", "shortName": "Royals", "abbreviation": "RR", "type": "m", "primaryColor": "004B8C", "secondaryColor": "FFFFFF"}, "players": [{"id": 135, "fullName": "Ajinkya Rahane", "shortName": "A Rahane", "nationality": "Indian", "dateOfBirth": "1988-06-06", "rightArmedBowl": true, "rightHandedBat": true, "bowlingStyle": "MEDIUM_SEAM"}, {"id": 276, "fullName": "Karun Nair", "shortName": "K Nair", "nationality": "Indian", "dateOfBirth": "1991-12-06", "rightArmedBowl": true, "rightHandedBat": true, "bowlingStyle": "OFF_SPIN"}, {"id": 258, "fullName": "Sanju Samson", "shortName": "S Samson", "nationality": "Indian", "dateOfBirth": "1994-11-11", "rightArmedBowl": true, "rightHandedBat": true}, {"id": 227, "fullName": "Shane Watson", "shortName": "S Watson", "nationality": "Australian", "dateOfBirth": "1981-06-17", "rightArmedBowl": true, "rightHandedBat": true, "bowlingStyle": "MEDIUM_SEAM"}, {"id": 148, "fullName": "Stuart Binny", "shortName": "S Binny", "nationality": "Indian", "dateOfBirth": "1984-06-03", "rightArmedBowl": true, "rightHandedBat": true}, {"id": 271, "fullName": "Steve Smith", "shortName": "S Smith", "nationality": "Australian", "dateOfBirth": "1989-06-02", "rightArmedBowl": true, "rightHandedBat": true, "bowlingStyle": "LEG_SPIN"}, {"id": 193, "fullName": "James Faulkner", "shortName": "J Faulkner", "nationality": "Australian", "dateOfBirth": "1990-04-29", "rightArmedBowl": false, "rightHandedBat": true}, {"id": 92, "fullName": "Rajat Bhatia", "shortName": "R Bhatia", "nationality": "Indian", "dateOfBirth": "1979-10-22", "rightArmedBowl": true, "rightHandedBat": true}, {"id": 798, "fullName": "Kane Richardson", "shortName": "K Richardson", "nationality": "Australian", "dateOfBirth": "1991-02-12", "rightArmedBowl": true, "rightHandedBat": true, "bowlingStyle": "FAST_SEAM"}, {"id": 101, "fullName": "Dhawal Kulkarni", "shortName": "D Kulkarni", "nationality": "Indian", "dateOfBirth": "1988-12-10", "rightArmedBowl": true, "rightHandedBat": true, "bowlingStyle": "MEDIUM_SEAM"}, {"id": 1114, "fullName": "Pravin Tambe", "shortName": "P Tambe", "nationality": "Indian", "dateOfBirth": "1971-10-08", "rightArmedBowl": true, "rightHandedBat": true, "bowlingStyle": "LEG_SPIN"}], "wicketKeeper": {"id": 258, "fullName": "Sanju Samson", "shortName": "S Samson", "nationality": "Indian", "dateOfBirth": "1994-11-11", "rightArmedBowl": true, "rightHandedBat": true}, "captain": {"id": 227, "fullName": "Shane Watson", "shortName": "S Watson", "nationality": "Australian", "dateOfBirth": "1981-06-17", "rightArmedBowl": true, "rightHandedBat": true, "bowlingStyle": "MEDIUM_SEAM"}}, {"id": 2426, "team": {"id": 62, "fullName": "Sunrisers Hyderabad", "shortName": "Sunrisers", "abbreviation": "SRH", "type": "m", "primaryColor": "FF9C00", "secondaryColor": "FFFFFF"}, "players": [{"id": 167, "fullName": "Aaron Finch", "shortName": "A Finch", "nationality": "Australian", "dateOfBirth": "1986-11-17", "rightArmedBowl": false, "rightHandedBat": true, "bowlingStyle": "ORTHODOX"}, {"id": 41, "fullName": "Shikhar Dhawan", "shortName": "S Dhawan", "nationality": "Indian", "dateOfBirth": "1985-12-05", "rightArmedBowl": true, "rightHandedBat": false, "bowlingStyle": "OFF_SPIN"}, {"id": 1125, "fullName": "KL Rahul", "shortName": "KL Rahul", "nationality": "Indian", "dateOfBirth": "1992-04-18", "rightArmedBowl": true, "rightHandedBat": true}, {"id": 170, "fullName": "David Warner", "shortName": "D Warner", "nationality": "Australian", "dateOfBirth": "1986-10-27", "rightArmedBowl": true, "rightHandedBat": false, "bowlingStyle": "LEG_SPIN"}, {"id": 52, "fullName": "Naman Ojha", "shortName": "N Ojha", "nationality": "Indian", "dateOfBirth": "1983-07-20", "rightArmedBowl": true, "rightHandedBat": true}, {"id": 388, "fullName": "Moises Henriques", "shortName": "M Henriques", "nationality": "Australian", "dateOfBirth": "1987-02-01", "rightArmedBowl": true, "rightHandedBat": true, "bowlingStyle": "MEDIUM_SEAM"}, {"id": 1118, "fullName": "Karn Sharma", "shortName": "K Sharma", "nationality": "Indian", "dateOfBirth": "1987-10-23", "rightArmedBowl": true, "rightHandedBat": false, "bowlingStyle": "LEG_SPIN"}, {"id": 49, "fullName": "Irfan Pathan", "shortName": "I Pathan", "nationality": "Indian", "dateOfBirth": "1984-10-27", "rightArmedBowl": false, "rightHandedBat": false, "bowlingStyle": "MEDIUM_SEAM"}, {"id": 180, "fullName": "Dale Steyn", "shortName": "D Steyn", "nationality": "South African", "dateOfBirth": "1983-06-27", "rightArmedBowl": true, "rightHandedBat": true, "bowlingStyle": "FAST_SEAM"}, {"id": 30, "fullName": "Amit Mishra", "shortName": "A Mishra", "nationality": "Indian", "dateOfBirth": "1982-11-24", "rightArmedBowl": true, "rightHandedBat": true, "bowlingStyle": "LEG_SPIN"}, {"id": 116, "fullName": "Bhuvneshwar Kumar", "shortName": "B Kumar", "nationality": "Indian", "dateOfBirth": "1990-02-05", "rightArmedBowl": true, "rightHandedBat": true, "bowlingStyle": "MEDIUM_SEAM"}], "wicketKeeper": {"id": 52, "fullName": "Naman Ojha", "shortName": "N Ojha", "nationality": "Indian", "dateOfBirth": "1983-07-20", "rightArmedBowl": true, "rightHandedBat": true}, "captain": {"id": 41, "fullName": "Shikhar Dhawan", "shortName": "S Dhawan", "nationality": "Indian", "dateOfBirth": "1985-12-05", "rightArmedBowl": true, "rightHandedBat": false, "bowlingStyle": "OFF_SPIN"}}], "venue": {"id": 19, "fullName": "Narendra Modi Stadium", "shortName": "Narendra Modi Stadium", "city": "Ahmedabad", "country": "India"}, "matchDate": "2014-05-08T20:00:00+0530", "matchEndDate": "2014-05-08T23:00:00+0530", "matchDateMs": 1399559400000, "matchEndDateMs": 1399570200000, "isLimitedOvers": true, "battingOrder": [1, 0], "matchBroadcast": false, "matchState": "C", "matchStatus": {"outcome": "B", "text": "Sunrisers Hyderabad won by 32 runs"}, "description": "Match 30", "matchSummary": "", "matchType": "IPLT20", "tournamentLabel": "IPL 2014", "oversLimit": 20, "groupName": ""}, "matchId": {"id": 2452, "name": "ipl2014-30", "tournamentId": {"id": 2374, "name": "ipl2014", "provisional": false}}, "currentState": {"inProgress": false, "phase": "C", "currentInningsIndex": 1, "currentBatsmen": [101, -1], "facingBatsman": -1, "nonFacingBatsman": 101, "currentBowler": 49, "currentBowlerCurrentSpell": {"playerId": 49, "ov": "0.5", "r": 2, "w": 1, "d": 3, "maid": 0, "e": "2.40", "wd": 0, "nb": 0}, "previousBowler": 180, "previousBowlerCurrentSpell": {"playerId": 180, "ov": "1", "r": 9, "w": 0, "d": 2, "maid": 0, "e": "9.00", "wd": 2, "nb": 0}, "currentPartnership": 11, "partnership": {"runs": 11, "balls": 11, "runRate": "6.00"}, "recentOvers": [{"ovNo": 15, "ovBalls": [".", ".", ".", "1", "1", "."]}, {"ovNo": 16, "ovBalls": [".", "1Lb", ".", "W", "1", "1"]}, {"ovNo": 17, "ovBalls": [".", "1", "1", "1", "1", "1"]}, {"ovNo": 18, "ovBalls": ["W", "W", "1", ".", "1", "W"]}, {"ovNo": 19, "ovBalls": [".", "1", ".", "4", "1Wd", "1Wd", "1", "1"]}, {"ovNo": 20, "ovBalls": ["1", "1", ".", ".", "W"]}]}, "innings": [{"inningsNumber": 1, "runRate": "6.70", "overProgress": "20", "declared": false, "scorecard": {"runs": 134, "wkts": 9, "allOut": false, "battingStats": [{"playerId": 41, "r": 33, "b": 20, "sr": "165.00", "4s": 7, "6s": 0, "mod": {"dismissedBp": {"innings": 1, "over": 4, "ball": 6}, "countingBp": {"innings": 1, "over": 4, "ball": 6}, "text": "b Shane Watson", "bowlerId": 227, "dismissedMethod": "b", "isOut": true}}, {"playerId": 167, "r": 9, "b": 10, "sr": "90.00", "4s": 1, "6s": 0, "mod": {"dismissedBp": {"innings": 1, "over": 7, "ball": 3}, "countingBp": {"innings": 1, "over": 7, "ball": 3}, "text": "c Ajinkya Rahane b Rajat Bhatia", "bowlerId": 92, "additionalPlayerIds": [135], "dismissedMethod": "ct", "isOut": true}}, {"playerId": 1125, "r": 18, "b": 18, "sr": "100.00", "4s": 2, "6s": 0, "mod": {"dismissedBp": {"innings": 1, "over": 9, "ball": 6}, "countingBp": {"innings": 1, "over": 9, "ball": 6}, "text": "b Rajat Bhatia", "bowlerId": 92, "dismissedMethod": "b", "isOut": true}}, {"playerId": 52, "r": 17, "b": 19, "sr": "89.47", "4s": 1, "6s": 0, "mod": {"dismissedBp": {"innings": 1, "over": 13, "ball": 5}, "countingBp": {"innings": 1, "over": 13, "ball": 5}, "text": "b Rajat Bhatia", "bowlerId": 92, "dismissedMethod": "b", "isOut": true}}, {"playerId": 170, "r": 6, "b": 7, "sr": "85.71", "4s": 0, "6s": 0, "mod": {"dismissedBp": {"innings": 1, "over": 12, "ball": 5}, "countingBp": {"innings": 1, "over": 12, "ball": 5}, "text": "st Sanju Samson b Pravin Tambe", "bowlerId": 1114, "additionalPlayerIds": [258], "dismissedMethod": "st", "isOut": true}}, {"playerId": 388, "r": 9, "b": 13, "sr": "69.23", "4s": 1, "6s": 0, "mod": {"dismissedBp": {"innings": 1, "over": 17, "ball": 1}, "countingBp": {"innings": 1, "over": 17, "ball": 1}, "text": "c Ajinkya Rahane b Shane Watson", "bowlerId": 227, "additionalPlayerIds": [135], "dismissedMethod": "ct", "isOut": true}}, {"playerId": 49, "r": 21, "b": 21, "sr": "100.00", "4s": 2, "6s": 0}, {"playerId": 1118, "r": 0, "b": 1, "sr": "0.00", "4s": 0, "6s": 0, "mod": {"dismissedBp": {"innings": 1, "over": 17, "ball": 2}, "countingBp": {"innings": 1, "over": 17, "ball": 2}, "text": "c Sanju Samson b Shane Watson", "bowlerId": 227, "additionalPlayerIds": [258], "dismissedMethod": "ct", "isOut": true}}, {"playerId": 180, "r": 9, "b": 8, "sr": "112.50", "4s": 1, "6s": 0, "mod": {"dismissedBp": {"innings": 1, "over": 20, "ball": 3}, "countingBp": {"innings": 1, "over": 20, "ball": 2}, "text": "run out (Sanju Samson)", "bowlerId": 193, "additionalPlayerIds": [258], "dismissedMethod": "ro", "isOut": true}}, {"playerId": 30, "r": 0, "b": 2, "sr": "0.00", "4s": 0, "6s": 0, "mod": {"dismissedBp": {"innings": 1, "over": 20, "ball": 5}, "countingBp": {"innings": 1, "over": 20, "ball": 4}, "text": "run out (Sanju Samson)", "bowlerId": 193, "additionalPlayerIds": [258], "dismissedMethod": "ro", "isOut": true}}, {"playerId": 116, "r": 0, "b": 1, "sr": "0.00", "4s": 0, "6s": 0}], "bowlingStats": [{"playerId": 798, "ov": "4", "r": 28, "w": 0, "d": 9, "maid": 0, "e": "7.00", "wd": 0, "nb": 0}, {"playerId": 101, "ov": "2", "r": 19, "w": 0, "d": 6, "maid": 0, "e": "9.50", "wd": 0, "nb": 0}, {"playerId": 227, "ov": "2", "r": 13, "w": 3, "d": 8, "maid": 0, "e": "6.50", "wd": 0, "nb": 0}, {"playerId": 193, "ov": "4", "r": 20, "w": 0, "d": 13, "maid": 0, "e": "5.00", "wd": 1, "nb": 0}, {"playerId": 92, "ov": "4", "r": 23, "w": 3, "d": 6, "maid": 0, "e": "5.75", "wd": 0, "nb": 0}, {"playerId": 1114, "ov": "4", "r": 21, "w": 1, "d": 8, "maid": 0, "e": "5.25", "wd": 1, "nb": 0}], "fow": [{"bp": {"innings": 1, "over": 4, "ball": 6}, "playerId": 41, "ret": false, "w": 1, "r": 37}, {"bp": {"innings": 1, "over": 7, "ball": 3}, "playerId": 167, "ret": false, "w": 2, "r": 55}, {"bp": {"innings": 1, "over": 9, "ball": 6}, "playerId": 1125, "ret": false, "w": 3, "r": 67}, {"bp": {"innings": 1, "over": 12, "ball": 5}, "playerId": 170, "ret": false, "w": 4, "r": 85}, {"bp": {"innings": 1, "over": 13, "ball": 5}, "playerId": 52, "ret": false, "w": 5, "r": 89}, {"bp": {"innings": 1, "over": 17, "ball": 1}, "playerId": 388, "ret": false, "w": 6, "r": 106}, {"bp": {"innings": 1, "over": 17, "ball": 2}, "playerId": 1118, "ret": false, "w": 7, "r": 106}, {"bp": {"innings": 1, "over": 20, "ball": 2}, "playerId": 180, "ret": false, "w": 8, "r": 125}, {"bp": {"innings": 1, "over": 20, "ball": 4}, "playerId": 30, "ret": false, "w": 9, "r": 129}], "extras": {"noBallRuns": 0, "wideRuns": 2, "byeRuns": 5, "legByeRuns": 5, "penaltyRuns": 0}, "declared": false}, "overHistory": [{"ovNo": 1, "ovBalls": ["4", ".", ".", "4", ".", "1"]}, {"ovNo": 2, "ovBalls": [".", "4", ".", "2", "4", "."]}, {"ovNo": 3, "ovBalls": ["1", "1", "1", "1", "1", "4"]}, {"ovNo": 4, "ovBalls": ["1Lb", "4", ".", "4", ".", "W"]}, {"ovNo": 5, "ovBalls": ["1", "4", ".", "4", ".", "."]}, {"ovNo": 6, "ovBalls": [".", "1Lb", ".", "1", "1", "1"]}, {"ovNo": 7, "ovBalls": ["1", "4", "W", "1", ".", "1"]}, {"ovNo": 8, "ovBalls": ["1", ".", "1", "1", ".", "1"]}, {"ovNo": 9, "ovBalls": ["1", "1", "1", "1", "2", "W"]}, {"ovNo": 10, "ovBalls": ["1Wd", "2", ".", "1", "1", "1", "1"]}, {"ovNo": 11, "ovBalls": ["1", "1", "1", "1", "1", "."]}, {"ovNo": 12, "ovBalls": ["1", "4", ".", "1", "W", "1"]}, {"ovNo": 13, "ovBalls": ["1", "1", "1", ".", "W", "2"]}, {"ovNo": 14, "ovBalls": ["1", "1", "1Lb", "1", ".", "."]}, {"ovNo": 15, "ovBalls": ["1Lb", ".", ".", "1", "1", "4"]}, {"ovNo": 16, "ovBalls": [".", "2", ".", "1", "1Lb", "."]}, {"ovNo": 17, "ovBalls": ["W", "W", ".", "1", ".", "4"]}, {"ovNo": 18, "ovBalls": ["1", ".", ".", "1", "2", "."]}, {"ovNo": 19, "ovBalls": ["1", "4", ".", "1", ".", "1"]}, {"ovNo": 20, "ovBalls": ["2", ".", "1WdW", "4B", "W", "1B", "4"]}]}, {"inningsNumber": 2, "runRate": "5.14", "overProgress": "19.5", "declared": false, "scorecard": {"runs": 102, "wkts": 10, "allOut": true, "battingStats": [{"playerId": 135, "r": 0, "b": 3, "sr": "0.00", "4s": 0, "6s": 0, "mod": {"dismissedBp": {"innings": 2, "over": 1, "ball": 3}, "countingBp": {"innings": 2, "over": 1, "ball": 3}, "text": "c David Warner b Bhuvneshwar Kumar", "bowlerId": 116, "additionalPlayerIds": [170], "dismissedMethod": "ct", "isOut": true}}, {"playerId": 276, "r": 12, "b": 9, "sr": "133.33", "4s": 3, "6s": 0, "mod": {"dismissedBp": {"innings": 2, "over": 4, "ball": 6}, "countingBp": {"innings": 2, "over": 4, "ball": 6}, "text": "c Naman Ojha b Dale Steyn", "bowlerId": 180, "additionalPlayerIds": [52], "dismissedMethod": "ct", "isOut": true}}, {"playerId": 258, "r": 16, "b": 16, "sr": "100.00", "4s": 1, "6s": 1, "mod": {"dismissedBp": {"innings": 2, "over": 6, "ball": 5}, "countingBp": {"innings": 2, "over": 6, "ball": 5}, "text": "b Karn Sharma", "bowlerId": 1118, "dismissedMethod": "b", "isOut": true}}, {"playerId": 227, "r": 11, "b": 10, "sr": "110.00", "4s": 1, "6s": 0, "mod": {"dismissedBp": {"innings": 2, "over": 7, "ball": 3}, "countingBp": {"innings": 2, "over": 7, "ball": 3}, "text": "c Naman Ojha b Moises Henriques", "bowlerId": 388, "additionalPlayerIds": [52], "dismissedMethod": "ct", "isOut": true}}, {"playerId": 148, "r": 12, "b": 19, "sr": "63.15", "4s": 0, "6s": 0, "mod": {"dismissedBp": {"innings": 2, "over": 14, "ball": 4}, "countingBp": {"innings": 2, "over": 14, "ball": 4}, "text": "run out (David Warner)", "bowlerId": 49, "additionalPlayerIds": [170], "dismissedMethod": "ro", "isOut": true}}, {"playerId": 271, "r": 22, "b": 33, "sr": "66.66", "4s": 0, "6s": 0, "mod": {"dismissedBp": {"innings": 2, "over": 16, "ball": 4}, "countingBp": {"innings": 2, "over": 16, "ball": 4}, "text": "c Irfan Pathan b Dale Steyn", "bowlerId": 180, "additionalPlayerIds": [49], "dismissedMethod": "ct", "isOut": true}}, {"playerId": 92, "r": 4, "b": 8, "sr": "50.00", "4s": 0, "6s": 0, "mod": {"dismissedBp": {"innings": 2, "over": 18, "ball": 2}, "countingBp": {"innings": 2, "over": 18, "ball": 2}, "text": "c David Warner b Bhuvneshwar Kumar", "bowlerId": 116, "additionalPlayerIds": [170], "dismissedMethod": "ct", "isOut": true}}, {"playerId": 193, "r": 4, "b": 6, "sr": "66.66", "4s": 0, "6s": 0, "mod": {"dismissedBp": {"innings": 2, "over": 18, "ball": 1}, "countingBp": {"innings": 2, "over": 18, "ball": 1}, "text": "c Aaron Finch b Bhuvneshwar Kumar", "bowlerId": 116, "additionalPlayerIds": [167], "dismissedMethod": "ct", "isOut": true}}, {"playerId": 798, "r": 1, "b": 2, "sr": "50.00", "4s": 0, "6s": 0, "mod": {"dismissedBp": {"innings": 2, "over": 18, "ball": 6}, "countingBp": {"innings": 2, "over": 18, "ball": 6}, "text": "c & b Bhuvneshwar Kumar", "bowlerId": 116, "additionalPlayerIds": [116], "dismissedMethod": "ct", "isOut": true}}, {"playerId": 101, "r": 7, "b": 6, "sr": "116.66", "4s": 1, "6s": 0}, {"playerId": 1114, "r": 3, "b": 7, "sr": "42.85", "4s": 0, "6s": 0, "mod": {"dismissedBp": {"innings": 2, "over": 20, "ball": 5}, "countingBp": {"innings": 2, "over": 20, "ball": 5}, "text": "c Dale Steyn b Irfan Pathan", "bowlerId": 49, "additionalPlayerIds": [180], "dismissedMethod": "ct", "isOut": true}}], "bowlingStats": [{"playerId": 116, "ov": "4", "r": 14, "w": 4, "d": 17, "maid": 0, "e": "3.50", "wd": 2, "nb": 0}, {"playerId": 180, "ov": "4", "r": 31, "w": 2, "d": 12, "maid": 0, "e": "7.75", "wd": 2, "nb": 0}, {"playerId": 1118, "ov": "4", "r": 20, "w": 1, "d": 7, "maid": 0, "e": "5.00", "wd": 0, "nb": 0}, {"playerId": 388, "ov": "2", "r": 11, "w": 1, "d": 5, "maid": 0, "e": "5.50", "wd": 0, "nb": 0}, {"playerId": 30, "ov": "4", "r": 13, "w": 0, "d": 13, "maid": 0, "e": "3.25", "wd": 1, "nb": 0}, {"playerId": 49, "ov": "1.5", "r": 8, "w": 1, "d": 4, "maid": 0, "e": "4.36", "wd": 0, "nb": 0}], "fow": [{"bp": {"innings": 2, "over": 1, "ball": 3}, "playerId": 135, "ret": false, "w": 1, "r": 0}, {"bp": {"innings": 2, "over": 4, "ball": 6}, "playerId": 276, "ret": false, "w": 2, "r": 27}, {"bp": {"innings": 2, "over": 6, "ball": 5}, "playerId": 258, "ret": false, "w": 3, "r": 37}, {"bp": {"innings": 2, "over": 7, "ball": 3}, "playerId": 227, "ret": false, "w": 4, "r": 41}, {"bp": {"innings": 2, "over": 14, "ball": 4}, "playerId": 148, "ret": false, "w": 5, "r": 78}, {"bp": {"innings": 2, "over": 16, "ball": 4}, "playerId": 271, "ret": false, "w": 6, "r": 82}, {"bp": {"innings": 2, "over": 18, "ball": 1}, "playerId": 193, "ret": false, "w": 7, "r": 89}, {"bp": {"innings": 2, "over": 18, "ball": 2}, "playerId": 92, "ret": false, "w": 8, "r": 89}, {"bp": {"innings": 2, "over": 18, "ball": 6}, "playerId": 798, "ret": false, "w": 9, "r": 91}, {"bp": {"innings": 2, "over": 20, "ball": 5}, "playerId": 1114, "ret": false, "w": 10, "r": 102}], "extras": {"noBallRuns": 0, "wideRuns": 5, "byeRuns": 4, "legByeRuns": 1, "penaltyRuns": 0}, "declared": false}, "overHistory": [{"ovNo": 1, "ovBalls": [".", ".", "W", "1Wd", ".", "1", "."]}, {"ovNo": 2, "ovBalls": [".", ".", ".", "4", "1", "4"]}, {"ovNo": 3, "ovBalls": [".", ".", "1", ".", ".", "4"]}, {"ovNo": 4, "ovBalls": ["6", "1", ".", ".", "4", "W"]}, {"ovNo": 5, "ovBalls": [".", "1", ".", "1Wd", ".", ".", "3"]}, {"ovNo": 6, "ovBalls": ["2", "1", "1", "1", "W", "."]}, {"ovNo": 7, "ovBalls": ["4", ".", "W", ".", "1", "."]}, {"ovNo": 8, "ovBalls": [".", "1", ".", ".", "1", "1"]}, {"ovNo": 9, "ovBalls": ["1", "1", ".", "1Wd", ".", ".", "1"]}, {"ovNo": 10, "ovBalls": ["2", "4B", "1", "1", "2", "1"]}, {"ovNo": 11, "ovBalls": [".", ".", "1", "1", "1", "1"]}, {"ovNo": 12, "ovBalls": [".", "2", "1", "1", "1", "1"]}, {"ovNo": 13, "ovBalls": ["1", ".", ".", "2", ".", "."]}, {"ovNo": 14, "ovBalls": ["2", "1", "1", "1W", "1", "."]}, {"ovNo": 15, "ovBalls": [".", ".", ".", "1", "1", "."]}, {"ovNo": 16, "ovBalls": [".", "1Lb", ".", "W", "1", "1"]}, {"ovNo": 17, "ovBalls": [".", "1", "1", "1", "1", "1"]}, {"ovNo": 18, "ovBalls": ["W", "W", "1", ".", "1", "W"]}, {"ovNo": 19, "ovBalls": [".", "1", ".", "4", "1Wd", "1Wd", "1", "1"]}, {"ovNo": 20, "ovBalls": ["1", "1", ".", ".", "W"]}]}]}