{"matchInfo": {"additionalInfo": {"sixes.video.thumb": "https://resources.platform.iplt20.com/photo-resources/2021/04/27/cb61aef5-9f41-41b6-969f-3bf535562bc6/e3SK6dxA.jpg?width=390&height=219", "sixes.video.id": "235654", "match.video.thumb": "https://resources.platform.iplt20.com/photo-resources/2021/04/27/22aa0b0c-6d2d-4f30-bd6e-f7930662b2cc/AYkI3Crz.jpg?width=780&height=439", "referee.name": "Manu Nayar", "report.thumb": "https://resources.platform.iplt20.com/photo-resources/2021/04/27/7dcc4686-e2e8-4bb1-ba8d-4bbc3796f25e/9S6A7671.JPG?width=780&height=439", "match.summary": "", "umpire.name.1": "Bruce Oxenford", "umpire.name.2": "Virender Sharma", "umpire.name.3": "Anil Chaudhary", "umpire.name.4": "JR Madangopal", "result.playerofthematch": "AB de Villiers", "toss.elected": "Delhi Capitals, who chose to field", "report.link": "https://www.iplt20.com/news/235714/vivo-ipl-2021-match-22-dc-vs-rcb-match-report", "notes.1.1": "Powerplay: 36 runs, 2 wickets", "notes.1.2": "RCB: 50 runs in 7.4 overs", "notes.2.1": "Powerplay: 43 runs, 2 wickets", "notes.1.3": "RCB: 100 runs in 13.5 overs", "notes.2.2": "DC: 50 runs in 7.5 overs", "notes.1.4": "4th Wicket: 50 runs in 36 balls (Rajat Patidar 26, AB de Villiers 27)", "notes.2.3": "DC: 100 runs in 14.2 overs", "notes.1.5": "AB de Villiers: 50 off 35 balls (3 x fours, 2 x sixes)", "notes.2.4": "5th Wicket: 50 runs in 32 balls (Rishabh Pant 8, Shimron Hetmyer 47)", "notes.1.6": "RCB: 150 runs in 19.1 overs", "notes.2.5": "DC: 150 runs in 18.2 overs", "notes.1.7": "Innings Break: RCB - 171/5 in 20 overs", "notes.2.6": "Shimron Hetmyer: 50 off 23 balls (2 x fours, 4 x sixes)", "notes.2.7": "Rishabh Pant: 50 off 46 balls (4 x fours)", "match.video.id": "235673", "toss.winner": "Delhi Capitals"}, "teams": [{"id": 31142, "team": {"id": 3, "fullName": "Delhi Capitals", "shortName": "Delhi", "abbreviation": "DC", "type": "m", "primaryColor": "004C93", "secondaryColor": "F83430"}, "players": [{"id": 3764, "fullName": "Prithvi Shaw", "shortName": "P Shaw", "nationality": "Indian", "dateOfBirth": "1999-11-09", "rightArmedBowl": true, "rightHandedBat": true, "bowlingStyle": "OFF_SPIN"}, {"id": 41, "fullName": "Shikhar Dhawan", "shortName": "S Dhawan", "nationality": "Indian", "dateOfBirth": "1985-12-05", "rightArmedBowl": true, "rightHandedBat": false, "bowlingStyle": "OFF_SPIN"}, {"id": 271, "fullName": "Steve Smith", "shortName": "S Smith", "nationality": "Australian", "dateOfBirth": "1989-06-02", "rightArmedBowl": true, "rightHandedBat": true, "bowlingStyle": "LEG_SPIN"}, {"id": 2972, "fullName": "Rishabh Pant", "shortName": "R Pant", "nationality": "Indian", "dateOfBirth": "1997-10-04", "rightArmedBowl": false, "rightHandedBat": false}, {"id": 964, "fullName": "Marcus Stoinis", "shortName": "M Stoinis", "nationality": "Australian", "dateOfBirth": "1989-08-16", "rightArmedBowl": true, "rightHandedBat": true, "bowlingStyle": "MEDIUM_SEAM"}, {"id": 1705, "fullName": "Shimron Hetmyer", "shortName": "S Hetmyer", "nationality": "West Indian", "dateOfBirth": "1996-12-26", "rightArmedBowl": false, "rightHandedBat": false}, {"id": 1113, "fullName": "Axar Patel", "shortName": "A Patel", "nationality": "Indian", "dateOfBirth": "1994-01-20", "rightArmedBowl": false, "rightHandedBat": false, "bowlingStyle": "ORTHODOX"}, {"id": 1664, "fullName": "Kagiso Rabada", "shortName": "K Rabada", "nationality": "South African", "dateOfBirth": "1995-05-25", "rightArmedBowl": true, "rightHandedBat": false, "bowlingStyle": "FAST_SEAM"}, {"id": 30, "fullName": "Amit Mishra", "shortName": "A Mishra", "nationality": "Indian", "dateOfBirth": "1982-11-24", "rightArmedBowl": true, "rightHandedBat": true, "bowlingStyle": "LEG_SPIN"}, {"id": 38, "fullName": "Ishant Sharma", "shortName": "I Sharma", "nationality": "Indian", "dateOfBirth": "1988-09-02", "rightArmedBowl": true, "rightHandedBat": true, "bowlingStyle": "FAST_SEAM"}, {"id": 1561, "fullName": "Avesh Khan", "shortName": "A Khan", "nationality": "Indian", "dateOfBirth": "1996-12-13", "rightArmedBowl": true, "rightHandedBat": true, "bowlingStyle": "FAST_SEAM"}], "wicketKeeper": {"id": 2972, "fullName": "Rishabh Pant", "shortName": "R Pant", "nationality": "Indian", "dateOfBirth": "1997-10-04", "rightArmedBowl": false, "rightHandedBat": false}, "captain": {"id": 2972, "fullName": "Rishabh Pant", "shortName": "R Pant", "nationality": "Indian", "dateOfBirth": "1997-10-04", "rightArmedBowl": false, "rightHandedBat": false}}, {"id": 31143, "team": {"id": 9, "fullName": "Royal Challengers Bangalore", "shortName": "Challengers", "abbreviation": "RCB", "type": "m", "primaryColor": "000000", "secondaryColor": "FF3245"}, "players": [{"id": 164, "fullName": "Virat Kohli", "shortName": "V Kohli", "nationality": "Indian", "dateOfBirth": "1988-11-05", "rightArmedBowl": true, "rightHandedBat": true, "bowlingStyle": "MEDIUM_SEAM"}, {"id": 5430, "fullName": "Devdutt Padikkal", "shortName": "D Padikkal", "nationality": "Indian", "dateOfBirth": "2000-07-07", "rightArmedBowl": true, "rightHandedBat": false, "bowlingStyle": "OFF_SPIN"}, {"id": 282, "fullName": "Glenn Maxwell", "shortName": "G Maxwell", "nationality": "Australian", "dateOfBirth": "1988-10-14", "rightArmedBowl": true, "rightHandedBat": true, "bowlingStyle": "OFF_SPIN"}, {"id": 233, "fullName": "AB de Villiers", "shortName": "AB de Villiers", "nationality": "South African", "dateOfBirth": "1984-02-17", "rightArmedBowl": true, "rightHandedBat": true, "bowlingStyle": "MEDIUM_SEAM"}, {"id": 2973, "fullName": "Washington Sundar", "shortName": "W Sundar", "nationality": "Indian", "dateOfBirth": "1999-10-05", "rightArmedBowl": true, "rightHandedBat": false, "bowlingStyle": "OFF_SPIN"}, {"id": 5471, "fullName": "Rajat Patidar", "shortName": "R Patidar", "nationality": "Indian", "dateOfBirth": "1993-06-01", "rightArmedBowl": true, "rightHandedBat": true, "bowlingStyle": "OFF_SPIN"}, {"id": 4649, "fullName": "Daniel Sams", "shortName": "D Sams", "nationality": "Australian", "dateOfBirth": "1992-10-27", "rightArmedBowl": false, "rightHandedBat": true, "bowlingStyle": "FAST_SEAM"}, {"id": 1616, "fullName": "Kyle Jamieson", "shortName": "K Jamieson", "nationality": "New Zealander", "dateOfBirth": "1994-12-30", "rightArmedBowl": true, "rightHandedBat": true, "bowlingStyle": "MEDIUM_SEAM"}, {"id": 157, "fullName": "Harshal Patel", "shortName": "H Patel", "nationality": "Indian", "dateOfBirth": "1990-11-23", "rightArmedBowl": true, "rightHandedBat": true, "bowlingStyle": "MEDIUM_SEAM"}, {"id": 3840, "fullName": "Mohammed Siraj", "shortName": "M Siraj", "nationality": "Indian", "dateOfBirth": "1994-03-13", "rightArmedBowl": true, "rightHandedBat": true, "bowlingStyle": "MEDIUM_SEAM"}, {"id": 111, "fullName": "Yuzvendra Chahal", "shortName": "Y Chahal", "nationality": "Indian", "dateOfBirth": "1990-07-23", "rightArmedBowl": true, "rightHandedBat": true, "bowlingStyle": "LEG_SPIN"}], "wicketKeeper": {"id": 233, "fullName": "AB de Villiers", "shortName": "AB de Villiers", "nationality": "South African", "dateOfBirth": "1984-02-17", "rightArmedBowl": true, "rightHandedBat": true, "bowlingStyle": "MEDIUM_SEAM"}, "captain": {"id": 164, "fullName": "Virat Kohli", "shortName": "V Kohli", "nationality": "Indian", "dateOfBirth": "1988-11-05", "rightArmedBowl": true, "rightHandedBat": true, "bowlingStyle": "MEDIUM_SEAM"}}], "venue": {"id": 19, "fullName": "Narendra Modi Stadium", "shortName": "Narendra Modi Stadium", "city": "Ahmedabad", "country": "India"}, "matchDate": "2021-04-27T19:30:00+0530", "matchEndDate": "2021-04-27T23:00:00+0530", "matchDateMs": 1619532000000, "matchEndDateMs": 1619544600000, "isLimitedOvers": true, "battingOrder": [1, 0], "matchBroadcast": false, "matchState": "C", "matchStatus": {"outcome": "B", "text": "Royal Challengers Bangalore won by 1 run"}, "description": "Match 22", "matchSummary": "", "matchType": "IPLT20", "tournamentLabel": "IPL 2021", "oversLimit": 20, "groupName": ""}, "matchId": {"id": 23490, "name": "ipl2021-22", "tournamentId": {"id": 22399, "name": "ipl2021", "provisional": false}}, "currentState": {"inProgress": false, "phase": "C", "currentInningsIndex": 1, "currentBatsmen": [2972, 1705], "facingBatsman": 1705, "nonFacingBatsman": 2972, "currentBowler": -1, "previousBowler": 157, "previousBowlerCurrentSpell": {"playerId": 157, "ov": "2", "r": 21, "w": 0, "d": 1, "maid": 0, "e": "10.50", "wd": 0, "nb": 0}, "currentPartnership": 78, "partnership": {"runs": 78, "balls": 44, "runRate": "10.63"}, "recentOvers": [{"ovNo": 15, "ovBalls": ["1", "6", "4", "1", "1", "1"]}, {"ovNo": 16, "ovBalls": ["1", ".", "1", "1", "1", "1"]}, {"ovNo": 17, "ovBalls": ["1", ".", "1", "2", "4", "2"]}, {"ovNo": 18, "ovBalls": ["1", "6", ".", "6", "2", "6"]}, {"ovNo": 19, "ovBalls": ["1", "2", "1", "4", "1", "2"]}, {"ovNo": 20, "ovBalls": ["1", "1", ".", "2", "4", "4"]}]}, "innings": [{"inningsNumber": 1, "runRate": "8.55", "overProgress": "20", "declared": false, "scorecard": {"runs": 171, "wkts": 5, "allOut": false, "battingStats": [{"playerId": 164, "r": 12, "b": 11, "sr": "109.09", "4s": 2, "6s": 0, "mod": {"dismissedBp": {"innings": 1, "over": 4, "ball": 7}, "countingBp": {"innings": 1, "over": 4, "ball": 6}, "text": "b Avesh Khan", "bowlerId": 1561, "dismissedMethod": "b", "isOut": true}}, {"playerId": 5430, "r": 17, "b": 14, "sr": "121.42", "4s": 3, "6s": 0, "mod": {"dismissedBp": {"innings": 1, "over": 5, "ball": 1}, "countingBp": {"innings": 1, "over": 5, "ball": 1}, "text": "b Ishant Sharma", "bowlerId": 38, "dismissedMethod": "b", "isOut": true}}, {"playerId": 5471, "r": 31, "b": 22, "sr": "140.90", "4s": 0, "6s": 2, "mod": {"dismissedBp": {"innings": 1, "over": 15, "ball": 5}, "countingBp": {"innings": 1, "over": 15, "ball": 5}, "text": "c Steve Smith b Axar Patel", "bowlerId": 1113, "additionalPlayerIds": [271], "dismissedMethod": "ct", "isOut": true}}, {"playerId": 282, "r": 25, "b": 20, "sr": "125.00", "4s": 1, "6s": 2, "mod": {"dismissedBp": {"innings": 1, "over": 9, "ball": 3}, "countingBp": {"innings": 1, "over": 9, "ball": 3}, "text": "c Steve Smith b Amit Mishra", "bowlerId": 30, "additionalPlayerIds": [271], "dismissedMethod": "ct", "isOut": true}}, {"playerId": 233, "r": 75, "b": 42, "sr": "178.57", "4s": 3, "6s": 5}, {"playerId": 2973, "r": 6, "b": 9, "sr": "66.66", "4s": 0, "6s": 0, "mod": {"dismissedBp": {"innings": 1, "over": 18, "ball": 6}, "countingBp": {"innings": 1, "over": 18, "ball": 6}, "text": "c & b Kagiso Rabada", "bowlerId": 1664, "additionalPlayerIds": [1664], "dismissedMethod": "ct", "isOut": true}}, {"playerId": 4649, "r": 3, "b": 2, "sr": "150.00", "4s": 0, "6s": 0}], "bowlingStats": [{"playerId": 38, "ov": "4", "r": 26, "w": 1, "d": 11, "maid": 1, "e": "6.50", "wd": 0, "nb": 0}, {"playerId": 1664, "ov": "4", "r": 38, "w": 1, "d": 6, "maid": 0, "e": "9.50", "wd": 0, "nb": 0}, {"playerId": 1561, "ov": "4", "r": 24, "w": 1, "d": 11, "maid": 0, "e": "6.00", "wd": 1, "nb": 0}, {"playerId": 30, "ov": "3", "r": 27, "w": 1, "d": 2, "maid": 0, "e": "9.00", "wd": 0, "nb": 0}, {"playerId": 1113, "ov": "4", "r": 33, "w": 1, "d": 5, "maid": 0, "e": "8.25", "wd": 0, "nb": 0}, {"playerId": 964, "ov": "1", "r": 23, "w": 0, "d": 1, "maid": 0, "e": "23.00", "wd": 1, "nb": 0}], "fow": [{"bp": {"innings": 1, "over": 4, "ball": 6}, "playerId": 164, "ret": false, "w": 1, "r": 30}, {"bp": {"innings": 1, "over": 5, "ball": 1}, "playerId": 5430, "ret": false, "w": 2, "r": 30}, {"bp": {"innings": 1, "over": 9, "ball": 3}, "playerId": 282, "ret": false, "w": 3, "r": 60}, {"bp": {"innings": 1, "over": 15, "ball": 5}, "playerId": 5471, "ret": false, "w": 4, "r": 114}, {"bp": {"innings": 1, "over": 18, "ball": 6}, "playerId": 2973, "ret": false, "w": 5, "r": 139}], "extras": {"noBallRuns": 0, "wideRuns": 2, "byeRuns": 0, "legByeRuns": 0, "penaltyRuns": 0}, "declared": false}, "overHistory": [{"ovNo": 1, "ovBalls": ["1", ".", ".", "4", ".", "1"]}, {"ovNo": 2, "ovBalls": [".", "4", ".", "1", "4", "1"]}, {"ovNo": 3, "ovBalls": ["1", ".", "2", "4", "1", "1"]}, {"ovNo": 4, "ovBalls": [".", "4", ".", ".", ".", "1Wd", "W"]}, {"ovNo": 5, "ovBalls": ["W", ".", ".", ".", ".", "."]}, {"ovNo": 6, "ovBalls": ["1", "4", ".", ".", "1", "."]}, {"ovNo": 7, "ovBalls": ["1", "1", "1", "1", "6", "1"]}, {"ovNo": 8, "ovBalls": [".", "2", ".", "6", "1", "1"]}, {"ovNo": 9, "ovBalls": ["1", "2", "W", "1", ".", "1"]}, {"ovNo": 10, "ovBalls": ["1", "1", ".", "1", "1", "2"]}, {"ovNo": 11, "ovBalls": ["1", "1", "6", "1", "1", "1"]}, {"ovNo": 12, "ovBalls": ["2", "1", ".", "4", "1", "."]}, {"ovNo": 13, "ovBalls": [".", "2", "1", "1", "2", "1"]}, {"ovNo": 14, "ovBalls": ["1", "1", ".", "1", "6", "2"]}, {"ovNo": 15, "ovBalls": ["1", "1", "6", "1", "W", "1"]}, {"ovNo": 16, "ovBalls": [".", "1", "4", "1", "1", "2"]}, {"ovNo": 17, "ovBalls": ["1", ".", "1", ".", "1", "1"]}, {"ovNo": 18, "ovBalls": ["2", "1", "1", "6", "1", "W"]}, {"ovNo": 19, "ovBalls": [".", "1", "2", "1", "4", "1"]}, {"ovNo": 20, "ovBalls": ["1Wd", "2", "6", ".", "6", "6", "2"]}]}, {"inningsNumber": 2, "runRate": "8.50", "overProgress": "20", "declared": false, "scorecard": {"runs": 170, "wkts": 4, "allOut": false, "battingStats": [{"playerId": 3764, "r": 21, "b": 18, "sr": "116.66", "4s": 3, "6s": 0, "mod": {"dismissedBp": {"innings": 2, "over": 8, "ball": 2}, "countingBp": {"innings": 2, "over": 8, "ball": 2}, "text": "c AB de Villiers b Harshal Patel", "bowlerId": 157, "additionalPlayerIds": [233], "dismissedMethod": "ct", "isOut": true}}, {"playerId": 41, "r": 6, "b": 7, "sr": "85.71", "4s": 1, "6s": 0, "mod": {"dismissedBp": {"innings": 2, "over": 3, "ball": 3}, "countingBp": {"innings": 2, "over": 3, "ball": 3}, "text": "c Yuzvendra Chahal b Kyle Jamieson", "bowlerId": 1616, "additionalPlayerIds": [111], "dismissedMethod": "ct", "isOut": true}}, {"playerId": 271, "r": 4, "b": 5, "sr": "80.00", "4s": 1, "6s": 0, "mod": {"dismissedBp": {"innings": 2, "over": 4, "ball": 3}, "countingBp": {"innings": 2, "over": 4, "ball": 3}, "text": "c AB de Villiers b Mohammed Siraj", "bowlerId": 3840, "additionalPlayerIds": [233], "dismissedMethod": "ct", "isOut": true}}, {"playerId": 2972, "r": 58, "b": 48, "sr": "120.83", "4s": 6, "6s": 0}, {"playerId": 964, "r": 22, "b": 17, "sr": "129.41", "4s": 3, "6s": 0, "mod": {"dismissedBp": {"innings": 2, "over": 13, "ball": 6}, "countingBp": {"innings": 2, "over": 13, "ball": 4}, "text": "c AB de Villiers b Harshal Patel", "bowlerId": 157, "additionalPlayerIds": [233], "dismissedMethod": "ct", "isOut": true}}, {"playerId": 1705, "r": 53, "b": 25, "sr": "212.00", "4s": 2, "6s": 4}], "bowlingStats": [{"playerId": 4649, "ov": "2", "r": 15, "w": 0, "d": 4, "maid": 0, "e": "7.50", "wd": 0, "nb": 0}, {"playerId": 3840, "ov": "4", "r": 44, "w": 1, "d": 5, "maid": 0, "e": "11.00", "wd": 0, "nb": 0}, {"playerId": 1616, "ov": "4", "r": 32, "w": 1, "d": 11, "maid": 0, "e": "8.00", "wd": 0, "nb": 0}, {"playerId": 2973, "ov": "4", "r": 28, "w": 0, "d": 5, "maid": 0, "e": "7.00", "wd": 0, "nb": 0}, {"playerId": 157, "ov": "4", "r": 37, "w": 2, "d": 5, "maid": 0, "e": "9.25", "wd": 2, "nb": 0}, {"playerId": 111, "ov": "2", "r": 10, "w": 0, "d": 5, "maid": 0, "e": "5.00", "wd": 0, "nb": 0}], "fow": [{"bp": {"innings": 2, "over": 3, "ball": 3}, "playerId": 41, "ret": false, "w": 1, "r": 23}, {"bp": {"innings": 2, "over": 4, "ball": 3}, "playerId": 271, "ret": false, "w": 2, "r": 28}, {"bp": {"innings": 2, "over": 8, "ball": 2}, "playerId": 3764, "ret": false, "w": 3, "r": 47}, {"bp": {"innings": 2, "over": 13, "ball": 4}, "playerId": 964, "ret": false, "w": 4, "r": 92}], "extras": {"noBallRuns": 0, "wideRuns": 2, "byeRuns": 0, "legByeRuns": 4, "penaltyRuns": 0}, "declared": false}, "overHistory": [{"ovNo": 1, "ovBalls": [".", "1", "1", "1", ".", "4"]}, {"ovNo": 2, "ovBalls": ["4", "1", "1", "4Lb", "4", "2"]}, {"ovNo": 3, "ovBalls": [".", ".", "W", ".", ".", "4"]}, {"ovNo": 4, "ovBalls": ["1", ".", "W", "1", ".", "4"]}, {"ovNo": 5, "ovBalls": [".", ".", ".", "1", ".", "1"]}, {"ovNo": 6, "ovBalls": ["1", ".", "4", ".", "2", "1"]}, {"ovNo": 7, "ovBalls": [".", "1", ".", ".", "1", "1"]}, {"ovNo": 8, "ovBalls": ["1", "W", "1", "1", "1", "."]}, {"ovNo": 9, "ovBalls": [".", "1", "1", ".", "1", "."]}, {"ovNo": 10, "ovBalls": ["1", "2", "2", "2", "1", "1"]}, {"ovNo": 11, "ovBalls": ["4", "1", ".", "1", ".", "1"]}, {"ovNo": 12, "ovBalls": ["1", "1", "4", "1", "1", "4"]}, {"ovNo": 13, "ovBalls": ["4", "4", "1Wd", "1Wd", "1", "W", ".", "1"]}, {"ovNo": 14, "ovBalls": [".", "1", "1", "1", ".", "1"]}, {"ovNo": 15, "ovBalls": ["1", "6", "4", "1", "1", "1"]}, {"ovNo": 16, "ovBalls": ["1", ".", "1", "1", "1", "1"]}, {"ovNo": 17, "ovBalls": ["1", ".", "1", "2", "4", "2"]}, {"ovNo": 18, "ovBalls": ["1", "6", ".", "6", "2", "6"]}, {"ovNo": 19, "ovBalls": ["1", "2", "1", "4", "1", "2"]}, {"ovNo": 20, "ovBalls": ["1", "1", ".", "2", "4", "4"]}]}]}