{"matchInfo": {"additionalInfo": {"sixes.video.thumb": "https://resources.platform.iplt20.com/photo-resources/2020/10/18/4b649341-adbb-413d-9cf4-9b07e1bed68b/DwGP76uj.jpg?width=390&height=219", "sixes.video.id": "219437", "match.video.thumb": "https://resources.platform.iplt20.com/photo-resources/2020/10/18/b03a8f6f-f48d-45db-9447-43961aa9fd09/_AI_2014.JPG?width=390&height=219", "referee.name": "Javagal Srinath", "report.thumb": "https://resources.platform.iplt20.com/photo-resources/2020/10/18/847b930b-8375-4a8d-8ab8-484608758a7e/SAM_4316.jpg?width=780&height=439", "match.summary": "Match tied (Kings XI Punjab won on second Super Over)", "umpire.name.1": "Paul Reiffel", "umpire.name.2": "Nitin Menon", "umpire.name.3": "Anil Chaudhary", "umpire.name.4": "Anil Dandekar", "result.playerofthematch": "KL Rahul", "toss.elected": "Mumbai Indians, who chose to bat", "report.link": "https://www.iplt20.com/news/219547/dream11-ipl-2020-match-36-mi-vs-kxip-match-report", "notes.1.1": "Powerplay: 43 runs, 3 wickets", "notes.1.2": "MI: 50 runs in 7.3 overs", "notes.2.1": "Powerplay: 51 runs, 1 wicket", "notes.1.3": "4th Wicket: 50 runs in 44 balls (Quinton de Kock 16, Krunal Pandya 33)", "notes.2.2": "KXIP: 50 runs in 5.5 overs", "notes.1.4": "MI: 100 runs in 13.6 overs", "notes.2.3": "KXIP: 100 runs in 10.6 overs", "notes.1.5": "Quinton de Kock: 50 off 39 balls (3 x fours, 3 x sixes)", "notes.2.4": "KL Rahul: 50 off 35 balls (4 x fours, 3 x sixes)", "notes.1.6": "MI: 150 runs in 18.4 overs", "notes.2.5": "KXIP: 150 runs in 16.6 overs", "notes.1.7": "7th Wicket: 50 runs in 20 balls (Kieron Pollard 29, Nathan Coulter-Nile 24)", "notes.1.8": "Innings Break: MI - 176/6 in 20 overs", "highlights.link": "https://www.iplt20.com/video/219556/m36-mi-vs-kxip-match-highlights", "match.video.id": "219556", "toss.winner": "Mumbai Indians"}, "teams": [{"id": 30114, "team": {"id": 6, "fullName": "Mumbai Indians", "shortName": "Mumbai", "abbreviation": "MI", "type": "m", "primaryColor": "00AEEF", "secondaryColor": "FFFFFF"}, "players": [{"id": 107, "fullName": "Rohit Sharma", "shortName": "R Sharma", "nationality": "Indian", "dateOfBirth": "1987-04-30", "rightArmedBowl": true, "rightHandedBat": true, "bowlingStyle": "OFF_SPIN"}, {"id": 834, "fullName": "Quinton de Kock", "shortName": "Q de Kock", "nationality": "South African", "dateOfBirth": "1992-12-17", "rightArmedBowl": false, "rightHandedBat": false}, {"id": 108, "fullName": "Suryakumar Yadav", "shortName": "S Yadav", "nationality": "Indian", "dateOfBirth": "1990-09-14", "rightArmedBowl": true, "rightHandedBat": true}, {"id": 2975, "fullName": "Ishan Kishan", "shortName": "I Kishan", "nationality": "Indian", "dateOfBirth": "1998-07-18", "rightArmedBowl": false, "rightHandedBat": false}, {"id": 2740, "fullName": "Hardik Pandya", "shortName": "H Pandya", "nationality": "Indian", "dateOfBirth": "1993-10-11", "rightArmedBowl": true, "rightHandedBat": true, "bowlingStyle": "MEDIUM_SEAM"}, {"id": 210, "fullName": "Kieron Pollard", "shortName": "K Pollard", "nationality": "West Indian", "dateOfBirth": "1987-05-12", "rightArmedBowl": true, "rightHandedBat": true, "bowlingStyle": "MEDIUM_SEAM"}, {"id": 3183, "fullName": "Krunal Pandya", "shortName": "K Pandya", "nationality": "Indian", "dateOfBirth": "1991-03-24", "rightArmedBowl": false, "rightHandedBat": false, "bowlingStyle": "ORTHODOX"}, {"id": 840, "fullName": "Nathan Coulter-Nile", "shortName": "N Coulter-Nile", "nationality": "Australian", "dateOfBirth": "1987-10-11", "rightArmedBowl": true, "rightHandedBat": true, "bowlingStyle": "FAST_SEAM"}, {"id": 3763, "fullName": "Rahul Chahar", "shortName": "R Chahar", "nationality": "Indian", "dateOfBirth": "1999-08-04", "rightArmedBowl": true, "rightHandedBat": true, "bowlingStyle": "LEG_SPIN"}, {"id": 969, "fullName": "Trent Boult", "shortName": "T Boult", "nationality": "New Zealander", "dateOfBirth": "1989-07-22", "rightArmedBowl": false, "rightHandedBat": true, "bowlingStyle": "FAST_SEAM"}, {"id": 1124, "fullName": "Jasprit Bumrah", "shortName": "J Bumrah", "nationality": "Indian", "dateOfBirth": "1993-12-06", "rightArmedBowl": true, "rightHandedBat": true, "bowlingStyle": "FAST_SEAM"}], "wicketKeeper": {"id": 834, "fullName": "Quinton de Kock", "shortName": "Q de Kock", "nationality": "South African", "dateOfBirth": "1992-12-17", "rightArmedBowl": false, "rightHandedBat": false}, "captain": {"id": 107, "fullName": "Rohit Sharma", "shortName": "R Sharma", "nationality": "Indian", "dateOfBirth": "1987-04-30", "rightArmedBowl": true, "rightHandedBat": true, "bowlingStyle": "OFF_SPIN"}}, {"id": 30115, "team": {"id": 4, "fullName": "Punjab Kings", "shortName": "Punjab Kings", "abbreviation": "PBKS", "type": "m", "primaryColor": "DA1F3D", "secondaryColor": "FFFFFF"}, "players": [{"id": 1125, "fullName": "KL Rahul", "shortName": "KL Rahul", "nationality": "Indian", "dateOfBirth": "1992-04-18", "rightArmedBowl": true, "rightHandedBat": true}, {"id": 158, "fullName": "Mayank Agarwal", "shortName": "M Agarwal", "nationality": "Indian", "dateOfBirth": "1991-02-18", "rightArmedBowl": true, "rightHandedBat": true}, {"id": 236, "fullName": "Chris Gayle", "shortName": "C Gayle", "nationality": "West Indian", "dateOfBirth": "1979-09-21", "rightArmedBowl": true, "rightHandedBat": false, "bowlingStyle": "OFF_SPIN"}, {"id": 1703, "fullName": "Nicholas Pooran", "shortName": "N Pooran", "nationality": "West Indian", "dateOfBirth": "1995-10-02", "rightArmedBowl": false, "rightHandedBat": false}, {"id": 282, "fullName": "Glenn Maxwell", "shortName": "G Maxwell", "nationality": "Australian", "dateOfBirth": "1988-10-14", "rightArmedBowl": true, "rightHandedBat": true, "bowlingStyle": "OFF_SPIN"}, {"id": 1556, "fullName": "Deepak Hooda", "shortName": "D Hooda", "nationality": "Indian", "dateOfBirth": "1995-04-19", "rightArmedBowl": true, "rightHandedBat": true, "bowlingStyle": "OFF_SPIN"}, {"id": 1299, "fullName": "Chris Jordan", "shortName": "C Jordan", "nationality": "English", "dateOfBirth": "1988-10-04", "rightArmedBowl": true, "rightHandedBat": true, "bowlingStyle": "FAST_SEAM"}, {"id": 3187, "fullName": "Murugan Ashwin", "shortName": "M Ashwin", "nationality": "Indian", "dateOfBirth": "1990-09-08", "rightArmedBowl": true, "rightHandedBat": true, "bowlingStyle": "LEG_SPIN"}, {"id": 19351, "fullName": "Ravi Bishnoi", "shortName": "R Bishnoi", "nationality": "Indian", "dateOfBirth": "2000-09-05", "rightArmedBowl": true, "rightHandedBat": true, "bowlingStyle": "LEG_SPIN"}, {"id": 94, "fullName": "Mohammad Shami", "shortName": "M Shami", "nationality": "Indian", "dateOfBirth": "1990-09-03", "rightArmedBowl": true, "rightHandedBat": true, "bowlingStyle": "FAST_SEAM"}, {"id": 4698, "fullName": "Arshdeep Singh", "shortName": "A Singh", "nationality": "Indian", "dateOfBirth": "1999-02-05", "rightArmedBowl": false, "rightHandedBat": false, "bowlingStyle": "MEDIUM_SEAM"}], "wicketKeeper": {"id": 1125, "fullName": "KL Rahul", "shortName": "KL Rahul", "nationality": "Indian", "dateOfBirth": "1992-04-18", "rightArmedBowl": true, "rightHandedBat": true}, "captain": {"id": 1125, "fullName": "KL Rahul", "shortName": "KL Rahul", "nationality": "Indian", "dateOfBirth": "1992-04-18", "rightArmedBowl": true, "rightHandedBat": true}}], "venue": {"id": 37, "fullName": "Dubai International Stadium", "shortName": "Dubai International Stadium", "city": "Dubai", "country": "UAE"}, "matchDate": "2020-10-18T18:00:00+0400", "matchEndDate": "2020-10-18T23:00:00+0400", "matchDateMs": 1603029600000, "matchEndDateMs": 1603047600000, "isLimitedOvers": true, "battingOrder": [0, 1], "matchBroadcast": false, "matchState": "C", "matchStatus": {"outcome": "B", "text": "Match tied (Kings XI Punjab won on second Super Over)"}, "description": "Match 36", "matchSummary": "Match tied (Kings XI Punjab won on second Super Over)", "matchType": "IPLT20", "tournamentLabel": "IPL 2020", "oversLimit": 20, "groupName": "", "tieBreaker": {"type": "SUPER_OVER", "battingOrder": [1, 0]}}, "matchId": {"id": 22271, "name": "ipl2020-36", "tournamentId": {"id": 18790, "name": "ipl2020", "provisional": false}}, "currentState": {"inProgress": false, "phase": "O", "currentInningsIndex": 1, "currentBatsmen": [1556, -1], "facingBatsman": -1, "nonFacingBatsman": 1556, "currentBowler": -1, "previousBowler": 840, "previousBowlerCurrentSpell": {"playerId": 840, "ov": "2", "r": 23, "w": 0, "d": 2, "maid": 0, "e": "11.50", "wd": 0, "nb": 0}, "currentPartnership": 23, "partnership": {"runs": 23, "balls": 15, "runRate": "9.20"}, "recentOvers": [{"ovNo": 15, "ovBalls": ["2", ".", ".", "4", "1", "1"]}, {"ovNo": 16, "ovBalls": ["2", "1", "1Wd", ".", "4", "1", "6"]}, {"ovNo": 17, "ovBalls": ["2", "2", "4", "1", ".", "1"]}, {"ovNo": 18, "ovBalls": ["1", "2", "W", "1", "1", "."]}, {"ovNo": 19, "ovBalls": ["2", "4", "1", "4", "2", "."]}, {"ovNo": 20, "ovBalls": ["1", "4", "1", ".", "1", "1W"]}]}, "innings": [{"inningsNumber": 1, "runRate": "8.80", "overProgress": "20", "declared": false, "scorecard": {"runs": 176, "wkts": 6, "allOut": false, "battingStats": [{"playerId": 107, "r": 9, "b": 8, "sr": "112.50", "4s": 2, "6s": 0, "mod": {"dismissedBp": {"innings": 1, "over": 3, "ball": 6}, "countingBp": {"innings": 1, "over": 3, "ball": 5}, "text": "b Arshdeep Singh", "bowlerId": 4698, "dismissedMethod": "b", "isOut": true}}, {"playerId": 834, "r": 53, "b": 43, "sr": "123.25", "4s": 3, "6s": 3, "mod": {"dismissedBp": {"innings": 1, "over": 17, "ball": 3}, "countingBp": {"innings": 1, "over": 17, "ball": 3}, "text": "c Mayank Agarwal b Chris Jordan", "bowlerId": 1299, "additionalPlayerIds": [158], "dismissedMethod": "ct", "isOut": true}}, {"playerId": 108, "r": 0, "b": 4, "sr": "0.00", "4s": 0, "6s": 0, "mod": {"dismissedBp": {"innings": 1, "over": 4, "ball": 3}, "countingBp": {"innings": 1, "over": 4, "ball": 3}, "text": "c Murugan Ashwin b Mohammad Shami", "bowlerId": 94, "additionalPlayerIds": [3187], "dismissedMethod": "ct", "isOut": true}}, {"playerId": 2975, "r": 7, "b": 7, "sr": "100.00", "4s": 1, "6s": 0, "mod": {"dismissedBp": {"innings": 1, "over": 6, "ball": 1}, "countingBp": {"innings": 1, "over": 6, "ball": 1}, "text": "c Murugan Ashwin b Arshdeep Singh", "bowlerId": 4698, "additionalPlayerIds": [3187], "dismissedMethod": "ct", "isOut": true}}, {"playerId": 3183, "r": 34, "b": 30, "sr": "113.33", "4s": 4, "6s": 1, "mod": {"dismissedBp": {"innings": 1, "over": 14, "ball": 5}, "countingBp": {"innings": 1, "over": 14, "ball": 5}, "text": "c Deepak Hooda b Ravi Bishnoi", "bowlerId": 19351, "additionalPlayerIds": [1556], "dismissedMethod": "ct", "isOut": true}}, {"playerId": 2740, "r": 8, "b": 4, "sr": "200.00", "4s": 0, "6s": 1, "mod": {"dismissedBp": {"innings": 1, "over": 16, "ball": 3}, "countingBp": {"innings": 1, "over": 16, "ball": 3}, "text": "c Nicholas Pooran b Mohammad Shami", "bowlerId": 94, "additionalPlayerIds": [1703], "dismissedMethod": "ct", "isOut": true}}, {"playerId": 210, "r": 34, "b": 12, "sr": "283.33", "4s": 1, "6s": 4}, {"playerId": 840, "r": 24, "b": 12, "sr": "200.00", "4s": 4, "6s": 0}], "bowlingStats": [{"playerId": 282, "ov": "4", "r": 24, "w": 0, "d": 9, "maid": 0, "e": "6.00", "wd": 0, "nb": 0}, {"playerId": 94, "ov": "4", "r": 30, "w": 2, "d": 12, "maid": 0, "e": "7.50", "wd": 0, "nb": 0}, {"playerId": 4698, "ov": "3", "r": 35, "w": 2, "d": 8, "maid": 0, "e": "11.66", "wd": 1, "nb": 0}, {"playerId": 1299, "ov": "3", "r": 32, "w": 1, "d": 6, "maid": 0, "e": "10.66", "wd": 0, "nb": 0}, {"playerId": 3187, "ov": "3", "r": 28, "w": 0, "d": 7, "maid": 0, "e": "9.33", "wd": 0, "nb": 0}, {"playerId": 1556, "ov": "1", "r": 9, "w": 0, "d": 2, "maid": 0, "e": "9.00", "wd": 0, "nb": 0}, {"playerId": 19351, "ov": "2", "r": 12, "w": 1, "d": 5, "maid": 0, "e": "6.00", "wd": 0, "nb": 0}], "fow": [{"bp": {"innings": 1, "over": 3, "ball": 5}, "playerId": 107, "ret": false, "w": 1, "r": 23}, {"bp": {"innings": 1, "over": 4, "ball": 3}, "playerId": 108, "ret": false, "w": 2, "r": 24}, {"bp": {"innings": 1, "over": 6, "ball": 1}, "playerId": 2975, "ret": false, "w": 3, "r": 38}, {"bp": {"innings": 1, "over": 14, "ball": 5}, "playerId": 3183, "ret": false, "w": 4, "r": 96}, {"bp": {"innings": 1, "over": 16, "ball": 3}, "playerId": 2740, "ret": false, "w": 5, "r": 116}, {"bp": {"innings": 1, "over": 17, "ball": 3}, "playerId": 834, "ret": false, "w": 6, "r": 119}], "extras": {"noBallRuns": 0, "wideRuns": 1, "byeRuns": 4, "legByeRuns": 2, "penaltyRuns": 0}, "declared": false}, "overHistory": [{"ovNo": 1, "ovBalls": ["1", ".", "1", ".", "4", "."]}, {"ovNo": 2, "ovBalls": ["4", ".", "1", "4", ".", "."]}, {"ovNo": 3, "ovBalls": [".", "1Wd", ".", "6", "1", "W", "1Lb"]}, {"ovNo": 4, "ovBalls": [".", ".", "W", ".", "1", "5"]}, {"ovNo": 5, "ovBalls": ["1", "1", "1", "4", ".", "1"]}, {"ovNo": 6, "ovBalls": ["W", "1", ".", ".", "4", "."]}, {"ovNo": 7, "ovBalls": ["1", "1", ".", ".", "1", "."]}, {"ovNo": 8, "ovBalls": [".", ".", "6", "1", ".", "."]}, {"ovNo": 9, "ovBalls": [".", "4", "1", "1", "1", "."]}, {"ovNo": 10, "ovBalls": [".", "4", "1", ".", "1", "4"]}, {"ovNo": 11, "ovBalls": ["1", ".", "1Lb", "6", "1", "1"]}, {"ovNo": 12, "ovBalls": ["1", ".", ".", "1", ".", "1"]}, {"ovNo": 13, "ovBalls": [".", "4", "1", "4B", "1", "."]}, {"ovNo": 14, "ovBalls": ["1", ".", "1", "1", "W", "6"]}, {"ovNo": 15, "ovBalls": [".", "4", "6", ".", "1", "1"]}, {"ovNo": 16, "ovBalls": ["1", "1", "W", "1", ".", "."]}, {"ovNo": 17, "ovBalls": ["1", "1", "W", "1", ".", "2"]}, {"ovNo": 18, "ovBalls": ["6", "6", "1", "4", "4", "1"]}, {"ovNo": 19, "ovBalls": ["2", "2", ".", "4", ".", "4"]}, {"ovNo": 20, "ovBalls": ["6", "1", "1", "2", "6", "4"]}]}, {"inningsNumber": 2, "runRate": "8.80", "overProgress": "20", "declared": false, "scorecard": {"runs": 176, "wkts": 6, "allOut": false, "battingStats": [{"playerId": 1125, "r": 77, "b": 51, "sr": "150.98", "4s": 7, "6s": 3, "mod": {"dismissedBp": {"innings": 2, "over": 18, "ball": 3}, "countingBp": {"innings": 2, "over": 18, "ball": 3}, "text": "b Jasprit Bumrah", "bowlerId": 1124, "dismissedMethod": "b", "isOut": true}}, {"playerId": 158, "r": 11, "b": 10, "sr": "110.00", "4s": 1, "6s": 0, "mod": {"dismissedBp": {"innings": 2, "over": 4, "ball": 3}, "countingBp": {"innings": 2, "over": 4, "ball": 3}, "text": "b Jasprit Bumrah", "bowlerId": 1124, "dismissedMethod": "b", "isOut": true}}, {"playerId": 236, "r": 24, "b": 21, "sr": "114.28", "4s": 1, "6s": 2, "mod": {"dismissedBp": {"innings": 2, "over": 10, "ball": 1}, "countingBp": {"innings": 2, "over": 10, "ball": 1}, "text": "c Trent Boult b Rahul Chahar", "bowlerId": 3763, "additionalPlayerIds": [969], "dismissedMethod": "ct", "isOut": true}}, {"playerId": 1703, "r": 24, "b": 12, "sr": "200.00", "4s": 2, "6s": 2, "mod": {"dismissedBp": {"innings": 2, "over": 13, "ball": 5}, "countingBp": {"innings": 2, "over": 13, "ball": 5}, "text": "c Nathan Coulter-Nile b Jasprit Bumrah", "bowlerId": 1124, "additionalPlayerIds": [840], "dismissedMethod": "ct", "isOut": true}}, {"playerId": 282, "r": 0, "b": 2, "sr": "0.00", "4s": 0, "6s": 0, "mod": {"dismissedBp": {"innings": 2, "over": 14, "ball": 3}, "countingBp": {"innings": 2, "over": 14, "ball": 3}, "text": "c Rohit Sharma b Rahul Chahar", "bowlerId": 3763, "additionalPlayerIds": [107], "dismissedMethod": "ct", "isOut": true}}, {"playerId": 1556, "r": 23, "b": 16, "sr": "143.75", "4s": 1, "6s": 1}, {"playerId": 1299, "r": 13, "b": 8, "sr": "162.50", "4s": 2, "6s": 0, "mod": {"dismissedBp": {"innings": 2, "over": 20, "ball": 6}, "countingBp": {"innings": 2, "over": 20, "ball": 6}, "text": "run out (Kieron Pollard)", "bowlerId": 969, "additionalPlayerIds": [210], "dismissedMethod": "ro", "isOut": true}}], "bowlingStats": [{"playerId": 969, "ov": "4", "r": 48, "w": 0, "d": 6, "maid": 0, "e": "12.00", "wd": 1, "nb": 0}, {"playerId": 3183, "ov": "2", "r": 12, "w": 0, "d": 5, "maid": 0, "e": "6.00", "wd": 0, "nb": 0}, {"playerId": 1124, "ov": "4", "r": 24, "w": 3, "d": 12, "maid": 0, "e": "6.00", "wd": 1, "nb": 0}, {"playerId": 840, "ov": "4", "r": 33, "w": 0, "d": 9, "maid": 0, "e": "8.25", "wd": 0, "nb": 0}, {"playerId": 210, "ov": "2", "r": 26, "w": 0, "d": 3, "maid": 0, "e": "13.00", "wd": 2, "nb": 0}, {"playerId": 3763, "ov": "4", "r": 33, "w": 2, "d": 9, "maid": 0, "e": "8.25", "wd": 0, "nb": 0}], "fow": [{"bp": {"innings": 2, "over": 4, "ball": 3}, "playerId": 158, "ret": false, "w": 1, "r": 33}, {"bp": {"innings": 2, "over": 10, "ball": 1}, "playerId": 236, "ret": false, "w": 2, "r": 75}, {"bp": {"innings": 2, "over": 13, "ball": 5}, "playerId": 1703, "ret": false, "w": 3, "r": 108}, {"bp": {"innings": 2, "over": 14, "ball": 3}, "playerId": 282, "ret": false, "w": 4, "r": 115}, {"bp": {"innings": 2, "over": 18, "ball": 3}, "playerId": 1125, "ret": false, "w": 5, "r": 153}, {"bp": {"innings": 2, "over": 20, "ball": 6}, "playerId": 1299, "ret": false, "w": 6, "r": 176}], "extras": {"noBallRuns": 0, "wideRuns": 4, "byeRuns": 0, "legByeRuns": 0, "penaltyRuns": 0}, "declared": false}, "overHistory": [{"ovNo": 1, "ovBalls": ["1", "4", ".", "1", "1", "2"]}, {"ovNo": 2, "ovBalls": [".", ".", "1", "2", "1", "."]}, {"ovNo": 3, "ovBalls": ["1", "4", "4", ".", "6", "1Wd", "4"]}, {"ovNo": 4, "ovBalls": [".", ".", "W", ".", ".", "1"]}, {"ovNo": 5, "ovBalls": [".", ".", "6", ".", ".", "."]}, {"ovNo": 6, "ovBalls": [".", ".", "6", ".", "4", "1"]}, {"ovNo": 7, "ovBalls": ["1", ".", "1Wd", "1", "1", "1Wd", "6", "."]}, {"ovNo": 8, "ovBalls": ["1", ".", "2", "2", "4", "."]}, {"ovNo": 9, "ovBalls": ["1", "1", ".", "1", "1", "."]}, {"ovNo": 10, "ovBalls": ["W", "1", "1", ".", "6", "4"]}, {"ovNo": 11, "ovBalls": [".", "2", "1", "2", "4", "6"]}, {"ovNo": 12, "ovBalls": [".", "1", "1", ".", "1", "."]}, {"ovNo": 13, "ovBalls": ["2", "1", ".", ".", "W", "."]}, {"ovNo": 14, "ovBalls": ["6", "1", "W", ".", "1", "1"]}, {"ovNo": 15, "ovBalls": ["2", ".", ".", "4", "1", "1"]}, {"ovNo": 16, "ovBalls": ["2", "1", "1Wd", ".", "4", "1", "6"]}, {"ovNo": 17, "ovBalls": ["2", "2", "4", "1", ".", "1"]}, {"ovNo": 18, "ovBalls": ["1", "2", "W", "1", "1", "."]}, {"ovNo": 19, "ovBalls": ["2", "4", "1", "4", "2", "."]}, {"ovNo": 20, "ovBalls": ["1", "4", "1", ".", "1", "1W"]}]}], "tieBreaker": {"currentState": {"inProgress": false, "phase": "C", "currentInningsIndex": 1, "currentBatsmen": [107, -1], "facingBatsman": -1, "nonFacingBatsman": 107, "currentBowler": -1, "previousBowler": -1, "currentPartnership": 5, "partnership": {"runs": 5, "balls": 6, "runRate": "5.00"}, "recentOvers": [{"ovNo": 1, "ovBalls": ["1", "1", "1", ".", "1", "1W"]}]}, "innings": [{"inningsNumber": 1, "runRate": "5.00", "overProgress": "1", "declared": false, "scorecard": {"runs": 5, "wkts": 2, "allOut": false, "battingStats": [{"playerId": 1125, "r": 4, "b": 4, "sr": "100.00", "4s": 0, "6s": 0, "mod": {"dismissedBp": {"innings": 3, "over": 1, "ball": 6}, "countingBp": {"innings": 3, "over": 1, "ball": 6}, "text": "lbw Jasprit Bumrah", "bowlerId": 1124, "dismissedMethod": "lbw", "isOut": true}}, {"playerId": 1703, "r": 0, "b": 1, "sr": "0.00", "4s": 0, "6s": 0, "mod": {"dismissedBp": {"innings": 3, "over": 1, "ball": 2}, "countingBp": {"innings": 3, "over": 1, "ball": 2}, "text": "c sub (Anukul Roy) b Jasprit Bumrah", "bowlerId": 1124, "dismissedMethod": "ct", "isOut": true}}, {"playerId": 1556, "r": 1, "b": 1, "sr": "100.00", "4s": 0, "6s": 0}], "bowlingStats": [{"playerId": 1124, "ov": "1", "r": 5, "w": 2, "d": 2, "maid": 0, "e": "5.00", "wd": 0, "nb": 0}], "fow": [{"bp": {"innings": 3, "over": 1, "ball": 2}, "playerId": 1703, "ret": false, "w": 1, "r": 1}, {"bp": {"innings": 3, "over": 1, "ball": 6}, "playerId": 1125, "ret": false, "w": 2, "r": 5}], "extras": {"noBallRuns": 0, "wideRuns": 0, "byeRuns": 0, "legByeRuns": 0, "penaltyRuns": 0}, "declared": false}, "overHistory": [{"ovNo": 1, "ovBalls": ["1", "W", "1", "1", "2", "W"]}]}, {"inningsNumber": 2, "runRate": "5.00", "overProgress": "1", "declared": false, "scorecard": {"runs": 5, "wkts": 1, "allOut": false, "battingStats": [{"playerId": 834, "r": 3, "b": 3, "sr": "100.00", "4s": 0, "6s": 0, "mod": {"dismissedBp": {"innings": 4, "over": 1, "ball": 6}, "countingBp": {"innings": 4, "over": 1, "ball": 6}, "text": "run out (Nicholas Pooran)", "bowlerId": 94, "additionalPlayerIds": [1703], "dismissedMethod": "ro", "isOut": true}}, {"playerId": 107, "r": 2, "b": 3, "sr": "66.66", "4s": 0, "6s": 0}], "bowlingStats": [{"playerId": 94, "ov": "1", "r": 5, "w": 0, "d": 1, "maid": 0, "e": "5.00", "wd": 0, "nb": 0}], "fow": [{"bp": {"innings": 4, "over": 1, "ball": 6}, "playerId": 834, "ret": false, "w": 1, "r": 5}], "extras": {"noBallRuns": 0, "wideRuns": 0, "byeRuns": 0, "legByeRuns": 0, "penaltyRuns": 0}, "declared": false}, "overHistory": [{"ovNo": 1, "ovBalls": ["1", "1", "1", ".", "1", "1W"]}]}]}}