{"matchInfo": {"additionalInfo": {"sixes.video.thumb": "https://resources.platform.iplt20.com/photo-resources/2020/10/14/ddf27b18-2bb0-40d6-8796-3b48ca4f39a3/jUKvSCmJ.jpg?width=780&height=439", "sixes.video.id": "217448", "match.video.thumb": "https://resources.platform.iplt20.com/photo-resources/2020/10/14/ee38b969-0c7d-4045-bcb1-c25e10fd721a/RON_5571.JPG?width=780&height=439", "referee.name": "Javagal Srinath", "report.thumb": "https://resources.platform.iplt20.com/photo-resources/2020/10/14/93cd106b-0296-4f39-a459-97074ef7ca79/_AI_8326.JPG?width=780&height=439", "match.summary": "", "umpire.name.1": "Nitin Menon", "umpire.name.2": "Anil Chaudhary", "umpire.name.3": "Anil Dandekar", "umpire.name.4": "Yeshwant Barde", "result.playerofthematch": "Anrich Nortje", "report.link": "https://www.iplt20.com/news/217413/dream11-ipl-2020-match-30-dc-vs-rr-match-report", "toss.elected": "Delhi Capitals, who chose to bat", "notes.1.1": "Powerplay: 47 runs, 2 wickets", "notes.1.2": "DC: 50 runs in 6.4 overs", "notes.2.1": "Powerplay: 50 runs, 2 wickets", "notes.1.3": "3rd Wicket: 50 runs in 34 balls (Shikhar Dhawan 32, Shreyas Iyer 16)", "notes.2.2": "RR: 50 runs in 5.6 overs", "notes.1.4": "Shikhar Dhawan: 50 off 30 balls (6 x 4, 1 x six)", "notes.2.3": "RR: 100 runs in 12.2 overs", "notes.1.5": "DC: 100 runs in 12.5 overs", "notes.1.6": "Shreyas Iyer: 50 off 40 balls (3 x fours, 2 x sixes)", "notes.1.7": "DC: 150 runs in 18.2 overs", "notes.1.8": "Innings Break: Delhi Capitals - 161/7 in 20 overs", "highlights.link": "https://www.iplt20.com/video/217459/m30-dc-vs-rr-match-highlights", "match.video.id": "217459", "toss.winner": "Delhi Capitals"}, "teams": [{"id": 30102, "team": {"id": 3, "fullName": "Delhi Capitals", "shortName": "Delhi", "abbreviation": "DC", "type": "m", "primaryColor": "004C93", "secondaryColor": "F83430"}, "players": [{"id": 3764, "fullName": "Prithvi Shaw", "shortName": "P Shaw", "nationality": "Indian", "dateOfBirth": "1999-11-09", "rightArmedBowl": true, "rightHandedBat": true, "bowlingStyle": "OFF_SPIN"}, {"id": 41, "fullName": "Shikhar Dhawan", "shortName": "S Dhawan", "nationality": "Indian", "dateOfBirth": "1985-12-05", "rightArmedBowl": true, "rightHandedBat": false, "bowlingStyle": "OFF_SPIN"}, {"id": 135, "fullName": "Ajinkya Rahane", "shortName": "A Rahane", "nationality": "Indian", "dateOfBirth": "1988-06-06", "rightArmedBowl": true, "rightHandedBat": true, "bowlingStyle": "MEDIUM_SEAM"}, {"id": 1563, "fullName": "Shreyas Iyer", "shortName": "S Iyer", "nationality": "Indian", "dateOfBirth": "1994-12-06", "rightArmedBowl": true, "rightHandedBat": true, "bowlingStyle": "LEG_SPIN"}, {"id": 964, "fullName": "Marcus Stoinis", "shortName": "M Stoinis", "nationality": "Australian", "dateOfBirth": "1989-08-16", "rightArmedBowl": true, "rightHandedBat": true, "bowlingStyle": "MEDIUM_SEAM"}, {"id": 3882, "fullName": "Alex Carey", "shortName": "A Carey", "nationality": "Australian", "dateOfBirth": "1991-08-27", "rightArmedBowl": false, "rightHandedBat": false}, {"id": 1113, "fullName": "Axar Patel", "shortName": "A Patel", "nationality": "Indian", "dateOfBirth": "1994-01-20", "rightArmedBowl": false, "rightHandedBat": false, "bowlingStyle": "ORTHODOX"}, {"id": 8, "fullName": "Ravichandran Ashwin", "shortName": "R Ashwin", "nationality": "Indian", "dateOfBirth": "1986-09-17", "rightArmedBowl": true, "rightHandedBat": true, "bowlingStyle": "OFF_SPIN"}, {"id": 1664, "fullName": "Kagiso Rabada", "shortName": "K Rabada", "nationality": "South African", "dateOfBirth": "1995-05-25", "rightArmedBowl": true, "rightHandedBat": false, "bowlingStyle": "FAST_SEAM"}, {"id": 3257, "fullName": "Tushar Deshpande", "shortName": "T Deshpande", "nationality": "Indian", "dateOfBirth": "1995-05-15", "rightArmedBowl": false, "rightHandedBat": true}, {"id": 5433, "fullName": "Anrich Nortje", "shortName": "A Nortje", "nationality": "South African", "dateOfBirth": "1993-11-16", "rightArmedBowl": true, "rightHandedBat": true, "bowlingStyle": "FAST_SEAM"}], "wicketKeeper": {"id": 3882, "fullName": "Alex Carey", "shortName": "A Carey", "nationality": "Australian", "dateOfBirth": "1991-08-27", "rightArmedBowl": false, "rightHandedBat": false}, "captain": {"id": 1563, "fullName": "Shreyas Iyer", "shortName": "S Iyer", "nationality": "Indian", "dateOfBirth": "1994-12-06", "rightArmedBowl": true, "rightHandedBat": true, "bowlingStyle": "LEG_SPIN"}}, {"id": 30103, "team": {"id": 8, "fullName": "Rajasthan Royals", "shortName": "Royals", "abbreviation": "RR", "type": "m", "primaryColor": "004B8C", "secondaryColor": "FFFFFF"}, "players": [{"id": 1154, "fullName": "Ben Stokes", "shortName": "B Stokes", "nationality": "English", "dateOfBirth": "1991-06-04", "rightArmedBowl": true, "rightHandedBat": false, "bowlingStyle": "FAST_SEAM"}, {"id": 509, "fullName": "Jos Buttler", "shortName": "J Buttler", "nationality": "English", "dateOfBirth": "1990-09-08", "rightArmedBowl": true, "rightHandedBat": true}, {"id": 271, "fullName": "Steve Smith", "shortName": "S Smith", "nationality": "Australian", "dateOfBirth": "1989-06-02", "rightArmedBowl": true, "rightHandedBat": true, "bowlingStyle": "LEG_SPIN"}, {"id": 258, "fullName": "Sanju Samson", "shortName": "S Samson", "nationality": "Indian", "dateOfBirth": "1994-11-11", "rightArmedBowl": true, "rightHandedBat": true}, {"id": 127, "fullName": "Robin Uthappa", "shortName": "R Uthappa", "nationality": "Indian", "dateOfBirth": "1985-11-11", "rightArmedBowl": true, "rightHandedBat": true}, {"id": 4445, "fullName": "Riyan Parag", "shortName": "R Parag", "nationality": "Indian", "dateOfBirth": "2001-11-10", "rightArmedBowl": true, "rightHandedBat": true, "bowlingStyle": "LEG_SPIN"}, {"id": 1749, "fullName": "Rahul Tewatia", "shortName": "R Tewatia", "nationality": "Indian", "dateOfBirth": "1993-05-20", "rightArmedBowl": true, "rightHandedBat": false, "bowlingStyle": "LEG_SPIN"}, {"id": 3502, "fullName": "Jofra Archer", "shortName": "J Archer", "nationality": "English", "dateOfBirth": "1995-04-01", "rightArmedBowl": true, "rightHandedBat": true, "bowlingStyle": "FAST_SEAM"}, {"id": 1748, "fullName": "Shreyas Gopal", "shortName": "S Gopal", "nationality": "Indian", "dateOfBirth": "1993-09-04", "rightArmedBowl": true, "rightHandedBat": true, "bowlingStyle": "LEG_SPIN"}, {"id": 86, "fullName": "Jaydev Unadkat", "shortName": "J Unadkat", "nationality": "Indian", "dateOfBirth": "1991-10-18", "rightArmedBowl": false, "rightHandedBat": true, "bowlingStyle": "MEDIUM_SEAM"}, {"id": 10059, "fullName": "Kartik Tyagi", "shortName": "K Tyagi", "nationality": "Indian", "dateOfBirth": "2000-11-08", "rightArmedBowl": true, "rightHandedBat": true, "bowlingStyle": "FAST_SEAM"}], "wicketKeeper": {"id": 509, "fullName": "Jos Buttler", "shortName": "J Buttler", "nationality": "English", "dateOfBirth": "1990-09-08", "rightArmedBowl": true, "rightHandedBat": true}, "captain": {"id": 271, "fullName": "Steve Smith", "shortName": "S Smith", "nationality": "Australian", "dateOfBirth": "1989-06-02", "rightArmedBowl": true, "rightHandedBat": true, "bowlingStyle": "LEG_SPIN"}}], "venue": {"id": 37, "fullName": "Dubai International Stadium", "shortName": "Dubai International Stadium", "city": "Dubai", "country": "UAE"}, "matchDate": "2020-10-14T18:00:00+0400", "matchEndDate": "2020-10-14T23:00:00+0400", "matchDateMs": 1602684000000, "matchEndDateMs": 1602702000000, "isLimitedOvers": true, "battingOrder": [0, 1], "matchBroadcast": false, "matchState": "C", "matchStatus": {"outcome": "A", "text": "Delhi Capitals won by 13 runs"}, "description": "Match 30", "matchSummary": "", "matchType": "IPLT20", "tournamentLabel": "IPL 2020", "oversLimit": 20, "groupName": ""}, "matchId": {"id": 22265, "name": "ipl2020-30", "tournamentId": {"id": 18790, "name": "ipl2020", "provisional": false}}, "currentState": {"inProgress": false, "phase": "C", "currentInningsIndex": 1, "currentBatsmen": [1749, -1], "facingBatsman": 1749, "nonFacingBatsman": -1, "currentBowler": -1, "previousBowler": 1664, "previousBowlerCurrentSpell": {"playerId": 1664, "ov": "2", "r": 11, "w": 1, "d": 5, "maid": 0, "e": "5.50", "wd": 0, "nb": 0}, "currentPartnership": 10, "partnership": {"runs": 10, "balls": 8, "runRate": "7.50"}, "recentOvers": [{"ovNo": 15, "ovBalls": ["1Wd", "1", "1", "2", "1", "1", "1"]}, {"ovNo": 16, "ovBalls": ["1", ".", ".", ".", ".", "1"]}, {"ovNo": 17, "ovBalls": ["1", ".", "2", "1", "4", "."]}, {"ovNo": 18, "ovBalls": ["1B", "1", "W", "1", ".", "1"]}, {"ovNo": 19, "ovBalls": ["1", ".", ".", "W", "1", "1"]}, {"ovNo": 20, "ovBalls": ["1Wd", "1", "1", ".", "1", "4", "W"]}]}, "innings": [{"inningsNumber": 1, "runRate": "8.05", "overProgress": "20", "declared": false, "scorecard": {"runs": 161, "wkts": 7, "allOut": false, "battingStats": [{"playerId": 3764, "r": 0, "b": 1, "sr": "0.00", "4s": 0, "6s": 0, "mod": {"dismissedBp": {"innings": 1, "over": 1, "ball": 1}, "countingBp": {"innings": 1, "over": 1, "ball": 1}, "text": "b Jofra Archer", "bowlerId": 3502, "dismissedMethod": "b", "isOut": true}}, {"playerId": 41, "r": 57, "b": 33, "sr": "172.72", "4s": 6, "6s": 2, "mod": {"dismissedBp": {"innings": 1, "over": 12, "ball": 5}, "countingBp": {"innings": 1, "over": 12, "ball": 4}, "text": "c Kartik Tyagi b Shreyas Gopal", "bowlerId": 1748, "additionalPlayerIds": [10059], "dismissedMethod": "ct", "isOut": true}}, {"playerId": 135, "r": 2, "b": 9, "sr": "22.22", "4s": 0, "6s": 0, "mod": {"dismissedBp": {"innings": 1, "over": 3, "ball": 3}, "countingBp": {"innings": 1, "over": 3, "ball": 3}, "text": "c Robin Uthappa b Jofra Archer", "bowlerId": 3502, "additionalPlayerIds": [127], "dismissedMethod": "ct", "isOut": true}}, {"playerId": 1563, "r": 53, "b": 43, "sr": "123.25", "4s": 3, "6s": 2, "mod": {"dismissedBp": {"innings": 1, "over": 16, "ball": 6}, "countingBp": {"innings": 1, "over": 16, "ball": 6}, "text": "c Jofra Archer b Kartik Tyagi", "bowlerId": 10059, "additionalPlayerIds": [3502], "dismissedMethod": "ct", "isOut": true}}, {"playerId": 964, "r": 18, "b": 19, "sr": "94.73", "4s": 1, "6s": 0, "mod": {"dismissedBp": {"innings": 1, "over": 19, "ball": 6}, "countingBp": {"innings": 1, "over": 19, "ball": 6}, "text": "c Rahul Tewatia b Jofra Archer", "bowlerId": 3502, "additionalPlayerIds": [1749], "dismissedMethod": "ct", "isOut": true}}, {"playerId": 3882, "r": 14, "b": 13, "sr": "107.69", "4s": 0, "6s": 1, "mod": {"dismissedBp": {"innings": 1, "over": 20, "ball": 4}, "countingBp": {"innings": 1, "over": 20, "ball": 4}, "text": "c Jofra Archer b Jaydev Unadkat", "bowlerId": 86, "additionalPlayerIds": [3502], "dismissedMethod": "ct", "isOut": true}}, {"playerId": 1113, "r": 7, "b": 4, "sr": "175.00", "4s": 1, "6s": 0, "mod": {"dismissedBp": {"innings": 1, "over": 20, "ball": 6}, "countingBp": {"innings": 1, "over": 20, "ball": 6}, "text": "c Kartik Tyagi b Jaydev Unadkat", "bowlerId": 86, "additionalPlayerIds": [10059], "dismissedMethod": "ct", "isOut": true}}, {"playerId": 8, "r": 0, "b": 0, "4s": 0, "6s": 0}], "bowlingStats": [{"playerId": 3502, "ov": "4", "r": 19, "w": 3, "d": 14, "maid": 0, "e": "4.75", "wd": 3, "nb": 0}, {"playerId": 86, "ov": "3", "r": 32, "w": 2, "d": 5, "maid": 0, "e": "10.66", "wd": 0, "nb": 0}, {"playerId": 10059, "ov": "4", "r": 30, "w": 1, "d": 9, "maid": 0, "e": "7.50", "wd": 1, "nb": 0}, {"playerId": 1154, "ov": "2", "r": 24, "w": 0, "d": 2, "maid": 0, "e": "12.00", "wd": 0, "nb": 2}, {"playerId": 1748, "ov": "4", "r": 31, "w": 1, "d": 4, "maid": 0, "e": "7.75", "wd": 2, "nb": 0}, {"playerId": 1749, "ov": "3", "r": 23, "w": 0, "d": 5, "maid": 0, "e": "7.66", "wd": 0, "nb": 0}], "fow": [{"bp": {"innings": 1, "over": 1, "ball": 1}, "playerId": 3764, "ret": false, "w": 1, "r": 0}, {"bp": {"innings": 1, "over": 3, "ball": 3}, "playerId": 135, "ret": false, "w": 2, "r": 10}, {"bp": {"innings": 1, "over": 12, "ball": 4}, "playerId": 41, "ret": false, "w": 3, "r": 95}, {"bp": {"innings": 1, "over": 16, "ball": 6}, "playerId": 1563, "ret": false, "w": 4, "r": 132}, {"bp": {"innings": 1, "over": 19, "ball": 6}, "playerId": 964, "ret": false, "w": 5, "r": 153}, {"bp": {"innings": 1, "over": 20, "ball": 4}, "playerId": 3882, "ret": false, "w": 6, "r": 157}, {"bp": {"innings": 1, "over": 20, "ball": 6}, "playerId": 1113, "ret": false, "w": 7, "r": 161}], "extras": {"noBallRuns": 2, "wideRuns": 6, "byeRuns": 0, "legByeRuns": 2, "penaltyRuns": 0}, "declared": false}, "overHistory": [{"ovNo": 1, "ovBalls": ["W", ".", "1Wd", ".", "1Wd", ".", "1", "."]}, {"ovNo": 2, "ovBalls": [".", "1", ".", ".", "2", "4"]}, {"ovNo": 3, "ovBalls": [".", ".", "W", ".", "1Wd", ".", "1"]}, {"ovNo": 4, "ovBalls": [".", "1", "6", "1", ".", "."]}, {"ovNo": 5, "ovBalls": [".", "4", "1", "2Nb", "1", "4", "1"]}, {"ovNo": 6, "ovBalls": ["1Wd", "1", "4", "3", "1", "4", "."]}, {"ovNo": 7, "ovBalls": ["1", "1", ".", "1", "1", "1"]}, {"ovNo": 8, "ovBalls": ["1", "1", "1", "1", "1", "4"]}, {"ovNo": 9, "ovBalls": ["1", "1", "1", "2", "1", "1"]}, {"ovNo": 10, "ovBalls": ["1", "2Nb", "4", "1", "1", "2", "."]}, {"ovNo": 11, "ovBalls": [".", ".", "4", "1", "1", "1"]}, {"ovNo": 12, "ovBalls": ["6", "1", "1", "1Wd", "W", "1", "1"]}, {"ovNo": 13, "ovBalls": ["1", ".", ".", ".", "4", "2"]}, {"ovNo": 14, "ovBalls": [".", ".", "4", "1Wd", "1", "1", "1"]}, {"ovNo": 15, "ovBalls": ["1", "1", "1", "6", "2", "6"]}, {"ovNo": 16, "ovBalls": ["1", ".", "1", ".", "1", "W"]}, {"ovNo": 17, "ovBalls": [".", "2", "1", "1", "6", "1Lb"]}, {"ovNo": 18, "ovBalls": [".", "1", ".", "2", "1", "1"]}, {"ovNo": 19, "ovBalls": ["1", "1", "1", "1", "1Lb", "W"]}, {"ovNo": 20, "ovBalls": ["1", "2", "1", "W", "4", "W"]}]}, {"inningsNumber": 2, "runRate": "7.40", "overProgress": "20", "declared": false, "scorecard": {"runs": 148, "wkts": 8, "allOut": false, "battingStats": [{"playerId": 1154, "r": 41, "b": 35, "sr": "117.14", "4s": 6, "6s": 0, "mod": {"dismissedBp": {"innings": 2, "over": 11, "ball": 2}, "countingBp": {"innings": 2, "over": 11, "ball": 2}, "text": "c sub (Lalit Yadav) b Tushar Deshpande", "bowlerId": 3257, "dismissedMethod": "ct", "isOut": true}}, {"playerId": 509, "r": 22, "b": 9, "sr": "244.44", "4s": 3, "6s": 1, "mod": {"dismissedBp": {"innings": 2, "over": 3, "ball": 6}, "countingBp": {"innings": 2, "over": 3, "ball": 6}, "text": "b Anrich Nortje", "bowlerId": 5433, "dismissedMethod": "b", "isOut": true}}, {"playerId": 271, "r": 1, "b": 4, "sr": "25.00", "4s": 0, "6s": 0, "mod": {"dismissedBp": {"innings": 2, "over": 4, "ball": 6}, "countingBp": {"innings": 2, "over": 4, "ball": 6}, "text": "c & b Ravichandran Ashwin", "bowlerId": 8, "additionalPlayerIds": [8], "dismissedMethod": "ct", "isOut": true}}, {"playerId": 258, "r": 25, "b": 18, "sr": "138.88", "4s": 0, "6s": 2, "mod": {"dismissedBp": {"innings": 2, "over": 12, "ball": 4}, "countingBp": {"innings": 2, "over": 12, "ball": 4}, "text": "b Axar Patel", "bowlerId": 1113, "dismissedMethod": "b", "isOut": true}}, {"playerId": 127, "r": 32, "b": 27, "sr": "118.51", "4s": 3, "6s": 1, "mod": {"dismissedBp": {"innings": 2, "over": 18, "ball": 3}, "countingBp": {"innings": 2, "over": 18, "ball": 3}, "text": "b Anrich Nortje", "bowlerId": 5433, "dismissedMethod": "b", "isOut": true}}, {"playerId": 4445, "r": 1, "b": 2, "sr": "50.00", "4s": 0, "6s": 0, "mod": {"dismissedBp": {"innings": 2, "over": 14, "ball": 2}, "countingBp": {"innings": 2, "over": 14, "ball": 2}, "text": "run out (Axar Patel)", "bowlerId": 1113, "additionalPlayerIds": [1113], "dismissedMethod": "ro", "isOut": true}}, {"playerId": 1749, "r": 14, "b": 18, "sr": "77.77", "4s": 1, "6s": 0}, {"playerId": 3502, "r": 1, "b": 4, "sr": "25.00", "4s": 0, "6s": 0, "mod": {"dismissedBp": {"innings": 2, "over": 19, "ball": 4}, "countingBp": {"innings": 2, "over": 19, "ball": 4}, "text": "c Ajinkya Rahane b Kagiso Rabada", "bowlerId": 1664, "additionalPlayerIds": [135], "dismissedMethod": "ct", "isOut": true}}, {"playerId": 1748, "r": 6, "b": 4, "sr": "150.00", "4s": 1, "6s": 0, "mod": {"dismissedBp": {"innings": 2, "over": 20, "ball": 7}, "countingBp": {"innings": 2, "over": 20, "ball": 6}, "text": "c sub (Lalit Yadav) b Tushar Deshpande", "bowlerId": 3257, "dismissedMethod": "ct", "isOut": true}}], "bowlingStats": [{"playerId": 1664, "ov": "4", "r": 28, "w": 1, "d": 9, "maid": 0, "e": "7.00", "wd": 0, "nb": 0}, {"playerId": 3257, "ov": "4", "r": 37, "w": 2, "d": 5, "maid": 0, "e": "9.25", "wd": 3, "nb": 1}, {"playerId": 5433, "ov": "4", "r": 33, "w": 2, "d": 10, "maid": 0, "e": "8.25", "wd": 0, "nb": 0}, {"playerId": 8, "ov": "4", "r": 17, "w": 1, "d": 10, "maid": 0, "e": "4.25", "wd": 0, "nb": 0}, {"playerId": 1113, "ov": "4", "r": 32, "w": 1, "d": 8, "maid": 0, "e": "8.00", "wd": 0, "nb": 0}], "fow": [{"bp": {"innings": 2, "over": 3, "ball": 6}, "playerId": 509, "ret": false, "w": 1, "r": 37}, {"bp": {"innings": 2, "over": 4, "ball": 6}, "playerId": 271, "ret": false, "w": 2, "r": 40}, {"bp": {"innings": 2, "over": 11, "ball": 2}, "playerId": 1154, "ret": false, "w": 3, "r": 86}, {"bp": {"innings": 2, "over": 12, "ball": 4}, "playerId": 258, "ret": false, "w": 4, "r": 97}, {"bp": {"innings": 2, "over": 14, "ball": 2}, "playerId": 4445, "ret": false, "w": 5, "r": 110}, {"bp": {"innings": 2, "over": 18, "ball": 3}, "playerId": 127, "ret": false, "w": 6, "r": 135}, {"bp": {"innings": 2, "over": 19, "ball": 4}, "playerId": 3502, "ret": false, "w": 7, "r": 138}, {"bp": {"innings": 2, "over": 20, "ball": 6}, "playerId": 1748, "ret": false, "w": 8, "r": 148}], "extras": {"noBallRuns": 1, "wideRuns": 3, "byeRuns": 1, "legByeRuns": 0, "penaltyRuns": 0}, "declared": false}, "overHistory": [{"ovNo": 1, "ovBalls": ["4", ".", ".", "1", "4", "1"]}, {"ovNo": 2, "ovBalls": ["1", "4", ".", "4", "1", "1"]}, {"ovNo": 3, "ovBalls": ["6", "1", "1", "4", "4", "W"]}, {"ovNo": 4, "ovBalls": ["1", "1", "1", ".", ".", "W"]}, {"ovNo": 5, "ovBalls": [".", ".", "1", "1", ".", "1"]}, {"ovNo": 6, "ovBalls": [".", "4", "1", "1", ".", "1"]}, {"ovNo": 7, "ovBalls": ["1", ".", "6", "1", "1", "."]}, {"ovNo": 8, "ovBalls": [".", "4", "1", "1", "1", "1"]}, {"ovNo": 9, "ovBalls": ["1", "4", "1", "1", "1", "6"]}, {"ovNo": 10, "ovBalls": ["1", "1", ".", "1", "1", "."]}, {"ovNo": 11, "ovBalls": ["1", "W", "1", "1Wd", ".", "1", "2Nb", "4"]}, {"ovNo": 12, "ovBalls": ["1", ".", "1", "W", "1", "1"]}, {"ovNo": 13, "ovBalls": [".", "4", ".", "6", "1", "."]}, {"ovNo": 14, "ovBalls": [".", "W", ".", ".", "4", "1"]}, {"ovNo": 15, "ovBalls": ["1Wd", "1", "1", "2", "1", "1", "1"]}, {"ovNo": 16, "ovBalls": ["1", ".", ".", ".", ".", "1"]}, {"ovNo": 17, "ovBalls": ["1", ".", "2", "1", "4", "."]}, {"ovNo": 18, "ovBalls": ["1B", "1", "W", "1", ".", "1"]}, {"ovNo": 19, "ovBalls": ["1", ".", ".", "W", "1", "1"]}, {"ovNo": 20, "ovBalls": ["1Wd", "1", "1", ".", "1", "4", "W"]}]}]}