{"matchInfo": {"additionalInfo": {"sixes.video.thumb": "https://resources.platform.iplt20.com/photo-resources/2019/03/25/d751450c-79cd-47cd-ba17-e332310d7e35/AVxEllXW.jpg?width=390&height=219", "sixes.video.id": "154645", "match.video.thumb": "https://resources.platform.iplt20.com/photo-resources/2019/03/25/d150d3b4-287c-462d-ada9-15652cbe1e85/JQgQOaQh.jpg?width=390&height=219", "mom.video.thumb": "https://resources.platform.iplt20.com/photo-resources/2019/03/25/d7c14ab0-96cf-4cc5-90c2-458cf8be8072/qjscHQBS.jpg?width=390&height=219", "mom.video.id": "154683", "referee.name": "Col. Chinmaya Sharma", "report.thumb": "https://resources.platform.iplt20.com/photo-resources/2019/03/25/258d65da-b489-4ff9-99ec-ad7c21d6a2b8/9S6A7988.JPG?width=390&height=219", "match.summary": "", "umpire.name.1": "C Shamshuddin", "umpire.name.2": "KN Anantapadmanabhan", "umpire.name.3": "Bruce Oxenford", "interview.thumb": "https://resources.platform.iplt20.com/photo-resources/2019/03/25/aecbf2c4-eb62-43ca-8f0a-006694f1f1ce/kl.jpg?width=390&height=219", "umpire.name.4": "K Srinath", "result.playerofthematch": "Chris Gayle", "report.link": "https://www.iplt20.com/news/154643/report-m4-rr-vs-kxip", "toss.elected": "Rajasthan Royals, who chose to field", "notes.1.1": "Powerplay: 32 runs, 1 wicket", "notes.1.2": "KXIP: 50 runs in 7.4 overs", "notes.2.1": "Powerplay: 64 runs, 0 wickets", "notes.1.3": "2nd Wicket: 50 runs in 45 balls (Chris Gayle 27, Mayank Agarwal 22)", "notes.2.2": "RR: 50 runs in 5.2 overs", "notes.1.4": "Chris Gayle: 50 off 33 balls (6 x fours, 2 x sixes)", "notes.2.3": "1st Wicket: 50 runs in 32 balls (Ajinkya Rahane 21, Jos Buttler 29)", "notes.1.5": "KXIP: 100 runs in 12.3 overs", "notes.2.4": "Jos Buttler: 50 off 29 balls (8 x fours, 2 x sixes)", "notes.1.6": "3rd Wicket: 50 runs in 29 balls (Chris Gayle 35, Sarfaraz Khan 17)", "notes.2.5": "RR: 100 runs in 11.1 overs", "notes.1.7": "KXIP: 150 runs in 16.5 overs", "notes.2.6": "RR: 150 runs in 16.5 overs", "notes.1.8": "Innings Break: KXIP - 184/4 in 20 overs", "highlights.link": "https://www.iplt20.com/video/154700", "match.video.id": "154700", "stats.link": "", "toss.winner": "Rajasthan Royals", "interview.link": "video/154716/scoop-is-a-very-safe-shot-sarfaraz-to-kl-rahul?tagNames=indian-premier-league", "stats.thumb": ""}, "teams": [{"id": 11534, "team": {"id": 8, "fullName": "Rajasthan Royals", "shortName": "Royals", "abbreviation": "RR", "type": "m", "primaryColor": "004B8C", "secondaryColor": "FFFFFF"}, "players": [{"id": 135, "fullName": "Ajinkya Rahane", "shortName": "A Rahane", "nationality": "Indian", "dateOfBirth": "1988-06-06", "rightArmedBowl": true, "rightHandedBat": true, "bowlingStyle": "MEDIUM_SEAM"}, {"id": 509, "fullName": "Jos Buttler", "shortName": "J Buttler", "nationality": "English", "dateOfBirth": "1990-09-08", "rightArmedBowl": true, "rightHandedBat": true}, {"id": 271, "fullName": "Steve Smith", "shortName": "S Smith", "nationality": "Australian", "dateOfBirth": "1989-06-02", "rightArmedBowl": true, "rightHandedBat": true, "bowlingStyle": "LEG_SPIN"}, {"id": 1154, "fullName": "Ben Stokes", "shortName": "B Stokes", "nationality": "English", "dateOfBirth": "1991-06-04", "rightArmedBowl": true, "rightHandedBat": false, "bowlingStyle": "FAST_SEAM"}, {"id": 258, "fullName": "Sanju Samson", "shortName": "S Samson", "nationality": "Indian", "dateOfBirth": "1994-11-11", "rightArmedBowl": true, "rightHandedBat": true}, {"id": 3834, "fullName": "Krishnappa Gowtham", "shortName": "K Gowtham", "nationality": "Indian", "dateOfBirth": "1988-10-20", "rightArmedBowl": true, "rightHandedBat": true, "bowlingStyle": "OFF_SPIN"}, {"id": 1748, "fullName": "Shreyas Gopal", "shortName": "S Gopal", "nationality": "Indian", "dateOfBirth": "1993-09-04", "rightArmedBowl": true, "rightHandedBat": true, "bowlingStyle": "LEG_SPIN"}, {"id": 3838, "fullName": "Rahul Tripathi", "shortName": "R Tripathi", "nationality": "Indian", "dateOfBirth": "1991-03-02", "rightArmedBowl": true, "rightHandedBat": true, "bowlingStyle": "MEDIUM_SEAM"}, {"id": 3502, "fullName": "Jofra Archer", "shortName": "J Archer", "nationality": "English", "dateOfBirth": "1995-04-01", "rightArmedBowl": true, "rightHandedBat": true, "bowlingStyle": "FAST_SEAM"}, {"id": 86, "fullName": "Jaydev Unadkat", "shortName": "J Unadkat", "nationality": "Indian", "dateOfBirth": "1991-10-18", "rightArmedBowl": false, "rightHandedBat": true, "bowlingStyle": "MEDIUM_SEAM"}, {"id": 101, "fullName": "Dhawal Kulkarni", "shortName": "D Kulkarni", "nationality": "Indian", "dateOfBirth": "1988-12-10", "rightArmedBowl": true, "rightHandedBat": true, "bowlingStyle": "MEDIUM_SEAM"}], "wicketKeeper": {"id": 509, "fullName": "Jos Buttler", "shortName": "J Buttler", "nationality": "English", "dateOfBirth": "1990-09-08", "rightArmedBowl": true, "rightHandedBat": true}, "captain": {"id": 135, "fullName": "Ajinkya Rahane", "shortName": "A Rahane", "nationality": "Indian", "dateOfBirth": "1988-06-06", "rightArmedBowl": true, "rightHandedBat": true, "bowlingStyle": "MEDIUM_SEAM"}}, {"id": 11533, "team": {"id": 4, "fullName": "Punjab Kings", "shortName": "Punjab Kings", "abbreviation": "PBKS", "type": "m", "primaryColor": "DA1F3D", "secondaryColor": "FFFFFF"}, "players": [{"id": 236, "fullName": "Chris Gayle", "shortName": "C Gayle", "nationality": "West Indian", "dateOfBirth": "1979-09-21", "rightArmedBowl": true, "rightHandedBat": false, "bowlingStyle": "OFF_SPIN"}, {"id": 1125, "fullName": "KL Rahul", "shortName": "KL Rahul", "nationality": "Indian", "dateOfBirth": "1992-04-18", "rightArmedBowl": true, "rightHandedBat": true}, {"id": 158, "fullName": "Mayank Agarwal", "shortName": "M Agarwal", "nationality": "Indian", "dateOfBirth": "1991-02-18", "rightArmedBowl": true, "rightHandedBat": true}, {"id": 1564, "fullName": "Sarfaraz Khan", "shortName": "SN Khan", "nationality": "Indian", "dateOfBirth": "1997-10-22", "rightArmedBowl": true, "rightHandedBat": true, "bowlingStyle": "LEG_SPIN"}, {"id": 1703, "fullName": "Nicholas Pooran", "shortName": "N Pooran", "nationality": "West Indian", "dateOfBirth": "1995-10-02", "rightArmedBowl": false, "rightHandedBat": false}, {"id": 72, "fullName": "Mandeep Singh", "shortName": "M Singh", "nationality": "Indian", "dateOfBirth": "1991-12-18", "rightArmedBowl": true, "rightHandedBat": true}, {"id": 2939, "fullName": "Sam Curran", "shortName": "S Curran", "nationality": "English", "dateOfBirth": "1998-06-03", "rightArmedBowl": false, "rightHandedBat": false, "bowlingStyle": "MEDIUM_SEAM"}, {"id": 8, "fullName": "Ravichandran Ashwin", "shortName": "R Ashwin", "nationality": "Indian", "dateOfBirth": "1986-09-17", "rightArmedBowl": true, "rightHandedBat": true, "bowlingStyle": "OFF_SPIN"}, {"id": 94, "fullName": "Mohammad Shami", "shortName": "M Shami", "nationality": "Indian", "dateOfBirth": "1990-09-03", "rightArmedBowl": true, "rightHandedBat": true, "bowlingStyle": "FAST_SEAM"}, {"id": 4572, "fullName": "Mujeeb Ur Rahman", "shortName": "M Ur Rahman", "nationality": "Afghan", "dateOfBirth": "2001-03-28", "rightArmedBowl": true, "rightHandedBat": true, "bowlingStyle": "OFF_SPIN"}, {"id": 1106, "fullName": "Ankit Rajpoot", "shortName": "A Rajpoot", "nationality": "Indian", "dateOfBirth": "1993-12-04", "rightArmedBowl": false, "rightHandedBat": true}], "wicketKeeper": {"id": 1703, "fullName": "Nicholas Pooran", "shortName": "N Pooran", "nationality": "West Indian", "dateOfBirth": "1995-10-02", "rightArmedBowl": false, "rightHandedBat": false}, "captain": {"id": 8, "fullName": "Ravichandran Ashwin", "shortName": "R Ashwin", "nationality": "Indian", "dateOfBirth": "1986-09-17", "rightArmedBowl": true, "rightHandedBat": true, "bowlingStyle": "OFF_SPIN"}}], "venue": {"id": 3, "fullName": "Sawai Mansingh Stadium", "shortName": "Sawai Mansingh Stadium", "city": "Jaipur", "country": "India"}, "matchDate": "2019-03-25T20:00:00+0530", "matchEndDate": "2019-03-25T23:00:00+0530", "matchDateMs": 1553524200000, "matchEndDateMs": 1553535000000, "isLimitedOvers": true, "battingOrder": [1, 0], "matchBroadcast": false, "matchState": "C", "matchStatus": {"outcome": "B", "text": "Punjab Kings won by 14 runs"}, "description": "Match 4", "matchSummary": "", "matchType": "IPLT20", "tournamentLabel": "IPL 2019", "oversLimit": 20, "groupName": ""}, "matchId": {"id": 11140, "name": "ipl2019-04", "tournamentId": {"id": 10192, "name": "ipl2019", "provisional": false}}, "currentState": {"inProgress": false, "phase": "C", "currentInningsIndex": 1, "currentBatsmen": [1748, 101], "facingBatsman": 101, "nonFacingBatsman": 1748, "currentBowler": -1, "previousBowler": 94, "previousBowlerCurrentSpell": {"playerId": 94, "ov": "1", "r": 6, "w": 0, "d": 2, "maid": 0, "e": "6.00", "wd": 0, "nb": 0}, "currentPartnership": 6, "partnership": {"runs": 6, "balls": 4, "runRate": "9.00"}, "recentOvers": [{"ovNo": 15, "ovBalls": ["2", "1", "2", "4", "1Wd", "6", "1"]}, {"ovNo": 16, "ovBalls": ["1", "6", "1", "1", "1", "1"]}, {"ovNo": 17, "ovBalls": [".", "1", "1", "W", "2", "W"]}, {"ovNo": 18, "ovBalls": ["1", "6", "W", ".", "1Wd", ".", "W"]}, {"ovNo": 19, "ovBalls": ["2", ".", "1", "2", "W", "1"]}, {"ovNo": 20, "ovBalls": ["W", "W", "1", ".", "4", "1"]}]}, "innings": [{"inningsNumber": 1, "runRate": "9.20", "overProgress": "20", "declared": false, "scorecard": {"runs": 184, "wkts": 4, "allOut": false, "battingStats": [{"playerId": 1125, "r": 4, "b": 4, "sr": "100.00", "4s": 1, "6s": 0, "mod": {"dismissedBp": {"innings": 1, "over": 1, "ball": 4}, "countingBp": {"innings": 1, "over": 1, "ball": 4}, "text": "c Jos Buttler b Dhawal Kulkarni", "bowlerId": 101, "additionalPlayerIds": [509], "dismissedMethod": "ct", "isOut": true}}, {"playerId": 236, "r": 79, "b": 47, "sr": "168.08", "4s": 8, "6s": 4, "mod": {"dismissedBp": {"innings": 1, "over": 16, "ball": 6}, "countingBp": {"innings": 1, "over": 16, "ball": 5}, "text": "c Rahul Tripathi b Ben Stokes", "bowlerId": 1154, "additionalPlayerIds": [3838], "dismissedMethod": "ct", "isOut": true}}, {"playerId": 158, "r": 22, "b": 24, "sr": "91.66", "4s": 1, "6s": 2, "mod": {"dismissedBp": {"innings": 1, "over": 9, "ball": 6}, "countingBp": {"innings": 1, "over": 9, "ball": 5}, "text": "c Dhawal Kulkarni b Krishnappa Gowtham", "bowlerId": 3834, "additionalPlayerIds": [101], "dismissedMethod": "ct", "isOut": true}}, {"playerId": 1564, "r": 46, "b": 29, "sr": "158.62", "4s": 6, "6s": 1}, {"playerId": 1703, "r": 12, "b": 14, "sr": "85.71", "4s": 1, "6s": 0, "mod": {"dismissedBp": {"innings": 1, "over": 20, "ball": 1}, "countingBp": {"innings": 1, "over": 20, "ball": 1}, "text": "c Ajinkya Rahane b Ben Stokes", "bowlerId": 1154, "additionalPlayerIds": [135], "dismissedMethod": "ct", "isOut": true}}, {"playerId": 72, "r": 5, "b": 2, "sr": "250.00", "4s": 0, "6s": 0}], "bowlingStats": [{"playerId": 101, "ov": "4", "r": 30, "w": 1, "d": 10, "maid": 0, "e": "7.50", "wd": 3, "nb": 0}, {"playerId": 3834, "ov": "4", "r": 32, "w": 1, "d": 10, "maid": 0, "e": "8.00", "wd": 1, "nb": 0}, {"playerId": 3502, "ov": "4", "r": 17, "w": 0, "d": 13, "maid": 0, "e": "4.25", "wd": 0, "nb": 0}, {"playerId": 1154, "ov": "4", "r": 48, "w": 2, "d": 8, "maid": 0, "e": "12.00", "wd": 3, "nb": 0}, {"playerId": 86, "ov": "3", "r": 44, "w": 0, "d": 4, "maid": 0, "e": "14.66", "wd": 1, "nb": 0}, {"playerId": 1748, "ov": "1", "r": 5, "w": 0, "d": 2, "maid": 0, "e": "5.00", "wd": 0, "nb": 0}], "fow": [{"bp": {"innings": 1, "over": 1, "ball": 4}, "playerId": 1125, "ret": false, "w": 1, "r": 4}, {"bp": {"innings": 1, "over": 9, "ball": 5}, "playerId": 158, "ret": false, "w": 2, "r": 60}, {"bp": {"innings": 1, "over": 16, "ball": 5}, "playerId": 236, "ret": false, "w": 3, "r": 144}, {"bp": {"innings": 1, "over": 20, "ball": 1}, "playerId": 1703, "ret": false, "w": 4, "r": 167}], "extras": {"noBallRuns": 0, "wideRuns": 8, "byeRuns": 4, "legByeRuns": 4, "penaltyRuns": 0}, "declared": false}, "overHistory": [{"ovNo": 1, "ovBalls": [".", "4", ".", "W", "1Wd", "1", "."]}, {"ovNo": 2, "ovBalls": [".", "6", "1", ".", "1", "."]}, {"ovNo": 3, "ovBalls": [".", ".", ".", "4", "1Wd", "1", "1"]}, {"ovNo": 4, "ovBalls": [".", ".", ".", ".", ".", "1"]}, {"ovNo": 5, "ovBalls": ["4", ".", "1", "2", "1Wd", ".", "1"]}, {"ovNo": 6, "ovBalls": [".", ".", "1", ".", ".", "."]}, {"ovNo": 7, "ovBalls": [".", "2", "1", "1", "1", "."]}, {"ovNo": 8, "ovBalls": ["4", "2", "1", "6", ".", "."]}, {"ovNo": 9, "ovBalls": ["6", ".", "2Lb", "1Wd", "1Lb", "W", "1"]}, {"ovNo": 10, "ovBalls": [".", ".", ".", "1", "1Wd", "1", "4"]}, {"ovNo": 11, "ovBalls": ["1", ".", "1", "4", "1", "."]}, {"ovNo": 12, "ovBalls": ["4", "4", "4", "6", "1", "."]}, {"ovNo": 13, "ovBalls": ["1", "4", "4", "1", ".", "1"]}, {"ovNo": 14, "ovBalls": ["1", ".", "1", "6", "1", "1"]}, {"ovNo": 15, "ovBalls": ["1", "1", "1", "1", "2", "4"]}, {"ovNo": 16, "ovBalls": ["6", "4B", "4", "1Wd", "4", "W", "1Lb"]}, {"ovNo": 17, "ovBalls": ["1", "1", ".", "2", "1", "."]}, {"ovNo": 18, "ovBalls": ["1", "2", "1", ".", ".", "1"]}, {"ovNo": 19, "ovBalls": [".", "4", "1Wd", "1", "4", "1", "1"]}, {"ovNo": 20, "ovBalls": ["W", "1Wd", "4", "1", "2", "3", "6"]}]}, {"inningsNumber": 2, "runRate": "8.50", "overProgress": "20", "declared": false, "scorecard": {"runs": 170, "wkts": 9, "allOut": false, "battingStats": [{"playerId": 135, "r": 27, "b": 20, "sr": "135.00", "4s": 4, "6s": 0, "mod": {"dismissedBp": {"innings": 2, "over": 9, "ball": 1}, "countingBp": {"innings": 2, "over": 9, "ball": 1}, "text": "b Ravichandran Ashwin", "bowlerId": 8, "dismissedMethod": "b", "isOut": true}}, {"playerId": 509, "r": 69, "b": 43, "sr": "160.46", "4s": 10, "6s": 2, "mod": {"dismissedBp": {"innings": 2, "over": 13, "ball": 5}, "countingBp": {"innings": 2, "over": 13, "ball": 5}, "text": "run out (Ravichandran Ashwin)", "bowlerId": 8, "additionalPlayerIds": [8], "dismissedMethod": "ro", "isOut": true}}, {"playerId": 258, "r": 30, "b": 25, "sr": "120.00", "4s": 0, "6s": 1, "mod": {"dismissedBp": {"innings": 2, "over": 17, "ball": 6}, "countingBp": {"innings": 2, "over": 17, "ball": 6}, "text": "c Ravichandran Ashwin b Sam Curran", "bowlerId": 2939, "additionalPlayerIds": [8], "dismissedMethod": "ct", "isOut": true}}, {"playerId": 271, "r": 20, "b": 16, "sr": "125.00", "4s": 1, "6s": 1, "mod": {"dismissedBp": {"innings": 2, "over": 17, "ball": 4}, "countingBp": {"innings": 2, "over": 17, "ball": 4}, "text": "c KL Rahul b Sam Curran", "bowlerId": 2939, "additionalPlayerIds": [1125], "dismissedMethod": "ct", "isOut": true}}, {"playerId": 1154, "r": 6, "b": 2, "sr": "300.00", "4s": 0, "6s": 1, "mod": {"dismissedBp": {"innings": 2, "over": 18, "ball": 3}, "countingBp": {"innings": 2, "over": 18, "ball": 3}, "text": "c sub (Karun Nair) b Mujeeb Ur Rahman", "bowlerId": 4572, "dismissedMethod": "ct", "isOut": true}}, {"playerId": 3838, "r": 1, "b": 4, "sr": "25.00", "4s": 0, "6s": 0, "mod": {"dismissedBp": {"innings": 2, "over": 18, "ball": 7}, "countingBp": {"innings": 2, "over": 18, "ball": 6}, "text": "c KL Rahul b Mujeeb Ur Rahman", "bowlerId": 4572, "additionalPlayerIds": [1125], "dismissedMethod": "ct", "isOut": true}}, {"playerId": 3834, "r": 3, "b": 4, "sr": "75.00", "4s": 0, "6s": 0, "mod": {"dismissedBp": {"innings": 2, "over": 20, "ball": 2}, "countingBp": {"innings": 2, "over": 20, "ball": 2}, "text": "c Mohammad Shami b Ankit Rajpoot", "bowlerId": 1106, "additionalPlayerIds": [94], "dismissedMethod": "ct", "isOut": true}}, {"playerId": 3502, "r": 2, "b": 2, "sr": "100.00", "4s": 0, "6s": 0, "mod": {"dismissedBp": {"innings": 2, "over": 19, "ball": 5}, "countingBp": {"innings": 2, "over": 19, "ball": 5}, "text": "run out (Mohammad Shami)", "bowlerId": 94, "additionalPlayerIds": [94], "dismissedMethod": "ro", "isOut": true}}, {"playerId": 86, "r": 1, "b": 2, "sr": "50.00", "4s": 0, "6s": 0, "mod": {"dismissedBp": {"innings": 2, "over": 20, "ball": 1}, "countingBp": {"innings": 2, "over": 20, "ball": 1}, "text": "c & b Ankit Rajpoot", "bowlerId": 1106, "additionalPlayerIds": [1106], "dismissedMethod": "ct", "isOut": true}}, {"playerId": 1748, "r": 1, "b": 1, "sr": "100.00", "4s": 0, "6s": 0}, {"playerId": 101, "r": 5, "b": 3, "sr": "166.66", "4s": 1, "6s": 0}], "bowlingStats": [{"playerId": 2939, "ov": "4", "r": 52, "w": 2, "d": 7, "maid": 0, "e": "13.00", "wd": 1, "nb": 0}, {"playerId": 4572, "ov": "4", "r": 31, "w": 2, "d": 11, "maid": 0, "e": "7.75", "wd": 1, "nb": 0}, {"playerId": 94, "ov": "4", "r": 33, "w": 0, "d": 8, "maid": 0, "e": "8.25", "wd": 0, "nb": 0}, {"playerId": 8, "ov": "4", "r": 20, "w": 1, "d": 6, "maid": 0, "e": "5.00", "wd": 0, "nb": 0}, {"playerId": 1106, "ov": "4", "r": 33, "w": 2, "d": 9, "maid": 0, "e": "8.25", "wd": 0, "nb": 2}], "fow": [{"bp": {"innings": 2, "over": 9, "ball": 1}, "playerId": 135, "ret": false, "w": 1, "r": 78}, {"bp": {"innings": 2, "over": 13, "ball": 5}, "playerId": 509, "ret": false, "w": 2, "r": 108}, {"bp": {"innings": 2, "over": 17, "ball": 4}, "playerId": 271, "ret": false, "w": 3, "r": 148}, {"bp": {"innings": 2, "over": 17, "ball": 6}, "playerId": 258, "ret": false, "w": 4, "r": 150}, {"bp": {"innings": 2, "over": 18, "ball": 3}, "playerId": 1154, "ret": false, "w": 5, "r": 157}, {"bp": {"innings": 2, "over": 18, "ball": 6}, "playerId": 3838, "ret": false, "w": 6, "r": 158}, {"bp": {"innings": 2, "over": 19, "ball": 5}, "playerId": 3502, "ret": false, "w": 7, "r": 163}, {"bp": {"innings": 2, "over": 20, "ball": 1}, "playerId": 86, "ret": false, "w": 8, "r": 164}, {"bp": {"innings": 2, "over": 20, "ball": 2}, "playerId": 3834, "ret": false, "w": 9, "r": 164}], "extras": {"noBallRuns": 2, "wideRuns": 2, "byeRuns": 0, "legByeRuns": 1, "penaltyRuns": 0}, "declared": false}, "overHistory": [{"ovNo": 1, "ovBalls": [".", ".", "4", ".", "4", "4"]}, {"ovNo": 2, "ovBalls": ["4", "1", ".", "1", ".", "."]}, {"ovNo": 3, "ovBalls": ["1", "4", ".", "4", ".", "."]}, {"ovNo": 4, "ovBalls": ["1", ".", ".", "4", ".", "6"]}, {"ovNo": 5, "ovBalls": [".", "4", "1", ".", "2", "."]}, {"ovNo": 6, "ovBalls": ["1", "4", ".", "6", "4", "4"]}, {"ovNo": 7, "ovBalls": ["1", "2", "1", "1", "1", "1"]}, {"ovNo": 8, "ovBalls": ["2", "1", ".", ".", ".", "4"]}, {"ovNo": 9, "ovBalls": ["W", "1", "1", "1", "1", "1"]}, {"ovNo": 10, "ovBalls": ["1", "4", "4", "2", "1", "1"]}, {"ovNo": 11, "ovBalls": ["1", ".", ".", ".", "1", "1"]}, {"ovNo": 12, "ovBalls": ["1", "1", "2", ".", "1", "1"]}, {"ovNo": 13, "ovBalls": ["1", ".", "1", "1", "W", "2"]}, {"ovNo": 14, "ovBalls": [".", "1", "1", "3Nb", "1Nb", "1Lb", "1", "."]}, {"ovNo": 15, "ovBalls": ["2", "1", "2", "4", "1Wd", "6", "1"]}, {"ovNo": 16, "ovBalls": ["1", "6", "1", "1", "1", "1"]}, {"ovNo": 17, "ovBalls": [".", "1", "1", "W", "2", "W"]}, {"ovNo": 18, "ovBalls": ["1", "6", "W", ".", "1Wd", ".", "W"]}, {"ovNo": 19, "ovBalls": ["2", ".", "1", "2", "W", "1"]}, {"ovNo": 20, "ovBalls": ["W", "W", "1", ".", "4", "1"]}]}]}