{"matchInfo": {"additionalInfo": {"sixes.video.thumb": "https://resources.platform.iplt20.com/photo-resources/2020/10/07/c6c9dd09-73a3-4822-b648-0eef178dd4aa/dUqEvSAe.jpg?width=390&height=219", "sixes.video.id": "213887", "match.video.thumb": "https://resources.platform.iplt20.com/photo-resources/2020/10/07/390f324d-5af4-4677-9f6b-e2f3e938f01e/PN_1949.JPG?width=780&height=439", "referee.name": "Naraynkutty. V", "report.thumb": "https://resources.platform.iplt20.com/photo-resources/2020/10/07/a8ab5dbe-2d33-46c3-970a-28750d52bd22/PN_1145.JPG?width=780&height=439", "match.summary": "", "umpire.name.1": "Richard Illingworth", "umpire.name.2": "KN Ananthapadmanabhan", "umpire.name.3": "C Shamshuddin", "umpire.name.4": "K Srinivasan", "result.playerofthematch": "Rahul Tripathi", "report.link": "https://www.iplt20.com/news/213889/dream11-ipl-2020-match-21-kkr-vs-csk-match-report", "toss.elected": "Kolkata Knight Riders, who chose to bat", "notes.1.1": "Powerplay: 52 runs, 1 wicket", "notes.1.2": "KKR: 50 runs in 5.4 overs", "notes.2.1": "Powerplay: 54 runs, 1 wicket", "notes.1.3": "Rahul Tripathi: 50 off 31 balls (6 x fours, 2 x sixes)", "notes.2.2": "CSK: 50 runs in 5.3 overs", "notes.1.4": "KKR: 100 runs in 11.1 overs", "notes.2.3": "2nd Wicket: 50 runs in 34 balls (Shane Watson 26, Ambati Rayudu 23)", "notes.1.5": "KKR: 150 runs in 17.6 overs", "notes.2.4": "CSK: 100 runs in 12.3 overs", "notes.1.6": "Innings Break: Kolkata Knight Riders - 167 all out in 20 overs", "notes.2.5": "Shane Watson: 50 off 39 balls (6 x fours, 1 x six)", "notes.2.6": "CSK: 150 runs in 19.5 overs", "highlights.link": "https://www.iplt20.com/video/213927/m21-kkr-vs-csk-match-highlights", "match.video.id": "213927", "toss.winner": "Kolkata Knight Riders"}, "teams": [{"id": 30084, "team": {"id": 5, "fullName": "Kolkata Knight Riders", "shortName": "Knight Riders", "abbreviation": "KKR", "type": "m", "primaryColor": "6F2C91", "secondaryColor": "FFFFFF"}, "players": [{"id": 3761, "fullName": "Shubman Gill", "shortName": "S Gill", "nationality": "Indian", "dateOfBirth": "1999-09-08", "rightArmedBowl": true, "rightHandedBat": true, "bowlingStyle": "OFF_SPIN"}, {"id": 203, "fullName": "Sunil Narine", "shortName": "S Narine", "nationality": "West Indian", "dateOfBirth": "1988-05-26", "rightArmedBowl": true, "rightHandedBat": false, "bowlingStyle": "OFF_SPIN"}, {"id": 2738, "fullName": "Nitish Rana", "shortName": "N Rana", "nationality": "Indian", "dateOfBirth": "1993-12-27", "rightArmedBowl": true, "rightHandedBat": false, "bowlingStyle": "OFF_SPIN"}, {"id": 177, "fullName": "Andre Russell", "shortName": "A Russell", "nationality": "West Indian", "dateOfBirth": "1988-04-29", "rightArmedBowl": true, "rightHandedBat": true, "bowlingStyle": "FAST_SEAM"}, {"id": 102, "fullName": "Dinesh Karthik", "shortName": "D Karthik", "nationality": "Indian", "dateOfBirth": "1985-06-01", "rightArmedBowl": true, "rightHandedBat": true, "bowlingStyle": "OFF_SPIN"}, {"id": 197, "fullName": "Eoin Morgan", "shortName": "E Morgan", "nationality": "English", "dateOfBirth": "1986-09-10", "rightArmedBowl": true, "rightHandedBat": false, "bowlingStyle": "MEDIUM_SEAM"}, {"id": 3838, "fullName": "Rahul Tripathi", "shortName": "R Tripathi", "nationality": "Indian", "dateOfBirth": "1991-03-02", "rightArmedBowl": true, "rightHandedBat": true, "bowlingStyle": "MEDIUM_SEAM"}, {"id": 488, "fullName": "Pat Cummins", "shortName": "P Cummins", "nationality": "Australian", "dateOfBirth": "1993-05-08", "rightArmedBowl": true, "rightHandedBat": true, "bowlingStyle": "FAST_SEAM"}, {"id": 3766, "fullName": "Kamlesh Nagarkoti", "shortName": "K Nagarkoti", "nationality": "Indian", "dateOfBirth": "1999-12-28", "rightArmedBowl": true, "rightHandedBat": true, "bowlingStyle": "MEDIUM_SEAM"}, {"id": 3779, "fullName": "Shivam Mavi", "shortName": "S Mavi", "nationality": "Indian", "dateOfBirth": "1998-11-26", "rightArmedBowl": true, "rightHandedBat": true, "bowlingStyle": "FAST_SEAM"}, {"id": 5432, "fullName": "Varun Chakaravarthy", "shortName": "V Chakaravarthy", "nationality": "Indian", "dateOfBirth": "1991-08-29", "rightArmedBowl": true, "rightHandedBat": true, "bowlingStyle": "LEG_SPIN"}], "wicketKeeper": {"id": 102, "fullName": "Dinesh Karthik", "shortName": "D Karthik", "nationality": "Indian", "dateOfBirth": "1985-06-01", "rightArmedBowl": true, "rightHandedBat": true, "bowlingStyle": "OFF_SPIN"}, "captain": {"id": 102, "fullName": "Dinesh Karthik", "shortName": "D Karthik", "nationality": "Indian", "dateOfBirth": "1985-06-01", "rightArmedBowl": true, "rightHandedBat": true, "bowlingStyle": "OFF_SPIN"}}, {"id": 30085, "team": {"id": 1, "fullName": "Chennai Super Kings", "shortName": "Super Kings", "abbreviation": "CSK", "type": "m", "primaryColor": "FDB913", "secondaryColor": "0081E5"}, "players": [{"id": 227, "fullName": "Shane Watson", "shortName": "S Watson", "nationality": "Australian", "dateOfBirth": "1981-06-17", "rightArmedBowl": true, "rightHandedBat": true, "bowlingStyle": "MEDIUM_SEAM"}, {"id": 24, "fullName": "Faf du Plessis", "shortName": "F du Plessis", "nationality": "South African", "dateOfBirth": "1984-07-13", "rightArmedBowl": true, "rightHandedBat": true, "bowlingStyle": "LEG_SPIN"}, {"id": 100, "fullName": "Ambati Rayudu", "shortName": "A Rayudu", "nationality": "Indian", "dateOfBirth": "1985-09-23", "rightArmedBowl": true, "rightHandedBat": true, "bowlingStyle": "OFF_SPIN"}, {"id": 297, "fullName": "Kedar Jadhav", "shortName": "K Jadhav", "nationality": "Indian", "dateOfBirth": "1985-03-26", "rightArmedBowl": true, "rightHandedBat": true, "bowlingStyle": "OFF_SPIN"}, {"id": 1, "fullName": "MS Dhoni", "shortName": "MS Dhoni", "nationality": "Indian", "dateOfBirth": "1981-07-07", "rightArmedBowl": true, "rightHandedBat": true, "bowlingStyle": "MEDIUM_SEAM"}, {"id": 9, "fullName": "Ravindra Jadeja", "shortName": "R Jadeja", "nationality": "Indian", "dateOfBirth": "1988-12-06", "rightArmedBowl": false, "rightHandedBat": false, "bowlingStyle": "ORTHODOX"}, {"id": 2939, "fullName": "Sam Curran", "shortName": "S Curran", "nationality": "English", "dateOfBirth": "1998-06-03", "rightArmedBowl": false, "rightHandedBat": false, "bowlingStyle": "MEDIUM_SEAM"}, {"id": 25, "fullName": "Dwayne Bravo", "shortName": "DJ Bravo", "nationality": "West Indian", "dateOfBirth": "1983-10-07", "rightArmedBowl": true, "rightHandedBat": true, "bowlingStyle": "MEDIUM_SEAM"}, {"id": 1118, "fullName": "Karn Sharma", "shortName": "K Sharma", "nationality": "Indian", "dateOfBirth": "1987-10-23", "rightArmedBowl": true, "rightHandedBat": false, "bowlingStyle": "LEG_SPIN"}, {"id": 1745, "fullName": "Shardul Thakur", "shortName": "S Thakur", "nationality": "Indian", "dateOfBirth": "1991-10-16", "rightArmedBowl": true, "rightHandedBat": true, "bowlingStyle": "MEDIUM_SEAM"}, {"id": 140, "fullName": "Deepak Chahar", "shortName": "D Chahar", "nationality": "Indian", "dateOfBirth": "1992-08-07", "rightArmedBowl": true, "rightHandedBat": true, "bowlingStyle": "MEDIUM_SEAM"}], "wicketKeeper": {"id": 1, "fullName": "MS Dhoni", "shortName": "MS Dhoni", "nationality": "Indian", "dateOfBirth": "1981-07-07", "rightArmedBowl": true, "rightHandedBat": true, "bowlingStyle": "MEDIUM_SEAM"}, "captain": {"id": 1, "fullName": "MS Dhoni", "shortName": "MS Dhoni", "nationality": "Indian", "dateOfBirth": "1981-07-07", "rightArmedBowl": true, "rightHandedBat": true, "bowlingStyle": "MEDIUM_SEAM"}}], "venue": {"id": 102, "fullName": "Zayed Cricket Stadium", "shortName": "Zayed Cricket Stadium", "city": "Abu Dhabi", "country": "UAE"}, "matchDate": "2020-10-07T18:00:00+0400", "matchEndDate": "2020-10-07T23:00:00+0400", "matchDateMs": 1602079200000, "matchEndDateMs": 1602097200000, "isLimitedOvers": true, "battingOrder": [0, 1], "matchBroadcast": false, "matchState": "C", "matchStatus": {"outcome": "A", "text": "Kolkata Knight Riders won by 10 runs"}, "description": "Match 21", "matchSummary": "", "matchType": "IPLT20", "tournamentLabel": "IPL 2020", "oversLimit": 20, "groupName": ""}, "matchId": {"id": 22256, "name": "ipl2020-21", "tournamentId": {"id": 18790, "name": "ipl2020", "provisional": false}}, "currentState": {"inProgress": false, "phase": "C", "currentInningsIndex": 1, "currentBatsmen": [297, 9], "facingBatsman": 297, "nonFacingBatsman": 9, "currentBowler": -1, "previousBowler": 203, "previousBowlerCurrentSpell": {"playerId": 203, "ov": "1", "r": 10, "w": 0, "d": 2, "maid": 0, "e": "10.00", "wd": 0, "nb": 0}, "currentPartnership": 28, "partnership": {"runs": 28, "balls": 17, "runRate": "9.88"}, "recentOvers": [{"ovNo": 15, "ovBalls": [".", "1", ".", "2", "2", "1"]}, {"ovNo": 16, "ovBalls": ["1Lb", "1", "1", "6", "4", "1"]}, {"ovNo": 17, "ovBalls": ["1", "4", "W", ".", ".", "."]}, {"ovNo": 18, "ovBalls": ["W", "1", ".", ".", "1", "1"]}, {"ovNo": 19, "ovBalls": ["1", "4", ".", "1", "4", "."]}, {"ovNo": 20, "ovBalls": [".", ".", "1", "6", "4", "4"]}]}, "innings": [{"inningsNumber": 1, "runRate": "8.35", "overProgress": "20", "declared": false, "scorecard": {"runs": 167, "wkts": 10, "allOut": true, "battingStats": [{"playerId": 3838, "r": 81, "b": 51, "sr": "158.82", "4s": 8, "6s": 3, "mod": {"dismissedBp": {"innings": 1, "over": 17, "ball": 5}, "countingBp": {"innings": 1, "over": 17, "ball": 5}, "text": "c Shane Watson b Dwayne Bravo", "bowlerId": 25, "additionalPlayerIds": [227], "dismissedMethod": "ct", "isOut": true}}, {"playerId": 3761, "r": 11, "b": 12, "sr": "91.66", "4s": 1, "6s": 0, "mod": {"dismissedBp": {"innings": 1, "over": 5, "ball": 3}, "countingBp": {"innings": 1, "over": 5, "ball": 2}, "text": "c MS Dhoni b Shardul Thakur", "bowlerId": 1745, "additionalPlayerIds": [1], "dismissedMethod": "ct", "isOut": true}}, {"playerId": 2738, "r": 9, "b": 10, "sr": "90.00", "4s": 1, "6s": 0, "mod": {"dismissedBp": {"innings": 1, "over": 9, "ball": 1}, "countingBp": {"innings": 1, "over": 9, "ball": 1}, "text": "c Ravindra Jadeja b Karn Sharma", "bowlerId": 1118, "additionalPlayerIds": [9], "dismissedMethod": "ct", "isOut": true}}, {"playerId": 203, "r": 17, "b": 9, "sr": "188.88", "4s": 1, "6s": 1, "mod": {"dismissedBp": {"innings": 1, "over": 11, "ball": 6}, "countingBp": {"innings": 1, "over": 11, "ball": 6}, "text": "c Faf du Plessis b Karn Sharma", "bowlerId": 1118, "additionalPlayerIds": [24], "dismissedMethod": "ct", "isOut": true}}, {"playerId": 197, "r": 7, "b": 10, "sr": "70.00", "4s": 1, "6s": 0, "mod": {"dismissedBp": {"innings": 1, "over": 14, "ball": 6}, "countingBp": {"innings": 1, "over": 14, "ball": 6}, "text": "c MS Dhoni b Sam Curran", "bowlerId": 2939, "additionalPlayerIds": [1], "dismissedMethod": "ct", "isOut": true}}, {"playerId": 177, "r": 2, "b": 4, "sr": "50.00", "4s": 0, "6s": 0, "mod": {"dismissedBp": {"innings": 1, "over": 16, "ball": 2}, "countingBp": {"innings": 1, "over": 16, "ball": 2}, "text": "c MS Dhoni b Shardul Thakur", "bowlerId": 1745, "additionalPlayerIds": [1], "dismissedMethod": "ct", "isOut": true}}, {"playerId": 102, "r": 12, "b": 11, "sr": "109.09", "4s": 1, "6s": 0, "mod": {"dismissedBp": {"innings": 1, "over": 19, "ball": 6}, "countingBp": {"innings": 1, "over": 19, "ball": 6}, "text": "c Shardul Thakur b Sam Curran", "bowlerId": 2939, "additionalPlayerIds": [1745], "dismissedMethod": "ct", "isOut": true}}, {"playerId": 488, "r": 17, "b": 9, "sr": "188.88", "4s": 1, "6s": 1}, {"playerId": 3766, "r": 0, "b": 2, "sr": "0.00", "4s": 0, "6s": 0, "mod": {"dismissedBp": {"innings": 1, "over": 20, "ball": 3}, "countingBp": {"innings": 1, "over": 20, "ball": 2}, "text": "c Faf du Plessis b Dwayne Bravo", "bowlerId": 25, "additionalPlayerIds": [24], "dismissedMethod": "ct", "isOut": true}}, {"playerId": 3779, "r": 0, "b": 1, "sr": "0.00", "4s": 0, "6s": 0, "mod": {"dismissedBp": {"innings": 1, "over": 20, "ball": 6}, "countingBp": {"innings": 1, "over": 20, "ball": 5}, "text": "c MS Dhoni b Dwayne Bravo", "bowlerId": 25, "additionalPlayerIds": [1], "dismissedMethod": "ct", "isOut": true}}, {"playerId": 5432, "r": 1, "b": 1, "sr": "100.00", "4s": 0, "6s": 0, "mod": {"dismissedBp": {"innings": 1, "over": 20, "ball": 7}, "countingBp": {"innings": 1, "over": 20, "ball": 6}, "text": "run out (MS Dhoni)", "bowlerId": 25, "additionalPlayerIds": [1], "dismissedMethod": "ro", "isOut": true}}], "bowlingStats": [{"playerId": 140, "ov": "4", "r": 47, "w": 0, "d": 4, "maid": 0, "e": "11.75", "wd": 2, "nb": 0}, {"playerId": 2939, "ov": "4", "r": 26, "w": 2, "d": 9, "maid": 0, "e": "6.50", "wd": 0, "nb": 0}, {"playerId": 1745, "ov": "4", "r": 28, "w": 2, "d": 13, "maid": 0, "e": "7.00", "wd": 2, "nb": 0}, {"playerId": 1118, "ov": "4", "r": 25, "w": 2, "d": 5, "maid": 0, "e": "6.25", "wd": 0, "nb": 0}, {"playerId": 25, "ov": "4", "r": 37, "w": 3, "d": 8, "maid": 0, "e": "9.25", "wd": 2, "nb": 0}], "fow": [{"bp": {"innings": 1, "over": 5, "ball": 2}, "playerId": 3761, "ret": false, "w": 1, "r": 37}, {"bp": {"innings": 1, "over": 9, "ball": 1}, "playerId": 2738, "ret": false, "w": 2, "r": 70}, {"bp": {"innings": 1, "over": 11, "ball": 6}, "playerId": 203, "ret": false, "w": 3, "r": 98}, {"bp": {"innings": 1, "over": 14, "ball": 6}, "playerId": 197, "ret": false, "w": 4, "r": 114}, {"bp": {"innings": 1, "over": 16, "ball": 2}, "playerId": 177, "ret": false, "w": 5, "r": 128}, {"bp": {"innings": 1, "over": 17, "ball": 5}, "playerId": 3838, "ret": false, "w": 6, "r": 140}, {"bp": {"innings": 1, "over": 19, "ball": 6}, "playerId": 102, "ret": false, "w": 7, "r": 162}, {"bp": {"innings": 1, "over": 20, "ball": 2}, "playerId": 3766, "ret": false, "w": 8, "r": 163}, {"bp": {"innings": 1, "over": 20, "ball": 5}, "playerId": 3779, "ret": false, "w": 9, "r": 166}, {"bp": {"innings": 1, "over": 20, "ball": 6}, "playerId": 5432, "ret": false, "w": 10, "r": 167}], "extras": {"noBallRuns": 0, "wideRuns": 6, "byeRuns": 0, "legByeRuns": 4, "penaltyRuns": 0}, "declared": false}, "overHistory": [{"ovNo": 1, "ovBalls": ["1Wd", "4", ".", "1", ".", "1", "."]}, {"ovNo": 2, "ovBalls": [".", "1", ".", ".", "1Lb", "1"]}, {"ovNo": 3, "ovBalls": ["1", "1", "4", "1", "4", "4"]}, {"ovNo": 4, "ovBalls": ["1", "4", "1", "1", ".", "4"]}, {"ovNo": 5, "ovBalls": [".", "1Wd", "W", ".", "4", ".", "."]}, {"ovNo": 6, "ovBalls": [".", "1", "1", "6", "1Wd", "1", "1"]}, {"ovNo": 7, "ovBalls": ["1", "1", "1", "6", "2", "1"]}, {"ovNo": 8, "ovBalls": [".", "2", ".", "2", "1", "1"]}, {"ovNo": 9, "ovBalls": ["W", ".", "1", "1", "1", "1"]}, {"ovNo": 10, "ovBalls": ["1", "4", "1", "1Wd", "6", "4", "2"]}, {"ovNo": 11, "ovBalls": ["1", "1", "1", "1", "1", "W"]}, {"ovNo": 12, "ovBalls": ["4", ".", ".", "2Lb", "1Lb", "."]}, {"ovNo": 13, "ovBalls": ["1", ".", "1", "1", "1", "."]}, {"ovNo": 14, "ovBalls": ["1", "1", "2", ".", "1", "W"]}, {"ovNo": 15, "ovBalls": ["4", "1", "1", "6", "1", "1"]}, {"ovNo": 16, "ovBalls": [".", "W", "2", "1", "1", "1"]}, {"ovNo": 17, "ovBalls": [".", "1", "4", "2", "W", "."]}, {"ovNo": 18, "ovBalls": ["1", "1", "1", "1Wd", "4", ".", "6"]}, {"ovNo": 19, "ovBalls": ["1", "2", "1", ".", "4", "W"]}, {"ovNo": 20, "ovBalls": [".", "1Wd", "W", "2", "1", "W", "1W"]}]}, {"inningsNumber": 2, "runRate": "7.85", "overProgress": "20", "declared": false, "scorecard": {"runs": 157, "wkts": 5, "allOut": false, "battingStats": [{"playerId": 227, "r": 50, "b": 40, "sr": "125.00", "4s": 6, "6s": 1, "mod": {"dismissedBp": {"innings": 2, "over": 14, "ball": 1}, "countingBp": {"innings": 2, "over": 14, "ball": 1}, "text": "lbw Sunil Narine", "bowlerId": 203, "dismissedMethod": "lbw", "isOut": true}}, {"playerId": 24, "r": 17, "b": 10, "sr": "170.00", "4s": 3, "6s": 0, "mod": {"dismissedBp": {"innings": 2, "over": 4, "ball": 4}, "countingBp": {"innings": 2, "over": 4, "ball": 4}, "text": "c Dinesh Karthik b Shivam Mavi", "bowlerId": 3779, "additionalPlayerIds": [102], "dismissedMethod": "ct", "isOut": true}}, {"playerId": 100, "r": 30, "b": 27, "sr": "111.11", "4s": 3, "6s": 0, "mod": {"dismissedBp": {"innings": 2, "over": 13, "ball": 1}, "countingBp": {"innings": 2, "over": 13, "ball": 1}, "text": "c Shubman Gill b Kamlesh Nagarkoti", "bowlerId": 3766, "additionalPlayerIds": [3761], "dismissedMethod": "ct", "isOut": true}}, {"playerId": 1, "r": 11, "b": 12, "sr": "91.66", "4s": 1, "6s": 0, "mod": {"dismissedBp": {"innings": 2, "over": 17, "ball": 3}, "countingBp": {"innings": 2, "over": 17, "ball": 3}, "text": "b Varun Chakaravarthy", "bowlerId": 5432, "dismissedMethod": "b", "isOut": true}}, {"playerId": 2939, "r": 17, "b": 11, "sr": "154.54", "4s": 1, "6s": 1, "mod": {"dismissedBp": {"innings": 2, "over": 18, "ball": 1}, "countingBp": {"innings": 2, "over": 18, "ball": 1}, "text": "c Eoin Morgan b Andre Russell", "bowlerId": 177, "additionalPlayerIds": [197], "dismissedMethod": "ct", "isOut": true}}, {"playerId": 297, "r": 7, "b": 12, "sr": "58.33", "4s": 1, "6s": 0}, {"playerId": 9, "r": 21, "b": 8, "sr": "262.50", "4s": 3, "6s": 1}], "bowlingStats": [{"playerId": 488, "ov": "4", "r": 25, "w": 0, "d": 11, "maid": 0, "e": "6.25", "wd": 2, "nb": 0}, {"playerId": 3779, "ov": "3", "r": 32, "w": 1, "d": 3, "maid": 0, "e": "10.66", "wd": 0, "nb": 0}, {"playerId": 5432, "ov": "4", "r": 28, "w": 1, "d": 7, "maid": 0, "e": "7.00", "wd": 0, "nb": 0}, {"playerId": 3766, "ov": "3", "r": 21, "w": 1, "d": 6, "maid": 0, "e": "7.00", "wd": 0, "nb": 0}, {"playerId": 203, "ov": "4", "r": 31, "w": 1, "d": 9, "maid": 0, "e": "7.75", "wd": 0, "nb": 0}, {"playerId": 177, "ov": "2", "r": 18, "w": 1, "d": 5, "maid": 0, "e": "9.00", "wd": 0, "nb": 0}], "fow": [{"bp": {"innings": 2, "over": 4, "ball": 4}, "playerId": 24, "ret": false, "w": 1, "r": 30}, {"bp": {"innings": 2, "over": 13, "ball": 1}, "playerId": 100, "ret": false, "w": 2, "r": 99}, {"bp": {"innings": 2, "over": 14, "ball": 1}, "playerId": 227, "ret": false, "w": 3, "r": 101}, {"bp": {"innings": 2, "over": 17, "ball": 3}, "playerId": 1, "ret": false, "w": 4, "r": 129}, {"bp": {"innings": 2, "over": 18, "ball": 1}, "playerId": 2939, "ret": false, "w": 5, "r": 129}], "extras": {"noBallRuns": 0, "wideRuns": 2, "byeRuns": 0, "legByeRuns": 2, "penaltyRuns": 0}, "declared": false}, "overHistory": [{"ovNo": 1, "ovBalls": [".", ".", "1", ".", "1", "4"]}, {"ovNo": 2, "ovBalls": ["1", "1", "1", "1", "4", "4"]}, {"ovNo": 3, "ovBalls": [".", ".", "1Lb", "2", "4", "."]}, {"ovNo": 4, "ovBalls": [".", "4", "1", "W", "1", "1"]}, {"ovNo": 5, "ovBalls": [".", "1", "1Wd", "4", "1", "1", "1"]}, {"ovNo": 6, "ovBalls": ["1", "4", "6", ".", "1", "1"]}, {"ovNo": 7, "ovBalls": ["1", ".", "1", "1", "1", "4"]}, {"ovNo": 8, "ovBalls": ["1", ".", "4", ".", "1", "1"]}, {"ovNo": 9, "ovBalls": ["4", "1", "1", "1", "1", "1"]}, {"ovNo": 10, "ovBalls": ["1", "1", "4", "1", "1", "4"]}, {"ovNo": 11, "ovBalls": [".", ".", "1", "1", "1", "1Wd", "."]}, {"ovNo": 12, "ovBalls": [".", "2", ".", "1", "1", "1"]}, {"ovNo": 13, "ovBalls": ["W", ".", "1", ".", ".", "1"]}, {"ovNo": 14, "ovBalls": ["W", ".", "2", "1", ".", "."]}, {"ovNo": 15, "ovBalls": [".", "1", ".", "2", "2", "1"]}, {"ovNo": 16, "ovBalls": ["1Lb", "1", "1", "6", "4", "1"]}, {"ovNo": 17, "ovBalls": ["1", "4", "W", ".", ".", "."]}, {"ovNo": 18, "ovBalls": ["W", "1", ".", ".", "1", "1"]}, {"ovNo": 19, "ovBalls": ["1", "4", ".", "1", "4", "."]}, {"ovNo": 20, "ovBalls": [".", ".", "1", "6", "4", "4"]}]}]}