{"matchInfo": {"additionalInfo": {"sixes.video.thumb": "http://brightcove.vo.llnwd.net/v1/unsecured/media/3588749423001/201505/2502/3588749423001_4239943512001_video-still-for-video-4239935133001.jpg?pubId=3588749423001", "sixes.video.id": "4239935133001", "match.video.thumb": "http://brightcove.vo.llnwd.net/v1/unsecured/media/3588749423001/201505/502/3588749423001_4239943530001_video-still-for-video-4239935138001.jpg?pubId=3588749423001", "mom.video.thumb": "http://brightcove.vo.llnwd.net/v1/unsecured/media/3588749423001/201505/2502/3588749423001_4239943528001_video-still-for-video-4239935139001.jpg?pubId=3588749423001", "mom.video.id": "4239935139001", "referee.name": "Javagal Srinath", "report.thumb": "http://static2.iplt20.com/cms/media/images/320x213/43597.jpg", "match.summary": "", "umpire.name.1": "Chettithody Shamshuddin", "umpire.name.2": "O Nandan", "umpire.name.3": "Johan Cloete", "interview.thumb": "http://static2.iplt20.com/cms/media/images/320x213/43700.jpg", "umpire.name.4": "Virender Sharma", "away.team.fan.total": "9199", "result.playerofthematch": "Pawan Negi", "toss.elected": "Kings XI Punjab, who chose to bat", "notes.1.1": "Powerplay - 41 runs, 3 wickets", "notes.1.2": "KXIP: 50 runs in 8.2 overs", "notes.2.1": "Powerplay - 47 runs, 2 wickets", "notes.1.3": "KXIP: 100 runs in 16.6 overs ", "notes.2.2": "CSK: 50 runs in 6.1 overs", "notes.1.4": "Innings Break: KXIP - 130/7 in 20 overs", "notes.2.3": "3rd Wicket: 50 runs in 35 balls (Francois du Plessis 22, Suresh Raina 23)", "notes.2.4": "Francois du Plessis: 50 off 36 balls (5 x fours, 1 x six)", "notes.2.5": "CSK: 100 runs in 13.1 overs", "highlights.link": "http://www.iplt20.com/videos/media/id/4239935138001/m53-kxip-vs-csk-match-highlights", "match.video.id": "4239935138001", "stats.link": "http://www.iplt20.com/news/2015/more-news/6846/quick-stats-m53-kxip-vs-csk", "home.team.fan.total": "4971", "photostream.link": "http://www.iplt20.com/photos/301/ipl-2015-match-53-kxip-v-csk", "toss.winner": "Kings XI Punjab", "interview.link": "http://www.iplt20.com/news/2015/features/6827/consistency-is-csks-usp-faf-du-plessis", "stats.thumb": "http://static2.iplt20.com/cms/media/images/320x213/43797.jpg"}, "teams": [{"id": 3767, "team": {"id": 4, "fullName": "Punjab Kings", "shortName": "Punjab Kings", "abbreviation": "PBKS", "type": "m", "primaryColor": "DA1F3D", "secondaryColor": "FFFFFF"}, "players": [{"id": 1085, "fullName": "Manan Vohra", "shortName": "M Vohra", "nationality": "Indian", "dateOfBirth": "1993-07-18", "rightArmedBowl": false, "rightHandedBat": true}, {"id": 16, "fullName": "Wriddhiman Saha", "shortName": "W Saha", "nationality": "Indian", "dateOfBirth": "1984-10-24", "rightArmedBowl": true, "rightHandedBat": true}, {"id": 282, "fullName": "Glenn Maxwell", "shortName": "G Maxwell", "nationality": "Australian", "dateOfBirth": "1988-10-14", "rightArmedBowl": true, "rightHandedBat": true, "bowlingStyle": "OFF_SPIN"}, {"id": 19, "fullName": "George Bailey", "shortName": "G Bailey", "nationality": "Australian", "dateOfBirth": "1982-09-07", "rightArmedBowl": false, "rightHandedBat": false}, {"id": 187, "fullName": "David Miller", "shortName": "D Miller", "nationality": "South African", "dateOfBirth": "1989-06-10", "rightArmedBowl": true, "rightHandedBat": false, "bowlingStyle": "OFF_SPIN"}, {"id": 253, "fullName": "Gurkeerat Mann Singh", "shortName": "GM Singh", "nationality": "Indian", "dateOfBirth": "1990-06-29", "rightArmedBowl": true, "rightHandedBat": true, "bowlingStyle": "OFF_SPIN"}, {"id": 1113, "fullName": "Axar Patel", "shortName": "A Patel", "nationality": "Indian", "dateOfBirth": "1994-01-20", "rightArmedBowl": false, "rightHandedBat": false, "bowlingStyle": "ORTHODOX"}, {"id": 1088, "fullName": "Rishi Dhawan", "shortName": "R Dhawan", "nationality": "Indian", "dateOfBirth": "1990-02-19", "rightArmedBowl": false, "rightHandedBat": true}, {"id": 1752, "fullName": "Beuran Hendricks", "shortName": "B Hendricks", "nationality": "South African", "dateOfBirth": "1990-06-08", "rightArmedBowl": false, "rightHandedBat": false, "bowlingStyle": "FAST_SEAM"}, {"id": 412, "fullName": "Anureet Singh", "shortName": "Anureet Singh", "nationality": "Indian", "dateOfBirth": "1982-02-26", "rightArmedBowl": false, "rightHandedBat": true}, {"id": 1112, "fullName": "Sandeep Sharma", "shortName": "S Sharma", "nationality": "Indian", "dateOfBirth": "1993-05-18", "rightArmedBowl": true, "rightHandedBat": true, "bowlingStyle": "MEDIUM_SEAM"}], "wicketKeeper": {"id": 16, "fullName": "Wriddhiman Saha", "shortName": "W Saha", "nationality": "Indian", "dateOfBirth": "1984-10-24", "rightArmedBowl": true, "rightHandedBat": true}, "captain": {"id": 19, "fullName": "George Bailey", "shortName": "G Bailey", "nationality": "Australian", "dateOfBirth": "1982-09-07", "rightArmedBowl": false, "rightHandedBat": false}}, {"id": 3766, "team": {"id": 1, "fullName": "Chennai Super Kings", "shortName": "Super Kings", "abbreviation": "CSK", "type": "m", "primaryColor": "FDB913", "secondaryColor": "0081E5"}, "players": [{"id": 202, "fullName": "Brendon McCullum", "shortName": "B McCullum", "nationality": "New Zealander", "dateOfBirth": "1981-09-27", "rightArmedBowl": true, "rightHandedBat": true, "bowlingStyle": "MEDIUM_SEAM"}, {"id": 20, "fullName": "Michael Hussey", "shortName": "M Hussey", "nationality": "Australian", "dateOfBirth": "1975-05-27", "rightArmedBowl": true, "rightHandedBat": false, "bowlingStyle": "MEDIUM_SEAM"}, {"id": 14, "fullName": "Suresh Raina", "shortName": "S Raina", "nationality": "Indian", "dateOfBirth": "1986-11-27", "rightArmedBowl": true, "rightHandedBat": false, "bowlingStyle": "OFF_SPIN"}, {"id": 24, "fullName": "Faf du Plessis", "shortName": "F du Plessis", "nationality": "South African", "dateOfBirth": "1984-07-13", "rightArmedBowl": true, "rightHandedBat": true, "bowlingStyle": "LEG_SPIN"}, {"id": 1, "fullName": "MS Dhoni", "shortName": "MS Dhoni", "nationality": "Indian", "dateOfBirth": "1981-07-07", "rightArmedBowl": true, "rightHandedBat": true, "bowlingStyle": "MEDIUM_SEAM"}, {"id": 9, "fullName": "Ravindra Jadeja", "shortName": "R Jadeja", "nationality": "Indian", "dateOfBirth": "1988-12-06", "rightArmedBowl": false, "rightHandedBat": false, "bowlingStyle": "ORTHODOX"}, {"id": 25, "fullName": "Dwayne Bravo", "shortName": "DJ Bravo", "nationality": "West Indian", "dateOfBirth": "1983-10-07", "rightArmedBowl": true, "rightHandedBat": true, "bowlingStyle": "MEDIUM_SEAM"}, {"id": 53, "fullName": "Pawan Negi", "shortName": "P Negi", "nationality": "Indian", "dateOfBirth": "1983-01-06", "rightArmedBowl": false, "rightHandedBat": false, "bowlingStyle": "ORTHODOX"}, {"id": 8, "fullName": "Ravichandran Ashwin", "shortName": "R Ashwin", "nationality": "Indian", "dateOfBirth": "1986-09-17", "rightArmedBowl": true, "rightHandedBat": true, "bowlingStyle": "OFF_SPIN"}, {"id": 115, "fullName": "Ashish Nehra", "shortName": "A Nehra", "nationality": "Indian", "dateOfBirth": "1979-04-29", "rightArmedBowl": false, "rightHandedBat": true, "bowlingStyle": "MEDIUM_SEAM"}, {"id": 1090, "fullName": "Ishwar Pandey", "shortName": "I Pandey", "nationality": "Indian", "dateOfBirth": "1989-08-15", "rightArmedBowl": true, "rightHandedBat": true}], "wicketKeeper": {"id": 1, "fullName": "MS Dhoni", "shortName": "MS Dhoni", "nationality": "Indian", "dateOfBirth": "1981-07-07", "rightArmedBowl": true, "rightHandedBat": true, "bowlingStyle": "MEDIUM_SEAM"}, "captain": {"id": 1, "fullName": "MS Dhoni", "shortName": "MS Dhoni", "nationality": "Indian", "dateOfBirth": "1981-07-07", "rightArmedBowl": true, "rightHandedBat": true, "bowlingStyle": "MEDIUM_SEAM"}}], "venue": {"id": 9, "fullName": "IS Bindra Stadium", "shortName": "IS Bindra Stadium", "city": "Mohali", "country": "India"}, "matchDate": "2015-05-16T16:00:00+0530", "matchEndDate": "2015-05-16T23:00:00+0530", "matchDateMs": 1431772200000, "matchEndDateMs": 1431797400000, "isLimitedOvers": true, "battingOrder": [0, 1], "matchBroadcast": false, "matchState": "C", "matchStatus": {"outcome": "B", "text": "Chennai Super Kings won by 7 wickets"}, "description": "Match 53", "matchSummary": "", "matchType": "IPLT20", "tournamentLabel": "IPL 2015", "oversLimit": 20, "groupName": ""}, "matchId": {"id": 3278, "name": "ipl2015-53", "tournamentId": {"id": 2785, "name": "ipl2015", "provisional": false}}, "currentState": {"inProgress": false, "phase": "C", "currentInningsIndex": 1, "currentBatsmen": [14, 1], "facingBatsman": 14, "nonFacingBatsman": 1, "currentBowler": 412, "currentBowlerCurrentSpell": {"playerId": 412, "ov": "1.5", "r": 26, "w": 0, "d": 2, "maid": 0, "e": "14.18", "wd": 0, "nb": 0}, "previousBowler": 1752, "previousBowlerCurrentSpell": {"playerId": 1752, "ov": "1", "r": 6, "w": 0, "d": 3, "maid": 0, "e": "6.00", "wd": 0, "nb": 0}, "currentPartnership": 32, "partnership": {"runs": 32, "balls": 20, "runRate": "9.60"}, "recentOvers": [{"ovNo": 12, "ovBalls": [".", "6", ".", ".", "4", "1"]}, {"ovNo": 13, "ovBalls": [".", "1", "2", "1", ".", "1"]}, {"ovNo": 14, "ovBalls": ["2", "1Wd", "2", "W", ".", ".", "."]}, {"ovNo": 15, "ovBalls": ["1", "1", "1", "4", "2", "."]}, {"ovNo": 16, "ovBalls": ["1", ".", ".", ".", "4", "1"]}, {"ovNo": 17, "ovBalls": [".", "6", "6", "1", "4"]}]}, "innings": [{"inningsNumber": 1, "runRate": "6.50", "overProgress": "20", "declared": false, "scorecard": {"runs": 130, "wkts": 7, "allOut": false, "battingStats": [{"playerId": 16, "r": 15, "b": 12, "sr": "125.00", "4s": 1, "6s": 1, "mod": {"dismissedBp": {"innings": 1, "over": 3, "ball": 2}, "countingBp": {"innings": 1, "over": 3, "ball": 2}, "text": "c Brendon McCullum b Pawan Negi", "bowlerId": 53, "additionalPlayerIds": [202], "dismissedMethod": "ct", "isOut": true}}, {"playerId": 1085, "r": 4, "b": 7, "sr": "57.14", "4s": 0, "6s": 0, "mod": {"dismissedBp": {"innings": 1, "over": 6, "ball": 1}, "countingBp": {"innings": 1, "over": 6, "ball": 1}, "text": "c Ashish Nehra b Ishwar Pandey", "bowlerId": 1090, "additionalPlayerIds": [115], "dismissedMethod": "ct", "isOut": true}}, {"playerId": 19, "r": 12, "b": 7, "sr": "171.42", "4s": 2, "6s": 0, "mod": {"dismissedBp": {"innings": 1, "over": 5, "ball": 1}, "countingBp": {"innings": 1, "over": 5, "ball": 1}, "text": "c MS Dhoni b Ashish Nehra", "bowlerId": 115, "additionalPlayerIds": [1], "dismissedMethod": "ct", "isOut": true}}, {"playerId": 282, "r": 6, "b": 14, "sr": "42.85", "4s": 1, "6s": 0, "mod": {"dismissedBp": {"innings": 1, "over": 10, "ball": 5}, "countingBp": {"innings": 1, "over": 10, "ball": 5}, "text": "b Ravindra Jadeja", "bowlerId": 9, "dismissedMethod": "b", "isOut": true}}, {"playerId": 253, "r": 15, "b": 14, "sr": "107.14", "4s": 3, "6s": 0, "mod": {"dismissedBp": {"innings": 1, "over": 9, "ball": 4}, "countingBp": {"innings": 1, "over": 9, "ball": 3}, "text": "st MS Dhoni b Ravichandran Ashwin", "bowlerId": 8, "additionalPlayerIds": [1], "dismissedMethod": "st", "isOut": true}}, {"playerId": 187, "r": 11, "b": 15, "sr": "73.33", "4s": 1, "6s": 0, "mod": {"dismissedBp": {"innings": 1, "over": 14, "ball": 5}, "countingBp": {"innings": 1, "over": 14, "ball": 5}, "text": "c Ravindra Jadeja b Pawan Negi", "bowlerId": 53, "additionalPlayerIds": [9], "dismissedMethod": "ct", "isOut": true}}, {"playerId": 1113, "r": 32, "b": 29, "sr": "110.34", "4s": 2, "6s": 1, "mod": {"dismissedBp": {"innings": 1, "over": 19, "ball": 6}, "countingBp": {"innings": 1, "over": 19, "ball": 6}, "text": "c MS Dhoni b Dwayne Bravo", "bowlerId": 25, "additionalPlayerIds": [1], "dismissedMethod": "ct", "isOut": true}}, {"playerId": 1088, "r": 25, "b": 20, "sr": "125.00", "4s": 1, "6s": 2}, {"playerId": 1752, "r": 1, "b": 2, "sr": "50.00", "4s": 0, "6s": 0}], "bowlingStats": [{"playerId": 53, "ov": "4", "r": 25, "w": 2, "d": 12, "maid": 0, "e": "6.25", "wd": 1, "nb": 0}, {"playerId": 1090, "ov": "3", "r": 22, "w": 1, "d": 8, "maid": 0, "e": "7.33", "wd": 0, "nb": 0}, {"playerId": 115, "ov": "3", "r": 17, "w": 1, "d": 12, "maid": 0, "e": "5.66", "wd": 0, "nb": 0}, {"playerId": 8, "ov": "4", "r": 14, "w": 1, "d": 14, "maid": 0, "e": "3.50", "wd": 1, "nb": 0}, {"playerId": 9, "ov": "3", "r": 18, "w": 1, "d": 7, "maid": 0, "e": "6.00", "wd": 0, "nb": 0}, {"playerId": 14, "ov": "1", "r": 8, "w": 0, "d": 2, "maid": 0, "e": "8.00", "wd": 1, "nb": 0}, {"playerId": 25, "ov": "2", "r": 20, "w": 1, "d": 2, "maid": 0, "e": "10.00", "wd": 0, "nb": 0}], "fow": [{"bp": {"innings": 1, "over": 3, "ball": 2}, "playerId": 16, "ret": false, "w": 1, "r": 16}, {"bp": {"innings": 1, "over": 5, "ball": 1}, "playerId": 19, "ret": false, "w": 2, "r": 31}, {"bp": {"innings": 1, "over": 6, "ball": 1}, "playerId": 1085, "ret": false, "w": 3, "r": 35}, {"bp": {"innings": 1, "over": 9, "ball": 3}, "playerId": 253, "ret": false, "w": 4, "r": 53}, {"bp": {"innings": 1, "over": 10, "ball": 5}, "playerId": 282, "ret": false, "w": 5, "r": 55}, {"bp": {"innings": 1, "over": 14, "ball": 5}, "playerId": 187, "ret": false, "w": 6, "r": 78}, {"bp": {"innings": 1, "over": 19, "ball": 6}, "playerId": 1113, "ret": false, "w": 7, "r": 122}], "extras": {"noBallRuns": 0, "wideRuns": 3, "byeRuns": 4, "legByeRuns": 2, "penaltyRuns": 0}, "declared": false}, "overHistory": [{"ovNo": 1, "ovBalls": [".", ".", ".", "4", "1", "."]}, {"ovNo": 2, "ovBalls": [".", ".", "1", "1", "6", "1"]}, {"ovNo": 3, "ovBalls": ["2", "W", "1", "2", "4", "1"]}, {"ovNo": 4, "ovBalls": ["4", ".", "1", ".", ".", "2"]}, {"ovNo": 5, "ovBalls": ["W", ".", ".", ".", "4", "."]}, {"ovNo": 6, "ovBalls": ["W", ".", "1", "1", ".", "4"]}, {"ovNo": 7, "ovBalls": [".", ".", ".", "1", ".", "1"]}, {"ovNo": 8, "ovBalls": [".", "4", ".", ".", "1", "."]}, {"ovNo": 9, "ovBalls": [".", "1Wd", "4", "W", ".", ".", "1"]}, {"ovNo": 10, "ovBalls": [".", "1", ".", ".", "W", "1"]}, {"ovNo": 11, "ovBalls": [".", "1", "1", ".", ".", "1"]}, {"ovNo": 12, "ovBalls": ["1", "1", ".", "1", "4", "2"]}, {"ovNo": 13, "ovBalls": ["1", ".", "1", ".", "1", "."]}, {"ovNo": 14, "ovBalls": ["1", "4B", "1Lb", "1", "W", "."]}, {"ovNo": 15, "ovBalls": ["1Wd", "1", ".", ".", "1", "4", "1"]}, {"ovNo": 16, "ovBalls": ["1Wd", "1", "4", ".", "2", ".", "."]}, {"ovNo": 17, "ovBalls": ["1", "1", "1", "1", "1", "1"]}, {"ovNo": 18, "ovBalls": ["1Lb", ".", "1", "1", "4", "1"]}, {"ovNo": 19, "ovBalls": ["6", ".", "1", "6", "1", "W"]}, {"ovNo": 20, "ovBalls": [".", "1", ".", ".", "6", "1"]}]}, {"inningsNumber": 2, "runRate": "7.96", "overProgress": "16.5", "declared": false, "scorecard": {"runs": 134, "wkts": 3, "allOut": false, "battingStats": [{"playerId": 20, "r": 1, "b": 4, "sr": "25.00", "4s": 0, "6s": 0, "mod": {"dismissedBp": {"innings": 2, "over": 1, "ball": 6}, "countingBp": {"innings": 2, "over": 1, "ball": 6}, "text": "c Wriddhiman Saha b Sandeep Sharma", "bowlerId": 1112, "additionalPlayerIds": [16], "dismissedMethod": "ct", "isOut": true}}, {"playerId": 202, "r": 6, "b": 6, "sr": "100.00", "4s": 1, "6s": 0, "mod": {"dismissedBp": {"innings": 2, "over": 2, "ball": 5}, "countingBp": {"innings": 2, "over": 2, "ball": 5}, "text": "b Beuran Hendricks", "bowlerId": 1752, "dismissedMethod": "b", "isOut": true}}, {"playerId": 24, "r": 55, "b": 41, "sr": "134.14", "4s": 5, "6s": 1, "mod": {"dismissedBp": {"innings": 2, "over": 14, "ball": 4}, "countingBp": {"innings": 2, "over": 14, "ball": 3}, "text": "b Rishi Dhawan", "bowlerId": 1088, "dismissedMethod": "b", "isOut": true}}, {"playerId": 14, "r": 41, "b": 34, "sr": "120.58", "4s": 4, "6s": 0}, {"playerId": 1, "r": 25, "b": 16, "sr": "156.25", "4s": 2, "6s": 2}], "bowlingStats": [{"playerId": 1112, "ov": "2", "r": 9, "w": 1, "d": 7, "maid": 0, "e": "4.50", "wd": 0, "nb": 0}, {"playerId": 1752, "ov": "3", "r": 25, "w": 1, "d": 7, "maid": 0, "e": "8.33", "wd": 1, "nb": 0}, {"playerId": 253, "ov": "3", "r": 22, "w": 0, "d": 5, "maid": 0, "e": "7.33", "wd": 0, "nb": 0}, {"playerId": 1088, "ov": "2", "r": 12, "w": 1, "d": 7, "maid": 0, "e": "6.00", "wd": 2, "nb": 0}, {"playerId": 282, "ov": "1", "r": 8, "w": 0, "d": 3, "maid": 0, "e": "8.00", "wd": 1, "nb": 0}, {"playerId": 1113, "ov": "3", "r": 28, "w": 0, "d": 3, "maid": 0, "e": "9.33", "wd": 1, "nb": 0}, {"playerId": 412, "ov": "2.5", "r": 30, "w": 0, "d": 4, "maid": 0, "e": "10.58", "wd": 0, "nb": 0}], "fow": [{"bp": {"innings": 2, "over": 1, "ball": 6}, "playerId": 20, "ret": false, "w": 1, "r": 2}, {"bp": {"innings": 2, "over": 2, "ball": 5}, "playerId": 202, "ret": false, "w": 2, "r": 10}, {"bp": {"innings": 2, "over": 14, "ball": 3}, "playerId": 24, "ret": false, "w": 3, "r": 102}], "extras": {"noBallRuns": 0, "wideRuns": 6, "byeRuns": 0, "legByeRuns": 0, "penaltyRuns": 0}, "declared": false}, "overHistory": [{"ovNo": 1, "ovBalls": ["1", ".", "1", ".", ".", "W"]}, {"ovNo": 2, "ovBalls": ["1", "3", ".", "4", "W", "."]}, {"ovNo": 3, "ovBalls": [".", "1", ".", "2", "4", "."]}, {"ovNo": 4, "ovBalls": ["4", ".", "1", "1Wd", "1", "3", "1"]}, {"ovNo": 5, "ovBalls": [".", "4", "2", "1", "1", "4"]}, {"ovNo": 6, "ovBalls": [".", ".", "4", ".", "1", "1Wd", "1"]}, {"ovNo": 7, "ovBalls": ["2Wd", "4", "1", ".", ".", "1", "."]}, {"ovNo": 8, "ovBalls": ["1", "1", "1", "1Wd", "1", "1", "2"]}, {"ovNo": 9, "ovBalls": ["1", "1", ".", "1", ".", "1"]}, {"ovNo": 10, "ovBalls": ["4", "1", "1", "1", "1", "1"]}, {"ovNo": 11, "ovBalls": ["1", ".", "1", "1", "2", "."]}, {"ovNo": 12, "ovBalls": [".", "6", ".", ".", "4", "1"]}, {"ovNo": 13, "ovBalls": [".", "1", "2", "1", ".", "1"]}, {"ovNo": 14, "ovBalls": ["2", "1Wd", "2", "W", ".", ".", "."]}, {"ovNo": 15, "ovBalls": ["1", "1", "1", "4", "2", "."]}, {"ovNo": 16, "ovBalls": ["1", ".", ".", ".", "4", "1"]}, {"ovNo": 17, "ovBalls": [".", "6", "6", "1", "4"]}]}]}