{"matchInfo": {"additionalInfo": {"sixes.video.thumb": "http://brightcove.vo.llnwd.net/v1/unsecured/media/3588749423001/201504/2625/3588749423001_4167216093001_vs-55293a12e4b0deb9345264c0-767904725001.jpg?pubId=3588749423001", "sixes.video.id": "4167143067001", "match.video.thumb": "http://brightcove.vo.llnwd.net/v1/unsecured/media/3588749423001/201504/1705/3588749423001_4167185272001_video-still-for-video-4167143060001.jpg?pubId=3588749423001", "mom.video.thumb": "http://brightcove.vo.llnwd.net/v1/unsecured/media/3588749423001/201504/3591/3588749423001_4167185310001_video-still-for-video-4167143077001.jpg?pubId=3588749423001", "mom.video.id": "4167143077001", "referee.name": "Manu Nayar", "report.thumb": "http://static2.iplt20.com/cms/media/images/650x433/34978.jpg", "match.summary": "", "umpire.name.1": "Richard Illingworth", "umpire.name.2": "Vineet Kulkarni", "umpire.name.3": "Rajesh Deshpande", "interview.thumb": "http://static2.iplt20.com/cms/media/images/320x213/35066.jpg", "umpire.name.4": "Krishnamachari Bharatan", "away.team.fan.total": "9094", "result.playerofthematch": "Brendon McCullum", "toss.elected": "Chennai Super Kings, who chose to bat", "notes.1.1": "Powerplay 1 - 49 runs, 0 wickets", "notes.1.2": "CSK: 50 runs in 6.1 overs", "notes.2.1": "Powerplay 1 - 46 runs, 2 wickets", "notes.1.3": "1st Wicket: 50 runs in 39 balls (Dwayne Smith 18, Brendon McCullum 24)", "notes.2.2": "SRH: 50 runs in 6.1 overs", "notes.1.4": "CSK: 100 runs in 11.3 overs", "notes.2.3": "SRH: 100 runs in 13.2 overs", "notes.1.5": "Brendon McCullum: 50 off 38 balls (4 x fours, 5 x sixes)", "notes.2.4": "David Warner: 50 off 41 balls (1 x four, 3 x sixes)", "notes.1.6": "2nd Wicket: 50 runs in 28 balls (Brendon McCullum 38, Suresh Raina 13)", "notes.2.5": "SRH: 150 runs in 18.5 overs", "notes.1.7": "CSK: 150 runs in 15.5 overs", "notes.1.8": "3rd Wicket: 50 runs in 28 balls (Brendon McCullum 9, MS Dhoni 40)", "highlights.link": "http://www.iplt20.com/videos/media/id/4167143060001/m4-csk-vs-srh-match-highlights", "notes.1.9": "MS Dhoni: 50 off 28 balls (4 x fours, 4 x sixes)", "match.video.id": "4167143060001", "stats.link": "http://www.iplt20.com/news/2015/more-news/5893/quick-stats-m4-csk-vs-srh", "home.team.fan.total": "28091", "photostream.link": "http://www.iplt20.com/photos/252/ipl-2015-match-4-csk-v-srh", "toss.winner": "Chennai Super Kings", "notes.1.10": "CSK: 200 runs in 19.4 overs", "interview.link": "http://www.iplt20.com/news/2015/features/5876/classy-mccullum-diverts-credit-to-team-mates", "notes.1.11": "Brendon McCullum: 100 off 56 balls (7 x fours, 9 x sixes)", "stats.thumb": "http://static2.iplt20.com/cms/media/images/320x213/35160.jpg", "notes.1.12": "Innings Break: CSK - 209/4 in 20 overs"}, "teams": [{"id": 3651, "team": {"id": 1, "fullName": "Chennai Super Kings", "shortName": "Super Kings", "abbreviation": "CSK", "type": "m", "primaryColor": "FDB913", "secondaryColor": "0081E5"}, "players": [{"id": 202, "fullName": "Brendon McCullum", "shortName": "B McCullum", "nationality": "New Zealander", "dateOfBirth": "1981-09-27", "rightArmedBowl": true, "rightHandedBat": true, "bowlingStyle": "MEDIUM_SEAM"}, {"id": 413, "fullName": "Dwayne Smith", "shortName": "DR Smith", "nationality": "West Indian", "dateOfBirth": "1983-04-12", "rightArmedBowl": true, "rightHandedBat": true}, {"id": 14, "fullName": "Suresh Raina", "shortName": "S Raina", "nationality": "Indian", "dateOfBirth": "1986-11-27", "rightArmedBowl": true, "rightHandedBat": false, "bowlingStyle": "OFF_SPIN"}, {"id": 24, "fullName": "Faf du Plessis", "shortName": "F du Plessis", "nationality": "South African", "dateOfBirth": "1984-07-13", "rightArmedBowl": true, "rightHandedBat": true, "bowlingStyle": "LEG_SPIN"}, {"id": 9, "fullName": "Ravindra Jadeja", "shortName": "R Jadeja", "nationality": "Indian", "dateOfBirth": "1988-12-06", "rightArmedBowl": false, "rightHandedBat": false, "bowlingStyle": "ORTHODOX"}, {"id": 1, "fullName": "MS Dhoni", "shortName": "MS Dhoni", "nationality": "Indian", "dateOfBirth": "1981-07-07", "rightArmedBowl": true, "rightHandedBat": true, "bowlingStyle": "MEDIUM_SEAM"}, {"id": 25, "fullName": "Dwayne Bravo", "shortName": "DJ Bravo", "nationality": "West Indian", "dateOfBirth": "1983-10-07", "rightArmedBowl": true, "rightHandedBat": true, "bowlingStyle": "MEDIUM_SEAM"}, {"id": 8, "fullName": "Ravichandran Ashwin", "shortName": "R Ashwin", "nationality": "Indian", "dateOfBirth": "1986-09-17", "rightArmedBowl": true, "rightHandedBat": true, "bowlingStyle": "OFF_SPIN"}, {"id": 1107, "fullName": "Mohit Sharma", "shortName": "M Sharma", "nationality": "Indian", "dateOfBirth": "1991-12-19", "rightArmedBowl": false, "rightHandedBat": true}, {"id": 1090, "fullName": "Ishwar Pandey", "shortName": "I Pandey", "nationality": "Indian", "dateOfBirth": "1989-08-15", "rightArmedBowl": true, "rightHandedBat": true}, {"id": 115, "fullName": "Ashish Nehra", "shortName": "A Nehra", "nationality": "Indian", "dateOfBirth": "1979-04-29", "rightArmedBowl": false, "rightHandedBat": true, "bowlingStyle": "MEDIUM_SEAM"}], "wicketKeeper": {"id": 1, "fullName": "MS Dhoni", "shortName": "MS Dhoni", "nationality": "Indian", "dateOfBirth": "1981-07-07", "rightArmedBowl": true, "rightHandedBat": true, "bowlingStyle": "MEDIUM_SEAM"}, "captain": {"id": 1, "fullName": "MS Dhoni", "shortName": "MS Dhoni", "nationality": "Indian", "dateOfBirth": "1981-07-07", "rightArmedBowl": true, "rightHandedBat": true, "bowlingStyle": "MEDIUM_SEAM"}}, {"id": 3650, "team": {"id": 62, "fullName": "Sunrisers Hyderabad", "shortName": "Sunrisers", "abbreviation": "SRH", "type": "m", "primaryColor": "FF9C00", "secondaryColor": "FFFFFF"}, "players": [{"id": 170, "fullName": "David Warner", "shortName": "D Warner", "nationality": "Australian", "dateOfBirth": "1986-10-27", "rightArmedBowl": true, "rightHandedBat": false, "bowlingStyle": "LEG_SPIN"}, {"id": 41, "fullName": "Shikhar Dhawan", "shortName": "S Dhawan", "nationality": "Indian", "dateOfBirth": "1985-12-05", "rightArmedBowl": true, "rightHandedBat": false, "bowlingStyle": "OFF_SPIN"}, {"id": 1125, "fullName": "KL Rahul", "shortName": "KL Rahul", "nationality": "Indian", "dateOfBirth": "1992-04-18", "rightArmedBowl": true, "rightHandedBat": true}, {"id": 52, "fullName": "Naman Ojha", "shortName": "N Ojha", "nationality": "Indian", "dateOfBirth": "1983-07-20", "rightArmedBowl": true, "rightHandedBat": true}, {"id": 440, "fullName": "Kane Williamson", "shortName": "K Williamson", "nationality": "New Zealander", "dateOfBirth": "1990-08-08", "rightArmedBowl": true, "rightHandedBat": true, "bowlingStyle": "OFF_SPIN"}, {"id": 374, "fullName": "Ravi Bopara", "shortName": "R Bopara", "nationality": "English", "dateOfBirth": "1985-05-04", "rightArmedBowl": false, "rightHandedBat": true}, {"id": 1093, "fullName": "Parveez Rasool", "shortName": "P Rasool", "nationality": "Indian", "dateOfBirth": "1989-02-13", "rightArmedBowl": false, "rightHandedBat": true}, {"id": 1118, "fullName": "Karn Sharma", "shortName": "K Sharma", "nationality": "Indian", "dateOfBirth": "1987-10-23", "rightArmedBowl": true, "rightHandedBat": false, "bowlingStyle": "LEG_SPIN"}, {"id": 116, "fullName": "Bhuvneshwar Kumar", "shortName": "B Kumar", "nationality": "Indian", "dateOfBirth": "1990-02-05", "rightArmedBowl": true, "rightHandedBat": true, "bowlingStyle": "MEDIUM_SEAM"}, {"id": 38, "fullName": "Ishant Sharma", "shortName": "I Sharma", "nationality": "Indian", "dateOfBirth": "1988-09-02", "rightArmedBowl": true, "rightHandedBat": true, "bowlingStyle": "FAST_SEAM"}, {"id": 969, "fullName": "Trent Boult", "shortName": "T Boult", "nationality": "New Zealander", "dateOfBirth": "1989-07-22", "rightArmedBowl": false, "rightHandedBat": true, "bowlingStyle": "FAST_SEAM"}], "wicketKeeper": {"id": 52, "fullName": "Naman Ojha", "shortName": "N Ojha", "nationality": "Indian", "dateOfBirth": "1983-07-20", "rightArmedBowl": true, "rightHandedBat": true}, "captain": {"id": 170, "fullName": "David Warner", "shortName": "D Warner", "nationality": "Australian", "dateOfBirth": "1986-10-27", "rightArmedBowl": true, "rightHandedBat": false, "bowlingStyle": "LEG_SPIN"}}], "venue": {"id": 1, "fullName": "M. A. Chidambaram Stadium", "shortName": "Chidambaram", "city": "Chennai", "country": "India"}, "matchDate": "2015-04-11T16:00:00+0530", "matchEndDate": "2015-04-11T23:00:00+0530", "matchDateMs": 1428748200000, "matchEndDateMs": 1428773400000, "isLimitedOvers": true, "battingOrder": [0, 1], "matchBroadcast": false, "matchState": "C", "matchStatus": {"outcome": "A", "text": "Chennai Super Kings won by 45 runs"}, "description": "Match 4", "matchSummary": "", "matchType": "IPLT20", "tournamentLabel": "IPL 2015", "oversLimit": 20, "groupName": ""}, "matchId": {"id": 3229, "name": "ipl2015-04", "tournamentId": {"id": 2785, "name": "ipl2015", "provisional": false}}, "currentState": {"inProgress": false, "phase": "C", "currentInningsIndex": 1, "currentBatsmen": [440, 1093], "facingBatsman": 440, "nonFacingBatsman": 1093, "currentBowler": -1, "previousBowler": 25, "previousBowlerCurrentSpell": {"playerId": 25, "ov": "2", "r": 10, "w": 2, "d": 3, "maid": 0, "e": "5.00", "wd": 1, "nb": 0}, "currentPartnership": 14, "partnership": {"runs": 14, "balls": 6, "runRate": "14.00"}, "recentOvers": [{"ovNo": 15, "ovBalls": ["1", "1", "4", "6", "W", "1"]}, {"ovNo": 16, "ovBalls": ["2", "1", "6", "6", "1", "1"]}, {"ovNo": 17, "ovBalls": ["1Wd", "1Lb", "1", "1", "W", "1", "1"]}, {"ovNo": 18, "ovBalls": ["1Wd", "1", "1Wd", "1", ".", "2", "1", "."]}, {"ovNo": 19, "ovBalls": ["1", "1", "1", "1", "1", "W"]}, {"ovNo": 20, "ovBalls": ["1", "4", "1", "1", "6", "1"]}]}, "innings": [{"inningsNumber": 1, "runRate": "10.45", "overProgress": "20", "declared": false, "scorecard": {"runs": 209, "wkts": 4, "allOut": false, "battingStats": [{"playerId": 413, "r": 27, "b": 26, "sr": "103.84", "4s": 4, "6s": 1, "mod": {"dismissedBp": {"innings": 1, "over": 9, "ball": 1}, "countingBp": {"innings": 1, "over": 9, "ball": 1}, "text": "run out (Trent Boult)", "bowlerId": 374, "additionalPlayerIds": [969], "dismissedMethod": "ro", "isOut": true}}, {"playerId": 202, "r": 100, "b": 56, "sr": "178.57", "4s": 7, "6s": 9}, {"playerId": 14, "r": 14, "b": 12, "sr": "116.66", "4s": 1, "6s": 0, "mod": {"dismissedBp": {"innings": 1, "over": 14, "ball": 3}, "countingBp": {"innings": 1, "over": 14, "ball": 3}, "text": "run out (KL Rahul)", "bowlerId": 374, "additionalPlayerIds": [1125], "dismissedMethod": "ro", "isOut": true}}, {"playerId": 1, "r": 53, "b": 29, "sr": "182.75", "4s": 4, "6s": 4, "mod": {"dismissedBp": {"innings": 1, "over": 20, "ball": 2}, "countingBp": {"innings": 1, "over": 20, "ball": 2}, "text": "c David Warner b Trent Boult", "bowlerId": 969, "additionalPlayerIds": [170], "dismissedMethod": "ct", "isOut": true}}, {"playerId": 9, "r": 0, "b": 1, "sr": "0.00", "4s": 0, "6s": 0, "mod": {"dismissedBp": {"innings": 1, "over": 20, "ball": 3}, "countingBp": {"innings": 1, "over": 20, "ball": 3}, "text": "run out (Trent Boult)", "bowlerId": 969, "additionalPlayerIds": [969], "dismissedMethod": "ro", "isOut": true}}, {"playerId": 25, "r": 0, "b": 0, "4s": 0, "6s": 0}], "bowlingStats": [{"playerId": 116, "ov": "4", "r": 31, "w": 0, "d": 13, "maid": 0, "e": "7.75", "wd": 3, "nb": 0}, {"playerId": 969, "ov": "4", "r": 34, "w": 1, "d": 12, "maid": 0, "e": "8.50", "wd": 1, "nb": 0}, {"playerId": 38, "ov": "3", "r": 46, "w": 0, "d": 6, "maid": 0, "e": "15.33", "wd": 0, "nb": 4}, {"playerId": 1118, "ov": "4", "r": 51, "w": 0, "d": 8, "maid": 0, "e": "12.75", "wd": 0, "nb": 0}, {"playerId": 374, "ov": "4", "r": 29, "w": 0, "d": 7, "maid": 0, "e": "7.25", "wd": 0, "nb": 0}, {"playerId": 1093, "ov": "1", "r": 11, "w": 0, "d": 3, "maid": 0, "e": "11.00", "wd": 0, "nb": 0}], "fow": [{"bp": {"innings": 1, "over": 9, "ball": 1}, "playerId": 413, "ret": false, "w": 1, "r": 75}, {"bp": {"innings": 1, "over": 14, "ball": 3}, "playerId": 14, "ret": false, "w": 2, "r": 135}, {"bp": {"innings": 1, "over": 20, "ball": 2}, "playerId": 1, "ret": false, "w": 3, "r": 198}, {"bp": {"innings": 1, "over": 20, "ball": 3}, "playerId": 9, "ret": false, "w": 4, "r": 198}], "extras": {"noBallRuns": 4, "wideRuns": 4, "byeRuns": 0, "legByeRuns": 7, "penaltyRuns": 0}, "declared": false}, "overHistory": [{"ovNo": 1, "ovBalls": [".", ".", ".", "4", ".", "."]}, {"ovNo": 2, "ovBalls": ["1Wd", "4", ".", "1", ".", "1", "."]}, {"ovNo": 3, "ovBalls": [".", "1Wd", "5Lb", "6", ".", "1Wd", ".", "."]}, {"ovNo": 4, "ovBalls": [".", "1Lb", ".", "4", "1", "4"]}, {"ovNo": 5, "ovBalls": [".", "1Nb", "1", ".", ".", "1Nb", "4", "."]}, {"ovNo": 6, "ovBalls": [".", "6", ".", "1", "1", "."]}, {"ovNo": 7, "ovBalls": ["4", ".", "1", "1Nb", "6", ".", "4"]}, {"ovNo": 8, "ovBalls": ["6", "1", "1Lb", "1", "1", "."]}, {"ovNo": 9, "ovBalls": ["W", "1", ".", "1", "1", "."]}, {"ovNo": 10, "ovBalls": ["1", "4", ".", ".", "6", "."]}, {"ovNo": 11, "ovBalls": ["1", "1", "4", ".", "1", "."]}, {"ovNo": 12, "ovBalls": ["1", "2", "6", "5Nb", "6", "1", "2"]}, {"ovNo": 13, "ovBalls": ["1", "1", ".", "6", "6", "."]}, {"ovNo": 14, "ovBalls": ["1", "1", "W", ".", "1", "4"]}, {"ovNo": 15, "ovBalls": [".", ".", ".", ".", "2", "1"]}, {"ovNo": 16, "ovBalls": ["1", "1", "1", "1", "4", "1"]}, {"ovNo": 17, "ovBalls": ["2", "6", ".", "1", "1Wd", "1", "1"]}, {"ovNo": 18, "ovBalls": ["6", ".", "6", "1", "1", "6"]}, {"ovNo": 19, "ovBalls": ["1", "4", ".", "4", ".", "1"]}, {"ovNo": 20, "ovBalls": ["4", "W", "W", "6", "4", "1"]}]}, {"inningsNumber": 2, "runRate": "8.20", "overProgress": "20", "declared": false, "scorecard": {"runs": 164, "wkts": 6, "allOut": false, "battingStats": [{"playerId": 170, "r": 53, "b": 42, "sr": "126.19", "4s": 1, "6s": 3, "mod": {"dismissedBp": {"innings": 2, "over": 15, "ball": 5}, "countingBp": {"innings": 2, "over": 15, "ball": 5}, "text": "c Dwayne Smith b Ishwar Pandey", "bowlerId": 1090, "additionalPlayerIds": [413], "dismissedMethod": "ct", "isOut": true}}, {"playerId": 41, "r": 26, "b": 18, "sr": "144.44", "4s": 5, "6s": 0, "mod": {"dismissedBp": {"innings": 2, "over": 4, "ball": 4}, "countingBp": {"innings": 2, "over": 4, "ball": 4}, "text": "c Ravindra Jadeja b Mohit Sharma", "bowlerId": 1107, "additionalPlayerIds": [9], "dismissedMethod": "ct", "isOut": true}}, {"playerId": 1125, "r": 5, "b": 8, "sr": "62.50", "4s": 1, "6s": 0, "mod": {"dismissedBp": {"innings": 2, "over": 6, "ball": 6}, "countingBp": {"innings": 2, "over": 6, "ball": 6}, "text": "b Mohit Sharma", "bowlerId": 1107, "dismissedMethod": "b", "isOut": true}}, {"playerId": 52, "r": 15, "b": 11, "sr": "136.36", "4s": 0, "6s": 1, "mod": {"dismissedBp": {"innings": 2, "over": 12, "ball": 3}, "countingBp": {"innings": 2, "over": 12, "ball": 3}, "text": "c Mohit Sharma b Ravichandran Ashwin", "bowlerId": 8, "additionalPlayerIds": [1107], "dismissedMethod": "ct", "isOut": true}}, {"playerId": 374, "r": 22, "b": 15, "sr": "146.66", "4s": 0, "6s": 2, "mod": {"dismissedBp": {"innings": 2, "over": 17, "ball": 5}, "countingBp": {"innings": 2, "over": 17, "ball": 4}, "text": "b Dwayne Bravo", "bowlerId": 25, "dismissedMethod": "b", "isOut": true}}, {"playerId": 440, "r": 26, "b": 18, "sr": "144.44", "4s": 1, "6s": 1}, {"playerId": 1118, "r": 4, "b": 6, "sr": "66.66", "4s": 0, "6s": 0, "mod": {"dismissedBp": {"innings": 2, "over": 19, "ball": 6}, "countingBp": {"innings": 2, "over": 19, "ball": 6}, "text": "c Suresh Raina b Dwayne Bravo", "bowlerId": 25, "additionalPlayerIds": [14], "dismissedMethod": "ct", "isOut": true}}, {"playerId": 1093, "r": 2, "b": 2, "sr": "100.00", "4s": 0, "6s": 0}], "bowlingStats": [{"playerId": 115, "ov": "4", "r": 31, "w": 0, "d": 8, "maid": 0, "e": "7.75", "wd": 2, "nb": 0}, {"playerId": 1107, "ov": "4", "r": 36, "w": 2, "d": 8, "maid": 0, "e": "9.00", "wd": 0, "nb": 0}, {"playerId": 1090, "ov": "3", "r": 26, "w": 1, "d": 7, "maid": 0, "e": "8.66", "wd": 0, "nb": 0}, {"playerId": 8, "ov": "4", "r": 22, "w": 1, "d": 9, "maid": 0, "e": "5.50", "wd": 0, "nb": 0}, {"playerId": 25, "ov": "4", "r": 25, "w": 2, "d": 6, "maid": 0, "e": "6.25", "wd": 2, "nb": 0}, {"playerId": 9, "ov": "1", "r": 17, "w": 0, "d": 0, "maid": 0, "e": "17.00", "wd": 0, "nb": 0}], "fow": [{"bp": {"innings": 2, "over": 4, "ball": 4}, "playerId": 41, "ret": false, "w": 1, "r": 30}, {"bp": {"innings": 2, "over": 6, "ball": 6}, "playerId": 1125, "ret": false, "w": 2, "r": 46}, {"bp": {"innings": 2, "over": 12, "ball": 3}, "playerId": 52, "ret": false, "w": 3, "r": 91}, {"bp": {"innings": 2, "over": 15, "ball": 5}, "playerId": 170, "ret": false, "w": 4, "r": 114}, {"bp": {"innings": 2, "over": 17, "ball": 4}, "playerId": 374, "ret": false, "w": 5, "r": 136}, {"bp": {"innings": 2, "over": 19, "ball": 6}, "playerId": 1118, "ret": false, "w": 6, "r": 150}], "extras": {"noBallRuns": 0, "wideRuns": 4, "byeRuns": 0, "legByeRuns": 7, "penaltyRuns": 0}, "declared": false}, "overHistory": [{"ovNo": 1, "ovBalls": ["1", "4", ".", ".", "4", "1"]}, {"ovNo": 2, "ovBalls": [".", "4", ".", ".", ".", "1"]}, {"ovNo": 3, "ovBalls": ["1", "1", "1", "1", "4", "1"]}, {"ovNo": 4, "ovBalls": ["4", "1", "1", "W", "1", "1"]}, {"ovNo": 5, "ovBalls": ["1", ".", "4", ".", ".", "."]}, {"ovNo": 6, "ovBalls": [".", "6", "2", "1", ".", "W"]}, {"ovNo": 7, "ovBalls": ["6", ".", "1Lb", "1", ".", "4Lb"]}, {"ovNo": 8, "ovBalls": ["1", "1", "1", ".", ".", "1"]}, {"ovNo": 9, "ovBalls": ["2", "1", "1", "2", "1", "."]}, {"ovNo": 10, "ovBalls": ["1Lb", ".", "1", "1", "2", "6"]}, {"ovNo": 11, "ovBalls": ["2", ".", "1Wd", "2", ".", "1", "2"]}, {"ovNo": 12, "ovBalls": ["2", "1", "W", "1", ".", "1"]}, {"ovNo": 13, "ovBalls": ["2", ".", "1", ".", "1", "2"]}, {"ovNo": 14, "ovBalls": [".", "1", ".", ".", "1", "1"]}, {"ovNo": 15, "ovBalls": ["1", "1", "4", "6", "W", "1"]}, {"ovNo": 16, "ovBalls": ["2", "1", "6", "6", "1", "1"]}, {"ovNo": 17, "ovBalls": ["1Wd", "1Lb", "1", "1", "W", "1", "1"]}, {"ovNo": 18, "ovBalls": ["1Wd", "1", "1Wd", "1", ".", "2", "1", "."]}, {"ovNo": 19, "ovBalls": ["1", "1", "1", "1", "1", "W"]}, {"ovNo": 20, "ovBalls": ["1", "4", "1", "1", "6", "1"]}]}]}