{"matchInfo": {"additionalInfo": {"report.link": "https://www.iplt20.com/news/243743/vivo-ipl-2021-match-48-rcb-vs-pbks-match-report", "sixes.video.thumb": "https://resources.platform.iplt20.com/photo-resources/2021/10/03/ee9a66e5-3636-4f99-9971-5a5c78d15c24/7pXkbhvf.jpg?width=390&height=219", "toss.elected": "Royal Challengers Bangalore, who chose to bat", "sixes.video.id": "243667", "match.video.thumb": "https://resources.platform.iplt20.com/photo-resources/2021/10/03/09ed03af-83cc-4e1b-94bd-dee6af90bf33/0M9qSv0D.jpg?width=390&height=219", "referee.name": "Prakash Bhatt", "match.video.id": "243631", "report.thumb": "https://resources.platform.iplt20.com/photo-resources/2021/10/03/ebbb6130-715b-4534-99f0-30de6042aa5e/DM48M1550.JPG?width=780&height=439", "match.summary": "", "umpire.name.1": "K. Ananthapadmanabhan", "umpire.name.2": "Richard Illingworth", "toss.winner": "Royal Challengers Bangalore", "umpire.name.3": "K. Srinivasan", "umpire.name.4": "Yeshwant Barde"}, "teams": [{"id": 32496, "team": {"id": 9, "fullName": "Royal Challengers Bangalore", "shortName": "Challengers", "abbreviation": "RCB", "type": "m", "primaryColor": "000000", "secondaryColor": "FF3245"}, "players": [{"id": 164, "fullName": "Virat Kohli", "shortName": "V Kohli", "nationality": "Indian", "dateOfBirth": "1988-11-05", "rightArmedBowl": true, "rightHandedBat": true, "bowlingStyle": "MEDIUM_SEAM"}, {"id": 5430, "fullName": "Devdutt Padikkal", "shortName": "D Padikkal", "nationality": "Indian", "dateOfBirth": "2000-07-07", "rightArmedBowl": true, "rightHandedBat": false, "bowlingStyle": "OFF_SPIN"}, {"id": 2734, "fullName": "K.S Bharat", "shortName": "KS Bharat", "nationality": "Indian", "dateOfBirth": "1993-10-03", "rightArmedBowl": false, "rightHandedBat": true}, {"id": 282, "fullName": "Glenn Maxwell", "shortName": "G Maxwell", "nationality": "Australian", "dateOfBirth": "1988-10-14", "rightArmedBowl": true, "rightHandedBat": true, "bowlingStyle": "OFF_SPIN"}, {"id": 233, "fullName": "AB de Villiers", "shortName": "AB de Villiers", "nationality": "South African", "dateOfBirth": "1984-02-17", "rightArmedBowl": true, "rightHandedBat": true, "bowlingStyle": "MEDIUM_SEAM"}, {"id": 181, "fullName": "Dan Christian", "shortName": "D Christian", "nationality": "Australian", "dateOfBirth": "1983-05-04", "rightArmedBowl": true, "rightHandedBat": true, "bowlingStyle": "MEDIUM_SEAM"}, {"id": 13803, "fullName": "Shahbaz Ahmed", "shortName": "S Ahmed", "nationality": "Indian", "dateOfBirth": "1994-12-11", "rightArmedBowl": false, "rightHandedBat": false, "bowlingStyle": "ORTHODOX"}, {"id": 2942, "fullName": "George Garton", "shortName": "G Garton", "nationality": "English", "dateOfBirth": "1997-04-15", "rightArmedBowl": false, "rightHandedBat": false}, {"id": 157, "fullName": "Harshal Patel", "shortName": "H Patel", "nationality": "Indian", "dateOfBirth": "1990-11-23", "rightArmedBowl": true, "rightHandedBat": true, "bowlingStyle": "MEDIUM_SEAM"}, {"id": 3840, "fullName": "Mohammed Siraj", "shortName": "M Siraj", "nationality": "Indian", "dateOfBirth": "1994-03-13", "rightArmedBowl": true, "rightHandedBat": true, "bowlingStyle": "MEDIUM_SEAM"}, {"id": 111, "fullName": "Yuzvendra Chahal", "shortName": "Y Chahal", "nationality": "Indian", "dateOfBirth": "1990-07-23", "rightArmedBowl": true, "rightHandedBat": true, "bowlingStyle": "LEG_SPIN"}], "wicketKeeper": {"id": 2734, "fullName": "K.S Bharat", "shortName": "KS Bharat", "nationality": "Indian", "dateOfBirth": "1993-10-03", "rightArmedBowl": false, "rightHandedBat": true}, "captain": {"id": 164, "fullName": "Virat Kohli", "shortName": "V Kohli", "nationality": "Indian", "dateOfBirth": "1988-11-05", "rightArmedBowl": true, "rightHandedBat": true, "bowlingStyle": "MEDIUM_SEAM"}}, {"id": 32497, "team": {"id": 4, "fullName": "Punjab Kings", "shortName": "Punjab Kings", "abbreviation": "PBKS", "type": "m", "primaryColor": "DA1F3D", "secondaryColor": "FFFFFF"}, "players": [{"id": 1125, "fullName": "KL Rahul", "shortName": "KL Rahul", "nationality": "Indian", "dateOfBirth": "1992-04-18", "rightArmedBowl": true, "rightHandedBat": true}, {"id": 158, "fullName": "Mayank Agarwal", "shortName": "M Agarwal", "nationality": "Indian", "dateOfBirth": "1991-02-18", "rightArmedBowl": true, "rightHandedBat": true}, {"id": 1667, "fullName": "Aiden Markram", "shortName": "A Markram", "nationality": "South African", "dateOfBirth": "1994-10-04", "rightArmedBowl": true, "rightHandedBat": true, "bowlingStyle": "OFF_SPIN"}, {"id": 1703, "fullName": "Nicholas Pooran", "shortName": "N Pooran", "nationality": "West Indian", "dateOfBirth": "1995-10-02", "rightArmedBowl": false, "rightHandedBat": false}, {"id": 1564, "fullName": "Sarfaraz Khan", "shortName": "SN Khan", "nationality": "Indian", "dateOfBirth": "1997-10-22", "rightArmedBowl": true, "rightHandedBat": true, "bowlingStyle": "LEG_SPIN"}, {"id": 7779, "fullName": "Shahrukh Khan", "shortName": "S Khan", "nationality": "Indian", "dateOfBirth": "1995-05-27", "rightArmedBowl": true, "rightHandedBat": true, "bowlingStyle": "FAST_SEAM"}, {"id": 388, "fullName": "Moises Henriques", "shortName": "M Henriques", "nationality": "Australian", "dateOfBirth": "1987-02-01", "rightArmedBowl": true, "rightHandedBat": true, "bowlingStyle": "MEDIUM_SEAM"}, {"id": 5441, "fullName": "Harpreet Brar", "shortName": "H Brar", "nationality": "Indian", "dateOfBirth": "1995-09-16", "rightArmedBowl": false, "rightHandedBat": false, "bowlingStyle": "ORTHODOX"}, {"id": 19351, "fullName": "Ravi Bishnoi", "shortName": "R Bishnoi", "nationality": "Indian", "dateOfBirth": "2000-09-05", "rightArmedBowl": true, "rightHandedBat": true, "bowlingStyle": "LEG_SPIN"}, {"id": 94, "fullName": "Mohammad Shami", "shortName": "M Shami", "nationality": "Indian", "dateOfBirth": "1990-09-03", "rightArmedBowl": true, "rightHandedBat": true, "bowlingStyle": "FAST_SEAM"}, {"id": 4698, "fullName": "Arshdeep Singh", "shortName": "A Singh", "nationality": "Indian", "dateOfBirth": "1999-02-05", "rightArmedBowl": false, "rightHandedBat": false, "bowlingStyle": "MEDIUM_SEAM"}], "wicketKeeper": {"id": 1125, "fullName": "KL Rahul", "shortName": "KL Rahul", "nationality": "Indian", "dateOfBirth": "1992-04-18", "rightArmedBowl": true, "rightHandedBat": true}, "captain": {"id": 1125, "fullName": "KL Rahul", "shortName": "KL Rahul", "nationality": "Indian", "dateOfBirth": "1992-04-18", "rightArmedBowl": true, "rightHandedBat": true}}], "venue": {"id": 104, "fullName": "Sharjah Cricket Stadium", "shortName": "Sharjah Cricket Stadium", "city": "Sharjah", "country": "UAE"}, "matchDate": "2021-10-03T14:00:00+0400", "matchEndDate": "2021-10-03T23:00:00+0400", "matchDateMs": 1633255200000, "matchEndDateMs": 1633287600000, "isLimitedOvers": true, "battingOrder": [0, 1], "matchBroadcast": false, "matchState": "C", "matchStatus": {"outcome": "A", "text": "Royal Challengers Bangalore won by 6 runs"}, "description": "Match 48", "matchSummary": "", "matchType": "IPLT20", "tournamentLabel": "IPL 2021", "oversLimit": 20, "groupName": ""}, "matchId": {"id": 32230, "name": "ipl2021-48", "tournamentId": {"id": 22399, "name": "ipl2021", "provisional": false}}, "currentState": {"inProgress": false, "phase": "C", "currentInningsIndex": 1, "currentBatsmen": [388, 5441], "facingBatsman": 388, "nonFacingBatsman": 5441, "currentBowler": -1, "previousBowler": 3840, "previousBowlerCurrentSpell": {"playerId": 3840, "ov": "1", "r": 8, "w": 0, "d": 2, "maid": 0, "e": "8.00", "wd": 1, "nb": 0}, "currentPartnership": 12, "partnership": {"runs": 12, "balls": 5, "runRate": "14.40"}, "recentOvers": [{"ovNo": 15, "ovBalls": [".", "1", "4", "1", "4", "1"]}, {"ovNo": 16, "ovBalls": ["1", "W", "6", "1", "W", "."]}, {"ovNo": 17, "ovBalls": ["4", "1", ".", "1", "W", "1"]}, {"ovNo": 18, "ovBalls": ["2", "1", ".", "1", "6", "."]}, {"ovNo": 19, "ovBalls": [".", "1", "4", ".", "1Wd", "1", "1"]}, {"ovNo": 20, "ovBalls": ["W", "2", "1", "2", "6", "1"]}]}, "innings": [{"inningsNumber": 1, "runRate": "8.20", "overProgress": "20", "declared": false, "scorecard": {"runs": 164, "wkts": 7, "allOut": false, "battingStats": [{"playerId": 164, "r": 25, "b": 24, "sr": "104.16", "4s": 2, "6s": 1, "mod": {"dismissedBp": {"innings": 1, "over": 10, "ball": 4}, "countingBp": {"innings": 1, "over": 10, "ball": 4}, "text": "b Moises Henriques", "bowlerId": 388, "dismissedMethod": "b", "isOut": true}}, {"playerId": 5430, "r": 40, "b": 38, "sr": "105.26", "4s": 4, "6s": 2, "mod": {"dismissedBp": {"innings": 1, "over": 12, "ball": 4}, "countingBp": {"innings": 1, "over": 12, "ball": 4}, "text": "c KL Rahul b Moises Henriques", "bowlerId": 388, "additionalPlayerIds": [1125], "dismissedMethod": "ct", "isOut": true}}, {"playerId": 181, "r": 0, "b": 1, "sr": "0.00", "4s": 0, "6s": 0, "mod": {"dismissedBp": {"innings": 1, "over": 10, "ball": 5}, "countingBp": {"innings": 1, "over": 10, "ball": 5}, "text": "c Sarfaraz Khan b Moises Henriques", "bowlerId": 388, "additionalPlayerIds": [1564], "dismissedMethod": "ct", "isOut": true}}, {"playerId": 282, "r": 57, "b": 33, "sr": "172.72", "4s": 3, "6s": 4, "mod": {"dismissedBp": {"innings": 1, "over": 20, "ball": 2}, "countingBp": {"innings": 1, "over": 20, "ball": 2}, "text": "c Sarfaraz Khan b Mohammad Shami", "bowlerId": 94, "additionalPlayerIds": [1564], "dismissedMethod": "ct", "isOut": true}}, {"playerId": 233, "r": 23, "b": 18, "sr": "127.77", "4s": 1, "6s": 2, "mod": {"dismissedBp": {"innings": 1, "over": 19, "ball": 2}, "countingBp": {"innings": 1, "over": 19, "ball": 2}, "text": "run out (Sarfaraz Khan)", "bowlerId": 4698, "additionalPlayerIds": [1564], "dismissedMethod": "ro", "isOut": true}}, {"playerId": 13803, "r": 8, "b": 4, "sr": "200.00", "4s": 0, "6s": 1, "mod": {"dismissedBp": {"innings": 1, "over": 20, "ball": 4}, "countingBp": {"innings": 1, "over": 20, "ball": 4}, "text": "b Mohammad Shami", "bowlerId": 94, "dismissedMethod": "b", "isOut": true}}, {"playerId": 2734, "r": 0, "b": 0, "4s": 0, "6s": 0}, {"playerId": 2942, "r": 0, "b": 1, "sr": "0.00", "4s": 0, "6s": 0, "mod": {"dismissedBp": {"innings": 1, "over": 20, "ball": 5}, "countingBp": {"innings": 1, "over": 20, "ball": 5}, "text": "b Mohammad Shami", "bowlerId": 94, "dismissedMethod": "b", "isOut": true}}, {"playerId": 157, "r": 1, "b": 1, "sr": "100.00", "4s": 0, "6s": 0}], "bowlingStats": [{"playerId": 1667, "ov": "1", "r": 5, "w": 0, "d": 4, "maid": 0, "e": "5.00", "wd": 0, "nb": 0}, {"playerId": 94, "ov": "4", "r": 39, "w": 3, "d": 6, "maid": 0, "e": "9.75", "wd": 0, "nb": 0}, {"playerId": 4698, "ov": "3", "r": 42, "w": 0, "d": 6, "maid": 0, "e": "14.00", "wd": 4, "nb": 0}, {"playerId": 19351, "ov": "4", "r": 35, "w": 0, "d": 11, "maid": 0, "e": "8.75", "wd": 1, "nb": 0}, {"playerId": 5441, "ov": "4", "r": 26, "w": 0, "d": 14, "maid": 0, "e": "6.50", "wd": 0, "nb": 0}, {"playerId": 388, "ov": "4", "r": 12, "w": 3, "d": 13, "maid": 0, "e": "3.00", "wd": 0, "nb": 0}], "fow": [{"bp": {"innings": 1, "over": 10, "ball": 4}, "playerId": 164, "ret": false, "w": 1, "r": 68}, {"bp": {"innings": 1, "over": 10, "ball": 5}, "playerId": 181, "ret": false, "w": 2, "r": 68}, {"bp": {"innings": 1, "over": 12, "ball": 4}, "playerId": 5430, "ret": false, "w": 3, "r": 73}, {"bp": {"innings": 1, "over": 19, "ball": 2}, "playerId": 233, "ret": false, "w": 4, "r": 146}, {"bp": {"innings": 1, "over": 20, "ball": 2}, "playerId": 282, "ret": false, "w": 5, "r": 157}, {"bp": {"innings": 1, "over": 20, "ball": 4}, "playerId": 13803, "ret": false, "w": 6, "r": 163}, {"bp": {"innings": 1, "over": 20, "ball": 5}, "playerId": 2942, "ret": false, "w": 7, "r": 163}], "extras": {"noBallRuns": 0, "wideRuns": 5, "byeRuns": 0, "legByeRuns": 5, "penaltyRuns": 0}, "declared": false}, "overHistory": [{"ovNo": 1, "ovBalls": [".", "4", "1", ".", ".", "."]}, {"ovNo": 2, "ovBalls": ["1", ".", "1", "1", "1", "2"]}, {"ovNo": 3, "ovBalls": ["6", "4", "1Wd", ".", ".", ".", "2"]}, {"ovNo": 4, "ovBalls": ["1Wd", "1", ".", "4", ".", ".", "4"]}, {"ovNo": 5, "ovBalls": [".", "2", ".", "4", "1", "1"]}, {"ovNo": 6, "ovBalls": ["6", ".", "1", "1", "4", "1Wd", "."]}, {"ovNo": 7, "ovBalls": [".", ".", "1", ".", "1", "."]}, {"ovNo": 8, "ovBalls": [".", ".", ".", "1", "1Lb", "1"]}, {"ovNo": 9, "ovBalls": ["1Lb", ".", ".", ".", "6", "."]}, {"ovNo": 10, "ovBalls": [".", ".", "1", "W", "W", "1"]}, {"ovNo": 11, "ovBalls": [".", ".", ".", "1", ".", "1"]}, {"ovNo": 12, "ovBalls": ["1", ".", "1", "W", ".", "."]}, {"ovNo": 13, "ovBalls": [".", "6", "2", "6", "1", "1"]}, {"ovNo": 14, "ovBalls": ["1", "1", ".", "1", "1Lb", "."]}, {"ovNo": 15, "ovBalls": ["2", "6", "6", "1", ".", "1"]}, {"ovNo": 16, "ovBalls": ["1", ".", "2", "1", "1", "1Lb"]}, {"ovNo": 17, "ovBalls": ["4", "1", "1", "1", "4", "6"]}, {"ovNo": 18, "ovBalls": ["2", ".", "4", "1", ".", "1Lb"]}, {"ovNo": 19, "ovBalls": ["6", "W", "2", "1Wd", "1Wd", "1", "1", "4"]}, {"ovNo": 20, "ovBalls": ["1", "W", "6", "W", "W", "1"]}]}, {"inningsNumber": 2, "runRate": "7.90", "overProgress": "20", "declared": false, "scorecard": {"runs": 158, "wkts": 6, "allOut": false, "battingStats": [{"playerId": 1125, "r": 39, "b": 35, "sr": "111.42", "4s": 1, "6s": 2, "mod": {"dismissedBp": {"innings": 2, "over": 11, "ball": 5}, "countingBp": {"innings": 2, "over": 11, "ball": 5}, "text": "c Harshal Patel b Shahbaz Ahmed", "bowlerId": 13803, "additionalPlayerIds": [157], "dismissedMethod": "ct", "isOut": true}}, {"playerId": 158, "r": 57, "b": 42, "sr": "135.71", "4s": 6, "6s": 2, "mod": {"dismissedBp": {"innings": 2, "over": 16, "ball": 2}, "countingBp": {"innings": 2, "over": 16, "ball": 2}, "text": "c Mohammed Siraj b Yuzvendra Chahal", "bowlerId": 111, "additionalPlayerIds": [3840], "dismissedMethod": "ct", "isOut": true}}, {"playerId": 1703, "r": 3, "b": 7, "sr": "42.85", "4s": 0, "6s": 0, "mod": {"dismissedBp": {"innings": 2, "over": 13, "ball": 7}, "countingBp": {"innings": 2, "over": 13, "ball": 5}, "text": "c Devdutt Padikkal b Yuzvendra Chahal", "bowlerId": 111, "additionalPlayerIds": [5430], "dismissedMethod": "ct", "isOut": true}}, {"playerId": 1667, "r": 20, "b": 14, "sr": "142.85", "4s": 2, "6s": 1, "mod": {"dismissedBp": {"innings": 2, "over": 17, "ball": 5}, "countingBp": {"innings": 2, "over": 17, "ball": 5}, "text": "c Dan Christian b George Garton", "bowlerId": 2942, "additionalPlayerIds": [181], "dismissedMethod": "ct", "isOut": true}}, {"playerId": 1564, "r": 0, "b": 1, "sr": "0.00", "4s": 0, "6s": 0, "mod": {"dismissedBp": {"innings": 2, "over": 16, "ball": 5}, "countingBp": {"innings": 2, "over": 16, "ball": 5}, "text": "b Yuzvendra Chahal", "bowlerId": 111, "dismissedMethod": "b", "isOut": true}}, {"playerId": 7779, "r": 16, "b": 11, "sr": "145.45", "4s": 1, "6s": 1, "mod": {"dismissedBp": {"innings": 2, "over": 20, "ball": 1}, "countingBp": {"innings": 2, "over": 20, "ball": 1}, "text": "run out (Harshal Patel)", "bowlerId": 157, "additionalPlayerIds": [157], "dismissedMethod": "ro", "isOut": true}}, {"playerId": 388, "r": 12, "b": 9, "sr": "133.33", "4s": 0, "6s": 1}, {"playerId": 5441, "r": 3, "b": 2, "sr": "150.00", "4s": 0, "6s": 0}], "bowlingStats": [{"playerId": 3840, "ov": "4", "r": 33, "w": 0, "d": 9, "maid": 0, "e": "8.25", "wd": 1, "nb": 0}, {"playerId": 2942, "ov": "4", "r": 27, "w": 1, "d": 10, "maid": 0, "e": "6.75", "wd": 2, "nb": 1}, {"playerId": 13803, "ov": "3", "r": 29, "w": 1, "d": 4, "maid": 0, "e": "9.66", "wd": 0, "nb": 0}, {"playerId": 157, "ov": "4", "r": 27, "w": 0, "d": 10, "maid": 0, "e": "6.75", "wd": 0, "nb": 0}, {"playerId": 111, "ov": "4", "r": 29, "w": 3, "d": 9, "maid": 0, "e": "7.25", "wd": 2, "nb": 0}, {"playerId": 181, "ov": "1", "r": 11, "w": 0, "d": 1, "maid": 0, "e": "11.00", "wd": 0, "nb": 0}], "fow": [{"bp": {"innings": 2, "over": 11, "ball": 5}, "playerId": 1125, "ret": false, "w": 1, "r": 91}, {"bp": {"innings": 2, "over": 13, "ball": 5}, "playerId": 1703, "ret": false, "w": 2, "r": 99}, {"bp": {"innings": 2, "over": 16, "ball": 2}, "playerId": 158, "ret": false, "w": 3, "r": 114}, {"bp": {"innings": 2, "over": 16, "ball": 5}, "playerId": 1564, "ret": false, "w": 4, "r": 121}, {"bp": {"innings": 2, "over": 17, "ball": 5}, "playerId": 1667, "ret": false, "w": 5, "r": 127}, {"bp": {"innings": 2, "over": 20, "ball": 1}, "playerId": 7779, "ret": false, "w": 6, "r": 146}], "extras": {"noBallRuns": 1, "wideRuns": 5, "byeRuns": 0, "legByeRuns": 2, "penaltyRuns": 0}, "declared": false}, "overHistory": [{"ovNo": 1, "ovBalls": ["1", ".", "1", ".", ".", "1Lb"]}, {"ovNo": 2, "ovBalls": ["1", ".", ".", "1Wd", ".", "1", "1"]}, {"ovNo": 3, "ovBalls": ["4", "1", "1", "6", ".", "."]}, {"ovNo": 4, "ovBalls": ["6", "2", "1Wd", "1", "1", "2Nb", "1", "."]}, {"ovNo": 5, "ovBalls": ["6", "1", "4", ".", "1", "1"]}, {"ovNo": 6, "ovBalls": [".", "1", ".", ".", "1", "1"]}, {"ovNo": 7, "ovBalls": ["1", "1Lb", "1", "1", "2", "1"]}, {"ovNo": 8, "ovBalls": ["1", "4", "1", ".", "1", "4"]}, {"ovNo": 9, "ovBalls": ["2", "1", "1", ".", ".", "1"]}, {"ovNo": 10, "ovBalls": [".", "1", "4", ".", ".", "4"]}, {"ovNo": 11, "ovBalls": ["1", "2", "6", "1", "W", "1"]}, {"ovNo": 12, "ovBalls": [".", ".", "1", ".", ".", "1"]}, {"ovNo": 13, "ovBalls": ["1Wd", "1", "1", "1Wd", "1", ".", "W", "1"]}, {"ovNo": 14, "ovBalls": [".", "1", ".", ".", ".", "1"]}, {"ovNo": 15, "ovBalls": [".", "1", "4", "1", "4", "1"]}, {"ovNo": 16, "ovBalls": ["1", "W", "6", "1", "W", "."]}, {"ovNo": 17, "ovBalls": ["4", "1", ".", "1", "W", "1"]}, {"ovNo": 18, "ovBalls": ["2", "1", ".", "1", "6", "."]}, {"ovNo": 19, "ovBalls": [".", "1", "4", ".", "1Wd", "1", "1"]}, {"ovNo": 20, "ovBalls": ["W", "2", "1", "2", "6", "1"]}]}]}