{"matchInfo": {"additionalInfo": {"sixes.video.thumb": "http://brightcove.vo.llnwd.net/v1/unsecured/media/3588749423001/201604/1393/3588749423001_4856089554001_4855847267001-vs.jpg?pubId=3588749423001", "sixes.video.id": "4855847267001", "match.video.thumb": "http://brightcove.vo.llnwd.net/v1/unsecured/media/3588749423001/201604/2921/3588749423001_4856176460001_highgl.jpg?pubId=3588749423001", "mom.video.thumb": "http://brightcove.vo.llnwd.net/v1/unsecured/media/3588749423001/201604/967/3588749423001_4856175046001_bhuvi.jpg?pubId=3588749423001", "mom.video.id": "4856147180001", "referee.name": "Sunil Chaturvedi", "report.thumb": "http://static2.iplt20.com/cms/media/images/320x213/47366.jpg", "match.summary": "", "umpire.name.1": "Krishnamachari Bharatan", "umpire.name.2": "Kumar Dharmasena", "umpire.name.3": "Anil Dandekar", "interview.thumb": "http://static2.iplt20.com/cms/media/images/630x420/47384.jpg", "umpire.name.4": "Abhijit Deshmukh", "away.team.fan.total": "5365", "result.playerofthematch": "Bhuvneshwar Kumar", "toss.elected": "Sunrisers Hyderabad, who chose to field", "notes.1.1": "Powerplay 1 - 50 runs, 1 wicket", "notes.1.2": "GL: 50 runs in 5.5 overs", "notes.2.1": "Powerplay 1 - 63 runs, 0 wicket", "notes.1.3": "2nd Wicket: 50 runs in 31 balls (Brendon McCullum 16, Suresh Raina 33)", "notes.2.2": "SRH: 50 runs in 4.2 overs", "notes.1.4": "Suresh Raina: 50 off 34 balls (6 x fours)", "notes.2.3": "1st Wicket: 50 runs in 26 balls (David Warner 36, Shikhar Dhawan )", "notes.1.5": "GL: 100 runs in 14.3 overs", "notes.2.4": "David Warner: 50 off 29 balls (7 x fours)", "notes.1.6": "Innings Break: GL - 135/8 in 20 overs", "notes.2.5": "SRH: 100 runs in 10.6 overs", "notes.2.6": "1st Wicket: 100 runs in 66 balls (David Warner 64, Shikhar Dhawan 26)", "notes.2.7": "Shikhar Dhawan: 50 off 40 balls (5 x fours)", "highlights.link": "http://www.iplt20.com/videos/media/id/4855847272001/m15-gl-vs-srh-match-highlights", "match.video.id": "4855847272001", "stats.link": "http://www.iplt20.com/news/2016/more-news/7336/quick-stats-m15-gl-vs-srh", "home.team.fan.total": "5229", "photostream.link": "http://www.iplt20.com/photos/326/match-15-gl-v-srh", "toss.winner": "Sunrisers Hyderabad", "interview.link": "http://www.iplt20.com/news/2016/features/7334/this-loss-will-help-us-learn-hodge", "stats.thumb": "http://static2.iplt20.com/cms/media/images/320x213/47385.jpg"}, "teams": [{"id": 4752, "team": {"id": 433, "fullName": "Gujarat Lions", "shortName": "Gujarat Lions", "abbreviation": "GL", "type": "m", "primaryColor": "E5BA0F", "secondaryColor": "383838"}, "players": [{"id": 167, "fullName": "Aaron Finch", "shortName": "A Finch", "nationality": "Australian", "dateOfBirth": "1986-11-17", "rightArmedBowl": false, "rightHandedBat": true, "bowlingStyle": "ORTHODOX"}, {"id": 202, "fullName": "Brendon McCullum", "shortName": "B McCullum", "nationality": "New Zealander", "dateOfBirth": "1981-09-27", "rightArmedBowl": true, "rightHandedBat": true, "bowlingStyle": "MEDIUM_SEAM"}, {"id": 14, "fullName": "Suresh Raina", "shortName": "S Raina", "nationality": "Indian", "dateOfBirth": "1986-11-27", "rightArmedBowl": true, "rightHandedBat": false, "bowlingStyle": "OFF_SPIN"}, {"id": 102, "fullName": "Dinesh Karthik", "shortName": "D Karthik", "nationality": "Indian", "dateOfBirth": "1985-06-01", "rightArmedBowl": true, "rightHandedBat": true, "bowlingStyle": "OFF_SPIN"}, {"id": 25, "fullName": "Dwayne Bravo", "shortName": "DJ Bravo", "nationality": "West Indian", "dateOfBirth": "1983-10-07", "rightArmedBowl": true, "rightHandedBat": true, "bowlingStyle": "MEDIUM_SEAM"}, {"id": 9, "fullName": "Ravindra Jadeja", "shortName": "R Jadeja", "nationality": "Indian", "dateOfBirth": "1988-12-06", "rightArmedBowl": false, "rightHandedBat": false, "bowlingStyle": "ORTHODOX"}, {"id": 3177, "fullName": "Akshdeep Nath", "shortName": "A Nath", "nationality": "Indian", "dateOfBirth": "1993-05-10", "rightArmedBowl": true, "rightHandedBat": true}, {"id": 101, "fullName": "Dhawal Kulkarni", "shortName": "D Kulkarni", "nationality": "Indian", "dateOfBirth": "1988-12-10", "rightArmedBowl": true, "rightHandedBat": true, "bowlingStyle": "MEDIUM_SEAM"}, {"id": 77, "fullName": "Praveen Kumar", "shortName": "P Kumar", "nationality": "Indian", "dateOfBirth": "1986-10-02", "rightArmedBowl": true, "rightHandedBat": true}, {"id": 180, "fullName": "Dale Steyn", "shortName": "D Steyn", "nationality": "South African", "dateOfBirth": "1983-06-27", "rightArmedBowl": true, "rightHandedBat": true, "bowlingStyle": "FAST_SEAM"}, {"id": 1114, "fullName": "Pravin Tambe", "shortName": "P Tambe", "nationality": "Indian", "dateOfBirth": "1971-10-08", "rightArmedBowl": true, "rightHandedBat": true, "bowlingStyle": "LEG_SPIN"}], "wicketKeeper": {"id": 102, "fullName": "Dinesh Karthik", "shortName": "D Karthik", "nationality": "Indian", "dateOfBirth": "1985-06-01", "rightArmedBowl": true, "rightHandedBat": true, "bowlingStyle": "OFF_SPIN"}, "captain": {"id": 14, "fullName": "Suresh Raina", "shortName": "S Raina", "nationality": "Indian", "dateOfBirth": "1986-11-27", "rightArmedBowl": true, "rightHandedBat": false, "bowlingStyle": "OFF_SPIN"}}, {"id": 4753, "team": {"id": 62, "fullName": "Sunrisers Hyderabad", "shortName": "Sunrisers", "abbreviation": "SRH", "type": "m", "primaryColor": "FF9C00", "secondaryColor": "FFFFFF"}, "players": [{"id": 170, "fullName": "David Warner", "shortName": "D Warner", "nationality": "Australian", "dateOfBirth": "1986-10-27", "rightArmedBowl": true, "rightHandedBat": false, "bowlingStyle": "LEG_SPIN"}, {"id": 41, "fullName": "Shikhar Dhawan", "shortName": "S Dhawan", "nationality": "Indian", "dateOfBirth": "1985-12-05", "rightArmedBowl": true, "rightHandedBat": false, "bowlingStyle": "OFF_SPIN"}, {"id": 388, "fullName": "Moises Henriques", "shortName": "M Henriques", "nationality": "Australian", "dateOfBirth": "1987-02-01", "rightArmedBowl": true, "rightHandedBat": true, "bowlingStyle": "MEDIUM_SEAM"}, {"id": 197, "fullName": "Eoin Morgan", "shortName": "E Morgan", "nationality": "English", "dateOfBirth": "1986-09-10", "rightArmedBowl": true, "rightHandedBat": false, "bowlingStyle": "MEDIUM_SEAM"}, {"id": 1556, "fullName": "Deepak Hooda", "shortName": "D Hooda", "nationality": "Indian", "dateOfBirth": "1995-04-19", "rightArmedBowl": true, "rightHandedBat": true, "bowlingStyle": "OFF_SPIN"}, {"id": 99, "fullName": "Aditya Tare", "shortName": "A Tare", "nationality": "Indian", "dateOfBirth": "1987-11-07", "rightArmedBowl": true, "rightHandedBat": true}, {"id": 52, "fullName": "Naman Ojha", "shortName": "N Ojha", "nationality": "Indian", "dateOfBirth": "1983-07-20", "rightArmedBowl": true, "rightHandedBat": true}, {"id": 116, "fullName": "Bhuvneshwar Kumar", "shortName": "B Kumar", "nationality": "Indian", "dateOfBirth": "1990-02-05", "rightArmedBowl": true, "rightHandedBat": true, "bowlingStyle": "MEDIUM_SEAM"}, {"id": 1594, "fullName": "Mustafizur Rahman", "shortName": "M Rahman", "nationality": "Bangladeshi", "dateOfBirth": "1995-09-06", "rightArmedBowl": false, "rightHandedBat": false, "bowlingStyle": "FAST_SEAM"}, {"id": 69, "fullName": "Bipul Sharma", "shortName": "B Sharma", "nationality": "Indian", "dateOfBirth": "1983-09-28", "rightArmedBowl": false, "rightHandedBat": false}, {"id": 2746, "fullName": "Barinder Sran", "shortName": "B Sran", "nationality": "Indian", "dateOfBirth": "1992-12-10", "rightArmedBowl": false, "rightHandedBat": false}], "wicketKeeper": {"id": 52, "fullName": "Naman Ojha", "shortName": "N Ojha", "nationality": "Indian", "dateOfBirth": "1983-07-20", "rightArmedBowl": true, "rightHandedBat": true}, "captain": {"id": 170, "fullName": "David Warner", "shortName": "D Warner", "nationality": "Australian", "dateOfBirth": "1986-10-27", "rightArmedBowl": true, "rightHandedBat": false, "bowlingStyle": "LEG_SPIN"}}], "venue": {"id": 44, "fullName": "Saurashtra Cricket Association Stadium", "shortName": "Saurashtra Cricket Association Stadium", "city": "Rajkot", "country": "India"}, "matchDate": "2016-04-21T20:00:00+0530", "matchEndDate": "2016-04-21T23:00:00+0530", "matchDateMs": 1461249000000, "matchEndDateMs": 1461259800000, "isLimitedOvers": true, "battingOrder": [0, 1], "matchBroadcast": false, "matchState": "C", "matchStatus": {"outcome": "B", "text": "Sunrisers Hyderabad won by 10 wickets"}, "description": "Match 15", "matchSummary": "", "matchType": "IPLT20", "tournamentLabel": "IPL 2016", "oversLimit": 20, "groupName": ""}, "matchId": {"id": 4056, "name": "ipl2016-15", "tournamentId": {"id": 3957, "name": "ipl2016", "provisional": false}}, "currentState": {"inProgress": false, "phase": "C", "currentInningsIndex": 1, "currentBatsmen": [170, 41], "facingBatsman": 170, "nonFacingBatsman": 41, "currentBowler": 9, "currentBowlerCurrentSpell": {"playerId": 9, "ov": "2.5", "r": 20, "w": 0, "d": 5, "maid": 0, "e": "7.05", "wd": 0, "nb": 0}, "previousBowler": 101, "previousBowlerCurrentSpell": {"playerId": 101, "ov": "1", "r": 9, "w": 0, "d": 1, "maid": 0, "e": "9.00", "wd": 0, "nb": 0}, "currentPartnership": 137, "partnership": {"runs": 137, "balls": 89, "runRate": "9.23"}, "recentOvers": [{"ovNo": 10, "ovBalls": [".", "1Wd", "1", "1", "2", "1", "4"]}, {"ovNo": 11, "ovBalls": ["1", ".", "1", "1", ".", "1"]}, {"ovNo": 12, "ovBalls": ["1", "1", "1", "4", "4", "1"]}, {"ovNo": 13, "ovBalls": [".", ".", "2", ".", "1", "1"]}, {"ovNo": 14, "ovBalls": ["1", ".", "2", "4", "1", "1"]}, {"ovNo": 15, "ovBalls": ["1", "2", "2", "3", "4"]}]}, "innings": [{"inningsNumber": 1, "runRate": "6.75", "overProgress": "20", "declared": false, "scorecard": {"runs": 135, "wkts": 8, "allOut": false, "battingStats": [{"playerId": 167, "r": 0, "b": 4, "sr": "0.00", "4s": 0, "6s": 0, "mod": {"dismissedBp": {"innings": 1, "over": 1, "ball": 4}, "countingBp": {"innings": 1, "over": 1, "ball": 4}, "text": "b Bhuvneshwar Kumar", "bowlerId": 116, "dismissedMethod": "b", "isOut": true}}, {"playerId": 202, "r": 18, "b": 17, "sr": "105.88", "4s": 1, "6s": 1, "mod": {"dismissedBp": {"innings": 1, "over": 8, "ball": 2}, "countingBp": {"innings": 1, "over": 8, "ball": 2}, "text": "c Deepak Hooda b Bipul Sharma", "bowlerId": 69, "additionalPlayerIds": [1556], "dismissedMethod": "ct", "isOut": true}}, {"playerId": 14, "r": 75, "b": 51, "sr": "147.05", "4s": 9, "6s": 0, "mod": {"dismissedBp": {"innings": 1, "over": 20, "ball": 2}, "countingBp": {"innings": 1, "over": 20, "ball": 2}, "text": "c Moises Henriques b Bhuvneshwar Kumar", "bowlerId": 116, "additionalPlayerIds": [388], "dismissedMethod": "ct", "isOut": true}}, {"playerId": 102, "r": 8, "b": 9, "sr": "88.88", "4s": 1, "6s": 0, "mod": {"dismissedBp": {"innings": 1, "over": 10, "ball": 6}, "countingBp": {"innings": 1, "over": 10, "ball": 6}, "text": "c Bhuvneshwar Kumar b Deepak Hooda", "bowlerId": 1556, "additionalPlayerIds": [116], "dismissedMethod": "ct", "isOut": true}}, {"playerId": 25, "r": 8, "b": 12, "sr": "66.66", "4s": 0, "6s": 0, "mod": {"dismissedBp": {"innings": 1, "over": 14, "ball": 1}, "countingBp": {"innings": 1, "over": 14, "ball": 1}, "text": "c Bhuvneshwar Kumar b Barinder Sran", "bowlerId": 2746, "additionalPlayerIds": [116], "dismissedMethod": "ct", "isOut": true}}, {"playerId": 9, "r": 14, "b": 14, "sr": "100.00", "4s": 0, "6s": 0, "mod": {"dismissedBp": {"innings": 1, "over": 17, "ball": 5}, "countingBp": {"innings": 1, "over": 17, "ball": 5}, "text": "b Mustafizur Rahman", "bowlerId": 1594, "dismissedMethod": "b", "isOut": true}}, {"playerId": 3177, "r": 5, "b": 10, "sr": "50.00", "4s": 0, "6s": 0, "mod": {"dismissedBp": {"innings": 1, "over": 20, "ball": 3}, "countingBp": {"innings": 1, "over": 20, "ball": 3}, "text": "c Bipul Sharma b Bhuvneshwar Kumar", "bowlerId": 116, "additionalPlayerIds": [69], "dismissedMethod": "ct", "isOut": true}}, {"playerId": 180, "r": 1, "b": 2, "sr": "50.00", "4s": 0, "6s": 0, "mod": {"dismissedBp": {"innings": 1, "over": 20, "ball": 6}, "countingBp": {"innings": 1, "over": 20, "ball": 6}, "text": "c Eoin Morgan b Bhuvneshwar Kumar", "bowlerId": 116, "additionalPlayerIds": [197], "dismissedMethod": "ct", "isOut": true}}, {"playerId": 77, "r": 1, "b": 1, "sr": "100.00", "4s": 0, "6s": 0}], "bowlingStats": [{"playerId": 116, "ov": "4", "r": 29, "w": 4, "d": 11, "maid": 0, "e": "7.25", "wd": 2, "nb": 0}, {"playerId": 2746, "ov": "4", "r": 36, "w": 1, "d": 5, "maid": 0, "e": "9.00", "wd": 0, "nb": 0}, {"playerId": 1594, "ov": "4", "r": 19, "w": 1, "d": 10, "maid": 0, "e": "4.75", "wd": 0, "nb": 0}, {"playerId": 1556, "ov": "3", "r": 22, "w": 1, "d": 3, "maid": 0, "e": "7.33", "wd": 0, "nb": 0}, {"playerId": 388, "ov": "3", "r": 17, "w": 0, "d": 4, "maid": 0, "e": "5.66", "wd": 1, "nb": 0}, {"playerId": 69, "ov": "2", "r": 10, "w": 1, "d": 5, "maid": 0, "e": "5.00", "wd": 0, "nb": 0}], "fow": [{"bp": {"innings": 1, "over": 1, "ball": 4}, "playerId": 167, "ret": false, "w": 1, "r": 0}, {"bp": {"innings": 1, "over": 8, "ball": 2}, "playerId": 202, "ret": false, "w": 2, "r": 56}, {"bp": {"innings": 1, "over": 10, "ball": 6}, "playerId": 102, "ret": false, "w": 3, "r": 74}, {"bp": {"innings": 1, "over": 14, "ball": 1}, "playerId": 25, "ret": false, "w": 4, "r": 91}, {"bp": {"innings": 1, "over": 17, "ball": 5}, "playerId": 9, "ret": false, "w": 5, "r": 117}, {"bp": {"innings": 1, "over": 20, "ball": 2}, "playerId": 14, "ret": false, "w": 6, "r": 133}, {"bp": {"innings": 1, "over": 20, "ball": 3}, "playerId": 3177, "ret": false, "w": 7, "r": 133}, {"bp": {"innings": 1, "over": 20, "ball": 6}, "playerId": 180, "ret": false, "w": 8, "r": 135}], "extras": {"noBallRuns": 0, "wideRuns": 3, "byeRuns": 0, "legByeRuns": 2, "penaltyRuns": 0}, "declared": false}, "overHistory": [{"ovNo": 1, "ovBalls": [".", ".", ".", "W", "4", "1"]}, {"ovNo": 2, "ovBalls": ["4", "2", "1", "1", ".", "1"]}, {"ovNo": 3, "ovBalls": ["4", ".", "4", "1Lb", ".", "1"]}, {"ovNo": 4, "ovBalls": [".", ".", "1", "1", ".", "."]}, {"ovNo": 5, "ovBalls": ["2", "1", "6", ".", "4", "2"]}, {"ovNo": 6, "ovBalls": ["4", "1", "1", "2", "1", "."]}, {"ovNo": 7, "ovBalls": ["1", "1", "1", "1", ".", "1"]}, {"ovNo": 8, "ovBalls": ["1", "W", "1", ".", "1", "4"]}, {"ovNo": 9, "ovBalls": [".", "1", "1", "1Wd", ".", "1", "1"]}, {"ovNo": 10, "ovBalls": [".", "1", "1", "1", "4", "W"]}, {"ovNo": 11, "ovBalls": [".", ".", "1", "1", ".", "1"]}, {"ovNo": 12, "ovBalls": ["1", "1", "1", "1", "1", "1"]}, {"ovNo": 13, "ovBalls": ["2", "1", "2", "1", "1", "1Lb"]}, {"ovNo": 14, "ovBalls": ["W", ".", "1", "1", "1", "1"]}, {"ovNo": 15, "ovBalls": ["2", "1", "4", "1", ".", "1"]}, {"ovNo": 16, "ovBalls": ["1", "1", ".", "1Wd", "2", "2", "1Wd", "1"]}, {"ovNo": 17, "ovBalls": ["1", "1", "1", "1", "W", "."]}, {"ovNo": 18, "ovBalls": ["1", ".", "1", "4", "1", "1"]}, {"ovNo": 19, "ovBalls": [".", "2", ".", ".", "1", "1"]}, {"ovNo": 20, "ovBalls": ["4", "W", "W", "1", "1", "W"]}]}, {"inningsNumber": 2, "runRate": "9.23", "overProgress": "14.5", "declared": false, "scorecard": {"runs": 137, "wkts": 0, "allOut": false, "battingStats": [{"playerId": 170, "r": 74, "b": 48, "sr": "154.16", "4s": 9, "6s": 0}, {"playerId": 41, "r": 53, "b": 41, "sr": "129.26", "4s": 5, "6s": 0}], "bowlingStats": [{"playerId": 180, "ov": "2", "r": 17, "w": 0, "d": 5, "maid": 0, "e": "8.50", "wd": 1, "nb": 0}, {"playerId": 77, "ov": "2", "r": 31, "w": 0, "d": 2, "maid": 0, "e": "15.50", "wd": 2, "nb": 0}, {"playerId": 25, "ov": "3", "r": 26, "w": 0, "d": 5, "maid": 0, "e": "8.66", "wd": 0, "nb": 0}, {"playerId": 14, "ov": "2", "r": 16, "w": 0, "d": 3, "maid": 0, "e": "8.00", "wd": 1, "nb": 0}, {"playerId": 1114, "ov": "2", "r": 17, "w": 0, "d": 1, "maid": 0, "e": "8.50", "wd": 1, "nb": 0}, {"playerId": 9, "ov": "2.5", "r": 20, "w": 0, "d": 5, "maid": 0, "e": "7.05", "wd": 0, "nb": 0}, {"playerId": 101, "ov": "1", "r": 9, "w": 0, "d": 1, "maid": 0, "e": "9.00", "wd": 0, "nb": 0}], "fow": [], "extras": {"noBallRuns": 0, "wideRuns": 9, "byeRuns": 0, "legByeRuns": 1, "penaltyRuns": 0}, "declared": false}, "overHistory": [{"ovNo": 1, "ovBalls": [".", ".", "2", "4", ".", "4"]}, {"ovNo": 2, "ovBalls": ["1", "1", "3", "5Wd", "2", "1Wd", ".", "."]}, {"ovNo": 3, "ovBalls": ["1", "2", "2", "1", ".", "1Wd", "."]}, {"ovNo": 4, "ovBalls": ["4", "4", "2", "2", "4", "2"]}, {"ovNo": 5, "ovBalls": [".", "4", "1", ".", ".", "."]}, {"ovNo": 6, "ovBalls": [".", ".", "1", "4", "4", "1"]}, {"ovNo": 7, "ovBalls": ["2", "1", "1", "1", "1", "1"]}, {"ovNo": 8, "ovBalls": ["1", "1Wd", ".", "1", "1", "1", "1"]}, {"ovNo": 9, "ovBalls": ["1", "4", "1", "1", "1Lb", "2"]}, {"ovNo": 10, "ovBalls": [".", "1Wd", "1", "1", "2", "1", "4"]}, {"ovNo": 11, "ovBalls": ["1", ".", "1", "1", ".", "1"]}, {"ovNo": 12, "ovBalls": ["1", "1", "1", "4", "4", "1"]}, {"ovNo": 13, "ovBalls": [".", ".", "2", ".", "1", "1"]}, {"ovNo": 14, "ovBalls": ["1", ".", "2", "4", "1", "1"]}, {"ovNo": 15, "ovBalls": ["1", "2", "2", "3", "4"]}]}]}