{"matchInfo": {"additionalInfo": {"report.link": "https://www.iplt20.com/news/171800", "toss.elected": "Mumbai Indians, who chose to field", "notes.1.1": "Powerplay 1 - 45 runs, 1 wicket", "notes.1.2": "Royal Challengers Bangalore: 50 runs in 7.3 overs", "notes.2.1": "Powerplay 1 - 67 runs, 0 wicket", "notes.1.3": "Royal Challengers Bangalore: 100 runs in 13.2 overs", "notes.2.2": "Mumbai Indians: 50 runs in 4.1 overs ", "notes.1.4": "3rd Wicket: 50 runs in 38 balls (AB de Villiers 36, Moeen Ali 15)", "notes.2.3": "1st Wicket: 50 runs in 25 balls (Quinton de Kock 28, Rohit Sharma 20)", "notes.1.5": "AB de Villiers: 50 off 41 balls (4 x fours, 2 x sixes)", "notes.2.4": "Mumbai Indians: 100 runs in 10.2 overs ", "notes.1.6": "Moeen Ali: 50 off 31 balls (1 x four, 5 x sixes)", "notes.2.5": "Mumbai Indians: 150 runs in 17.6 overs", "notes.1.7": "Royal Challengers Bangalore: 150 runs in 17.2 overs ", "notes.1.8": "Innings Break: Royal Challengers Bangalore - 171/7 in 20 overs (Umesh Yadav 0, Mohammed Siraj 0)", "highlights.link": "https://www.iplt20.com/video/171715", "referee.name": "Javagal Srinath", "match.summary": "", "umpire.name.1": "Marais Erasmus", "umpire.name.2": "Nitin Menon", "toss.winner": "Mumbai Indians ", "umpire.name.3": "Nanda Kishore", "umpire.name.4": "Nitin Pandit", "result.playerofthematch": "Lasith Malinga"}, "teams": [{"id": 11687, "team": {"id": 6, "fullName": "Mumbai Indians", "shortName": "Mumbai", "abbreviation": "MI", "type": "m", "primaryColor": "00AEEF", "secondaryColor": "FFFFFF"}, "players": [{"id": 834, "fullName": "Quinton de Kock", "shortName": "Q de Kock", "nationality": "South African", "dateOfBirth": "1992-12-17", "rightArmedBowl": false, "rightHandedBat": false}, {"id": 107, "fullName": "Rohit Sharma", "shortName": "R Sharma", "nationality": "Indian", "dateOfBirth": "1987-04-30", "rightArmedBowl": true, "rightHandedBat": true, "bowlingStyle": "OFF_SPIN"}, {"id": 108, "fullName": "Suryakumar Yadav", "shortName": "S Yadav", "nationality": "Indian", "dateOfBirth": "1990-09-14", "rightArmedBowl": true, "rightHandedBat": true}, {"id": 2975, "fullName": "Ishan Kishan", "shortName": "I Kishan", "nationality": "Indian", "dateOfBirth": "1998-07-18", "rightArmedBowl": false, "rightHandedBat": false}, {"id": 3183, "fullName": "Krunal Pandya", "shortName": "K Pandya", "nationality": "Indian", "dateOfBirth": "1991-03-24", "rightArmedBowl": false, "rightHandedBat": false, "bowlingStyle": "ORTHODOX"}, {"id": 2740, "fullName": "Hardik Pandya", "shortName": "H Pandya", "nationality": "Indian", "dateOfBirth": "1993-10-11", "rightArmedBowl": true, "rightHandedBat": true, "bowlingStyle": "MEDIUM_SEAM"}, {"id": 210, "fullName": "Kieron Pollard", "shortName": "K Pollard", "nationality": "West Indian", "dateOfBirth": "1987-05-12", "rightArmedBowl": true, "rightHandedBat": true, "bowlingStyle": "MEDIUM_SEAM"}, {"id": 937, "fullName": "Jason Behrendorff", "shortName": "J Behrendorff", "nationality": "Australian", "dateOfBirth": "1990-04-20", "rightArmedBowl": false, "rightHandedBat": true, "bowlingStyle": "FAST_SEAM"}, {"id": 3763, "fullName": "Rahul Chahar", "shortName": "R Chahar", "nationality": "Indian", "dateOfBirth": "1999-08-04", "rightArmedBowl": true, "rightHandedBat": true, "bowlingStyle": "LEG_SPIN"}, {"id": 211, "fullName": "Lasith Malinga", "shortName": "L Malinga", "nationality": "Sri Lankan", "dateOfBirth": "1983-08-28", "rightArmedBowl": true, "rightHandedBat": true, "bowlingStyle": "FAST_SEAM"}, {"id": 1124, "fullName": "Jasprit Bumrah", "shortName": "J Bumrah", "nationality": "Indian", "dateOfBirth": "1993-12-06", "rightArmedBowl": true, "rightHandedBat": true, "bowlingStyle": "FAST_SEAM"}], "wicketKeeper": {"id": 834, "fullName": "Quinton de Kock", "shortName": "Q de Kock", "nationality": "South African", "dateOfBirth": "1992-12-17", "rightArmedBowl": false, "rightHandedBat": false}, "captain": {"id": 107, "fullName": "Rohit Sharma", "shortName": "R Sharma", "nationality": "Indian", "dateOfBirth": "1987-04-30", "rightArmedBowl": true, "rightHandedBat": true, "bowlingStyle": "OFF_SPIN"}}, {"id": 11686, "team": {"id": 9, "fullName": "Royal Challengers Bangalore", "shortName": "Challengers", "abbreviation": "RCB", "type": "m", "primaryColor": "000000", "secondaryColor": "FF3245"}, "players": [{"id": 44, "fullName": "Parthiv Patel", "shortName": "P Patel", "nationality": "Indian", "dateOfBirth": "1985-03-09", "rightArmedBowl": false, "rightHandedBat": false}, {"id": 164, "fullName": "Virat Kohli", "shortName": "V Kohli", "nationality": "Indian", "dateOfBirth": "1988-11-05", "rightArmedBowl": true, "rightHandedBat": true, "bowlingStyle": "MEDIUM_SEAM"}, {"id": 233, "fullName": "AB de Villiers", "shortName": "AB de Villiers", "nationality": "South African", "dateOfBirth": "1984-02-17", "rightArmedBowl": true, "rightHandedBat": true, "bowlingStyle": "MEDIUM_SEAM"}, {"id": 964, "fullName": "Marcus Stoinis", "shortName": "M Stoinis", "nationality": "Australian", "dateOfBirth": "1989-08-16", "rightArmedBowl": true, "rightHandedBat": true, "bowlingStyle": "MEDIUM_SEAM"}, {"id": 1735, "fullName": "Moeen Ali", "shortName": "M Ali", "nationality": "English", "dateOfBirth": "1987-06-18", "rightArmedBowl": true, "rightHandedBat": false, "bowlingStyle": "OFF_SPIN"}, {"id": 3177, "fullName": "Akshdeep Nath", "shortName": "A Nath", "nationality": "Indian", "dateOfBirth": "1993-05-10", "rightArmedBowl": true, "rightHandedBat": true}, {"id": 53, "fullName": "Pawan Negi", "shortName": "P Negi", "nationality": "Indian", "dateOfBirth": "1983-01-06", "rightArmedBowl": false, "rightHandedBat": false, "bowlingStyle": "ORTHODOX"}, {"id": 59, "fullName": "Umesh Yadav", "shortName": "U Yadav", "nationality": "Indian", "dateOfBirth": "1987-10-25", "rightArmedBowl": true, "rightHandedBat": true, "bowlingStyle": "FAST_SEAM"}, {"id": 3824, "fullName": "Navdeep Saini", "shortName": "N Saini", "nationality": "Indian", "dateOfBirth": "1992-11-23", "rightArmedBowl": true, "rightHandedBat": true, "bowlingStyle": "FAST_SEAM"}, {"id": 3840, "fullName": "Mohammed Siraj", "shortName": "M Siraj", "nationality": "Indian", "dateOfBirth": "1994-03-13", "rightArmedBowl": true, "rightHandedBat": true, "bowlingStyle": "MEDIUM_SEAM"}, {"id": 111, "fullName": "Yuzvendra Chahal", "shortName": "Y Chahal", "nationality": "Indian", "dateOfBirth": "1990-07-23", "rightArmedBowl": true, "rightHandedBat": true, "bowlingStyle": "LEG_SPIN"}], "wicketKeeper": {"id": 44, "fullName": "Parthiv Patel", "shortName": "P Patel", "nationality": "Indian", "dateOfBirth": "1985-03-09", "rightArmedBowl": false, "rightHandedBat": false}, "captain": {"id": 164, "fullName": "Virat Kohli", "shortName": "V Kohli", "nationality": "Indian", "dateOfBirth": "1988-11-05", "rightArmedBowl": true, "rightHandedBat": true, "bowlingStyle": "MEDIUM_SEAM"}}], "venue": {"id": 4, "fullName": "Wankhede Stadium", "shortName": "Wankhede Stadium", "city": "Mumbai", "country": "India"}, "matchDate": "2019-04-15T20:00:00+0530", "matchEndDate": "2019-04-15T23:00:00+0530", "matchDateMs": 1555338600000, "matchEndDateMs": 1555349400000, "isLimitedOvers": true, "battingOrder": [1, 0], "matchBroadcast": false, "matchState": "C", "matchStatus": {"outcome": "A", "text": "Mumbai Indians won by 5 wickets"}, "description": "Match 31", "matchSummary": "", "matchType": "IPLT20", "tournamentLabel": "IPL 2019", "oversLimit": 20, "groupName": ""}, "matchId": {"id": 11322, "name": "ipl2019-31", "tournamentId": {"id": 10192, "name": "ipl2019", "provisional": false}}, "currentState": {"inProgress": false, "phase": "C", "currentInningsIndex": 1, "currentBatsmen": [2740, 210], "facingBatsman": 2740, "nonFacingBatsman": 210, "currentBowler": -1, "previousBowler": 3840, "previousBowlerCurrentSpell": {"playerId": 3840, "ov": "1", "r": 9, "w": 1, "d": 2, "maid": 0, "e": "9.00", "wd": 2, "nb": 0}, "currentPartnership": 24, "partnership": {"runs": 24, "balls": 7, "runRate": "20.57"}, "recentOvers": [{"ovNo": 14, "ovBalls": ["1", "1", "1", ".", ".", "."]}, {"ovNo": 15, "ovBalls": [".", "4", "1", "1Wd", ".", "1", "1"]}, {"ovNo": 16, "ovBalls": [".", "2", "W", ".", "1", "1"]}, {"ovNo": 17, "ovBalls": ["4", ".", ".", "1", "1", "4"]}, {"ovNo": 18, "ovBalls": ["1", "4", ".", "1Wd", "1", "W", "1Wd", "1"]}, {"ovNo": 19, "ovBalls": [".", "6", "4", "4", "6", "1Wd", "1"]}]}, "innings": [{"inningsNumber": 1, "runRate": "8.55", "overProgress": "20", "declared": false, "scorecard": {"runs": 171, "wkts": 7, "allOut": false, "battingStats": [{"playerId": 44, "r": 28, "b": 20, "sr": "140.00", "4s": 4, "6s": 1, "mod": {"dismissedBp": {"innings": 1, "over": 7, "ball": 6}, "countingBp": {"innings": 1, "over": 7, "ball": 6}, "text": "c Suryakumar Yadav b Hardik Pandya", "bowlerId": 2740, "additionalPlayerIds": [108], "dismissedMethod": "ct", "isOut": true}}, {"playerId": 164, "r": 8, "b": 9, "sr": "88.88", "4s": 1, "6s": 0, "mod": {"dismissedBp": {"innings": 1, "over": 3, "ball": 1}, "countingBp": {"innings": 1, "over": 3, "ball": 1}, "text": "c Quinton de Kock b Jason Behrendorff", "bowlerId": 937, "additionalPlayerIds": [834], "dismissedMethod": "ct", "isOut": true}}, {"playerId": 233, "r": 75, "b": 51, "sr": "147.05", "4s": 6, "6s": 4, "mod": {"dismissedBp": {"innings": 1, "over": 20, "ball": 2}, "countingBp": {"innings": 1, "over": 20, "ball": 2}, "text": "run out (Kieron Pollard)", "bowlerId": 211, "additionalPlayerIds": [210], "dismissedMethod": "ro", "isOut": true}}, {"playerId": 1735, "r": 50, "b": 32, "sr": "156.25", "4s": 1, "6s": 5, "mod": {"dismissedBp": {"innings": 1, "over": 18, "ball": 1}, "countingBp": {"innings": 1, "over": 18, "ball": 1}, "text": "c Hardik Pandya b Lasith Malinga", "bowlerId": 211, "additionalPlayerIds": [2740], "dismissedMethod": "ct", "isOut": true}}, {"playerId": 964, "r": 0, "b": 2, "sr": "0.00", "4s": 0, "6s": 0, "mod": {"dismissedBp": {"innings": 1, "over": 18, "ball": 5}, "countingBp": {"innings": 1, "over": 18, "ball": 5}, "text": "c Rohit Sharma b Lasith Malinga", "bowlerId": 211, "additionalPlayerIds": [107], "dismissedMethod": "ct", "isOut": true}}, {"playerId": 3177, "r": 2, "b": 3, "sr": "66.66", "4s": 0, "6s": 0, "mod": {"dismissedBp": {"innings": 1, "over": 20, "ball": 3}, "countingBp": {"innings": 1, "over": 20, "ball": 3}, "text": "c Quinton de Kock b Lasith Malinga", "bowlerId": 211, "additionalPlayerIds": [834], "dismissedMethod": "ct", "isOut": true}}, {"playerId": 53, "r": 0, "b": 2, "sr": "0.00", "4s": 0, "6s": 0, "mod": {"dismissedBp": {"innings": 1, "over": 20, "ball": 5}, "countingBp": {"innings": 1, "over": 20, "ball": 5}, "text": "c Quinton de Kock b Lasith Malinga", "bowlerId": 211, "additionalPlayerIds": [834], "dismissedMethod": "ct", "isOut": true}}, {"playerId": 59, "r": 0, "b": 1, "sr": "0.00", "4s": 0, "6s": 0}, {"playerId": 3840, "r": 0, "b": 0, "4s": 0, "6s": 0}], "bowlingStats": [{"playerId": 937, "ov": "4", "r": 49, "w": 1, "d": 10, "maid": 0, "e": "12.25", "wd": 1, "nb": 0}, {"playerId": 211, "ov": "4", "r": 31, "w": 4, "d": 8, "maid": 0, "e": "7.75", "wd": 0, "nb": 0}, {"playerId": 1124, "ov": "4", "r": 22, "w": 0, "d": 14, "maid": 1, "e": "5.50", "wd": 0, "nb": 0}, {"playerId": 2740, "ov": "3", "r": 21, "w": 1, "d": 5, "maid": 0, "e": "7.00", "wd": 0, "nb": 0}, {"playerId": 3763, "ov": "4", "r": 31, "w": 0, "d": 9, "maid": 0, "e": "7.75", "wd": 0, "nb": 0}, {"playerId": 3183, "ov": "1", "r": 10, "w": 0, "d": 1, "maid": 0, "e": "10.00", "wd": 0, "nb": 0}], "fow": [{"bp": {"innings": 1, "over": 3, "ball": 1}, "playerId": 164, "ret": false, "w": 1, "r": 12}, {"bp": {"innings": 1, "over": 7, "ball": 6}, "playerId": 44, "ret": false, "w": 2, "r": 49}, {"bp": {"innings": 1, "over": 18, "ball": 1}, "playerId": 1735, "ret": false, "w": 3, "r": 144}, {"bp": {"innings": 1, "over": 18, "ball": 5}, "playerId": 964, "ret": false, "w": 4, "r": 151}, {"bp": {"innings": 1, "over": 20, "ball": 2}, "playerId": 233, "ret": false, "w": 5, "r": 169}, {"bp": {"innings": 1, "over": 20, "ball": 3}, "playerId": 3177, "ret": false, "w": 6, "r": 169}, {"bp": {"innings": 1, "over": 20, "ball": 5}, "playerId": 53, "ret": false, "w": 7, "r": 169}], "extras": {"noBallRuns": 0, "wideRuns": 1, "byeRuns": 2, "legByeRuns": 5, "penaltyRuns": 0}, "declared": false}, "overHistory": [{"ovNo": 1, "ovBalls": [".", "1", "4", ".", ".", "1Wd", "1"]}, {"ovNo": 2, "ovBalls": ["1", "1", ".", "1", "1", "1"]}, {"ovNo": 3, "ovBalls": ["W", "1Lb", ".", "4", "1", "2"]}, {"ovNo": 4, "ovBalls": [".", ".", "1Lb", ".", ".", "."]}, {"ovNo": 5, "ovBalls": ["4", ".", "6", "4", "4", "1Lb"]}, {"ovNo": 6, "ovBalls": ["1Lb", ".", ".", "4", ".", "."]}, {"ovNo": 7, "ovBalls": ["1", ".", "1", "1", "1", "W"]}, {"ovNo": 8, "ovBalls": [".", ".", "4", "1", ".", "1"]}, {"ovNo": 9, "ovBalls": [".", "1", "4", "1", "1", "."]}, {"ovNo": 10, "ovBalls": ["6", ".", ".", ".", "1", "1"]}, {"ovNo": 11, "ovBalls": ["1", "1Lb", "6", "1", "1", "1"]}, {"ovNo": 12, "ovBalls": ["1", "1", "1", "1", ".", "1"]}, {"ovNo": 13, "ovBalls": ["1", "1", "6", "1", "1", "1"]}, {"ovNo": 14, "ovBalls": [".", "4", "1", "6", "1", "."]}, {"ovNo": 15, "ovBalls": ["1", "1", "1", "1", ".", "6"]}, {"ovNo": 16, "ovBalls": ["1", ".", "4", "6", ".", "6"]}, {"ovNo": 17, "ovBalls": ["3", "2", "1", "1", ".", "1"]}, {"ovNo": 18, "ovBalls": ["W", "6", "1", ".", "W", "1"]}, {"ovNo": 19, "ovBalls": ["1", "4", "4", ".", ".", "1"]}, {"ovNo": 20, "ovBalls": ["6", "1W", "W", ".", "W", "2B"]}]}, {"inningsNumber": 2, "runRate": "9.05", "overProgress": "19", "declared": false, "scorecard": {"runs": 172, "wkts": 5, "allOut": false, "battingStats": [{"playerId": 834, "r": 40, "b": 26, "sr": "153.84", "4s": 5, "6s": 2, "mod": {"dismissedBp": {"innings": 2, "over": 8, "ball": 4}, "countingBp": {"innings": 2, "over": 8, "ball": 4}, "text": "lbw Moeen Ali", "bowlerId": 1735, "dismissedMethod": "lbw", "isOut": true}}, {"playerId": 107, "r": 28, "b": 19, "sr": "147.36", "4s": 2, "6s": 2, "mod": {"dismissedBp": {"innings": 2, "over": 8, "ball": 1}, "countingBp": {"innings": 2, "over": 8, "ball": 1}, "text": "b Moeen Ali", "bowlerId": 1735, "dismissedMethod": "b", "isOut": true}}, {"playerId": 108, "r": 29, "b": 23, "sr": "126.08", "4s": 2, "6s": 1, "mod": {"dismissedBp": {"innings": 2, "over": 16, "ball": 3}, "countingBp": {"innings": 2, "over": 16, "ball": 3}, "text": "c Navdeep Saini b Yuzvendra Chahal", "bowlerId": 111, "additionalPlayerIds": [3824], "dismissedMethod": "ct", "isOut": true}}, {"playerId": 2975, "r": 21, "b": 9, "sr": "233.33", "4s": 0, "6s": 3, "mod": {"dismissedBp": {"innings": 2, "over": 11, "ball": 3}, "countingBp": {"innings": 2, "over": 11, "ball": 3}, "text": "st Parthiv Patel b Yuzvendra Chahal", "bowlerId": 111, "additionalPlayerIds": [44], "dismissedMethod": "st", "isOut": true}}, {"playerId": 3183, "r": 11, "b": 21, "sr": "52.38", "4s": 1, "6s": 0, "mod": {"dismissedBp": {"innings": 2, "over": 18, "ball": 6}, "countingBp": {"innings": 2, "over": 18, "ball": 5}, "text": "c sub (Milind Kumar)", "bowlerId": 3840, "dismissedMethod": "ct", "isOut": true}}, {"playerId": 2740, "r": 37, "b": 16, "sr": "231.25", "4s": 5, "6s": 2}, {"playerId": 210, "r": 0, "b": 0, "4s": 0, "6s": 0}], "bowlingStats": [{"playerId": 59, "ov": "2", "r": 25, "w": 0, "d": 6, "maid": 0, "e": "12.50", "wd": 1, "nb": 0}, {"playerId": 3824, "ov": "3", "r": 34, "w": 0, "d": 5, "maid": 0, "e": "11.33", "wd": 1, "nb": 0}, {"playerId": 3840, "ov": "2", "r": 21, "w": 1, "d": 4, "maid": 0, "e": "10.50", "wd": 2, "nb": 0}, {"playerId": 111, "ov": "4", "r": 27, "w": 2, "d": 13, "maid": 0, "e": "6.75", "wd": 0, "nb": 0}, {"playerId": 53, "ov": "4", "r": 47, "w": 0, "d": 8, "maid": 0, "e": "11.75", "wd": 2, "nb": 0}, {"playerId": 1735, "ov": "4", "r": 18, "w": 2, "d": 12, "maid": 0, "e": "4.50", "wd": 0, "nb": 0}], "fow": [{"bp": {"innings": 2, "over": 8, "ball": 1}, "playerId": 107, "ret": false, "w": 1, "r": 70}, {"bp": {"innings": 2, "over": 8, "ball": 4}, "playerId": 834, "ret": false, "w": 2, "r": 71}, {"bp": {"innings": 2, "over": 11, "ball": 3}, "playerId": 2975, "ret": false, "w": 3, "r": 104}, {"bp": {"innings": 2, "over": 16, "ball": 3}, "playerId": 108, "ret": false, "w": 4, "r": 129}, {"bp": {"innings": 2, "over": 18, "ball": 5}, "playerId": 3183, "ret": false, "w": 5, "r": 148}], "extras": {"noBallRuns": 0, "wideRuns": 6, "byeRuns": 0, "legByeRuns": 0, "penaltyRuns": 0}, "declared": false}, "overHistory": [{"ovNo": 1, "ovBalls": ["1Wd", ".", ".", ".", "4", "4", "."]}, {"ovNo": 2, "ovBalls": ["1Wd", "6", ".", "2", "1", "1", "."]}, {"ovNo": 3, "ovBalls": ["4", ".", "4", "6", ".", "2"]}, {"ovNo": 4, "ovBalls": [".", "6", ".", "1", "1", "4"]}, {"ovNo": 5, "ovBalls": ["2", ".", ".", "4", ".", "."]}, {"ovNo": 6, "ovBalls": [".", "4", "1", "6", "1", "1"]}, {"ovNo": 7, "ovBalls": [".", "1", ".", "1", ".", "1"]}, {"ovNo": 8, "ovBalls": ["W", "1", ".", "W", "1", "1"]}, {"ovNo": 9, "ovBalls": ["1", ".", "6", "6", "1", "."]}, {"ovNo": 10, "ovBalls": ["1", "2", "6", ".", "1", "."]}, {"ovNo": 11, "ovBalls": ["1", "6", "W", ".", ".", "4"]}, {"ovNo": 12, "ovBalls": ["1", ".", ".", ".", "1", "."]}, {"ovNo": 13, "ovBalls": ["1", "4", ".", "1", ".", "."]}, {"ovNo": 14, "ovBalls": ["1", "1", "1", ".", ".", "."]}, {"ovNo": 15, "ovBalls": [".", "4", "1", "1Wd", ".", "1", "1"]}, {"ovNo": 16, "ovBalls": [".", "2", "W", ".", "1", "1"]}, {"ovNo": 17, "ovBalls": ["4", ".", ".", "1", "1", "4"]}, {"ovNo": 18, "ovBalls": ["1", "4", ".", "1Wd", "1", "W", "1Wd", "1"]}, {"ovNo": 19, "ovBalls": [".", "6", "4", "4", "6", "1Wd", "1"]}]}]}