{"matchInfo": {"additionalInfo": {"sixes.video.thumb": "http://brightcove.vo.llnwd.net/v1/unsecured/media/3588749423001/201504/3623/3588749423001_4192303069001_vs-55393f1de4b048fe00b16a14-782203292001.jpg?pubId=3588749423001", "sixes.video.id": "4192076293001", "match.video.thumb": "http://brightcove.vo.llnwd.net/v1/unsecured/media/3588749423001/201504/1329/3588749423001_4192203436001_video-still-for-video-4192076285001.jpg?pubId=3588749423001", "mom.video.thumb": "http://brightcove.vo.llnwd.net/v1/unsecured/media/3588749423001/201504/3591/3588749423001_4192389113001_video-still-for-video-4192076304001.jpg?pubId=3588749423001", "mom.video.id": "4192076304001", "referee.name": "Graeme La Brooy", "report.thumb": "http://static2.iplt20.com/cms/media/images/320x213/37871.jpg", "match.summary": "", "umpire.name.1": "Simon Fry", "umpire.name.2": "O Nandan", "umpire.name.3": "Chris Gaffaney", "interview.thumb": "http://static2.iplt20.com/cms/media/images/320x213/37881.jpg", "umpire.name.4": "Nitin Menon", "away.team.fan.total": "8654", "result.playerofthematch": "Shreyas Iyer", "toss.elected": "Mumbai Indians, who chose to field", "notes.1.1": "Powerplay - 45 runs, 1 wicket", "notes.1.2": "DD: 50 runs in 7.1 overs", "notes.2.1": "Powerplay - 48 runs, 2 wickets", "notes.1.3": "2nd Wicket: 50 runs in 42 balls (Shreyas Iyer 28, JP Duminy 20)", "notes.2.2": "MI: 50 runs in 6.2 overs", "notes.1.4": "Shreyas Iyer: 50 off 37 balls (6 x fours, 2 x sixes)", "notes.2.3": "MI: 100 runs in 12.5 overs", "notes.1.5": "DD: 100 runs in 11.5 overs", "notes.2.4": "MI: 150 runs in 19.1 overs", "notes.1.6": "2nd Wicket: 100 runs in 71 balls (Shreyas Iyer 50, JP Duminy 45)", "notes.1.7": "JP Duminy: 50 off 36 balls (1 x four, 4 x sixes)", "notes.1.8": "DD: 150 runs in 15.6 overs", "highlights.link": "http://www.iplt20.com/videos/media/id/4192076285001/m21-dd-vs-mi-match-highlights", "notes.1.9": "2nd Wicket: 150 runs in 93 balls (Shreyas Iyer 79, JP Duminy 66)", "match.video.id": "4192076285001", "stats.link": "http://www.iplt20.com/news/2015/more-news/6235/quick-stats-m21-dd-vs-mi", "home.team.fan.total": "6915", "photostream.link": "http://www.iplt20.com/photos/269/ipl-2015-match-21-dd-v-mi", "toss.winner": "Mumbai Indians", "notes.1.10": "Innings Break: DD - 190/4 in 20 overs", "interview.link": "http://www.iplt20.com/news/2015/features/6237/i-was-confident-shreyas-can-open-amre", "stats.thumb": "http://static2.iplt20.com/cms/media/images/320x213/37874.jpg"}, "teams": [{"id": 3695, "team": {"id": 3, "fullName": "Delhi Capitals", "shortName": "Delhi", "abbreviation": "DC", "type": "m", "primaryColor": "004C93", "secondaryColor": "F83430"}, "players": [{"id": 158, "fullName": "Mayank Agarwal", "shortName": "M Agarwal", "nationality": "Indian", "dateOfBirth": "1991-02-18", "rightArmedBowl": true, "rightHandedBat": true}, {"id": 1563, "fullName": "Shreyas Iyer", "shortName": "S Iyer", "nationality": "Indian", "dateOfBirth": "1994-12-06", "rightArmedBowl": true, "rightHandedBat": true, "bowlingStyle": "LEG_SPIN"}, {"id": 182, "fullName": "JP Duminy", "shortName": "JP Duminy", "nationality": "South African", "dateOfBirth": "1984-04-14", "rightArmedBowl": false, "rightHandedBat": false}, {"id": 113, "fullName": "Yuvraj Singh", "shortName": "Y Singh", "nationality": "Indian", "dateOfBirth": "1981-12-12", "rightArmedBowl": false, "rightHandedBat": false, "bowlingStyle": "ORTHODOX"}, {"id": 217, "fullName": "Angelo Mathews", "shortName": "A Mathews", "nationality": "Sri Lankan", "dateOfBirth": "1987-06-02", "rightArmedBowl": true, "rightHandedBat": true, "bowlingStyle": "MEDIUM_SEAM"}, {"id": 297, "fullName": "Kedar Jadhav", "shortName": "K Jadhav", "nationality": "Indian", "dateOfBirth": "1985-03-26", "rightArmedBowl": true, "rightHandedBat": true, "bowlingStyle": "OFF_SPIN"}, {"id": 840, "fullName": "Nathan Coulter-Nile", "shortName": "N Coulter-Nile", "nationality": "Australian", "dateOfBirth": "1987-10-11", "rightArmedBowl": true, "rightHandedBat": true, "bowlingStyle": "FAST_SEAM"}, {"id": 57, "fullName": "Shahbaz Nadeem", "shortName": "S Nadeem", "nationality": "Indian", "dateOfBirth": "1989-08-12", "rightArmedBowl": false, "rightHandedBat": true, "bowlingStyle": "ORTHODOX"}, {"id": 30, "fullName": "Amit Mishra", "shortName": "A Mishra", "nationality": "Indian", "dateOfBirth": "1982-11-24", "rightArmedBowl": true, "rightHandedBat": true, "bowlingStyle": "LEG_SPIN"}, {"id": 898, "fullName": "Imran Tahir", "shortName": "I Tahir", "nationality": "South African", "dateOfBirth": "1979-03-27", "rightArmedBowl": true, "rightHandedBat": true, "bowlingStyle": "LEG_SPIN"}, {"id": 2736, "fullName": "Domnic Joseph", "shortName": "D Joseph", "nationality": "Indian", "dateOfBirth": "1981-03-09", "rightArmedBowl": false, "rightHandedBat": true}], "wicketKeeper": {"id": 297, "fullName": "Kedar Jadhav", "shortName": "K Jadhav", "nationality": "Indian", "dateOfBirth": "1985-03-26", "rightArmedBowl": true, "rightHandedBat": true, "bowlingStyle": "OFF_SPIN"}, "captain": {"id": 182, "fullName": "JP Duminy", "shortName": "JP Duminy", "nationality": "South African", "dateOfBirth": "1984-04-14", "rightArmedBowl": false, "rightHandedBat": false}}, {"id": 3694, "team": {"id": 6, "fullName": "Mumbai Indians", "shortName": "Mumbai", "abbreviation": "MI", "type": "m", "primaryColor": "00AEEF", "secondaryColor": "FFFFFF"}, "players": [{"id": 595, "fullName": "Lendl Simmons", "shortName": "L Simmons", "nationality": "West Indian", "dateOfBirth": "1985-01-25", "rightArmedBowl": true, "rightHandedBat": true}, {"id": 44, "fullName": "Parthiv Patel", "shortName": "P Patel", "nationality": "Indian", "dateOfBirth": "1985-03-09", "rightArmedBowl": false, "rightHandedBat": false}, {"id": 60, "fullName": "Unmukt Chand", "shortName": "U Chand", "nationality": "Indian", "dateOfBirth": "1993-03-26", "rightArmedBowl": false, "rightHandedBat": false}, {"id": 107, "fullName": "Rohit Sharma", "shortName": "R Sharma", "nationality": "Indian", "dateOfBirth": "1987-04-30", "rightArmedBowl": true, "rightHandedBat": true, "bowlingStyle": "OFF_SPIN"}, {"id": 210, "fullName": "Kieron Pollard", "shortName": "K Pollard", "nationality": "West Indian", "dateOfBirth": "1987-05-12", "rightArmedBowl": true, "rightHandedBat": true, "bowlingStyle": "MEDIUM_SEAM"}, {"id": 100, "fullName": "Ambati Rayudu", "shortName": "A Rayudu", "nationality": "Indian", "dateOfBirth": "1985-09-23", "rightArmedBowl": true, "rightHandedBat": true, "bowlingStyle": "OFF_SPIN"}, {"id": 103, "fullName": "Harbhajan Singh", "shortName": "H Singh", "nationality": "Indian", "dateOfBirth": "1980-07-03", "rightArmedBowl": true, "rightHandedBat": true, "bowlingStyle": "OFF_SPIN"}, {"id": 2740, "fullName": "Hardik Pandya", "shortName": "H Pandya", "nationality": "Indian", "dateOfBirth": "1993-10-11", "rightArmedBowl": true, "rightHandedBat": true, "bowlingStyle": "MEDIUM_SEAM"}, {"id": 1124, "fullName": "Jasprit Bumrah", "shortName": "J Bumrah", "nationality": "Indian", "dateOfBirth": "1993-12-06", "rightArmedBowl": true, "rightHandedBat": true, "bowlingStyle": "FAST_SEAM"}, {"id": 730, "fullName": "Mitchell McClenaghan", "shortName": "M McClenaghan", "nationality": "New Zealander", "dateOfBirth": "1986-06-11", "rightArmedBowl": false, "rightHandedBat": false}, {"id": 211, "fullName": "Lasith Malinga", "shortName": "L Malinga", "nationality": "Sri Lankan", "dateOfBirth": "1983-08-28", "rightArmedBowl": true, "rightHandedBat": true, "bowlingStyle": "FAST_SEAM"}], "wicketKeeper": {"id": 44, "fullName": "Parthiv Patel", "shortName": "P Patel", "nationality": "Indian", "dateOfBirth": "1985-03-09", "rightArmedBowl": false, "rightHandedBat": false}, "captain": {"id": 107, "fullName": "Rohit Sharma", "shortName": "R Sharma", "nationality": "Indian", "dateOfBirth": "1987-04-30", "rightArmedBowl": true, "rightHandedBat": true, "bowlingStyle": "OFF_SPIN"}}], "venue": {"id": 8, "fullName": "Arun Jaitley Stadium", "shortName": "Arun Jaitley Stadium", "city": "Delhi", "country": "India"}, "matchDate": "2015-04-23T20:00:00+0530", "matchEndDate": "2015-04-23T23:00:00+0530", "matchDateMs": 1429799400000, "matchEndDateMs": 1429810200000, "isLimitedOvers": true, "battingOrder": [0, 1], "matchBroadcast": false, "matchState": "C", "matchStatus": {"outcome": "A", "text": "Delhi Capitals won by 37 runs"}, "description": "Match 21", "matchSummary": "", "matchType": "IPLT20", "tournamentLabel": "IPL 2015", "oversLimit": 20, "groupName": ""}, "matchId": {"id": 3246, "name": "ipl2015-21", "tournamentId": {"id": 2785, "name": "ipl2015", "provisional": false}}, "currentState": {"inProgress": false, "phase": "C", "currentInningsIndex": 1, "currentBatsmen": [1124, 211], "facingBatsman": 1124, "nonFacingBatsman": 211, "currentBowler": -1, "previousBowler": 898, "previousBowlerCurrentSpell": {"playerId": 898, "ov": "3", "r": 13, "w": 3, "d": 11, "maid": 0, "e": "4.33", "wd": 2, "nb": 0}, "currentPartnership": 0, "partnership": {"runs": 0, "balls": 2, "runRate": "0.00"}, "recentOvers": [{"ovNo": 15, "ovBalls": ["1", "1", ".", ".", "2", "1"]}, {"ovNo": 16, "ovBalls": ["4", "4", ".", "1", "2", "W"]}, {"ovNo": 17, "ovBalls": ["W", "4", "W", "W", ".", "."]}, {"ovNo": 18, "ovBalls": [".", "1", "1Lb", "6", ".", "1"]}, {"ovNo": 19, "ovBalls": [".", "1Wd", "1", ".", ".", "1Wd", "1", "."]}, {"ovNo": 20, "ovBalls": ["4", "1", ".", "W", ".", "."]}]}, "innings": [{"inningsNumber": 1, "runRate": "9.50", "overProgress": "20", "declared": false, "scorecard": {"runs": 190, "wkts": 4, "allOut": false, "battingStats": [{"playerId": 158, "r": 1, "b": 2, "sr": "50.00", "4s": 0, "6s": 0, "mod": {"dismissedBp": {"innings": 1, "over": 1, "ball": 3}, "countingBp": {"innings": 1, "over": 1, "ball": 3}, "text": "c Ambati Rayudu b Mitchell McClenaghan", "bowlerId": 730, "additionalPlayerIds": [100], "dismissedMethod": "ct", "isOut": true}}, {"playerId": 1563, "r": 83, "b": 56, "sr": "148.21", "4s": 7, "6s": 5, "mod": {"dismissedBp": {"innings": 1, "over": 17, "ball": 4}, "countingBp": {"innings": 1, "over": 17, "ball": 4}, "text": "b Lasith Malinga", "bowlerId": 211, "dismissedMethod": "b", "isOut": true}}, {"playerId": 182, "r": 78, "b": 50, "sr": "156.00", "4s": 3, "6s": 6}, {"playerId": 217, "r": 17, "b": 8, "sr": "212.50", "4s": 3, "6s": 0, "mod": {"dismissedBp": {"innings": 1, "over": 18, "ball": 7}, "countingBp": {"innings": 1, "over": 18, "ball": 6}, "text": "c Parthiv Patel b Mitchell McClenaghan", "bowlerId": 730, "additionalPlayerIds": [44], "dismissedMethod": "ct", "isOut": true}}, {"playerId": 113, "r": 2, "b": 4, "sr": "50.00", "4s": 0, "6s": 0, "mod": {"dismissedBp": {"innings": 1, "over": 20, "ball": 3}, "countingBp": {"innings": 1, "over": 20, "ball": 3}, "text": "c Kieron Pollard b Jasprit Bumrah", "bowlerId": 1124, "additionalPlayerIds": [210], "dismissedMethod": "ct", "isOut": true}}, {"playerId": 297, "r": 1, "b": 1, "sr": "100.00", "4s": 0, "6s": 0}], "bowlingStats": [{"playerId": 730, "ov": "4", "r": 38, "w": 2, "d": 13, "maid": 0, "e": "9.50", "wd": 3, "nb": 0}, {"playerId": 211, "ov": "4", "r": 23, "w": 1, "d": 12, "maid": 0, "e": "5.75", "wd": 2, "nb": 1}, {"playerId": 1124, "ov": "4", "r": 55, "w": 1, "d": 5, "maid": 0, "e": "13.75", "wd": 0, "nb": 0}, {"playerId": 103, "ov": "4", "r": 34, "w": 0, "d": 5, "maid": 0, "e": "8.50", "wd": 0, "nb": 0}, {"playerId": 2740, "ov": "2", "r": 14, "w": 0, "d": 4, "maid": 0, "e": "7.00", "wd": 0, "nb": 0}, {"playerId": 210, "ov": "2", "r": 25, "w": 0, "d": 1, "maid": 0, "e": "12.50", "wd": 1, "nb": 0}], "fow": [{"bp": {"innings": 1, "over": 1, "ball": 3}, "playerId": 158, "ret": false, "w": 1, "r": 2}, {"bp": {"innings": 1, "over": 17, "ball": 4}, "playerId": 1563, "ret": false, "w": 2, "r": 156}, {"bp": {"innings": 1, "over": 18, "ball": 6}, "playerId": 217, "ret": false, "w": 3, "r": 174}, {"bp": {"innings": 1, "over": 20, "ball": 3}, "playerId": 113, "ret": false, "w": 4, "r": 187}], "extras": {"noBallRuns": 1, "wideRuns": 6, "byeRuns": 0, "legByeRuns": 1, "penaltyRuns": 0}, "declared": false}, "overHistory": [{"ovNo": 1, "ovBalls": ["1", "1", "W", ".", ".", "1Wd", "1Wd", "."]}, {"ovNo": 2, "ovBalls": [".", "4", "1Wd", ".", ".", "1Wd", "1", "."]}, {"ovNo": 3, "ovBalls": [".", ".", ".", "4", "6", "."]}, {"ovNo": 4, "ovBalls": ["2", ".", "6", "6", ".", "."]}, {"ovNo": 5, "ovBalls": [".", "1", "1", "4", "1", "1"]}, {"ovNo": 6, "ovBalls": ["1", ".", ".", "1", ".", "."]}, {"ovNo": 7, "ovBalls": ["1", ".", "1", "1", "1", "."]}, {"ovNo": 8, "ovBalls": ["1", ".", "4", ".", "1", "1"]}, {"ovNo": 9, "ovBalls": [".", "1", "1", "1", ".", "1"]}, {"ovNo": 10, "ovBalls": ["1", "1", ".", "1", "1", "1"]}, {"ovNo": 11, "ovBalls": ["1", "1", "6", "4", "4", "."]}, {"ovNo": 12, "ovBalls": ["1Wd", "4", "1", "1", "6", "6", "1"]}, {"ovNo": 13, "ovBalls": [".", "1", ".", ".", "6", "4"]}, {"ovNo": 14, "ovBalls": ["1", "6", "6", "1", "2", "2"]}, {"ovNo": 15, "ovBalls": ["1", "1", ".", ".", "1", "4"]}, {"ovNo": 16, "ovBalls": ["2", "1", "1", "1", "4", "6"]}, {"ovNo": 17, "ovBalls": ["2", "1", "1Lb", "W", "4", "1"]}, {"ovNo": 18, "ovBalls": ["4", "2", "1Wd", ".", "2", "4", "W"]}, {"ovNo": 19, "ovBalls": [".", "1", ".", "2Nb", "1", "1", "1"]}, {"ovNo": 20, "ovBalls": ["6", "1", "W", "1", "1", "1"]}]}, {"inningsNumber": 2, "runRate": "7.65", "overProgress": "20", "declared": false, "scorecard": {"runs": 153, "wkts": 9, "allOut": false, "battingStats": [{"playerId": 595, "r": 15, "b": 14, "sr": "107.14", "4s": 3, "6s": 0, "mod": {"dismissedBp": {"innings": 2, "over": 5, "ball": 2}, "countingBp": {"innings": 2, "over": 5, "ball": 2}, "text": "c JP Duminy b Domnic Joseph", "bowlerId": 2736, "additionalPlayerIds": [182], "dismissedMethod": "ct", "isOut": true}}, {"playerId": 44, "r": 28, "b": 19, "sr": "147.36", "4s": 4, "6s": 1, "mod": {"dismissedBp": {"innings": 2, "over": 6, "ball": 6}, "countingBp": {"innings": 2, "over": 6, "ball": 6}, "text": "c Imran Tahir b Angelo Mathews", "bowlerId": 217, "additionalPlayerIds": [898], "dismissedMethod": "ct", "isOut": true}}, {"playerId": 60, "r": 14, "b": 11, "sr": "127.27", "4s": 2, "6s": 0, "mod": {"dismissedBp": {"innings": 2, "over": 9, "ball": 2}, "countingBp": {"innings": 2, "over": 9, "ball": 2}, "text": "st Kedar Jadhav b Amit Mishra", "bowlerId": 30, "additionalPlayerIds": [297], "dismissedMethod": "st", "isOut": true}}, {"playerId": 107, "r": 30, "b": 24, "sr": "125.00", "4s": 0, "6s": 2, "mod": {"dismissedBp": {"innings": 2, "over": 16, "ball": 6}, "countingBp": {"innings": 2, "over": 16, "ball": 6}, "text": "c Shahbaz Nadeem b Nathan Coulter-Nile", "bowlerId": 840, "additionalPlayerIds": [57], "dismissedMethod": "ct", "isOut": true}}, {"playerId": 210, "r": 10, "b": 8, "sr": "125.00", "4s": 0, "6s": 1, "mod": {"dismissedBp": {"innings": 2, "over": 11, "ball": 2}, "countingBp": {"innings": 2, "over": 11, "ball": 2}, "text": "c Shahbaz Nadeem b Amit Mishra", "bowlerId": 30, "additionalPlayerIds": [57], "dismissedMethod": "ct", "isOut": true}}, {"playerId": 100, "r": 30, "b": 22, "sr": "136.36", "4s": 3, "6s": 1, "mod": {"dismissedBp": {"innings": 2, "over": 17, "ball": 3}, "countingBp": {"innings": 2, "over": 17, "ball": 3}, "text": "c Nathan Coulter-Nile b Imran Tahir", "bowlerId": 898, "additionalPlayerIds": [840], "dismissedMethod": "ct", "isOut": true}}, {"playerId": 2740, "r": 0, "b": 1, "sr": "0.00", "4s": 0, "6s": 0, "mod": {"dismissedBp": {"innings": 2, "over": 17, "ball": 1}, "countingBp": {"innings": 2, "over": 17, "ball": 1}, "text": "c Nathan Coulter-Nile b Imran Tahir", "bowlerId": 898, "additionalPlayerIds": [840], "dismissedMethod": "ct", "isOut": true}}, {"playerId": 103, "r": 9, "b": 10, "sr": "90.00", "4s": 0, "6s": 1, "mod": {"dismissedBp": {"innings": 2, "over": 20, "ball": 4}, "countingBp": {"innings": 2, "over": 20, "ball": 4}, "text": "c (sub Jayant Yadav) b Angelo Mathews", "bowlerId": 217, "dismissedMethod": "ct", "isOut": true}}, {"playerId": 730, "r": 0, "b": 1, "sr": "0.00", "4s": 0, "6s": 0, "mod": {"dismissedBp": {"innings": 2, "over": 17, "ball": 4}, "countingBp": {"innings": 2, "over": 17, "ball": 4}, "text": "c Kedar Jadhav b Imran Tahir", "bowlerId": 898, "additionalPlayerIds": [297], "dismissedMethod": "ct", "isOut": true}}, {"playerId": 211, "r": 6, "b": 10, "sr": "60.00", "4s": 1, "6s": 0}, {"playerId": 1124, "r": 0, "b": 0, "4s": 0, "6s": 0}], "bowlingStats": [{"playerId": 840, "ov": "4", "r": 36, "w": 1, "d": 12, "maid": 0, "e": "9.00", "wd": 3, "nb": 0}, {"playerId": 2736, "ov": "2", "r": 7, "w": 1, "d": 8, "maid": 0, "e": "3.50", "wd": 0, "nb": 0}, {"playerId": 182, "ov": "1", "r": 14, "w": 0, "d": 1, "maid": 0, "e": "14.00", "wd": 0, "nb": 0}, {"playerId": 217, "ov": "2", "r": 15, "w": 2, "d": 8, "maid": 0, "e": "7.50", "wd": 0, "nb": 0}, {"playerId": 30, "ov": "4", "r": 32, "w": 2, "d": 8, "maid": 0, "e": "8.00", "wd": 1, "nb": 0}, {"playerId": 57, "ov": "3", "r": 25, "w": 0, "d": 6, "maid": 0, "e": "8.33", "wd": 2, "nb": 0}, {"playerId": 898, "ov": "4", "r": 22, "w": 3, "d": 13, "maid": 0, "e": "5.50", "wd": 2, "nb": 0}], "fow": [{"bp": {"innings": 2, "over": 5, "ball": 2}, "playerId": 595, "ret": false, "w": 1, "r": 35}, {"bp": {"innings": 2, "over": 6, "ball": 6}, "playerId": 44, "ret": false, "w": 2, "r": 48}, {"bp": {"innings": 2, "over": 9, "ball": 2}, "playerId": 60, "ret": false, "w": 3, "r": 68}, {"bp": {"innings": 2, "over": 11, "ball": 2}, "playerId": 210, "ret": false, "w": 4, "r": 82}, {"bp": {"innings": 2, "over": 16, "ball": 6}, "playerId": 107, "ret": false, "w": 5, "r": 131}, {"bp": {"innings": 2, "over": 17, "ball": 1}, "playerId": 2740, "ret": false, "w": 6, "r": 131}, {"bp": {"innings": 2, "over": 17, "ball": 3}, "playerId": 100, "ret": false, "w": 7, "r": 135}, {"bp": {"innings": 2, "over": 17, "ball": 4}, "playerId": 730, "ret": false, "w": 8, "r": 135}, {"bp": {"innings": 2, "over": 20, "ball": 4}, "playerId": 103, "ret": false, "w": 9, "r": 153}], "extras": {"noBallRuns": 0, "wideRuns": 9, "byeRuns": 0, "legByeRuns": 2, "penaltyRuns": 0}, "declared": false}, "overHistory": [{"ovNo": 1, "ovBalls": [".", ".", "1", ".", "4", "1Wd", "1"]}, {"ovNo": 2, "ovBalls": [".", ".", ".", ".", "3", "1"]}, {"ovNo": 3, "ovBalls": ["1Wd", "1Wd", ".", "4", ".", ".", "4", "."]}, {"ovNo": 4, "ovBalls": ["4", "4", ".", "1", "4", "1"]}, {"ovNo": 5, "ovBalls": [".", "W", "1", "2", ".", "."]}, {"ovNo": 6, "ovBalls": [".", ".", "4", "6", ".", "W"]}, {"ovNo": 7, "ovBalls": ["1", "1", "1", "4", "2Wd", "1", "1"]}, {"ovNo": 8, "ovBalls": ["1", ".", "1", ".", "1Wd", "1Wd", "1", "."]}, {"ovNo": 9, "ovBalls": ["4", "W", "1", "1", ".", "2"]}, {"ovNo": 10, "ovBalls": ["1", ".", "1", "1", "6", "."]}, {"ovNo": 11, "ovBalls": ["1", "W", "1", "1", ".", "."]}, {"ovNo": 12, "ovBalls": ["1", "1", ".", ".", "1", "2"]}, {"ovNo": 13, "ovBalls": [".", "2", "1Lb", "2", "6", "."]}, {"ovNo": 14, "ovBalls": ["1", "6", ".", "1", "6", "1"]}, {"ovNo": 15, "ovBalls": ["1", "1", ".", ".", "2", "1"]}, {"ovNo": 16, "ovBalls": ["4", "4", ".", "1", "2", "W"]}, {"ovNo": 17, "ovBalls": ["W", "4", "W", "W", ".", "."]}, {"ovNo": 18, "ovBalls": [".", "1", "1Lb", "6", ".", "1"]}, {"ovNo": 19, "ovBalls": [".", "1Wd", "1", ".", ".", "1Wd", "1", "."]}, {"ovNo": 20, "ovBalls": ["4", "1", ".", "W", ".", "."]}]}]}