{"matchInfo": {"additionalInfo": {"sixes.video.thumb": "https://iplplatform-static-files.s3.amazonaws.com/IPL/photo/2018/05/25/df67e243-3d73-4914-84b8-6f21c1dfdee9/VbQvhtnQ.jpg", "sixes.video.id": "144126", "match.video.thumb": "https://iplplatform-static-files.s3.amazonaws.com/IPL/photo/2018/05/25/c3370a8d-ac3a-4091-99a5-359388c6ad7f/RASL8262.JPG", "mom.video.thumb": "https://iplplatform-static-files.s3.amazonaws.com/IPL/photo/2018/05/25/1329190e-2103-4a81-a761-84d3f125b580/TaHHYfDe.jpg", "mom.video.id": "144134", "referee.name": "Javagal Srinath", "report.thumb": "https://iplplatform-static-files.s3.amazonaws.com/IPL/photo/2018/05/25/1cbbc922-56ae-48d8-bc42-bc87994d802c/RON_1787.JPG", "match.summary": "", "umpire.name.1": "Nitin Menon", "umpire.name.2": "Kumar Dharmasena", "umpire.name.3": "Anil Chaudhary", "interview.thumb": "https://iplplatform-static-files.s3.amazonaws.com/IPL/photo/2018/05/25/b69ac381-eebc-4e72-90b4-7283250bac44/rashid.jpg", "umpire.name.4": "Nanda Kishore", "result.playerofthematch": "Rashid Khan", "report.link": "https://www.iplt20.com/news/144121/report-q2-srh-vs-kkr", "toss.elected": "Kolkata Knight Riders, who chose to field", "notes.1.1": "Powerplay: 45 runs, 0 wickets", "notes.1.2": "Sunrisers Hyderabad: 50 runs in 6.3 overs", "notes.2.1": "Powerplay: 67 runs, 1 wicket", "notes.1.3": "1st Wicket: 50 runs in 39 balls (Wriddhiman Saha 19, Shikhar Dhawan 29)", "notes.2.2": "Kolkata Knight Riders: 50 runs in 4.3 overs", "notes.1.4": "Sunrisers Hyderabad: 100 runs in 13.6 overs", "notes.2.3": "Kolkata Knight Riders: 100 runs in 10.5 overs ", "notes.1.5": "Sunrisers Hyderabad: 150 runs in 18.6 overs", "notes.2.4": "Kolkata Knight Riders: 150 runs in 18.5 overs", "notes.1.6": "Innings Break: Sunrisers Hyderabad - 174/7 in 20 overs", "highlights.link": "https://www.iplt20.com/video/144144/q2-srh-vs-kkr-match-highlights", "match.video.id": "144144", "stats.link": "https://www.iplt20.com/news/144156/quick-stats-q2-srh-vs-kkr", "toss.winner": "Kolkata Knight Riders", "interview.link": "https://www.iplt20.com/video/144162/rashid-re-enacts-one-legged-six", "stats.thumb": "https://iplplatform-static-files.s3.amazonaws.com/IPL/photo/2018/05/25/8473080d-f02a-48bf-9cb8-160bab056484/DM1L1954.JPG"}, "teams": [{"id": 9953, "team": {"id": 62, "fullName": "Sunrisers Hyderabad", "shortName": "Sunrisers", "abbreviation": "SRH", "type": "m", "primaryColor": "FF9C00", "secondaryColor": "FFFFFF"}, "players": [{"id": 41, "fullName": "Shikhar Dhawan", "shortName": "S Dhawan", "nationality": "Indian", "dateOfBirth": "1985-12-05", "rightArmedBowl": true, "rightHandedBat": false, "bowlingStyle": "OFF_SPIN"}, {"id": 16, "fullName": "Wriddhiman Saha", "shortName": "W Saha", "nationality": "Indian", "dateOfBirth": "1984-10-24", "rightArmedBowl": true, "rightHandedBat": true}, {"id": 440, "fullName": "Kane Williamson", "shortName": "K Williamson", "nationality": "New Zealander", "dateOfBirth": "1990-08-08", "rightArmedBowl": true, "rightHandedBat": true, "bowlingStyle": "OFF_SPIN"}, {"id": 201, "fullName": "Shakib Al Hasan", "shortName": "S Al Hasan", "nationality": "Bangladeshi", "dateOfBirth": "1987-03-24", "rightArmedBowl": false, "rightHandedBat": false, "bowlingStyle": "ORTHODOX"}, {"id": 1556, "fullName": "Deepak Hooda", "shortName": "D Hooda", "nationality": "Indian", "dateOfBirth": "1995-04-19", "rightArmedBowl": true, "rightHandedBat": true, "bowlingStyle": "OFF_SPIN"}, {"id": 96, "fullName": "Yusuf Pathan", "shortName": "Y Pathan", "nationality": "Indian", "dateOfBirth": "1982-11-17", "rightArmedBowl": false, "rightHandedBat": true}, {"id": 2722, "fullName": "Carlos Brathwaite", "shortName": "C Brathwaite", "nationality": "West Indian", "dateOfBirth": "1988-07-18", "rightArmedBowl": true, "rightHandedBat": true, "bowlingStyle": "MEDIUM_SEAM"}, {"id": 116, "fullName": "Bhuvneshwar Kumar", "shortName": "B Kumar", "nationality": "Indian", "dateOfBirth": "1990-02-05", "rightArmedBowl": true, "rightHandedBat": true, "bowlingStyle": "MEDIUM_SEAM"}, {"id": 2885, "fullName": "Rashid Khan", "shortName": "R Khan", "nationality": "Afghan", "dateOfBirth": "1998-09-20", "rightArmedBowl": true, "rightHandedBat": true, "bowlingStyle": "LEG_SPIN"}, {"id": 1086, "fullName": "Siddarth Kaul", "shortName": "S Kaul", "nationality": "Indian", "dateOfBirth": "1990-05-19", "rightArmedBowl": true, "rightHandedBat": true, "bowlingStyle": "MEDIUM_SEAM"}, {"id": 2964, "fullName": "Khaleel Ahmed", "shortName": "K Ahmed", "nationality": "Indian", "dateOfBirth": "1997-12-05", "rightArmedBowl": false, "rightHandedBat": true, "bowlingStyle": "MEDIUM_SEAM"}], "wicketKeeper": {"id": 16, "fullName": "Wriddhiman Saha", "shortName": "W Saha", "nationality": "Indian", "dateOfBirth": "1984-10-24", "rightArmedBowl": true, "rightHandedBat": true}, "captain": {"id": 440, "fullName": "Kane Williamson", "shortName": "K Williamson", "nationality": "New Zealander", "dateOfBirth": "1990-08-08", "rightArmedBowl": true, "rightHandedBat": true, "bowlingStyle": "OFF_SPIN"}}, {"id": 9952, "team": {"id": 5, "fullName": "Kolkata Knight Riders", "shortName": "Knight Riders", "abbreviation": "KKR", "type": "m", "primaryColor": "6F2C91", "secondaryColor": "FFFFFF"}, "players": [{"id": 179, "fullName": "Chris Lynn", "shortName": "C Lynn", "nationality": "Australian", "dateOfBirth": "1990-04-10", "rightArmedBowl": false, "rightHandedBat": true}, {"id": 203, "fullName": "Sunil Narine", "shortName": "S Narine", "nationality": "West Indian", "dateOfBirth": "1988-05-26", "rightArmedBowl": true, "rightHandedBat": false, "bowlingStyle": "OFF_SPIN"}, {"id": 127, "fullName": "Robin Uthappa", "shortName": "R Uthappa", "nationality": "Indian", "dateOfBirth": "1985-11-11", "rightArmedBowl": true, "rightHandedBat": true}, {"id": 102, "fullName": "Dinesh Karthik", "shortName": "D Karthik", "nationality": "Indian", "dateOfBirth": "1985-06-01", "rightArmedBowl": true, "rightHandedBat": true, "bowlingStyle": "OFF_SPIN"}, {"id": 2738, "fullName": "Nitish Rana", "shortName": "N Rana", "nationality": "Indian", "dateOfBirth": "1993-12-27", "rightArmedBowl": true, "rightHandedBat": false, "bowlingStyle": "OFF_SPIN"}, {"id": 3761, "fullName": "Shubman Gill", "shortName": "S Gill", "nationality": "Indian", "dateOfBirth": "1999-09-08", "rightArmedBowl": true, "rightHandedBat": true, "bowlingStyle": "OFF_SPIN"}, {"id": 177, "fullName": "Andre Russell", "shortName": "A Russell", "nationality": "West Indian", "dateOfBirth": "1988-04-29", "rightArmedBowl": true, "rightHandedBat": true, "bowlingStyle": "FAST_SEAM"}, {"id": 3779, "fullName": "Shivam Mavi", "shortName": "S Mavi", "nationality": "Indian", "dateOfBirth": "1998-11-26", "rightArmedBowl": true, "rightHandedBat": true, "bowlingStyle": "FAST_SEAM"}, {"id": 76, "fullName": "Piyush Chawla", "shortName": "P Chawla", "nationality": "Indian", "dateOfBirth": "1988-12-24", "rightArmedBowl": true, "rightHandedBat": false, "bowlingStyle": "LEG_SPIN"}, {"id": 261, "fullName": "Kuldeep Yadav", "shortName": "K Yadav", "nationality": "Indian", "dateOfBirth": "1994-12-14", "rightArmedBowl": false, "rightHandedBat": false, "bowlingStyle": "UNORTHODOX"}, {"id": 5105, "fullName": "Prasidh Krishna", "shortName": "P Krishna", "nationality": "Indian", "dateOfBirth": "1996-02-19", "rightArmedBowl": true, "rightHandedBat": true, "bowlingStyle": "MEDIUM_SEAM"}], "wicketKeeper": {"id": 102, "fullName": "Dinesh Karthik", "shortName": "D Karthik", "nationality": "Indian", "dateOfBirth": "1985-06-01", "rightArmedBowl": true, "rightHandedBat": true, "bowlingStyle": "OFF_SPIN"}, "captain": {"id": 102, "fullName": "Dinesh Karthik", "shortName": "D Karthik", "nationality": "Indian", "dateOfBirth": "1985-06-01", "rightArmedBowl": true, "rightHandedBat": true, "bowlingStyle": "OFF_SPIN"}}], "venue": {"id": 2, "fullName": "Eden Gardens", "shortName": "Eden Gardens", "city": "Kolkata", "country": "India"}, "matchDate": "2018-05-25T19:00:00+0530", "matchEndDate": "2018-05-25T23:00:00+0530", "matchDateMs": 1527255000000, "matchEndDateMs": 1527269400000, "isLimitedOvers": true, "battingOrder": [0, 1], "matchBroadcast": false, "matchState": "C", "matchStatus": {"outcome": "A", "text": "Sunrisers Hyderabad won by 14 runs"}, "description": "Qualifier 2", "matchSummary": "", "matchType": "IPLT20", "tournamentLabel": "IPL 2018", "oversLimit": 20, "groupName": "Knockouts"}, "matchId": {"id": 7952, "name": "ipl2018-59", "tournamentId": {"id": 7749, "name": "ipl2018", "provisional": false}}, "currentState": {"inProgress": false, "phase": "C", "currentInningsIndex": 1, "currentBatsmen": [261, 5105], "facingBatsman": 5105, "nonFacingBatsman": 261, "currentBowler": -1, "previousBowler": 1086, "previousBowlerCurrentSpell": {"playerId": 1086, "ov": "2", "r": 15, "w": 1, "d": 3, "maid": 0, "e": "7.50", "wd": 0, "nb": 0}, "currentPartnership": 0, "partnership": {"runs": 0, "balls": 3, "runRate": "0.00"}, "recentOvers": [{"ovNo": 15, "ovBalls": ["1", ".", ".", "W", ".", "."]}, {"ovNo": 16, "ovBalls": ["1", ".", "1", "4", "1", "1Wd", "6"]}, {"ovNo": 17, "ovBalls": ["1", ".", "1", ".", "1", "1"]}, {"ovNo": 18, "ovBalls": ["1", "1", "1", "1", "1", "4"]}, {"ovNo": 19, "ovBalls": ["W", "1", "1", "1", "2", "6"]}, {"ovNo": 20, "ovBalls": ["4", "W", "W", ".", ".", "."]}]}, "innings": [{"inningsNumber": 1, "runRate": "8.70", "overProgress": "20", "declared": false, "scorecard": {"runs": 174, "wkts": 7, "allOut": false, "battingStats": [{"playerId": 16, "r": 35, "b": 27, "sr": "129.62", "4s": 5, "6s": 0, "mod": {"dismissedBp": {"innings": 1, "over": 11, "ball": 3}, "countingBp": {"innings": 1, "over": 11, "ball": 3}, "text": "st Dinesh Karthik b Piyush Chawla", "bowlerId": 76, "additionalPlayerIds": [102], "dismissedMethod": "st", "isOut": true}}, {"playerId": 41, "r": 34, "b": 24, "sr": "141.66", "4s": 4, "6s": 1, "mod": {"dismissedBp": {"innings": 1, "over": 8, "ball": 1}, "countingBp": {"innings": 1, "over": 8, "ball": 1}, "text": "lbw Kuldeep Yadav", "bowlerId": 261, "dismissedMethod": "lbw", "isOut": true}}, {"playerId": 440, "r": 3, "b": 3, "sr": "100.00", "4s": 0, "6s": 0, "mod": {"dismissedBp": {"innings": 1, "over": 8, "ball": 5}, "countingBp": {"innings": 1, "over": 8, "ball": 5}, "text": "c Dinesh Karthik b Kuldeep Yadav", "bowlerId": 261, "additionalPlayerIds": [102], "dismissedMethod": "ct", "isOut": true}}, {"playerId": 201, "r": 28, "b": 24, "sr": "116.66", "4s": 4, "6s": 0, "mod": {"dismissedBp": {"innings": 1, "over": 16, "ball": 1}, "countingBp": {"innings": 1, "over": 16, "ball": 1}, "text": "run out (Kuldeep Yadav)", "bowlerId": 261, "additionalPlayerIds": [261], "dismissedMethod": "ro", "isOut": true}}, {"playerId": 1556, "r": 19, "b": 19, "sr": "100.00", "4s": 0, "6s": 1, "mod": {"dismissedBp": {"innings": 1, "over": 17, "ball": 5}, "countingBp": {"innings": 1, "over": 17, "ball": 5}, "text": "c Piyush Chawla b Sunil Narine", "bowlerId": 203, "additionalPlayerIds": [76], "dismissedMethod": "ct", "isOut": true}}, {"playerId": 96, "r": 3, "b": 7, "sr": "42.85", "4s": 0, "6s": 0, "mod": {"dismissedBp": {"innings": 1, "over": 19, "ball": 1}, "countingBp": {"innings": 1, "over": 19, "ball": 1}, "text": "c Piyush Chawla b Shivam Mavi", "bowlerId": 3779, "additionalPlayerIds": [76], "dismissedMethod": "ct", "isOut": true}}, {"playerId": 2722, "r": 8, "b": 4, "sr": "200.00", "4s": 0, "6s": 1, "mod": {"dismissedBp": {"innings": 1, "over": 18, "ball": 6}, "countingBp": {"innings": 1, "over": 18, "ball": 5}, "text": "run out (Nitish Rana)", "bowlerId": 5105, "additionalPlayerIds": [2738], "dismissedMethod": "ro", "isOut": true}}, {"playerId": 2885, "r": 34, "b": 10, "sr": "340.00", "4s": 2, "6s": 4}, {"playerId": 116, "r": 5, "b": 2, "sr": "250.00", "4s": 1, "6s": 0}], "bowlingStats": [{"playerId": 3779, "ov": "4", "r": 33, "w": 1, "d": 9, "maid": 0, "e": "8.25", "wd": 1, "nb": 0}, {"playerId": 5105, "ov": "4", "r": 56, "w": 0, "d": 5, "maid": 0, "e": "14.00", "wd": 3, "nb": 0}, {"playerId": 177, "ov": "1", "r": 9, "w": 0, "d": 3, "maid": 0, "e": "9.00", "wd": 0, "nb": 0}, {"playerId": 203, "ov": "4", "r": 24, "w": 1, "d": 7, "maid": 0, "e": "6.00", "wd": 0, "nb": 0}, {"playerId": 76, "ov": "3", "r": 22, "w": 1, "d": 8, "maid": 0, "e": "7.33", "wd": 0, "nb": 0}, {"playerId": 261, "ov": "4", "r": 29, "w": 2, "d": 7, "maid": 0, "e": "7.25", "wd": 0, "nb": 0}], "fow": [{"bp": {"innings": 1, "over": 8, "ball": 1}, "playerId": 41, "ret": false, "w": 1, "r": 56}, {"bp": {"innings": 1, "over": 8, "ball": 5}, "playerId": 440, "ret": false, "w": 2, "r": 60}, {"bp": {"innings": 1, "over": 11, "ball": 3}, "playerId": 16, "ret": false, "w": 3, "r": 84}, {"bp": {"innings": 1, "over": 16, "ball": 1}, "playerId": 201, "ret": false, "w": 4, "r": 113}, {"bp": {"innings": 1, "over": 17, "ball": 5}, "playerId": 1556, "ret": false, "w": 5, "r": 124}, {"bp": {"innings": 1, "over": 18, "ball": 5}, "playerId": 2722, "ret": false, "w": 6, "r": 134}, {"bp": {"innings": 1, "over": 19, "ball": 1}, "playerId": 96, "ret": false, "w": 7, "r": 138}], "extras": {"noBallRuns": 0, "wideRuns": 4, "byeRuns": 0, "legByeRuns": 1, "penaltyRuns": 0}, "declared": false}, "overHistory": [{"ovNo": 1, "ovBalls": ["1Wd", ".", "1", ".", ".", "1", "1"]}, {"ovNo": 2, "ovBalls": [".", ".", "1", "1Wd", "1", "1", "6"]}, {"ovNo": 3, "ovBalls": ["1", "1", ".", "1", "1", "."]}, {"ovNo": 4, "ovBalls": [".", "4", ".", "4", "1", "."]}, {"ovNo": 5, "ovBalls": ["1", "4", "1", "1", "2", "4"]}, {"ovNo": 6, "ovBalls": ["1", "1", "1", "1", ".", "1"]}, {"ovNo": 7, "ovBalls": [".", "4", "1", "1", "4", "1"]}, {"ovNo": 8, "ovBalls": ["W", "1", "1", "2", "W", "1"]}, {"ovNo": 9, "ovBalls": ["1", "4", "1", ".", ".", "2"]}, {"ovNo": 10, "ovBalls": [".", "4", "1", ".", "1", "4"]}, {"ovNo": 11, "ovBalls": ["4", "1", "W", "1Lb", ".", "1"]}, {"ovNo": 12, "ovBalls": ["1", "1", "1", ".", "1", "."]}, {"ovNo": 13, "ovBalls": ["1", "4", ".", ".", ".", "."]}, {"ovNo": 14, "ovBalls": ["1", "1", "1", "1", ".", "1"]}, {"ovNo": 15, "ovBalls": ["1", "4", "4", "1", "2", "1"]}, {"ovNo": 16, "ovBalls": ["W", "6", "1", "1", "1", "."]}, {"ovNo": 17, "ovBalls": ["1", ".", "1", ".", "W", "."]}, {"ovNo": 18, "ovBalls": ["1", "1", ".", "6", "1Wd", "1W", "4"]}, {"ovNo": 19, "ovBalls": ["W", ".", "6", ".", ".", "6"]}, {"ovNo": 20, "ovBalls": ["4", "1", "4", "6", "1Wd", "2", "6"]}]}, {"inningsNumber": 2, "runRate": "8.00", "overProgress": "20", "declared": false, "scorecard": {"runs": 160, "wkts": 9, "allOut": false, "battingStats": [{"playerId": 179, "r": 48, "b": 31, "sr": "154.83", "4s": 6, "6s": 2, "mod": {"dismissedBp": {"innings": 2, "over": 13, "ball": 2}, "countingBp": {"innings": 2, "over": 13, "ball": 2}, "text": "lbw Rashid Khan", "bowlerId": 2885, "dismissedMethod": "lbw", "isOut": true}}, {"playerId": 203, "r": 26, "b": 13, "sr": "200.00", "4s": 4, "6s": 1, "mod": {"dismissedBp": {"innings": 2, "over": 4, "ball": 2}, "countingBp": {"innings": 2, "over": 4, "ball": 2}, "text": "c Carlos Brathwaite b Siddarth Kaul", "bowlerId": 1086, "additionalPlayerIds": [2722], "dismissedMethod": "ct", "isOut": true}}, {"playerId": 2738, "r": 22, "b": 16, "sr": "137.50", "4s": 1, "6s": 2, "mod": {"dismissedBp": {"innings": 2, "over": 9, "ball": 3}, "countingBp": {"innings": 2, "over": 9, "ball": 3}, "text": "run out (Rashid Khan)", "bowlerId": 201, "additionalPlayerIds": [2885], "dismissedMethod": "ro", "isOut": true}}, {"playerId": 127, "r": 2, "b": 8, "sr": "25.00", "4s": 0, "6s": 0, "mod": {"dismissedBp": {"innings": 2, "over": 11, "ball": 1}, "countingBp": {"innings": 2, "over": 11, "ball": 1}, "text": "b Rashid Khan", "bowlerId": 2885, "dismissedMethod": "b", "isOut": true}}, {"playerId": 102, "r": 8, "b": 6, "sr": "133.33", "4s": 1, "6s": 0, "mod": {"dismissedBp": {"innings": 2, "over": 12, "ball": 6}, "countingBp": {"innings": 2, "over": 12, "ball": 6}, "text": "b Shakib Al Hasan", "bowlerId": 201, "dismissedMethod": "b", "isOut": true}}, {"playerId": 3761, "r": 30, "b": 20, "sr": "150.00", "4s": 2, "6s": 1, "mod": {"dismissedBp": {"innings": 2, "over": 20, "ball": 3}, "countingBp": {"innings": 2, "over": 20, "ball": 3}, "text": "c Rashid Khan b Carlos Brathwaite", "bowlerId": 2722, "additionalPlayerIds": [2885], "dismissedMethod": "ct", "isOut": true}}, {"playerId": 177, "r": 3, "b": 7, "sr": "42.85", "4s": 0, "6s": 0, "mod": {"dismissedBp": {"innings": 2, "over": 15, "ball": 4}, "countingBp": {"innings": 2, "over": 15, "ball": 4}, "text": "c Shikhar Dhawan b Rashid Khan", "bowlerId": 2885, "additionalPlayerIds": [41], "dismissedMethod": "ct", "isOut": true}}, {"playerId": 76, "r": 12, "b": 12, "sr": "100.00", "4s": 0, "6s": 1, "mod": {"dismissedBp": {"innings": 2, "over": 19, "ball": 1}, "countingBp": {"innings": 2, "over": 19, "ball": 1}, "text": "b Siddarth Kaul", "bowlerId": 1086, "dismissedMethod": "b", "isOut": true}}, {"playerId": 3779, "r": 6, "b": 4, "sr": "150.00", "4s": 1, "6s": 0, "mod": {"dismissedBp": {"innings": 2, "over": 20, "ball": 2}, "countingBp": {"innings": 2, "over": 20, "ball": 2}, "text": "c Rashid Khan b Carlos Brathwaite", "bowlerId": 2722, "additionalPlayerIds": [2885], "dismissedMethod": "ct", "isOut": true}}, {"playerId": 261, "r": 0, "b": 3, "sr": "0.00", "4s": 0, "6s": 0}, {"playerId": 5105, "r": 0, "b": 0, "4s": 0, "6s": 0}], "bowlingStats": [{"playerId": 116, "ov": "4", "r": 38, "w": 0, "d": 9, "maid": 0, "e": "9.50", "wd": 0, "nb": 0}, {"playerId": 2964, "ov": "3", "r": 38, "w": 0, "d": 7, "maid": 0, "e": "12.66", "wd": 1, "nb": 0}, {"playerId": 1086, "ov": "4", "r": 32, "w": 2, "d": 7, "maid": 0, "e": "8.00", "wd": 0, "nb": 0}, {"playerId": 2885, "ov": "4", "r": 19, "w": 3, "d": 12, "maid": 0, "e": "4.75", "wd": 0, "nb": 0}, {"playerId": 2722, "ov": "2", "r": 15, "w": 2, "d": 6, "maid": 0, "e": "7.50", "wd": 0, "nb": 0}, {"playerId": 201, "ov": "3", "r": 16, "w": 1, "d": 6, "maid": 0, "e": "5.33", "wd": 0, "nb": 0}], "fow": [{"bp": {"innings": 2, "over": 4, "ball": 2}, "playerId": 203, "ret": false, "w": 1, "r": 40}, {"bp": {"innings": 2, "over": 9, "ball": 3}, "playerId": 2738, "ret": false, "w": 2, "r": 87}, {"bp": {"innings": 2, "over": 11, "ball": 1}, "playerId": 127, "ret": false, "w": 3, "r": 93}, {"bp": {"innings": 2, "over": 12, "ball": 6}, "playerId": 102, "ret": false, "w": 4, "r": 108}, {"bp": {"innings": 2, "over": 13, "ball": 2}, "playerId": 179, "ret": false, "w": 5, "r": 108}, {"bp": {"innings": 2, "over": 15, "ball": 4}, "playerId": 177, "ret": false, "w": 6, "r": 118}, {"bp": {"innings": 2, "over": 19, "ball": 1}, "playerId": 76, "ret": false, "w": 7, "r": 145}, {"bp": {"innings": 2, "over": 20, "ball": 2}, "playerId": 3779, "ret": false, "w": 8, "r": 160}, {"bp": {"innings": 2, "over": 20, "ball": 3}, "playerId": 3761, "ret": false, "w": 9, "r": 160}], "extras": {"noBallRuns": 0, "wideRuns": 1, "byeRuns": 0, "legByeRuns": 2, "penaltyRuns": 0}, "declared": false}, "overHistory": [{"ovNo": 1, "ovBalls": [".", ".", "4", "1", ".", "1Lb"]}, {"ovNo": 2, "ovBalls": ["4", "1", "1", ".", "1Lb", "6"]}, {"ovNo": 3, "ovBalls": ["4", "6", "4", "4", "1", "."]}, {"ovNo": 4, "ovBalls": ["2", "W", "4", "1", "1", "."]}, {"ovNo": 5, "ovBalls": [".", ".", "6", ".", "6", "."]}, {"ovNo": 6, "ovBalls": ["6", "1", ".", "1", ".", "1"]}, {"ovNo": 7, "ovBalls": [".", "1", ".", ".", ".", "2"]}, {"ovNo": 8, "ovBalls": ["1", "1", "4", ".", "4", "1"]}, {"ovNo": 9, "ovBalls": ["1", "4", "1W", ".", "1", "."]}, {"ovNo": 10, "ovBalls": [".", ".", ".", ".", "1", "4"]}, {"ovNo": 11, "ovBalls": ["W", "1", "4", "1", "4", "1"]}, {"ovNo": 12, "ovBalls": ["1", "1", "1", ".", "1", "W"]}, {"ovNo": 13, "ovBalls": [".", "W", "1", "1", "1", "1"]}, {"ovNo": 14, "ovBalls": ["1", "1", ".", "2", "1", "."]}, {"ovNo": 15, "ovBalls": ["1", ".", ".", "W", ".", "."]}, {"ovNo": 16, "ovBalls": ["1", ".", "1", "4", "1", "1Wd", "6"]}, {"ovNo": 17, "ovBalls": ["1", ".", "1", ".", "1", "1"]}, {"ovNo": 18, "ovBalls": ["1", "1", "1", "1", "1", "4"]}, {"ovNo": 19, "ovBalls": ["W", "1", "1", "1", "2", "6"]}, {"ovNo": 20, "ovBalls": ["4", "W", "W", ".", ".", "."]}]}]}