{"matchInfo": {"additionalInfo": {"toss.elected": "Delihi Daredevils, who chose to field", "notes.1.1": "Powerplay - 20 runs, 4 wickets", "notes.1.2": "KXIP: 50 runs in 9.6 overs", "notes.2.1": "Powerplay: 44 runs, 0 wicket", "notes.1.3": "5th Wicket: 50 runs in 39 balls (Siddharth Chitnis 34, Azhar Mahmood 14)", "notes.2.2": "DD: 50 runs in 6.1 overs ", "notes.1.4": "KXIP: 100 runs in 16.2 overs", "notes.2.3": "1st Wicket: 50 runs in 37 balls (Unmunkt Chand 15, David Warner 30)", "notes.1.5": "Innings Break: Kings XI Punjab - 141/8 in 20.0 overs", "notes.2.4": "David Warner: 50 off 25 balls (5 fours, 4 sixes)", "notes.2.5": "DD: 100 runs in 11.2 overs ", "highlights.link": "http://www.iplt20.com/videos?mid=1f6cf26f7c9d4dec83c4a75c13a29086", "referee.name": "Ranjan Madugalle", "home.team.fan.total": "2,670", "match.summary": "", "umpire.name.1": "Billy Bowden", "photostream.link": "http://iplt20.com/photos/92/ipl-2012-match-69-kings-xi-punjab-v-delhi-daredevils", "umpire.name.2": "Vineet Kulkarni", "toss.winner": "Delhi Daredevils", "umpire.name.3": "Shavir Tarapore", "umpire.name.4": "Virender Sharma", "away.team.fan.total": "3,450", "result.playerofthematch": "Umesh Yadav"}, "teams": [{"id": 759, "team": {"id": 4, "fullName": "Punjab Kings", "shortName": "Punjab Kings", "abbreviation": "PBKS", "type": "m", "primaryColor": "DA1F3D", "secondaryColor": "FFFFFF"}, "players": [{"id": 65, "fullName": "Adam Gilchrist", "shortName": "A Gilchrist", "nationality": "Australian", "dateOfBirth": "1971-11-14", "rightArmedBowl": true, "rightHandedBat": false, "bowlingStyle": "OFF_SPIN"}, {"id": 72, "fullName": "Mandeep Singh", "shortName": "M Singh", "nationality": "Indian", "dateOfBirth": "1991-12-18", "rightArmedBowl": true, "rightHandedBat": true}, {"id": 75, "fullName": "Paul Valthaty", "shortName": "P Valthaty", "nationality": "Indian", "dateOfBirth": "1983-12-07", "rightArmedBowl": false, "rightHandedBat": false}, {"id": 186, "fullName": "David Hussey", "shortName": "D Hussey", "nationality": "Australian", "dateOfBirth": "1977-07-15", "rightArmedBowl": false, "rightHandedBat": false}, {"id": 194, "fullName": "Azhar Mahmood", "shortName": "A Mahmood", "nationality": "English", "dateOfBirth": "1975-02-28", "rightArmedBowl": false, "rightHandedBat": false}, {"id": 253, "fullName": "Gurkeerat Mann Singh", "shortName": "GM Singh", "nationality": "Indian", "dateOfBirth": "1990-06-29", "rightArmedBowl": true, "rightHandedBat": true, "bowlingStyle": "OFF_SPIN"}, {"id": 80, "fullName": "Siddharth Chitnis", "shortName": "S Chitnis", "nationality": "Indian", "dateOfBirth": "1987-05-06", "rightArmedBowl": false, "rightHandedBat": false}, {"id": 76, "fullName": "Piyush Chawla", "shortName": "P Chawla", "nationality": "Indian", "dateOfBirth": "1988-12-24", "rightArmedBowl": true, "rightHandedBat": false, "bowlingStyle": "LEG_SPIN"}, {"id": 190, "fullName": "Ryan Harris", "shortName": "R Harris", "nationality": "Australian", "dateOfBirth": "1979-10-11", "rightArmedBowl": false, "rightHandedBat": false}, {"id": 77, "fullName": "Praveen Kumar", "shortName": "P Kumar", "nationality": "Indian", "dateOfBirth": "1986-10-02", "rightArmedBowl": true, "rightHandedBat": true}, {"id": 254, "fullName": "Parvinder Awana", "shortName": "P Awana", "nationality": "Indian", "dateOfBirth": "1986-07-19", "rightArmedBowl": false, "rightHandedBat": false}], "wicketKeeper": {"id": 65, "fullName": "Adam Gilchrist", "shortName": "A Gilchrist", "nationality": "Australian", "dateOfBirth": "1971-11-14", "rightArmedBowl": true, "rightHandedBat": false, "bowlingStyle": "OFF_SPIN"}, "captain": {"id": 65, "fullName": "Adam Gilchrist", "shortName": "A Gilchrist", "nationality": "Australian", "dateOfBirth": "1971-11-14", "rightArmedBowl": true, "rightHandedBat": false, "bowlingStyle": "OFF_SPIN"}}, {"id": 760, "team": {"id": 3, "fullName": "Delhi Capitals", "shortName": "Delhi", "abbreviation": "DC", "type": "m", "primaryColor": "004C93", "secondaryColor": "F83430"}, "players": [{"id": 170, "fullName": "David Warner", "shortName": "D Warner", "nationality": "Australian", "dateOfBirth": "1986-10-27", "rightArmedBowl": true, "rightHandedBat": false, "bowlingStyle": "LEG_SPIN"}, {"id": 60, "fullName": "Unmukt Chand", "shortName": "U Chand", "nationality": "Indian", "dateOfBirth": "1993-03-26", "rightArmedBowl": false, "rightHandedBat": false}, {"id": 175, "fullName": "Mahela Jayawardene", "shortName": "M Jayawardene", "nationality": "Sri Lankan", "dateOfBirth": "1977-05-27", "rightArmedBowl": true, "rightHandedBat": true, "bowlingStyle": "MEDIUM_SEAM"}, {"id": 52, "fullName": "Naman Ojha", "shortName": "N Ojha", "nationality": "Indian", "dateOfBirth": "1983-07-20", "rightArmedBowl": true, "rightHandedBat": true}, {"id": 62, "fullName": "Venugopal Rao", "shortName": "V Rao", "nationality": "Indian", "dateOfBirth": "1982-02-26", "rightArmedBowl": false, "rightHandedBat": false}, {"id": 49, "fullName": "Irfan Pathan", "shortName": "I Pathan", "nationality": "Indian", "dateOfBirth": "1984-10-27", "rightArmedBowl": false, "rightHandedBat": false, "bowlingStyle": "MEDIUM_SEAM"}, {"id": 177, "fullName": "Andre Russell", "shortName": "A Russell", "nationality": "West Indian", "dateOfBirth": "1988-04-29", "rightArmedBowl": true, "rightHandedBat": true, "bowlingStyle": "FAST_SEAM"}, {"id": 53, "fullName": "Pawan Negi", "shortName": "P Negi", "nationality": "Indian", "dateOfBirth": "1983-01-06", "rightArmedBowl": false, "rightHandedBat": false, "bowlingStyle": "ORTHODOX"}, {"id": 61, "fullName": "Varun Aaron", "shortName": "V Aaron", "nationality": "Indian", "dateOfBirth": "1989-10-29", "rightArmedBowl": true, "rightHandedBat": true}, {"id": 169, "fullName": "Morne Morkel", "shortName": "M Morkel", "nationality": "South African", "dateOfBirth": "1984-10-06", "rightArmedBowl": true, "rightHandedBat": false, "bowlingStyle": "FAST_SEAM"}, {"id": 59, "fullName": "Umesh Yadav", "shortName": "U Yadav", "nationality": "Indian", "dateOfBirth": "1987-10-25", "rightArmedBowl": true, "rightHandedBat": true, "bowlingStyle": "FAST_SEAM"}], "wicketKeeper": {"id": 52, "fullName": "Naman Ojha", "shortName": "N Ojha", "nationality": "Indian", "dateOfBirth": "1983-07-20", "rightArmedBowl": true, "rightHandedBat": true}, "captain": {"id": 175, "fullName": "Mahela Jayawardene", "shortName": "M Jayawardene", "nationality": "Sri Lankan", "dateOfBirth": "1977-05-27", "rightArmedBowl": true, "rightHandedBat": true, "bowlingStyle": "MEDIUM_SEAM"}}], "venue": {"id": 11, "fullName": "HPCA Stadium", "shortName": "HPCA Stadium", "city": "Dharamsala", "country": "India"}, "matchDate": "2012-05-19T16:00:00+0530", "matchEndDate": "2012-05-19T23:00:00+0530", "matchDateMs": 1337423400000, "matchEndDateMs": 1337448600000, "isLimitedOvers": true, "battingOrder": [0, 1], "matchBroadcast": true, "matchState": "C", "matchStatus": {"outcome": "B", "text": "Delhi Capitals won by 6 wickets"}, "description": "Match 69", "matchSummary": "", "matchType": "IPLT20", "tournamentLabel": "IPL 2012", "oversLimit": 20, "groupName": ""}, "matchId": {"id": 70, "name": "ipl2012-69", "tournamentId": {"id": 1, "name": "ipl2012", "provisional": false}}, "currentState": {"inProgress": false, "phase": "C", "currentInningsIndex": 1, "currentBatsmen": [52, 62], "facingBatsman": 52, "nonFacingBatsman": 62, "currentBowler": 194, "currentBowlerCurrentSpell": {"playerId": 194, "ov": "1.2", "r": 10, "w": 1, "d": 5, "maid": 0, "e": "7.50", "wd": 0, "nb": 0}, "previousBowler": 77, "previousBowlerCurrentSpell": {"playerId": 77, "ov": "1", "r": 6, "w": 0, "d": 3, "maid": 0, "e": "6.00", "wd": 0, "nb": 0}, "currentPartnership": 10, "partnership": {"runs": 10, "balls": 9, "runRate": "6.66"}, "recentOvers": [{"ovNo": 14, "ovBalls": ["1", ".", "2Lb", ".", "1", "."]}, {"ovNo": 15, "ovBalls": [".", "W", "1", ".", ".", "."]}, {"ovNo": 16, "ovBalls": [".", ".", ".", "1", "4", "6"]}, {"ovNo": 17, "ovBalls": [".", "2", ".", "4", "W", "."]}, {"ovNo": 18, "ovBalls": ["4", "1", ".", ".", "1", "."]}, {"ovNo": 19, "ovBalls": [".", "4"]}]}, "innings": [{"inningsNumber": 1, "runRate": "7.05", "overProgress": "20", "declared": false, "scorecard": {"runs": 141, "wkts": 8, "allOut": false, "battingStats": [{"playerId": 65, "r": 9, "b": 12, "sr": "75.00", "4s": 2, "6s": 0, "mod": {"dismissedBp": {"innings": 1, "over": 4, "ball": 3}, "countingBp": {"innings": 1, "over": 4, "ball": 3}, "text": "c Varun Aaron b Umesh Yadav", "bowlerId": 59, "additionalPlayerIds": [61], "dismissedMethod": "ct", "isOut": true}}, {"playerId": 72, "r": 0, "b": 1, "sr": "0.00", "4s": 0, "6s": 0, "mod": {"dismissedBp": {"innings": 1, "over": 2, "ball": 1}, "countingBp": {"innings": 1, "over": 2, "ball": 1}, "text": "c Naman Ojha b Umesh Yadav", "bowlerId": 59, "additionalPlayerIds": [52], "dismissedMethod": "ct", "isOut": true}}, {"playerId": 75, "r": 2, "b": 10, "sr": "20.00", "4s": 0, "6s": 0, "mod": {"dismissedBp": {"innings": 1, "over": 5, "ball": 3}, "countingBp": {"innings": 1, "over": 5, "ball": 3}, "text": "c Irfan Pathan b Morne Morkel", "bowlerId": 169, "additionalPlayerIds": [49], "dismissedMethod": "ct", "isOut": true}}, {"playerId": 186, "r": 3, "b": 6, "sr": "50.00", "4s": 0, "6s": 0, "mod": {"dismissedBp": {"innings": 1, "over": 6, "ball": 5}, "countingBp": {"innings": 1, "over": 6, "ball": 5}, "text": "c Irfan Pathan b Umesh Yadav", "bowlerId": 59, "additionalPlayerIds": [49], "dismissedMethod": "ct", "isOut": true}}, {"playerId": 80, "r": 38, "b": 32, "sr": "118.75", "4s": 5, "6s": 1, "mod": {"dismissedBp": {"innings": 1, "over": 15, "ball": 1}, "countingBp": {"innings": 1, "over": 15, "ball": 1}, "text": "c Irfan Pathan b Andre Russell", "bowlerId": 177, "additionalPlayerIds": [49], "dismissedMethod": "ct", "isOut": true}}, {"playerId": 194, "r": 36, "b": 38, "sr": "94.73", "4s": 4, "6s": 1, "mod": {"dismissedBp": {"innings": 1, "over": 19, "ball": 1}, "countingBp": {"innings": 1, "over": 19, "ball": 1}, "text": "c Unmukt Chand b Morne Morkel", "bowlerId": 169, "additionalPlayerIds": [60], "dismissedMethod": "ct", "isOut": true}}, {"playerId": 253, "r": 26, "b": 11, "sr": "236.36", "4s": 4, "6s": 1, "mod": {"dismissedBp": {"innings": 1, "over": 19, "ball": 3}, "countingBp": {"innings": 1, "over": 19, "ball": 3}, "text": "b Morne Morkel", "bowlerId": 169, "dismissedMethod": "b", "isOut": true}}, {"playerId": 76, "r": 1, "b": 2, "sr": "50.00", "4s": 0, "6s": 0, "mod": {"dismissedBp": {"innings": 1, "over": 19, "ball": 6}, "countingBp": {"innings": 1, "over": 19, "ball": 6}, "text": "b Morne Morkel", "bowlerId": 169, "dismissedMethod": "b", "isOut": true}}, {"playerId": 190, "r": 15, "b": 6, "sr": "250.00", "4s": 1, "6s": 1}, {"playerId": 77, "r": 3, "b": 2, "sr": "150.00", "4s": 0, "6s": 0}], "bowlingStats": [{"playerId": 169, "ov": "4", "r": 20, "w": 4, "d": 16, "maid": 0, "e": "5.00", "wd": 1, "nb": 0}, {"playerId": 59, "ov": "4", "r": 19, "w": 3, "d": 14, "maid": 1, "e": "4.75", "wd": 0, "nb": 0}, {"playerId": 61, "ov": "4", "r": 25, "w": 0, "d": 12, "maid": 0, "e": "6.25", "wd": 1, "nb": 0}, {"playerId": 177, "ov": "4", "r": 51, "w": 1, "d": 5, "maid": 0, "e": "12.75", "wd": 1, "nb": 0}, {"playerId": 49, "ov": "4", "r": 25, "w": 0, "d": 12, "maid": 0, "e": "6.25", "wd": 0, "nb": 0}], "fow": [{"bp": {"innings": 1, "over": 2, "ball": 1}, "playerId": 72, "ret": false, "w": 1, "r": 5}, {"bp": {"innings": 1, "over": 4, "ball": 3}, "playerId": 65, "ret": false, "w": 2, "r": 16}, {"bp": {"innings": 1, "over": 5, "ball": 3}, "playerId": 75, "ret": false, "w": 3, "r": 18}, {"bp": {"innings": 1, "over": 6, "ball": 5}, "playerId": 186, "ret": false, "w": 4, "r": 20}, {"bp": {"innings": 1, "over": 15, "ball": 1}, "playerId": 80, "ret": false, "w": 5, "r": 77}, {"bp": {"innings": 1, "over": 19, "ball": 1}, "playerId": 194, "ret": false, "w": 6, "r": 122}, {"bp": {"innings": 1, "over": 19, "ball": 3}, "playerId": 253, "ret": false, "w": 7, "r": 123}, {"bp": {"innings": 1, "over": 19, "ball": 6}, "playerId": 76, "ret": false, "w": 8, "r": 126}], "extras": {"noBallRuns": 0, "wideRuns": 7, "byeRuns": 0, "legByeRuns": 1, "penaltyRuns": 0}, "declared": false}, "overHistory": [{"ovNo": 1, "ovBalls": ["5Wd", ".", ".", ".", ".", ".", "."]}, {"ovNo": 2, "ovBalls": ["W", ".", ".", ".", ".", "."]}, {"ovNo": 3, "ovBalls": ["1", "1", "4", ".", ".", "4"]}, {"ovNo": 4, "ovBalls": [".", "1", "W", ".", "1", "."]}, {"ovNo": 5, "ovBalls": [".", "1", "W", ".", ".", "."]}, {"ovNo": 6, "ovBalls": ["1", ".", ".", "1", "W", "."]}, {"ovNo": 7, "ovBalls": ["1Wd", ".", ".", ".", "2", ".", "4"]}, {"ovNo": 8, "ovBalls": ["1", ".", "1", "2", ".", "4"]}, {"ovNo": 9, "ovBalls": [".", "1", ".", ".", ".", "."]}, {"ovNo": 10, "ovBalls": ["4", "1", ".", "1", "4", "4"]}, {"ovNo": 11, "ovBalls": [".", "1", "1", ".", ".", "4"]}, {"ovNo": 12, "ovBalls": ["1", ".", ".", "1", "4", "1Lb"]}, {"ovNo": 13, "ovBalls": ["6", "1", "1", ".", "1", "1"]}, {"ovNo": 14, "ovBalls": ["1", ".", "1", ".", "1", "1"]}, {"ovNo": 15, "ovBalls": ["W", ".", "1", "1", "1", "4"]}, {"ovNo": 16, "ovBalls": ["1", "6", ".", "1", ".", "."]}, {"ovNo": 17, "ovBalls": ["1Wd", "4", "4", "4", "1", "4", "4"]}, {"ovNo": 18, "ovBalls": ["1", ".", "6", ".", ".", "1"]}, {"ovNo": 19, "ovBalls": ["W", "1", "W", "2", "1", "W"]}, {"ovNo": 20, "ovBalls": ["1", "1", "6", "4", "1", "2"]}]}, {"inningsNumber": 2, "runRate": "7.90", "overProgress": "18.2", "declared": false, "scorecard": {"runs": 145, "wkts": 4, "allOut": false, "battingStats": [{"playerId": 60, "r": 18, "b": 24, "sr": "75.00", "4s": 0, "6s": 2, "mod": {"dismissedBp": {"innings": 2, "over": 9, "ball": 7}, "countingBp": {"innings": 2, "over": 9, "ball": 6}, "text": "c Adam Gilchrist b Azhar Mahmood", "bowlerId": 194, "additionalPlayerIds": [65], "dismissedMethod": "ct", "isOut": true}}, {"playerId": 170, "r": 79, "b": 44, "sr": "179.54", "4s": 10, "6s": 4, "mod": {"dismissedBp": {"innings": 2, "over": 13, "ball": 5}, "countingBp": {"innings": 2, "over": 13, "ball": 5}, "text": "c Mandeep Singh b Ryan Harris", "bowlerId": 190, "additionalPlayerIds": [72], "dismissedMethod": "ct", "isOut": true}}, {"playerId": 62, "r": 21, "b": 19, "sr": "110.52", "4s": 2, "6s": 1}, {"playerId": 49, "r": 5, "b": 7, "sr": "71.42", "4s": 1, "6s": 0, "mod": {"dismissedBp": {"innings": 2, "over": 15, "ball": 2}, "countingBp": {"innings": 2, "over": 15, "ball": 2}, "text": "c Azhar Mahmood b Ryan Harris", "bowlerId": 190, "additionalPlayerIds": [194], "dismissedMethod": "ct", "isOut": true}}, {"playerId": 175, "r": 8, "b": 10, "sr": "80.00", "4s": 1, "6s": 0, "mod": {"dismissedBp": {"innings": 2, "over": 17, "ball": 5}, "countingBp": {"innings": 2, "over": 17, "ball": 5}, "text": "c David Hussey b Azhar Mahmood", "bowlerId": 194, "additionalPlayerIds": [186], "dismissedMethod": "ct", "isOut": true}}, {"playerId": 52, "r": 5, "b": 6, "sr": "83.33", "4s": 1, "6s": 0}], "bowlingStats": [{"playerId": 77, "ov": "4", "r": 33, "w": 0, "d": 14, "maid": 0, "e": "8.25", "wd": 1, "nb": 0}, {"playerId": 190, "ov": "4", "r": 19, "w": 2, "d": 15, "maid": 0, "e": "4.75", "wd": 0, "nb": 0}, {"playerId": 254, "ov": "3", "r": 40, "w": 0, "d": 9, "maid": 0, "e": "13.33", "wd": 0, "nb": 0}, {"playerId": 76, "ov": "4", "r": 28, "w": 0, "d": 11, "maid": 0, "e": "7.00", "wd": 1, "nb": 0}, {"playerId": 194, "ov": "3.2", "r": 23, "w": 2, "d": 12, "maid": 0, "e": "6.90", "wd": 1, "nb": 0}], "fow": [{"bp": {"innings": 2, "over": 9, "ball": 6}, "playerId": 60, "ret": false, "w": 1, "r": 82}, {"bp": {"innings": 2, "over": 13, "ball": 5}, "playerId": 170, "ret": false, "w": 2, "r": 109}, {"bp": {"innings": 2, "over": 15, "ball": 2}, "playerId": 49, "ret": false, "w": 3, "r": 117}, {"bp": {"innings": 2, "over": 17, "ball": 5}, "playerId": 175, "ret": false, "w": 4, "r": 135}], "extras": {"noBallRuns": 0, "wideRuns": 7, "byeRuns": 0, "legByeRuns": 2, "penaltyRuns": 0}, "declared": false}, "overHistory": [{"ovNo": 1, "ovBalls": [".", "1", "6", ".", ".", "3"]}, {"ovNo": 2, "ovBalls": [".", "4", ".", ".", ".", "."]}, {"ovNo": 3, "ovBalls": ["6", ".", ".", ".", ".", "1"]}, {"ovNo": 4, "ovBalls": [".", "1", "2", "4", ".", "."]}, {"ovNo": 5, "ovBalls": [".", "6", ".", ".", ".", "."]}, {"ovNo": 6, "ovBalls": ["4", ".", ".", "5Wd", "1", ".", "."]}, {"ovNo": 7, "ovBalls": ["6", "4", ".", "6", "6", "1"]}, {"ovNo": 8, "ovBalls": ["4", ".", "4", "1", "1", "1"]}, {"ovNo": 9, "ovBalls": ["1Wd", "1", ".", ".", ".", "2", "W"]}, {"ovNo": 10, "ovBalls": ["1", "1", ".", "2", ".", "1Wd", "."]}, {"ovNo": 11, "ovBalls": ["4", "4", ".", "1", ".", "."]}, {"ovNo": 12, "ovBalls": [".", "4", ".", "4", "2", "."]}, {"ovNo": 13, "ovBalls": ["1", ".", "1", "1", "W", "4"]}, {"ovNo": 14, "ovBalls": ["1", ".", "2Lb", ".", "1", "."]}, {"ovNo": 15, "ovBalls": [".", "W", "1", ".", ".", "."]}, {"ovNo": 16, "ovBalls": [".", ".", ".", "1", "4", "6"]}, {"ovNo": 17, "ovBalls": [".", "2", ".", "4", "W", "."]}, {"ovNo": 18, "ovBalls": ["4", "1", ".", ".", "1", "."]}, {"ovNo": 19, "ovBalls": [".", "4"]}]}]}