{"matchInfo": {"additionalInfo": {"referee.name": "Graeme Labrooy", "match.summary": "", "umpire.name.1": "Asad Rauf", "umpire.name.2": "Sudhir Asnani", "umpire.name.3": "Billy Doctrove", "umpire.name.4": "Rajesh Deshpande", "away.team.fan.total": "2,894", "result.playerofthematch": "Dwayne Smith", "report.link": "http://iplt20.com/news/2012/match-reports/1816/report-match-49-mi-v-csk", "toss.elected": "Mumbai Indians, who chose to field", "notes.1.1": "Powerplay - 52 runs, 1 wicket", "notes.1.2": "CSK: 50 runs in 5.3 overs", "notes.2.1": "Powerplay - 46 runs, 1 wicket", "notes.1.3": "CSK: 100 runs in 12.3 overs", "notes.2.2": "MI: 50 runs in 6.1 overs", "notes.1.4": "3rd Wicket: 50 runs in 37 balls (Suresh Raina 30, Dwayne Bravo 15)", "notes.2.3": "2nd Wicket: 50 runs in 31 balls (Sachin Tendulkar 22, Rohit Sharma 28)", "notes.1.5": "CSK: 150 runs in 17.1 overs", "notes.2.4": "Sachin Tendulkar: 50 off 32 balls (8 fours, 1 six)", "notes.1.6": "Innings Break: Chennai Super Kings - 173/8 in 20.0 overs", "notes.2.5": "MI: 100 runs in 12.3 overs", "notes.2.6": "2nd Wicket:100 runs in 65 balls (Sachin Tendulkar 53, Rohit Sharma 47)", "notes.2.7": "Rohit Sharma: 50 off 37 balls (5 fours, 2 sixes)", "highlights.link": "http://iplt20.com/videos?mid=5cf7f790e8c94ab3839ead1d15f0666d", "home.team.fan.total": "3,256", "toss.winner": "Mumbai Indians"}, "teams": [{"id": 243, "team": {"id": 6, "fullName": "Mumbai Indians", "shortName": "Mumbai", "abbreviation": "MI", "type": "m", "primaryColor": "00AEEF", "secondaryColor": "FFFFFF"}, "players": [{"id": 209, "fullName": "James Franklin", "shortName": "J Franklin", "nationality": "New Zealander", "dateOfBirth": "1980-11-07", "rightArmedBowl": false, "rightHandedBat": true}, {"id": 97, "fullName": "Sachin Tendulkar", "shortName": "S Tendulkar", "nationality": "Indian", "dateOfBirth": "1973-04-24", "rightArmedBowl": true, "rightHandedBat": true, "bowlingStyle": "OFF_SPIN"}, {"id": 107, "fullName": "Rohit Sharma", "shortName": "R Sharma", "nationality": "Indian", "dateOfBirth": "1987-04-30", "rightArmedBowl": true, "rightHandedBat": true, "bowlingStyle": "OFF_SPIN"}, {"id": 100, "fullName": "Ambati Rayudu", "shortName": "A Rayudu", "nationality": "Indian", "dateOfBirth": "1985-09-23", "rightArmedBowl": true, "rightHandedBat": true, "bowlingStyle": "OFF_SPIN"}, {"id": 102, "fullName": "Dinesh Karthik", "shortName": "D Karthik", "nationality": "Indian", "dateOfBirth": "1985-06-01", "rightArmedBowl": true, "rightHandedBat": true, "bowlingStyle": "OFF_SPIN"}, {"id": 413, "fullName": "Dwayne Smith", "shortName": "DR Smith", "nationality": "West Indian", "dateOfBirth": "1983-04-12", "rightArmedBowl": true, "rightHandedBat": true}, {"id": 214, "fullName": "Robin Peterson", "shortName": "R Peterson", "nationality": "South African", "dateOfBirth": "1979-08-04", "rightArmedBowl": false, "rightHandedBat": true}, {"id": 103, "fullName": "Harbhajan Singh", "shortName": "H Singh", "nationality": "Indian", "dateOfBirth": "1980-07-03", "rightArmedBowl": true, "rightHandedBat": true, "bowlingStyle": "OFF_SPIN"}, {"id": 211, "fullName": "Lasith Malinga", "shortName": "L Malinga", "nationality": "Sri Lankan", "dateOfBirth": "1983-08-28", "rightArmedBowl": true, "rightHandedBat": true, "bowlingStyle": "FAST_SEAM"}, {"id": 112, "fullName": "RP Singh", "shortName": "RP Singh", "nationality": "Indian", "dateOfBirth": "1985-12-06", "rightArmedBowl": false, "rightHandedBat": true}, {"id": 104, "fullName": "Munaf Patel", "shortName": "M Patel", "nationality": "Indian", "dateOfBirth": "1983-07-12", "rightArmedBowl": true, "rightHandedBat": true}], "wicketKeeper": {"id": 102, "fullName": "Dinesh Karthik", "shortName": "D Karthik", "nationality": "Indian", "dateOfBirth": "1985-06-01", "rightArmedBowl": true, "rightHandedBat": true, "bowlingStyle": "OFF_SPIN"}, "captain": {"id": 103, "fullName": "Harbhajan Singh", "shortName": "H Singh", "nationality": "Indian", "dateOfBirth": "1980-07-03", "rightArmedBowl": true, "rightHandedBat": true, "bowlingStyle": "OFF_SPIN"}}, {"id": 244, "team": {"id": 1, "fullName": "Chennai Super Kings", "shortName": "Super Kings", "abbreviation": "CSK", "type": "m", "primaryColor": "FDB913", "secondaryColor": "0081E5"}, "players": [{"id": 24, "fullName": "Faf du Plessis", "shortName": "F du Plessis", "nationality": "South African", "dateOfBirth": "1984-07-13", "rightArmedBowl": true, "rightHandedBat": true, "bowlingStyle": "LEG_SPIN"}, {"id": 7, "fullName": "Murali Vijay", "shortName": "M Vijay", "nationality": "Indian", "dateOfBirth": "1984-04-01", "rightArmedBowl": false, "rightHandedBat": false}, {"id": 14, "fullName": "Suresh Raina", "shortName": "S Raina", "nationality": "Indian", "dateOfBirth": "1986-11-27", "rightArmedBowl": true, "rightHandedBat": false, "bowlingStyle": "OFF_SPIN"}, {"id": 1, "fullName": "MS Dhoni", "shortName": "MS Dhoni", "nationality": "Indian", "dateOfBirth": "1981-07-07", "rightArmedBowl": true, "rightHandedBat": true, "bowlingStyle": "MEDIUM_SEAM"}, {"id": 9, "fullName": "Ravindra Jadeja", "shortName": "R Jadeja", "nationality": "Indian", "dateOfBirth": "1988-12-06", "rightArmedBowl": false, "rightHandedBat": false, "bowlingStyle": "ORTHODOX"}, {"id": 12, "fullName": "Subramaniam Badrinath", "shortName": "S Badrinath", "nationality": "Indian", "dateOfBirth": "1980-08-30", "rightArmedBowl": false, "rightHandedBat": false}, {"id": 25, "fullName": "Dwayne Bravo", "shortName": "DJ Bravo", "nationality": "West Indian", "dateOfBirth": "1983-10-07", "rightArmedBowl": true, "rightHandedBat": true, "bowlingStyle": "MEDIUM_SEAM"}, {"id": 26, "fullName": "Albie Morkel", "shortName": "A Morkel", "nationality": "South African", "dateOfBirth": "1981-06-10", "rightArmedBowl": false, "rightHandedBat": false}, {"id": 8, "fullName": "Ravichandran Ashwin", "shortName": "R Ashwin", "nationality": "Indian", "dateOfBirth": "1986-09-17", "rightArmedBowl": true, "rightHandedBat": true, "bowlingStyle": "OFF_SPIN"}, {"id": 10, "fullName": "Shadab Jakati", "shortName": "S Jakati", "nationality": "Indian", "dateOfBirth": "1980-11-27", "rightArmedBowl": false, "rightHandedBat": false}, {"id": 17, "fullName": "Ben Hilfenhaus", "shortName": "B Hilfenhaus", "nationality": "Australian", "dateOfBirth": "1983-03-15", "rightArmedBowl": true, "rightHandedBat": true}], "wicketKeeper": {"id": 1, "fullName": "MS Dhoni", "shortName": "MS Dhoni", "nationality": "Indian", "dateOfBirth": "1981-07-07", "rightArmedBowl": true, "rightHandedBat": true, "bowlingStyle": "MEDIUM_SEAM"}, "captain": {"id": 1, "fullName": "MS Dhoni", "shortName": "MS Dhoni", "nationality": "Indian", "dateOfBirth": "1981-07-07", "rightArmedBowl": true, "rightHandedBat": true, "bowlingStyle": "MEDIUM_SEAM"}}], "venue": {"id": 4, "fullName": "Wankhede Stadium", "shortName": "Wankhede Stadium", "city": "Mumbai", "country": "India"}, "matchDate": "2012-05-06T16:00:00+0530", "matchEndDate": "2012-05-06T23:00:00+0530", "matchDateMs": 1336300200000, "matchEndDateMs": 1336325400000, "isLimitedOvers": true, "battingOrder": [1, 0], "matchBroadcast": false, "matchState": "C", "matchStatus": {"outcome": "A", "text": "Mumbai Indians won by 2 wickets"}, "description": "Match 49", "matchSummary": "", "matchType": "IPLT20", "tournamentLabel": "IPL 2012", "oversLimit": 20, "groupName": ""}, "matchId": {"id": 50, "name": "ipl2012-49", "tournamentId": {"id": 1, "name": "ipl2012", "provisional": false}}, "currentState": {"inProgress": false, "phase": "C", "currentInningsIndex": 1, "currentBatsmen": [413, 112], "facingBatsman": 112, "nonFacingBatsman": 413, "currentBowler": -1, "previousBowler": 25, "previousBowlerCurrentSpell": {"playerId": 25, "ov": "2", "r": 20, "w": 2, "d": 4, "maid": 0, "e": "10.00", "wd": 1, "nb": 0}, "currentPartnership": 15, "partnership": {"runs": 15, "balls": 4, "runRate": "22.50"}, "recentOvers": [{"ovNo": 15, "ovBalls": ["1", "1", "4", "1", "4", "4"]}, {"ovNo": 16, "ovBalls": ["1", "1", ".", "1", "W", "2"]}, {"ovNo": 17, "ovBalls": ["1", "1", "1", "4", "4", "W"]}, {"ovNo": 18, "ovBalls": ["1", ".", "W", ".", "1", "W"]}, {"ovNo": 19, "ovBalls": ["1", ".", "1Wd", "W", "6", "1", "W"]}, {"ovNo": 20, "ovBalls": ["1", "W", "1", "6", "4", "4"]}]}, "innings": [{"inningsNumber": 1, "runRate": "8.65", "overProgress": "20", "declared": false, "scorecard": {"runs": 173, "wkts": 8, "allOut": false, "battingStats": [{"playerId": 7, "r": 41, "b": 29, "sr": "141.37", "4s": 4, "6s": 3, "mod": {"dismissedBp": {"innings": 1, "over": 7, "ball": 4}, "countingBp": {"innings": 1, "over": 7, "ball": 4}, "text": "b RP Singh", "bowlerId": 112, "dismissedMethod": "b", "isOut": true}}, {"playerId": 24, "r": 9, "b": 11, "sr": "81.81", "4s": 0, "6s": 0, "mod": {"dismissedBp": {"innings": 1, "over": 6, "ball": 2}, "countingBp": {"innings": 1, "over": 6, "ball": 2}, "text": "run out (RP Singh)", "bowlerId": 211, "additionalPlayerIds": [112], "dismissedMethod": "ro", "isOut": true}}, {"playerId": 14, "r": 36, "b": 21, "sr": "171.42", "4s": 3, "6s": 2, "mod": {"dismissedBp": {"innings": 1, "over": 15, "ball": 1}, "countingBp": {"innings": 1, "over": 15, "ball": 1}, "text": "c RP Singh b James Franklin", "bowlerId": 209, "additionalPlayerIds": [112], "dismissedMethod": "ct", "isOut": true}}, {"playerId": 25, "r": 40, "b": 33, "sr": "121.21", "4s": 4, "6s": 1, "mod": {"dismissedBp": {"innings": 1, "over": 18, "ball": 5}, "countingBp": {"innings": 1, "over": 18, "ball": 5}, "text": "b Lasith Malinga", "bowlerId": 211, "dismissedMethod": "b", "isOut": true}}, {"playerId": 1, "r": 25, "b": 15, "sr": "166.66", "4s": 2, "6s": 1, "mod": {"dismissedBp": {"innings": 1, "over": 19, "ball": 3}, "countingBp": {"innings": 1, "over": 19, "ball": 3}, "text": "c Rohit Sharma b RP Singh", "bowlerId": 112, "additionalPlayerIds": [107], "dismissedMethod": "ct", "isOut": true}}, {"playerId": 26, "r": 3, "b": 3, "sr": "100.00", "4s": 0, "6s": 0, "mod": {"dismissedBp": {"innings": 1, "over": 19, "ball": 6}, "countingBp": {"innings": 1, "over": 19, "ball": 6}, "text": "b RP Singh", "bowlerId": 112, "dismissedMethod": "b", "isOut": true}}, {"playerId": 9, "r": 9, "b": 6, "sr": "150.00", "4s": 0, "6s": 1, "mod": {"dismissedBp": {"innings": 1, "over": 20, "ball": 5}, "countingBp": {"innings": 1, "over": 20, "ball": 5}, "text": "c James Franklin b Lasith Malinga", "bowlerId": 211, "additionalPlayerIds": [209], "dismissedMethod": "ct", "isOut": true}}, {"playerId": 12, "r": 1, "b": 1, "sr": "100.00", "4s": 0, "6s": 0}, {"playerId": 8, "r": 0, "b": 1, "sr": "0.00", "4s": 0, "6s": 0, "mod": {"dismissedBp": {"innings": 1, "over": 20, "ball": 6}, "countingBp": {"innings": 1, "over": 20, "ball": 6}, "text": "c Harbhajan Singh b Lasith Malinga", "bowlerId": 211, "additionalPlayerIds": [103], "dismissedMethod": "ct", "isOut": true}}], "bowlingStats": [{"playerId": 214, "ov": "2", "r": 22, "w": 0, "d": 4, "maid": 0, "e": "11.00", "wd": 0, "nb": 0}, {"playerId": 112, "ov": "4", "r": 28, "w": 3, "d": 14, "maid": 0, "e": "7.00", "wd": 1, "nb": 0}, {"playerId": 104, "ov": "4", "r": 46, "w": 0, "d": 5, "maid": 0, "e": "11.50", "wd": 1, "nb": 0}, {"playerId": 211, "ov": "4", "r": 25, "w": 3, "d": 11, "maid": 0, "e": "6.25", "wd": 1, "nb": 0}, {"playerId": 103, "ov": "3", "r": 14, "w": 0, "d": 7, "maid": 0, "e": "4.66", "wd": 2, "nb": 0}, {"playerId": 413, "ov": "2", "r": 26, "w": 0, "d": 3, "maid": 0, "e": "13.00", "wd": 0, "nb": 0}, {"playerId": 209, "ov": "1", "r": 8, "w": 1, "d": 2, "maid": 0, "e": "8.00", "wd": 0, "nb": 0}], "fow": [{"bp": {"innings": 1, "over": 6, "ball": 2}, "playerId": 24, "ret": false, "w": 1, "r": 47}, {"bp": {"innings": 1, "over": 7, "ball": 4}, "playerId": 7, "ret": false, "w": 2, "r": 52}, {"bp": {"innings": 1, "over": 15, "ball": 1}, "playerId": 14, "ret": false, "w": 3, "r": 114}, {"bp": {"innings": 1, "over": 18, "ball": 5}, "playerId": 25, "ret": false, "w": 4, "r": 158}, {"bp": {"innings": 1, "over": 19, "ball": 3}, "playerId": 1, "ret": false, "w": 5, "r": 162}, {"bp": {"innings": 1, "over": 19, "ball": 6}, "playerId": 26, "ret": false, "w": 6, "r": 169}, {"bp": {"innings": 1, "over": 20, "ball": 5}, "playerId": 9, "ret": false, "w": 7, "r": 173}, {"bp": {"innings": 1, "over": 20, "ball": 6}, "playerId": 8, "ret": false, "w": 8, "r": 173}], "extras": {"noBallRuns": 0, "wideRuns": 5, "byeRuns": 0, "legByeRuns": 4, "penaltyRuns": 0}, "declared": false}, "overHistory": [{"ovNo": 1, "ovBalls": ["4", ".", ".", "2", ".", "1"]}, {"ovNo": 2, "ovBalls": ["4", ".", ".", "1", ".", "3"]}, {"ovNo": 3, "ovBalls": [".", "1", ".", "1", "1", "."]}, {"ovNo": 4, "ovBalls": ["1Wd", ".", ".", "1", ".", "1", "1"]}, {"ovNo": 5, "ovBalls": ["1", "1Wd", "6", "4", "6", "6", "."]}, {"ovNo": 6, "ovBalls": ["1", "W", "4", ".", ".", "1"]}, {"ovNo": 7, "ovBalls": [".", ".", ".", "W", "4", "1Lb"]}, {"ovNo": 8, "ovBalls": [".", ".", ".", "1Wd", "1", ".", "1"]}, {"ovNo": 9, "ovBalls": [".", "4", "1Wd", "1", "2", ".", "."]}, {"ovNo": 10, "ovBalls": [".", "1", ".", "1", "1", "1"]}, {"ovNo": 11, "ovBalls": ["1", "4", "1", ".", "1Lb", "6"]}, {"ovNo": 12, "ovBalls": [".", "1", "1", "2", "1", "1Wd", "1"]}, {"ovNo": 13, "ovBalls": ["6", "1", "1", ".", "2", "4"]}, {"ovNo": 14, "ovBalls": [".", "4", "1", "1", "1", "1"]}, {"ovNo": 15, "ovBalls": ["W", "1", "1", "4", "1Lb", "2"]}, {"ovNo": 16, "ovBalls": [".", "2", "2", "6", "4", "1"]}, {"ovNo": 17, "ovBalls": ["1", "1", "1", "6", "1", "1"]}, {"ovNo": 18, "ovBalls": ["1", ".", "4", "4", "W", "2"]}, {"ovNo": 19, "ovBalls": ["1", "1", "W", "6", "1Lb", "W"]}, {"ovNo": 20, "ovBalls": [".", "2", "1", "1", "W", "W"]}]}, {"inningsNumber": 2, "runRate": "8.70", "overProgress": "20", "declared": false, "scorecard": {"runs": 174, "wkts": 8, "allOut": false, "battingStats": [{"playerId": 209, "r": 1, "b": 9, "sr": "11.11", "4s": 0, "6s": 0, "mod": {"dismissedBp": {"innings": 2, "over": 3, "ball": 2}, "countingBp": {"innings": 2, "over": 3, "ball": 2}, "text": "c Murali Vijay b Ben Hilfenhaus", "bowlerId": 17, "additionalPlayerIds": [7], "dismissedMethod": "ct", "isOut": true}}, {"playerId": 97, "r": 74, "b": 44, "sr": "168.18", "4s": 11, "6s": 1, "mod": {"dismissedBp": {"innings": 2, "over": 16, "ball": 5}, "countingBp": {"innings": 2, "over": 16, "ball": 5}, "text": "c Faf du Plessis b Ravichandran Ashwin", "bowlerId": 8, "additionalPlayerIds": [24], "dismissedMethod": "ct", "isOut": true}}, {"playerId": 107, "r": 60, "b": 46, "sr": "130.43", "4s": 6, "6s": 2, "mod": {"dismissedBp": {"innings": 2, "over": 18, "ball": 6}, "countingBp": {"innings": 2, "over": 18, "ball": 6}, "text": "b Ravindra Jadeja", "bowlerId": 9, "dismissedMethod": "b", "isOut": true}}, {"playerId": 102, "r": 11, "b": 5, "sr": "220.00", "4s": 2, "6s": 0, "mod": {"dismissedBp": {"innings": 2, "over": 17, "ball": 6}, "countingBp": {"innings": 2, "over": 17, "ball": 6}, "text": "b Dwayne Bravo", "bowlerId": 25, "dismissedMethod": "b", "isOut": true}}, {"playerId": 100, "r": 0, "b": 2, "sr": "0.00", "4s": 0, "6s": 0, "mod": {"dismissedBp": {"innings": 2, "over": 18, "ball": 3}, "countingBp": {"innings": 2, "over": 18, "ball": 3}, "text": "b Ravindra Jadeja", "bowlerId": 9, "dismissedMethod": "b", "isOut": true}}, {"playerId": 413, "r": 24, "b": 9, "sr": "266.66", "4s": 2, "6s": 2}, {"playerId": 214, "r": 0, "b": 2, "sr": "0.00", "4s": 0, "6s": 0, "mod": {"dismissedBp": {"innings": 2, "over": 19, "ball": 4}, "countingBp": {"innings": 2, "over": 19, "ball": 3}, "text": "run out (Faf du Plessis)", "bowlerId": 25, "additionalPlayerIds": [24], "dismissedMethod": "ro", "isOut": true}}, {"playerId": 103, "r": 0, "b": 1, "sr": "0.00", "4s": 0, "6s": 0, "mod": {"dismissedBp": {"innings": 2, "over": 19, "ball": 7}, "countingBp": {"innings": 2, "over": 19, "ball": 6}, "text": "c sub (WP Saha) b Bravo", "bowlerId": 25, "dismissedMethod": "ct", "isOut": true}}, {"playerId": 211, "r": 0, "b": 1, "sr": "0.00", "4s": 0, "6s": 0, "mod": {"dismissedBp": {"innings": 2, "over": 20, "ball": 2}, "countingBp": {"innings": 2, "over": 20, "ball": 2}, "text": "b Ben Hilfenhaus", "bowlerId": 17, "dismissedMethod": "b", "isOut": true}}, {"playerId": 112, "r": 1, "b": 1, "sr": "100.00", "4s": 0, "6s": 0}], "bowlingStats": [{"playerId": 17, "ov": "4", "r": 34, "w": 2, "d": 13, "maid": 1, "e": "8.50", "wd": 0, "nb": 0}, {"playerId": 26, "ov": "3", "r": 34, "w": 0, "d": 8, "maid": 0, "e": "11.33", "wd": 0, "nb": 0}, {"playerId": 8, "ov": "4", "r": 28, "w": 1, "d": 5, "maid": 0, "e": "7.00", "wd": 1, "nb": 0}, {"playerId": 25, "ov": "4", "r": 39, "w": 2, "d": 7, "maid": 0, "e": "9.75", "wd": 2, "nb": 0}, {"playerId": 10, "ov": "3", "r": 27, "w": 0, "d": 5, "maid": 0, "e": "9.00", "wd": 0, "nb": 0}, {"playerId": 9, "ov": "2", "r": 12, "w": 2, "d": 4, "maid": 0, "e": "6.00", "wd": 0, "nb": 0}], "fow": [{"bp": {"innings": 2, "over": 3, "ball": 2}, "playerId": 209, "ret": false, "w": 1, "r": 8}, {"bp": {"innings": 2, "over": 16, "ball": 5}, "playerId": 97, "ret": false, "w": 2, "r": 134}, {"bp": {"innings": 2, "over": 17, "ball": 6}, "playerId": 102, "ret": false, "w": 3, "r": 147}, {"bp": {"innings": 2, "over": 18, "ball": 3}, "playerId": 100, "ret": false, "w": 4, "r": 148}, {"bp": {"innings": 2, "over": 18, "ball": 6}, "playerId": 107, "ret": false, "w": 5, "r": 149}, {"bp": {"innings": 2, "over": 19, "ball": 3}, "playerId": 214, "ret": false, "w": 6, "r": 151}, {"bp": {"innings": 2, "over": 19, "ball": 6}, "playerId": 103, "ret": false, "w": 7, "r": 158}, {"bp": {"innings": 2, "over": 20, "ball": 2}, "playerId": 211, "ret": false, "w": 8, "r": 159}], "extras": {"noBallRuns": 0, "wideRuns": 3, "byeRuns": 0, "legByeRuns": 0, "penaltyRuns": 0}, "declared": false}, "overHistory": [{"ovNo": 1, "ovBalls": [".", ".", ".", ".", ".", "."]}, {"ovNo": 2, "ovBalls": [".", "2", ".", "4", "1", "1"]}, {"ovNo": 3, "ovBalls": [".", "W", ".", "4", ".", "2"]}, {"ovNo": 4, "ovBalls": ["4", ".", "4", ".", "4", "."]}, {"ovNo": 5, "ovBalls": [".", "4", ".", "1", "1", "6"]}, {"ovNo": 6, "ovBalls": ["1", ".", ".", "1", "2", "4"]}, {"ovNo": 7, "ovBalls": ["4", "1", "1", "4", ".", "."]}, {"ovNo": 8, "ovBalls": ["1", ".", "1", "1", "1", "1"]}, {"ovNo": 9, "ovBalls": ["1", "1Wd", "1", "1", "1", "4", "."]}, {"ovNo": 10, "ovBalls": [".", "1", ".", "1", "1", "1"]}, {"ovNo": 11, "ovBalls": [".", ".", "4", ".", "6", "4"]}, {"ovNo": 12, "ovBalls": ["1Wd", "1", "1", "1", "1", "4", "1"]}, {"ovNo": 13, "ovBalls": [".", ".", "6", "1", "1", "."]}, {"ovNo": 14, "ovBalls": ["4", "2", "1", "1", "1", "1"]}, {"ovNo": 15, "ovBalls": ["1", "1", "4", "1", "4", "4"]}, {"ovNo": 16, "ovBalls": ["1", "1", ".", "1", "W", "2"]}, {"ovNo": 17, "ovBalls": ["1", "1", "1", "4", "4", "W"]}, {"ovNo": 18, "ovBalls": ["1", ".", "W", ".", "1", "W"]}, {"ovNo": 19, "ovBalls": ["1", ".", "1Wd", "W", "6", "1", "W"]}, {"ovNo": 20, "ovBalls": ["1", "W", "1", "6", "4", "4"]}]}]}