{"matchInfo": {"additionalInfo": {"sixes.video.thumb": "https://resources.platform.iplt20.com/photo-resources/2020/09/29/b8511fe0-d696-47cd-9258-3c2d7cc356b3/IzgEOLVo.jpg?width=390&height=219", "sixes.video.id": "210275", "match.video.thumb": "https://resources.platform.iplt20.com/photo-resources/2020/09/29/d2b41f19-441f-4f83-9dfd-271041135f1f/VRP2993.jpg?width=390&height=219", "referee.name": "Manu Nayar", "report.thumb": "https://resources.platform.iplt20.com/photo-resources/2020/09/29/e99fac1e-f5b9-40dc-88ec-7ad94fcd1305/VRP2929.jpg?width=780&height=439", "match.summary": "", "umpire.name.1": "Virender Sharma", "umpire.name.2": "S Ravi", "umpire.name.3": "Chris Gaffaney", "umpire.name.4": "Pashchim Pathak", "result.playerofthematch": "Rashid Khan", "report.link": "https://www.iplt20.com/news/210277/dream11-ipl-2020-match-11-dc-vs-srh-match-report", "toss.elected": "Delhi Capitals, who chose to field", "notes.1.1": "Powerplay: 38 runs, 0 wickets", "notes.1.2": "SRH: 50 runs in 6.5 overs", "notes.2.1": "Powerplay: 34 runs, 1 wicket", "notes.1.3": "1st Wicket: 50 runs in 41 balls (David Warner 30, Jonny Bairstow 18)", "notes.2.2": "DC: 50 runs in 9.3 overs", "notes.1.4": "SRH: 100 runs in 13.1 overs", "notes.2.3": "DC: 100 runs in 14.4 overs", "notes.1.5": "Jonny Bairstow: 50 off 44 balls (2 x fours, 1 x six)", "notes.1.6": "3rd Wicket: 50 runs in 35 balls (Jonny Bairstow 12, Kane Williamson 38)", "notes.1.7": "SRH: 150 runs in 18.5 overs", "notes.1.8": "Innings Break: SRH - 162/4 in 20 overs", "highlights.link": "https://www.iplt20.com/video/210306/m11-dc-vs-srh-match-highlights", "match.video.id": "210306", "toss.winner": "Delhi Capitals"}, "teams": [{"id": 30040, "team": {"id": 3, "fullName": "Delhi Capitals", "shortName": "Delhi", "abbreviation": "DC", "type": "m", "primaryColor": "004C93", "secondaryColor": "F83430"}, "players": [{"id": 3764, "fullName": "Prithvi Shaw", "shortName": "P Shaw", "nationality": "Indian", "dateOfBirth": "1999-11-09", "rightArmedBowl": true, "rightHandedBat": true, "bowlingStyle": "OFF_SPIN"}, {"id": 41, "fullName": "Shikhar Dhawan", "shortName": "S Dhawan", "nationality": "Indian", "dateOfBirth": "1985-12-05", "rightArmedBowl": true, "rightHandedBat": false, "bowlingStyle": "OFF_SPIN"}, {"id": 2972, "fullName": "Rishabh Pant", "shortName": "R Pant", "nationality": "Indian", "dateOfBirth": "1997-10-04", "rightArmedBowl": false, "rightHandedBat": false}, {"id": 1563, "fullName": "Shreyas Iyer", "shortName": "S Iyer", "nationality": "Indian", "dateOfBirth": "1994-12-06", "rightArmedBowl": true, "rightHandedBat": true, "bowlingStyle": "LEG_SPIN"}, {"id": 964, "fullName": "Marcus Stoinis", "shortName": "M Stoinis", "nationality": "Australian", "dateOfBirth": "1989-08-16", "rightArmedBowl": true, "rightHandedBat": true, "bowlingStyle": "MEDIUM_SEAM"}, {"id": 1705, "fullName": "Shimron Hetmyer", "shortName": "S Hetmyer", "nationality": "West Indian", "dateOfBirth": "1996-12-26", "rightArmedBowl": false, "rightHandedBat": false}, {"id": 1113, "fullName": "Axar Patel", "shortName": "A Patel", "nationality": "Indian", "dateOfBirth": "1994-01-20", "rightArmedBowl": false, "rightHandedBat": false, "bowlingStyle": "ORTHODOX"}, {"id": 30, "fullName": "Amit Mishra", "shortName": "A Mishra", "nationality": "Indian", "dateOfBirth": "1982-11-24", "rightArmedBowl": true, "rightHandedBat": true, "bowlingStyle": "LEG_SPIN"}, {"id": 38, "fullName": "Ishant Sharma", "shortName": "I Sharma", "nationality": "Indian", "dateOfBirth": "1988-09-02", "rightArmedBowl": true, "rightHandedBat": true, "bowlingStyle": "FAST_SEAM"}, {"id": 5433, "fullName": "Anrich Nortje", "shortName": "A Nortje", "nationality": "South African", "dateOfBirth": "1993-11-16", "rightArmedBowl": true, "rightHandedBat": true, "bowlingStyle": "FAST_SEAM"}, {"id": 1664, "fullName": "Kagiso Rabada", "shortName": "K Rabada", "nationality": "South African", "dateOfBirth": "1995-05-25", "rightArmedBowl": true, "rightHandedBat": false, "bowlingStyle": "FAST_SEAM"}], "wicketKeeper": {"id": 2972, "fullName": "Rishabh Pant", "shortName": "R Pant", "nationality": "Indian", "dateOfBirth": "1997-10-04", "rightArmedBowl": false, "rightHandedBat": false}, "captain": {"id": 1563, "fullName": "Shreyas Iyer", "shortName": "S Iyer", "nationality": "Indian", "dateOfBirth": "1994-12-06", "rightArmedBowl": true, "rightHandedBat": true, "bowlingStyle": "LEG_SPIN"}}, {"id": 30041, "team": {"id": 62, "fullName": "Sunrisers Hyderabad", "shortName": "Sunrisers", "abbreviation": "SRH", "type": "m", "primaryColor": "FF9C00", "secondaryColor": "FFFFFF"}, "players": [{"id": 170, "fullName": "David Warner", "shortName": "D Warner", "nationality": "Australian", "dateOfBirth": "1986-10-27", "rightArmedBowl": true, "rightHandedBat": false, "bowlingStyle": "LEG_SPIN"}, {"id": 506, "fullName": "Jonny Bairstow", "shortName": "J Bairstow", "nationality": "English", "dateOfBirth": "1989-09-26", "rightArmedBowl": true, "rightHandedBat": true, "bowlingStyle": "MEDIUM_SEAM"}, {"id": 123, "fullName": "Manish Pandey", "shortName": "M Pandey", "nationality": "Indian", "dateOfBirth": "1989-09-10", "rightArmedBowl": true, "rightHandedBat": true, "bowlingStyle": "MEDIUM_SEAM"}, {"id": 440, "fullName": "Kane Williamson", "shortName": "K Williamson", "nationality": "New Zealander", "dateOfBirth": "1990-08-08", "rightArmedBowl": true, "rightHandedBat": true, "bowlingStyle": "OFF_SPIN"}, {"id": 19352, "fullName": "Abdul Samad", "shortName": "A Samad", "nationality": "Indian", "dateOfBirth": "2001-10-28", "rightArmedBowl": true, "rightHandedBat": true, "bowlingStyle": "LEG_SPIN"}, {"id": 3775, "fullName": "Priyam Garg", "shortName": "P Garg", "nationality": "Indian", "dateOfBirth": "2000-11-30", "rightArmedBowl": true, "rightHandedBat": true, "bowlingStyle": "MEDIUM_SEAM"}, {"id": 3760, "fullName": "Abhishek Sharma", "shortName": "A Sharma", "nationality": "Indian", "dateOfBirth": "2000-09-04", "rightArmedBowl": false, "rightHandedBat": false, "bowlingStyle": "ORTHODOX"}, {"id": 2885, "fullName": "Rashid Khan", "shortName": "R Khan", "nationality": "Afghan", "dateOfBirth": "1998-09-20", "rightArmedBowl": true, "rightHandedBat": true, "bowlingStyle": "LEG_SPIN"}, {"id": 116, "fullName": "Bhuvneshwar Kumar", "shortName": "B Kumar", "nationality": "Indian", "dateOfBirth": "1990-02-05", "rightArmedBowl": true, "rightHandedBat": true, "bowlingStyle": "MEDIUM_SEAM"}, {"id": 2964, "fullName": "Khaleel Ahmed", "shortName": "K Ahmed", "nationality": "Indian", "dateOfBirth": "1997-12-05", "rightArmedBowl": false, "rightHandedBat": true, "bowlingStyle": "MEDIUM_SEAM"}, {"id": 3831, "fullName": "T Natarajan", "shortName": "T Natarajan", "nationality": "Indian", "dateOfBirth": "1991-05-27", "rightArmedBowl": false, "rightHandedBat": false, "bowlingStyle": "MEDIUM_SEAM"}], "wicketKeeper": {"id": 506, "fullName": "Jonny Bairstow", "shortName": "J Bairstow", "nationality": "English", "dateOfBirth": "1989-09-26", "rightArmedBowl": true, "rightHandedBat": true, "bowlingStyle": "MEDIUM_SEAM"}, "captain": {"id": 170, "fullName": "David Warner", "shortName": "D Warner", "nationality": "Australian", "dateOfBirth": "1986-10-27", "rightArmedBowl": true, "rightHandedBat": false, "bowlingStyle": "LEG_SPIN"}}], "venue": {"id": 102, "fullName": "Zayed Cricket Stadium", "shortName": "Zayed Cricket Stadium", "city": "Abu Dhabi", "country": "UAE"}, "matchDate": "2020-09-29T18:00:00+0400", "matchEndDate": "2020-09-29T23:00:00+0400", "matchDateMs": 1601388000000, "matchEndDateMs": 1601406000000, "isLimitedOvers": true, "battingOrder": [1, 0], "matchBroadcast": false, "matchState": "C", "matchStatus": {"outcome": "B", "text": "Sunrisers Hyderabad won by 15 runs"}, "description": "Match 11", "matchSummary": "", "matchType": "IPLT20", "tournamentLabel": "IPL 2020", "oversLimit": 20, "groupName": ""}, "matchId": {"id": 22246, "name": "ipl2020-11", "tournamentId": {"id": 18790, "name": "ipl2020", "provisional": false}}, "currentState": {"inProgress": false, "phase": "C", "currentInningsIndex": 1, "currentBatsmen": [5433, 1664], "facingBatsman": 5433, "nonFacingBatsman": 1664, "currentBowler": -1, "previousBowler": 116, "previousBowlerCurrentSpell": {"playerId": 116, "ov": "1", "r": 9, "w": 0, "d": 1, "maid": 0, "e": "9.00", "wd": 1, "nb": 0}, "currentPartnership": 9, "partnership": {"runs": 9, "balls": 3, "runRate": "18.00"}, "recentOvers": [{"ovNo": 15, "ovBalls": ["1Wd", "2", ".", "6", "6", "1", "."]}, {"ovNo": 16, "ovBalls": ["W", "1", "4", "1Lb", ".", "4"]}, {"ovNo": 17, "ovBalls": ["1", "1", "1", "W", "1Lb", "1"]}, {"ovNo": 18, "ovBalls": ["1", "2", "1", "1", "2", "W"]}, {"ovNo": 19, "ovBalls": ["1", "4", "1", "1Wd", "1", ".", "1"]}, {"ovNo": 20, "ovBalls": ["2", "1", "W", ".", "3", "6"]}]}, "innings": [{"inningsNumber": 1, "runRate": "8.10", "overProgress": "20", "declared": false, "scorecard": {"runs": 162, "wkts": 4, "allOut": false, "battingStats": [{"playerId": 170, "r": 45, "b": 33, "sr": "136.36", "4s": 3, "6s": 2, "mod": {"dismissedBp": {"innings": 1, "over": 10, "ball": 3}, "countingBp": {"innings": 1, "over": 10, "ball": 3}, "text": "c Rishabh Pant b Amit Mishra", "bowlerId": 30, "additionalPlayerIds": [2972], "dismissedMethod": "ct", "isOut": true}}, {"playerId": 506, "r": 53, "b": 48, "sr": "110.41", "4s": 2, "6s": 1, "mod": {"dismissedBp": {"innings": 1, "over": 18, "ball": 5}, "countingBp": {"innings": 1, "over": 18, "ball": 5}, "text": "c Anrich Nortje b Kagiso Rabada", "bowlerId": 1664, "additionalPlayerIds": [5433], "dismissedMethod": "ct", "isOut": true}}, {"playerId": 123, "r": 3, "b": 5, "sr": "60.00", "4s": 0, "6s": 0, "mod": {"dismissedBp": {"innings": 1, "over": 12, "ball": 2}, "countingBp": {"innings": 1, "over": 12, "ball": 2}, "text": "c Kagiso Rabada b Amit Mishra", "bowlerId": 30, "additionalPlayerIds": [1664], "dismissedMethod": "ct", "isOut": true}}, {"playerId": 440, "r": 41, "b": 26, "sr": "157.69", "4s": 5, "6s": 0, "mod": {"dismissedBp": {"innings": 1, "over": 20, "ball": 4}, "countingBp": {"innings": 1, "over": 20, "ball": 4}, "text": "c Axar Patel b Kagiso Rabada", "bowlerId": 1664, "additionalPlayerIds": [1113], "dismissedMethod": "ct", "isOut": true}}, {"playerId": 19352, "r": 12, "b": 7, "sr": "171.42", "4s": 1, "6s": 1}, {"playerId": 3760, "r": 1, "b": 1, "sr": "100.00", "4s": 0, "6s": 0}], "bowlingStats": [{"playerId": 38, "ov": "3", "r": 26, "w": 0, "d": 4, "maid": 0, "e": "8.66", "wd": 2, "nb": 0}, {"playerId": 1664, "ov": "4", "r": 21, "w": 2, "d": 11, "maid": 0, "e": "5.25", "wd": 0, "nb": 0}, {"playerId": 5433, "ov": "4", "r": 40, "w": 0, "d": 6, "maid": 0, "e": "10.00", "wd": 0, "nb": 0}, {"playerId": 964, "ov": "3", "r": 22, "w": 0, "d": 4, "maid": 0, "e": "7.33", "wd": 0, "nb": 0}, {"playerId": 30, "ov": "4", "r": 35, "w": 2, "d": 6, "maid": 0, "e": "8.75", "wd": 0, "nb": 0}, {"playerId": 1113, "ov": "2", "r": 14, "w": 0, "d": 2, "maid": 0, "e": "7.00", "wd": 1, "nb": 0}], "fow": [{"bp": {"innings": 1, "over": 10, "ball": 3}, "playerId": 170, "ret": false, "w": 1, "r": 77}, {"bp": {"innings": 1, "over": 12, "ball": 2}, "playerId": 123, "ret": false, "w": 2, "r": 92}, {"bp": {"innings": 1, "over": 18, "ball": 5}, "playerId": 506, "ret": false, "w": 3, "r": 144}, {"bp": {"innings": 1, "over": 20, "ball": 4}, "playerId": 440, "ret": false, "w": 4, "r": 160}], "extras": {"noBallRuns": 0, "wideRuns": 3, "byeRuns": 0, "legByeRuns": 4, "penaltyRuns": 0}, "declared": false}, "overHistory": [{"ovNo": 1, "ovBalls": [".", "2", "1", "2", "3", "1"]}, {"ovNo": 2, "ovBalls": [".", "4", ".", "1", ".", "."]}, {"ovNo": 3, "ovBalls": [".", ".", "1", ".", "1", "1"]}, {"ovNo": 4, "ovBalls": [".", "1", "1", "1", ".", "."]}, {"ovNo": 5, "ovBalls": [".", "1", ".", "1", "1", "1Lb"]}, {"ovNo": 6, "ovBalls": ["1", "1", "1Lb", "6", "4", "1"]}, {"ovNo": 7, "ovBalls": ["1", "2", "6", "1", "2", "2"]}, {"ovNo": 8, "ovBalls": ["2", "1", "1", "2", "1", "."]}, {"ovNo": 9, "ovBalls": ["1Wd", "2", "1Wd", "1", "6", "1", "1", "1"]}, {"ovNo": 10, "ovBalls": ["4", ".", "W", "1", ".", "4"]}, {"ovNo": 11, "ovBalls": [".", "1", "1Wd", "1", "1", "4", "1"]}, {"ovNo": 12, "ovBalls": ["1", "W", ".", ".", "1", "1"]}, {"ovNo": 13, "ovBalls": ["1", "1", "1", "1", "1", "."]}, {"ovNo": 14, "ovBalls": ["1", "1", "4", "1", "1", "1"]}, {"ovNo": 15, "ovBalls": ["1", "1", "1", "1", "2", "3"]}, {"ovNo": 16, "ovBalls": [".", "1", "1", "4", "4", "1"]}, {"ovNo": 17, "ovBalls": ["1", "1", "4", "4", "1", "1"]}, {"ovNo": 18, "ovBalls": ["2", ".", "2", ".", "W", "1"]}, {"ovNo": 19, "ovBalls": ["1", "1", "1", ".", "4", "6"]}, {"ovNo": 20, "ovBalls": ["1Lb", ".", "1", "W", "1Lb", "1"]}]}, {"inningsNumber": 2, "runRate": "7.35", "overProgress": "20", "declared": false, "scorecard": {"runs": 147, "wkts": 7, "allOut": false, "battingStats": [{"playerId": 3764, "r": 2, "b": 5, "sr": "40.00", "4s": 0, "6s": 0, "mod": {"dismissedBp": {"innings": 2, "over": 1, "ball": 5}, "countingBp": {"innings": 2, "over": 1, "ball": 5}, "text": "c Jonny Bairstow b Bhuvneshwar Kumar", "bowlerId": 116, "additionalPlayerIds": [506], "dismissedMethod": "ct", "isOut": true}}, {"playerId": 41, "r": 34, "b": 31, "sr": "109.67", "4s": 4, "6s": 0, "mod": {"dismissedBp": {"innings": 2, "over": 12, "ball": 3}, "countingBp": {"innings": 2, "over": 12, "ball": 3}, "text": "c Jonny Bairstow b Rashid Khan", "bowlerId": 2885, "additionalPlayerIds": [506], "dismissedMethod": "ct", "isOut": true}}, {"playerId": 1563, "r": 17, "b": 21, "sr": "80.95", "4s": 2, "6s": 0, "mod": {"dismissedBp": {"innings": 2, "over": 8, "ball": 2}, "countingBp": {"innings": 2, "over": 8, "ball": 2}, "text": "c Abdul Samad b Rashid Khan", "bowlerId": 2885, "additionalPlayerIds": [19352], "dismissedMethod": "ct", "isOut": true}}, {"playerId": 2972, "r": 28, "b": 27, "sr": "103.70", "4s": 1, "6s": 2, "mod": {"dismissedBp": {"innings": 2, "over": 17, "ball": 4}, "countingBp": {"innings": 2, "over": 17, "ball": 4}, "text": "c Priyam Garg b Rashid Khan", "bowlerId": 2885, "additionalPlayerIds": [3775], "dismissedMethod": "ct", "isOut": true}}, {"playerId": 1705, "r": 21, "b": 12, "sr": "175.00", "4s": 0, "6s": 2, "mod": {"dismissedBp": {"innings": 2, "over": 16, "ball": 1}, "countingBp": {"innings": 2, "over": 16, "ball": 1}, "text": "c Manish Pandey b Bhuvneshwar Kumar", "bowlerId": 116, "additionalPlayerIds": [123], "dismissedMethod": "ct", "isOut": true}}, {"playerId": 964, "r": 11, "b": 9, "sr": "122.22", "4s": 1, "6s": 0, "mod": {"dismissedBp": {"innings": 2, "over": 18, "ball": 6}, "countingBp": {"innings": 2, "over": 18, "ball": 6}, "text": "lbw T Natarajan", "bowlerId": 3831, "dismissedMethod": "lbw", "isOut": true}}, {"playerId": 1113, "r": 5, "b": 6, "sr": "83.33", "4s": 0, "6s": 0, "mod": {"dismissedBp": {"innings": 2, "over": 20, "ball": 3}, "countingBp": {"innings": 2, "over": 20, "ball": 3}, "text": "b Khaleel Ahmed", "bowlerId": 2964, "dismissedMethod": "b", "isOut": true}}, {"playerId": 1664, "r": 15, "b": 7, "sr": "214.28", "4s": 1, "6s": 1}, {"playerId": 5433, "r": 3, "b": 2, "sr": "150.00", "4s": 0, "6s": 0}], "bowlingStats": [{"playerId": 116, "ov": "4", "r": 25, "w": 2, "d": 13, "maid": 0, "e": "6.25", "wd": 1, "nb": 0}, {"playerId": 2964, "ov": "4", "r": 43, "w": 1, "d": 9, "maid": 0, "e": "10.75", "wd": 1, "nb": 0}, {"playerId": 3831, "ov": "4", "r": 25, "w": 1, "d": 8, "maid": 0, "e": "6.25", "wd": 1, "nb": 0}, {"playerId": 3760, "ov": "4", "r": 34, "w": 0, "d": 4, "maid": 0, "e": "8.50", "wd": 1, "nb": 0}, {"playerId": 2885, "ov": "4", "r": 14, "w": 3, "d": 13, "maid": 0, "e": "3.50", "wd": 0, "nb": 0}], "fow": [{"bp": {"innings": 2, "over": 1, "ball": 5}, "playerId": 3764, "ret": false, "w": 1, "r": 2}, {"bp": {"innings": 2, "over": 8, "ball": 2}, "playerId": 1563, "ret": false, "w": 2, "r": 42}, {"bp": {"innings": 2, "over": 12, "ball": 3}, "playerId": 41, "ret": false, "w": 3, "r": 62}, {"bp": {"innings": 2, "over": 16, "ball": 1}, "playerId": 1705, "ret": false, "w": 4, "r": 104}, {"bp": {"innings": 2, "over": 17, "ball": 4}, "playerId": 2972, "ret": false, "w": 5, "r": 117}, {"bp": {"innings": 2, "over": 18, "ball": 6}, "playerId": 964, "ret": false, "w": 6, "r": 126}, {"bp": {"innings": 2, "over": 20, "ball": 3}, "playerId": 1113, "ret": false, "w": 7, "r": 138}], "extras": {"noBallRuns": 0, "wideRuns": 5, "byeRuns": 0, "legByeRuns": 6, "penaltyRuns": 0}, "declared": false}, "overHistory": [{"ovNo": 1, "ovBalls": [".", ".", ".", "2", "W", "."]}, {"ovNo": 2, "ovBalls": ["1", ".", "1", "1", ".", "."]}, {"ovNo": 3, "ovBalls": [".", "4", ".", ".", "1", "."]}, {"ovNo": 4, "ovBalls": [".", ".", "4", "1", ".", "."]}, {"ovNo": 5, "ovBalls": ["4", ".", "1", ".", "4", "3"]}, {"ovNo": 6, "ovBalls": [".", "4", ".", "1", "1", "1"]}, {"ovNo": 7, "ovBalls": ["1", "1", "1", "1", "2Wd", "1", "1"]}, {"ovNo": 8, "ovBalls": [".", "W", "1", ".", ".", "."]}, {"ovNo": 9, "ovBalls": ["1", "2", ".", ".", "1", "1"]}, {"ovNo": 10, "ovBalls": [".", ".", "4", ".", "1", "1"]}, {"ovNo": 11, "ovBalls": [".", "1", "2", "1", "1", "1"]}, {"ovNo": 12, "ovBalls": ["1", "1", "W", "1", ".", "."]}, {"ovNo": 13, "ovBalls": ["1", "1", "1", ".", "6", "6"]}, {"ovNo": 14, "ovBalls": ["1", "4Lb", "1", "1", "1Wd", "1", "1"]}, {"ovNo": 15, "ovBalls": ["1Wd", "2", ".", "6", "6", "1", "."]}, {"ovNo": 16, "ovBalls": ["W", "1", "4", "1Lb", ".", "4"]}, {"ovNo": 17, "ovBalls": ["1", "1", "1", "W", "1Lb", "1"]}, {"ovNo": 18, "ovBalls": ["1", "2", "1", "1", "2", "W"]}, {"ovNo": 19, "ovBalls": ["1", "4", "1", "1Wd", "1", ".", "1"]}, {"ovNo": 20, "ovBalls": ["2", "1", "W", ".", "3", "6"]}]}]}