{"matchInfo": {"additionalInfo": {"sixes.video.thumb": "http://static2.iplt20.com/cms/media/images/960x640/27831.jpg", "sixes.video.id": "1c853c631cd443409c0eff629d081891", "match.video.thumb": "http://img.delvenetworks.com/vskqgd3UTRwgGafUGHJCGE/twSSllEqSbQgOskwLxEAVI/8Kc.540x302.jpeg", "mom.video.thumb": "http://images.lvp.llnw.net/bec92a81ddd44d1c80669f5061c90861/media/842e275798d2422a93f0af30331f8385/Oow.540x304.jpeg", "mom.video.id": "842e275798d2422a93f0af30331f8385", "referee.name": "Ranjan Madugalle", "report.thumb": "http://static2.iplt20.com/cms/media/images/630x420/27918.jpg", "match.summary": "", "umpire.name.1": "Bruce Oxenford", "umpire.name.2": "Chettithody Shamshuddin", "umpire.name.3": "Rajesh Deshpande", "interview.thumb": "http://static2.iplt20.com/cms/media/images/630x420/27959.jpg", "umpire.name.4": "Rohan Pandit", "away.team.fan.total": "4464", "result.playerofthematch": "Corey Anderson", "toss.elected": "Kings XI Punjab, who chose to bat", "notes.1.1": "Powerplay - 36 runs, 2 wickets", "notes.1.2": "KXIP: 50 runs in 7.5 overs", "notes.2.1": "Powerplay - 49 runs, 2 wickets", "notes.1.3": "3rd Wicket: 50 runs in 42 balls (Wriddhiman Saha 11, Glenn Maxwell 35)", "notes.2.2": "MI: 50 runs in 6.1 overs ", "notes.1.4": "KXIP: 100 runs in 12.5 overs ", "notes.2.3": "MI: 100 runs in 12.4 overs ", "notes.1.5": "KXIP: 150 runs in 18.1 overs", "notes.2.4": "4th Wicket: 50 runs in 34 balls (Rohit Sharma 19, Corey Anderson 33)", "notes.1.6": "Wriddhiman Saha: 50 off 43 balls (4 x fours, 3 x sixes)", "notes.2.5": "MI: 150 runs in 18.1 overs", "notes.1.7": "Innings Break: KXIP - 168/5 in 20 overs", "highlights.link": "http://www.iplt20.com/videos/media/id/b7049296512a49b480eb24c0bc440152/m22-mi-vs-kxip-match-highlights", "match.video.id": "b7049296512a49b480eb24c0bc440152", "stats.link": "http://www.iplt20.com/news/2014/more-news/4877/quick-stats-match-22-mi-v-kxip", "home.team.fan.total": "5558", "photostream.link": "http://www.iplt20.com/photos/209/ipl-2014-match-22-mi-v-kxip", "toss.winner": "Kings XI Punjab", "interview.link": "http://www.iplt20.com/news/2014/features/4874/ipl-stretches-your-thinking-maxwell", "stats.thumb": "http://static2.iplt20.com/cms/media/images/630x420/27983.jpg"}, "teams": [{"id": 2411, "team": {"id": 6, "fullName": "Mumbai Indians", "shortName": "Mumbai", "abbreviation": "MI", "type": "m", "primaryColor": "00AEEF", "secondaryColor": "FFFFFF"}, "players": [{"id": 918, "fullName": "Ben Dunk", "shortName": "B Dunk", "nationality": "Australian", "dateOfBirth": "1987-03-11", "rightArmedBowl": false, "rightHandedBat": false}, {"id": 107, "fullName": "Rohit Sharma", "shortName": "R Sharma", "nationality": "Indian", "dateOfBirth": "1987-04-30", "rightArmedBowl": true, "rightHandedBat": true, "bowlingStyle": "OFF_SPIN"}, {"id": 968, "fullName": "Corey Anderson", "shortName": "C Anderson", "nationality": "New Zealander", "dateOfBirth": "1990-12-13", "rightArmedBowl": false, "rightHandedBat": false}, {"id": 100, "fullName": "Ambati Rayudu", "shortName": "A Rayudu", "nationality": "Indian", "dateOfBirth": "1985-09-23", "rightArmedBowl": true, "rightHandedBat": true, "bowlingStyle": "OFF_SPIN"}, {"id": 210, "fullName": "Kieron Pollard", "shortName": "K Pollard", "nationality": "West Indian", "dateOfBirth": "1987-05-12", "rightArmedBowl": true, "rightHandedBat": true, "bowlingStyle": "MEDIUM_SEAM"}, {"id": 99, "fullName": "Aditya Tare", "shortName": "A Tare", "nationality": "Indian", "dateOfBirth": "1987-11-07", "rightArmedBowl": true, "rightHandedBat": true}, {"id": 155, "fullName": "Chidhambaram Gautam", "shortName": "C Gautam", "nationality": "Indian", "dateOfBirth": "1986-03-08", "rightArmedBowl": true, "rightHandedBat": true}, {"id": 103, "fullName": "Harbhajan Singh", "shortName": "H Singh", "nationality": "Indian", "dateOfBirth": "1980-07-03", "rightArmedBowl": true, "rightHandedBat": true, "bowlingStyle": "OFF_SPIN"}, {"id": 165, "fullName": "Zaheer Khan", "shortName": "Z Khan", "nationality": "Indian", "dateOfBirth": "1978-10-07", "rightArmedBowl": false, "rightHandedBat": true, "bowlingStyle": "FAST_SEAM"}, {"id": 211, "fullName": "Lasith Malinga", "shortName": "L Malinga", "nationality": "Sri Lankan", "dateOfBirth": "1983-08-28", "rightArmedBowl": true, "rightHandedBat": true, "bowlingStyle": "FAST_SEAM"}, {"id": 1124, "fullName": "Jasprit Bumrah", "shortName": "J Bumrah", "nationality": "Indian", "dateOfBirth": "1993-12-06", "rightArmedBowl": true, "rightHandedBat": true, "bowlingStyle": "FAST_SEAM"}], "wicketKeeper": {"id": 155, "fullName": "Chidhambaram Gautam", "shortName": "C Gautam", "nationality": "Indian", "dateOfBirth": "1986-03-08", "rightArmedBowl": true, "rightHandedBat": true}, "captain": {"id": 107, "fullName": "Rohit Sharma", "shortName": "R Sharma", "nationality": "Indian", "dateOfBirth": "1987-04-30", "rightArmedBowl": true, "rightHandedBat": true, "bowlingStyle": "OFF_SPIN"}}, {"id": 2410, "team": {"id": 4, "fullName": "Punjab Kings", "shortName": "Punjab Kings", "abbreviation": "PBKS", "type": "m", "primaryColor": "DA1F3D", "secondaryColor": "FFFFFF"}, "players": [{"id": 156, "fullName": "Cheteshwar Pujara", "shortName": "C Pujara", "nationality": "Indian", "dateOfBirth": "1988-01-25", "rightArmedBowl": true, "rightHandedBat": true, "bowlingStyle": "LEG_SPIN"}, {"id": 45, "fullName": "Virender Sehwag", "shortName": "V Sehwag", "nationality": "Indian", "dateOfBirth": "1978-10-20", "rightArmedBowl": true, "rightHandedBat": true, "bowlingStyle": "OFF_SPIN"}, {"id": 16, "fullName": "Wriddhiman Saha", "shortName": "W Saha", "nationality": "Indian", "dateOfBirth": "1984-10-24", "rightArmedBowl": true, "rightHandedBat": true}, {"id": 282, "fullName": "Glenn Maxwell", "shortName": "G Maxwell", "nationality": "Australian", "dateOfBirth": "1988-10-14", "rightArmedBowl": true, "rightHandedBat": true, "bowlingStyle": "OFF_SPIN"}, {"id": 187, "fullName": "David Miller", "shortName": "D Miller", "nationality": "South African", "dateOfBirth": "1989-06-10", "rightArmedBowl": true, "rightHandedBat": false, "bowlingStyle": "OFF_SPIN"}, {"id": 19, "fullName": "George Bailey", "shortName": "G Bailey", "nationality": "Australian", "dateOfBirth": "1982-09-07", "rightArmedBowl": false, "rightHandedBat": false}, {"id": 1088, "fullName": "Rishi Dhawan", "shortName": "R Dhawan", "nationality": "Indian", "dateOfBirth": "1990-02-19", "rightArmedBowl": false, "rightHandedBat": true}, {"id": 1113, "fullName": "Axar Patel", "shortName": "A Patel", "nationality": "Indian", "dateOfBirth": "1994-01-20", "rightArmedBowl": false, "rightHandedBat": false, "bowlingStyle": "ORTHODOX"}, {"id": 213, "fullName": "Mitchell Johnson", "shortName": "M Johnson", "nationality": "Australian", "dateOfBirth": "1981-11-02", "rightArmedBowl": false, "rightHandedBat": false, "bowlingStyle": "FAST_SEAM"}, {"id": 87, "fullName": "Lakshmipathy Balaji", "shortName": "L Balaji", "nationality": "Indian", "dateOfBirth": "1981-09-27", "rightArmedBowl": false, "rightHandedBat": false}, {"id": 1112, "fullName": "Sandeep Sharma", "shortName": "S Sharma", "nationality": "Indian", "dateOfBirth": "1993-05-18", "rightArmedBowl": true, "rightHandedBat": true, "bowlingStyle": "MEDIUM_SEAM"}], "wicketKeeper": {"id": 16, "fullName": "Wriddhiman Saha", "shortName": "W Saha", "nationality": "Indian", "dateOfBirth": "1984-10-24", "rightArmedBowl": true, "rightHandedBat": true}, "captain": {"id": 19, "fullName": "George Bailey", "shortName": "G Bailey", "nationality": "Australian", "dateOfBirth": "1982-09-07", "rightArmedBowl": false, "rightHandedBat": false}}], "venue": {"id": 4, "fullName": "Wankhede Stadium", "shortName": "Wankhede Stadium", "city": "Mumbai", "country": "India"}, "matchDate": "2014-05-03T16:00:00+0530", "matchEndDate": "2014-05-03T23:00:00+0530", "matchDateMs": 1399113000000, "matchEndDateMs": 1399138200000, "isLimitedOvers": true, "battingOrder": [1, 0], "matchBroadcast": false, "matchState": "C", "matchStatus": {"outcome": "A", "text": "Mumbai Indians won by 5 wickets"}, "description": "Match 22", "matchSummary": "", "matchType": "IPLT20", "tournamentLabel": "IPL 2014", "oversLimit": 20, "groupName": ""}, "matchId": {"id": 2445, "name": "ipl2014-22", "tournamentId": {"id": 2374, "name": "ipl2014", "provisional": false}}, "currentState": {"inProgress": false, "phase": "C", "currentInningsIndex": 1, "currentBatsmen": [210, 99], "facingBatsman": 210, "nonFacingBatsman": 99, "currentBowler": 1112, "currentBowlerCurrentSpell": {"playerId": 1112, "ov": "0.1", "r": 6, "w": 0, "d": 0, "maid": 0, "e": "36.00", "wd": 0, "nb": 0}, "previousBowler": 213, "previousBowlerCurrentSpell": {"playerId": 213, "ov": "1", "r": 20, "w": 0, "d": 0, "maid": 0, "e": "20.00", "wd": 1, "nb": 0}, "currentPartnership": 44, "partnership": {"runs": 44, "balls": 15, "runRate": "17.60"}, "recentOvers": [{"ovNo": 15, "ovBalls": [".", ".", ".", "2", ".", "1"]}, {"ovNo": 16, "ovBalls": ["1Lb", "4", "W", "1", ".", "."]}, {"ovNo": 17, "ovBalls": ["1", "1", ".", "W", "1", "1"]}, {"ovNo": 18, "ovBalls": ["2", "4", "1", "1", "2", "6"]}, {"ovNo": 19, "ovBalls": ["6", "1Wd", "2", "2", "4", "4", "1"]}, {"ovNo": 20, "ovBalls": ["6"]}]}, "innings": [{"inningsNumber": 1, "runRate": "8.40", "overProgress": "20", "declared": false, "scorecard": {"runs": 168, "wkts": 5, "allOut": false, "battingStats": [{"playerId": 156, "r": 19, "b": 18, "sr": "105.55", "4s": 4, "6s": 0, "mod": {"dismissedBp": {"innings": 1, "over": 4, "ball": 3}, "countingBp": {"innings": 1, "over": 4, "ball": 3}, "text": "c Chidhambaram Gautam b Corey Anderson", "bowlerId": 968, "additionalPlayerIds": [155], "dismissedMethod": "ct", "isOut": true}}, {"playerId": 45, "r": 1, "b": 2, "sr": "50.00", "4s": 0, "6s": 0, "mod": {"dismissedBp": {"innings": 1, "over": 3, "ball": 1}, "countingBp": {"innings": 1, "over": 3, "ball": 1}, "text": "run out (Rohit Sharma)", "bowlerId": 165, "additionalPlayerIds": [107], "dismissedMethod": "ro", "isOut": true}}, {"playerId": 16, "r": 59, "b": 47, "sr": "125.53", "4s": 4, "6s": 3}, {"playerId": 282, "r": 45, "b": 27, "sr": "166.66", "4s": 5, "6s": 2, "mod": {"dismissedBp": {"innings": 1, "over": 12, "ball": 5}, "countingBp": {"innings": 1, "over": 12, "ball": 5}, "text": "c Ben Dunk b Harbhajan Singh", "bowlerId": 103, "additionalPlayerIds": [918], "dismissedMethod": "ct", "isOut": true}}, {"playerId": 19, "r": 15, "b": 14, "sr": "107.14", "4s": 2, "6s": 0, "mod": {"dismissedBp": {"innings": 1, "over": 16, "ball": 5}, "countingBp": {"innings": 1, "over": 16, "ball": 5}, "text": "c Corey Anderson b Harbhajan Singh", "bowlerId": 103, "additionalPlayerIds": [968], "dismissedMethod": "ct", "isOut": true}}, {"playerId": 187, "r": 16, "b": 12, "sr": "133.33", "4s": 1, "6s": 1, "mod": {"dismissedBp": {"innings": 1, "over": 20, "ball": 3}, "countingBp": {"innings": 1, "over": 20, "ball": 3}, "text": "c Ben Dunk b Lasith Malinga", "bowlerId": 211, "additionalPlayerIds": [918], "dismissedMethod": "ct", "isOut": true}}, {"playerId": 213, "r": 0, "b": 1, "sr": "0.00", "4s": 0, "6s": 0}], "bowlingStats": [{"playerId": 165, "ov": "3.3", "r": 28, "w": 0, "d": 10, "maid": 0, "e": "8.00", "wd": 0, "nb": 0}, {"playerId": 1124, "ov": "4", "r": 25, "w": 0, "d": 13, "maid": 0, "e": "6.25", "wd": 2, "nb": 1}, {"playerId": 968, "ov": "2", "r": 17, "w": 1, "d": 5, "maid": 0, "e": "8.50", "wd": 1, "nb": 0}, {"playerId": 211, "ov": "4", "r": 25, "w": 1, "d": 11, "maid": 0, "e": "6.25", "wd": 0, "nb": 0}, {"playerId": 103, "ov": "4", "r": 34, "w": 2, "d": 7, "maid": 0, "e": "8.50", "wd": 0, "nb": 0}, {"playerId": 210, "ov": "2.3", "r": 32, "w": 0, "d": 3, "maid": 0, "e": "12.80", "wd": 1, "nb": 0}], "fow": [{"bp": {"innings": 1, "over": 3, "ball": 1}, "playerId": 45, "ret": false, "w": 1, "r": 13}, {"bp": {"innings": 1, "over": 4, "ball": 3}, "playerId": 156, "ret": false, "w": 2, "r": 24}, {"bp": {"innings": 1, "over": 12, "ball": 5}, "playerId": 282, "ret": false, "w": 3, "r": 93}, {"bp": {"innings": 1, "over": 16, "ball": 5}, "playerId": 19, "ret": false, "w": 4, "r": 130}, {"bp": {"innings": 1, "over": 20, "ball": 3}, "playerId": 187, "ret": false, "w": 5, "r": 165}], "extras": {"noBallRuns": 1, "wideRuns": 5, "byeRuns": 1, "legByeRuns": 6, "penaltyRuns": 0}, "declared": false}, "overHistory": [{"ovNo": 1, "ovBalls": [".", "4", ".", ".", ".", "1"]}, {"ovNo": 2, "ovBalls": [".", "2Wd", "1", ".", "4", "1Wd", ".", "."]}, {"ovNo": 3, "ovBalls": ["W", "1", "1", "4", ".", "1"]}, {"ovNo": 4, "ovBalls": ["4", ".", "W", ".", "4", "1Wd", "."]}, {"ovNo": 5, "ovBalls": [".", ".", ".", "1", "1", "."]}, {"ovNo": 6, "ovBalls": ["1", ".", "4", ".", ".", "."]}, {"ovNo": 7, "ovBalls": ["1Nb", "4", ".", ".", "1", ".", "."]}, {"ovNo": 8, "ovBalls": ["1", "1", "4", "1", "1", "1"]}, {"ovNo": 9, "ovBalls": ["6", "4", ".", "1", ".", "1"]}, {"ovNo": 10, "ovBalls": [".", "1", "1Lb", ".", "1", "4"]}, {"ovNo": 11, "ovBalls": ["1", "1Wd", "2", "1Lb", "1B", "2", "1"]}, {"ovNo": 12, "ovBalls": ["6", "1", "6", "1", "W", "."]}, {"ovNo": 13, "ovBalls": ["4", "1", ".", "1", "1", "1"]}, {"ovNo": 14, "ovBalls": ["4", "1", ".", "1", "4", "6"]}, {"ovNo": 15, "ovBalls": [".", ".", ".", "4", "1", "4"]}, {"ovNo": 16, "ovBalls": ["1", "1", ".", "2", "W", "1"]}, {"ovNo": 17, "ovBalls": ["1", "1", "1", "2", ".", "4"]}, {"ovNo": 18, "ovBalls": ["1", "1", "1", "1", ".", "1"]}, {"ovNo": 19, "ovBalls": ["6", "1", "4Lb", "6", "1", "2"]}, {"ovNo": 20, "ovBalls": [".", ".", "W", "2", "1", "."]}]}, {"inningsNumber": 2, "runRate": "8.86", "overProgress": "19.1", "declared": false, "scorecard": {"runs": 170, "wkts": 5, "allOut": false, "battingStats": [{"playerId": 918, "r": 5, "b": 4, "sr": "125.00", "4s": 1, "6s": 0, "mod": {"dismissedBp": {"innings": 2, "over": 1, "ball": 5}, "countingBp": {"innings": 2, "over": 1, "ball": 5}, "text": "c Wriddhiman Saha b Sandeep Sharma", "bowlerId": 1112, "additionalPlayerIds": [16], "dismissedMethod": "ct", "isOut": true}}, {"playerId": 155, "r": 33, "b": 29, "sr": "113.79", "4s": 2, "6s": 2, "mod": {"dismissedBp": {"innings": 2, "over": 10, "ball": 4}, "countingBp": {"innings": 2, "over": 10, "ball": 4}, "text": "lbw Rishi Dhawan", "bowlerId": 1088, "dismissedMethod": "lbw", "isOut": true}}, {"playerId": 100, "r": 8, "b": 5, "sr": "160.00", "4s": 2, "6s": 0, "mod": {"dismissedBp": {"innings": 2, "over": 3, "ball": 6}, "countingBp": {"innings": 2, "over": 3, "ball": 5}, "text": "lbw Sandeep Sharma", "bowlerId": 1112, "dismissedMethod": "lbw", "isOut": true}}, {"playerId": 107, "r": 39, "b": 34, "sr": "114.70", "4s": 4, "6s": 2, "mod": {"dismissedBp": {"innings": 2, "over": 16, "ball": 3}, "countingBp": {"innings": 2, "over": 16, "ball": 3}, "text": "c Wriddhiman Saha b Lakshmipathy Balaji", "bowlerId": 87, "additionalPlayerIds": [16], "dismissedMethod": "ct", "isOut": true}}, {"playerId": 968, "r": 35, "b": 25, "sr": "140.00", "4s": 3, "6s": 2, "mod": {"dismissedBp": {"innings": 2, "over": 17, "ball": 4}, "countingBp": {"innings": 2, "over": 17, "ball": 4}, "text": "c David Miller b Rishi Dhawan", "bowlerId": 1088, "additionalPlayerIds": [187], "dismissedMethod": "ct", "isOut": true}}, {"playerId": 210, "r": 28, "b": 12, "sr": "233.33", "4s": 2, "6s": 2}, {"playerId": 99, "r": 16, "b": 6, "sr": "266.66", "4s": 1, "6s": 1}], "bowlingStats": [{"playerId": 1112, "ov": "3.1", "r": 29, "w": 2, "d": 12, "maid": 0, "e": "9.15", "wd": 1, "nb": 0}, {"playerId": 87, "ov": "4", "r": 38, "w": 1, "d": 9, "maid": 0, "e": "9.50", "wd": 0, "nb": 0}, {"playerId": 213, "ov": "4", "r": 37, "w": 0, "d": 11, "maid": 0, "e": "9.25", "wd": 2, "nb": 0}, {"playerId": 1113, "ov": "4", "r": 40, "w": 0, "d": 6, "maid": 0, "e": "10.00", "wd": 0, "nb": 0}, {"playerId": 1088, "ov": "4", "r": 23, "w": 2, "d": 12, "maid": 0, "e": "5.75", "wd": 0, "nb": 0}], "fow": [{"bp": {"innings": 2, "over": 1, "ball": 5}, "playerId": 918, "ret": false, "w": 1, "r": 6}, {"bp": {"innings": 2, "over": 3, "ball": 5}, "playerId": 100, "ret": false, "w": 2, "r": 23}, {"bp": {"innings": 2, "over": 10, "ball": 4}, "playerId": 155, "ret": false, "w": 3, "r": 70}, {"bp": {"innings": 2, "over": 16, "ball": 3}, "playerId": 107, "ret": false, "w": 4, "r": 123}, {"bp": {"innings": 2, "over": 17, "ball": 4}, "playerId": 968, "ret": false, "w": 5, "r": 126}], "extras": {"noBallRuns": 0, "wideRuns": 3, "byeRuns": 0, "legByeRuns": 3, "penaltyRuns": 0}, "declared": false}, "overHistory": [{"ovNo": 1, "ovBalls": ["4", ".", "1", "1Lb", "W", "."]}, {"ovNo": 2, "ovBalls": [".", "2", "1", "4", ".", "4"]}, {"ovNo": 3, "ovBalls": ["1Wd", "4", ".", ".", "1", "W", "."]}, {"ovNo": 4, "ovBalls": ["1", ".", ".", ".", ".", "6"]}, {"ovNo": 5, "ovBalls": [".", ".", ".", "6", ".", "6"]}, {"ovNo": 6, "ovBalls": [".", "1", "1", "1Wd", ".", "4", "."]}, {"ovNo": 7, "ovBalls": ["4", "1", "4", "1", "1", "1"]}, {"ovNo": 8, "ovBalls": ["1", ".", ".", "2", ".", "1"]}, {"ovNo": 9, "ovBalls": [".", ".", "1Lb", ".", "1", "2"]}, {"ovNo": 10, "ovBalls": [".", ".", "1", "W", ".", "."]}, {"ovNo": 11, "ovBalls": [".", ".", "1", "2", "1", "1"]}, {"ovNo": 12, "ovBalls": ["6", "1", ".", ".", "6", "1"]}, {"ovNo": 13, "ovBalls": ["1", "1", "4", "6", "4", "4"]}, {"ovNo": 14, "ovBalls": [".", ".", "1", "1", "4", "."]}, {"ovNo": 15, "ovBalls": [".", ".", ".", "2", ".", "1"]}, {"ovNo": 16, "ovBalls": ["1Lb", "4", "W", "1", ".", "."]}, {"ovNo": 17, "ovBalls": ["1", "1", ".", "W", "1", "1"]}, {"ovNo": 18, "ovBalls": ["2", "4", "1", "1", "2", "6"]}, {"ovNo": 19, "ovBalls": ["6", "1Wd", "2", "2", "4", "4", "1"]}, {"ovNo": 20, "ovBalls": ["6"]}]}]}