{"matchInfo": {"additionalInfo": {"report.link": "https://www.iplt20.com/news/185854", "toss.elected": "Kolkata Knight Riders, who chose to field", "notes.1.1": "Powerplay 1 - 41 runs, 2 wickets", "notes.1.2": "Kings XI Punjab: 50 runs in 6.4 overs ", "notes.2.1": "Powerplay 1 - 62 runs, 1 wicket", "notes.1.3": "3rd Wicket: 50 runs in 28 balls (Mayank Agarwal 7, Nicholas Pooran 42)", "notes.2.2": "Kolkata Knight Riders: 50 runs in 5.1 overs ", "notes.1.4": "Kings XI Punjab: 100 runs in 11.6 overs ", "notes.2.3": "1st Wicket: 50 runs in 31 balls (Shubman Gill 14, Chris Lynn 36)", "notes.1.5": "Kings XI Punjab: 150 runs in 17.4 overs ", "notes.2.4": "Kolkata Knight Riders: 100 runs in 10.2 overs", "notes.1.6": "Sam Curran: 50 off 23 balls (6 x fours, 2 x sixes)", "notes.2.5": "Shubman Gill: 50 off 36 balls (4 x fours, 2 x sixes)", "notes.2.6": "Kolkata Knight Riders: 150 runs in 14.3 overs", "notes.2.7": "3rd Wicket: 50 runs in 24 balls (Shubman Gill 22, Andre Russell 24)", "highlights.link": "https://www.iplt20.com/video/185796/m52-kxip-vs-kkr-match-highlights", "referee.name": "Javagal Srinath", "match.summary": "", "umpire.name.1": "Bruce Oxenford", "umpire.name.2": "C Shamshuddin", "toss.winner": "Kolkata Knight Riders", "umpire.name.3": "KN Ananthapadmanabhan", "umpire.name.4": "Nitin Pandit", "result.playerofthematch": "Shubman Gill"}, "teams": [{"id": 11853, "team": {"id": 4, "fullName": "Punjab Kings", "shortName": "Punjab Kings", "abbreviation": "PBKS", "type": "m", "primaryColor": "DA1F3D", "secondaryColor": "FFFFFF"}, "players": [{"id": 1125, "fullName": "KL Rahul", "shortName": "KL Rahul", "nationality": "Indian", "dateOfBirth": "1992-04-18", "rightArmedBowl": true, "rightHandedBat": true}, {"id": 236, "fullName": "Chris Gayle", "shortName": "C Gayle", "nationality": "West Indian", "dateOfBirth": "1979-09-21", "rightArmedBowl": true, "rightHandedBat": false, "bowlingStyle": "OFF_SPIN"}, {"id": 158, "fullName": "Mayank Agarwal", "shortName": "M Agarwal", "nationality": "Indian", "dateOfBirth": "1991-02-18", "rightArmedBowl": true, "rightHandedBat": true}, {"id": 1703, "fullName": "Nicholas Pooran", "shortName": "N Pooran", "nationality": "West Indian", "dateOfBirth": "1995-10-02", "rightArmedBowl": false, "rightHandedBat": false}, {"id": 72, "fullName": "Mandeep Singh", "shortName": "M Singh", "nationality": "Indian", "dateOfBirth": "1991-12-18", "rightArmedBowl": true, "rightHandedBat": true}, {"id": 2939, "fullName": "Sam Curran", "shortName": "S Curran", "nationality": "English", "dateOfBirth": "1998-06-03", "rightArmedBowl": false, "rightHandedBat": false, "bowlingStyle": "MEDIUM_SEAM"}, {"id": 8, "fullName": "Ravichandran Ashwin", "shortName": "R Ashwin", "nationality": "Indian", "dateOfBirth": "1986-09-17", "rightArmedBowl": true, "rightHandedBat": true, "bowlingStyle": "OFF_SPIN"}, {"id": 1480, "fullName": "Andrew Tye", "shortName": "A Tye", "nationality": "Australian", "dateOfBirth": "1986-12-12", "rightArmedBowl": true, "rightHandedBat": true, "bowlingStyle": "MEDIUM_SEAM"}, {"id": 3187, "fullName": "Murugan Ashwin", "shortName": "M Ashwin", "nationality": "Indian", "dateOfBirth": "1990-09-08", "rightArmedBowl": true, "rightHandedBat": true, "bowlingStyle": "LEG_SPIN"}, {"id": 94, "fullName": "Mohammad Shami", "shortName": "M Shami", "nationality": "Indian", "dateOfBirth": "1990-09-03", "rightArmedBowl": true, "rightHandedBat": true, "bowlingStyle": "FAST_SEAM"}, {"id": 4698, "fullName": "Arshdeep Singh", "shortName": "A Singh", "nationality": "Indian", "dateOfBirth": "1999-02-05", "rightArmedBowl": false, "rightHandedBat": false, "bowlingStyle": "MEDIUM_SEAM"}], "wicketKeeper": {"id": 1703, "fullName": "Nicholas Pooran", "shortName": "N Pooran", "nationality": "West Indian", "dateOfBirth": "1995-10-02", "rightArmedBowl": false, "rightHandedBat": false}, "captain": {"id": 8, "fullName": "Ravichandran Ashwin", "shortName": "R Ashwin", "nationality": "Indian", "dateOfBirth": "1986-09-17", "rightArmedBowl": true, "rightHandedBat": true, "bowlingStyle": "OFF_SPIN"}}, {"id": 11852, "team": {"id": 5, "fullName": "Kolkata Knight Riders", "shortName": "Knight Riders", "abbreviation": "KKR", "type": "m", "primaryColor": "6F2C91", "secondaryColor": "FFFFFF"}, "players": [{"id": 3761, "fullName": "Shubman Gill", "shortName": "S Gill", "nationality": "Indian", "dateOfBirth": "1999-09-08", "rightArmedBowl": true, "rightHandedBat": true, "bowlingStyle": "OFF_SPIN"}, {"id": 179, "fullName": "Chris Lynn", "shortName": "C Lynn", "nationality": "Australian", "dateOfBirth": "1990-04-10", "rightArmedBowl": false, "rightHandedBat": true}, {"id": 102, "fullName": "Dinesh Karthik", "shortName": "D Karthik", "nationality": "Indian", "dateOfBirth": "1985-06-01", "rightArmedBowl": true, "rightHandedBat": true, "bowlingStyle": "OFF_SPIN"}, {"id": 177, "fullName": "Andre Russell", "shortName": "A Russell", "nationality": "West Indian", "dateOfBirth": "1988-04-29", "rightArmedBowl": true, "rightHandedBat": true, "bowlingStyle": "FAST_SEAM"}, {"id": 203, "fullName": "Sunil Narine", "shortName": "S Narine", "nationality": "West Indian", "dateOfBirth": "1988-05-26", "rightArmedBowl": true, "rightHandedBat": false, "bowlingStyle": "OFF_SPIN"}, {"id": 127, "fullName": "Robin Uthappa", "shortName": "R Uthappa", "nationality": "Indian", "dateOfBirth": "1985-11-11", "rightArmedBowl": true, "rightHandedBat": true}, {"id": 2738, "fullName": "Nitish Rana", "shortName": "N Rana", "nationality": "Indian", "dateOfBirth": "1993-12-27", "rightArmedBowl": true, "rightHandedBat": false, "bowlingStyle": "OFF_SPIN"}, {"id": 3830, "fullName": "Rinku Singh", "shortName": "R Singh", "nationality": "Indian", "dateOfBirth": "1997-10-12", "rightArmedBowl": true, "rightHandedBat": true, "bowlingStyle": "LEG_SPIN"}, {"id": 76, "fullName": "Piyush Chawla", "shortName": "P Chawla", "nationality": "Indian", "dateOfBirth": "1988-12-24", "rightArmedBowl": true, "rightHandedBat": false, "bowlingStyle": "LEG_SPIN"}, {"id": 1092, "fullName": "Sandeep Warrier", "shortName": "S Warrier", "nationality": "Indian", "dateOfBirth": "1991-04-04", "rightArmedBowl": true, "rightHandedBat": true, "bowlingStyle": "MEDIUM_SEAM"}, {"id": 1737, "fullName": "Harry Gurney", "shortName": "H Gurney", "nationality": "English", "dateOfBirth": "1986-10-25", "rightArmedBowl": false, "rightHandedBat": true}], "wicketKeeper": {"id": 102, "fullName": "Dinesh Karthik", "shortName": "D Karthik", "nationality": "Indian", "dateOfBirth": "1985-06-01", "rightArmedBowl": true, "rightHandedBat": true, "bowlingStyle": "OFF_SPIN"}, "captain": {"id": 102, "fullName": "Dinesh Karthik", "shortName": "D Karthik", "nationality": "Indian", "dateOfBirth": "1985-06-01", "rightArmedBowl": true, "rightHandedBat": true, "bowlingStyle": "OFF_SPIN"}}], "venue": {"id": 9, "fullName": "IS Bindra Stadium", "shortName": "IS Bindra Stadium", "city": "Mohali", "country": "India"}, "matchDate": "2019-05-03T20:00:00+0530", "matchEndDate": "2019-05-03T23:00:00+0530", "matchDateMs": 1556893800000, "matchEndDateMs": 1556904600000, "isLimitedOvers": true, "battingOrder": [0, 1], "matchBroadcast": false, "matchState": "C", "matchStatus": {"outcome": "B", "text": "Kolkata Knight Riders won by 7 wickets"}, "description": "Match 52", "matchSummary": "", "matchType": "IPLT20", "tournamentLabel": "IPL 2019", "oversLimit": 20, "groupName": ""}, "matchId": {"id": 11343, "name": "ipl2019-52", "tournamentId": {"id": 10192, "name": "ipl2019", "provisional": false}}, "currentState": {"inProgress": false, "phase": "C", "currentInningsIndex": 1, "currentBatsmen": [3761, 102], "facingBatsman": 3761, "nonFacingBatsman": 102, "currentBowler": -1, "previousBowler": 1480, "previousBowlerCurrentSpell": {"playerId": 1480, "ov": "1", "r": 9, "w": 0, "d": 0, "maid": 0, "e": "9.00", "wd": 0, "nb": 0}, "currentPartnership": 35, "partnership": {"runs": 35, "balls": 19, "runRate": "11.05"}, "recentOvers": [{"ovNo": 13, "ovBalls": ["6", ".", "6", ".", "1Wd", "4", "1"]}, {"ovNo": 14, "ovBalls": ["1", "2", "1Wd", "6", "1Wd", ".", ".", "6"]}, {"ovNo": 15, "ovBalls": ["1", ".", "4", ".", "W", "1Lb"]}, {"ovNo": 16, "ovBalls": ["1", "1", "2", ".", ".", "2"]}, {"ovNo": 17, "ovBalls": ["1", "1", "1", "4", "1", "1"]}, {"ovNo": 18, "ovBalls": ["1", "1", "4", "1Wd", "2", "6", "4"]}]}, "innings": [{"inningsNumber": 1, "runRate": "9.15", "overProgress": "20", "declared": false, "scorecard": {"runs": 183, "wkts": 6, "allOut": false, "battingStats": [{"playerId": 236, "r": 14, "b": 14, "sr": "100.00", "4s": 2, "6s": 0, "mod": {"dismissedBp": {"innings": 1, "over": 5, "ball": 1}, "countingBp": {"innings": 1, "over": 5, "ball": 1}, "text": "c Shubman Gill b Sandeep Warrier", "bowlerId": 1092, "additionalPlayerIds": [3761], "dismissedMethod": "ct", "isOut": true}}, {"playerId": 1125, "r": 2, "b": 7, "sr": "28.57", "4s": 0, "6s": 0, "mod": {"dismissedBp": {"innings": 1, "over": 3, "ball": 3}, "countingBp": {"innings": 1, "over": 3, "ball": 3}, "text": "c Chris Lynn b Sandeep Warrier", "bowlerId": 1092, "additionalPlayerIds": [179], "dismissedMethod": "ct", "isOut": true}}, {"playerId": 158, "r": 36, "b": 26, "sr": "138.46", "4s": 2, "6s": 1, "mod": {"dismissedBp": {"innings": 1, "over": 14, "ball": 3}, "countingBp": {"innings": 1, "over": 14, "ball": 3}, "text": "run out (Rinku Singh/Sunil Narine)", "bowlerId": 203, "additionalPlayerIds": [3830, 203], "dismissedMethod": "ro", "isOut": true}}, {"playerId": 1703, "r": 48, "b": 27, "sr": "177.77", "4s": 3, "6s": 4, "mod": {"dismissedBp": {"innings": 1, "over": 11, "ball": 5}, "countingBp": {"innings": 1, "over": 11, "ball": 5}, "text": "c Sandeep Warrier b Nitish Rana", "bowlerId": 2738, "additionalPlayerIds": [1092], "dismissedMethod": "ct", "isOut": true}}, {"playerId": 72, "r": 25, "b": 17, "sr": "147.05", "4s": 1, "6s": 1, "mod": {"dismissedBp": {"innings": 1, "over": 18, "ball": 3}, "countingBp": {"innings": 1, "over": 18, "ball": 3}, "text": "c Robin Uthappa b Harry Gurney", "bowlerId": 1737, "additionalPlayerIds": [127], "dismissedMethod": "ct", "isOut": true}}, {"playerId": 2939, "r": 55, "b": 24, "sr": "229.16", "4s": 7, "6s": 2}, {"playerId": 8, "r": 0, "b": 3, "sr": "0.00", "4s": 0, "6s": 0, "mod": {"dismissedBp": {"innings": 1, "over": 19, "ball": 1}, "countingBp": {"innings": 1, "over": 19, "ball": 1}, "text": "b Andre Russell", "bowlerId": 177, "dismissedMethod": "b", "isOut": true}}, {"playerId": 1480, "r": 0, "b": 2, "sr": "0.00", "4s": 0, "6s": 0}], "bowlingStats": [{"playerId": 1092, "ov": "4", "r": 31, "w": 2, "d": 9, "maid": 0, "e": "7.75", "wd": 0, "nb": 0}, {"playerId": 1737, "ov": "4", "r": 41, "w": 1, "d": 8, "maid": 0, "e": "10.25", "wd": 0, "nb": 0}, {"playerId": 203, "ov": "4", "r": 29, "w": 0, "d": 6, "maid": 0, "e": "7.25", "wd": 0, "nb": 0}, {"playerId": 177, "ov": "3", "r": 29, "w": 1, "d": 8, "maid": 0, "e": "9.66", "wd": 1, "nb": 0}, {"playerId": 76, "ov": "4", "r": 43, "w": 0, "d": 4, "maid": 0, "e": "10.75", "wd": 0, "nb": 0}, {"playerId": 2738, "ov": "1", "r": 8, "w": 1, "d": 3, "maid": 0, "e": "8.00", "wd": 0, "nb": 0}], "fow": [{"bp": {"innings": 1, "over": 3, "ball": 3}, "playerId": 1125, "ret": false, "w": 1, "r": 13}, {"bp": {"innings": 1, "over": 5, "ball": 1}, "playerId": 236, "ret": false, "w": 2, "r": 22}, {"bp": {"innings": 1, "over": 11, "ball": 5}, "playerId": 1703, "ret": false, "w": 3, "r": 91}, {"bp": {"innings": 1, "over": 14, "ball": 3}, "playerId": 158, "ret": false, "w": 4, "r": 111}, {"bp": {"innings": 1, "over": 18, "ball": 3}, "playerId": 72, "ret": false, "w": 5, "r": 149}, {"bp": {"innings": 1, "over": 19, "ball": 1}, "playerId": 8, "ret": false, "w": 6, "r": 151}], "extras": {"noBallRuns": 0, "wideRuns": 1, "byeRuns": 0, "legByeRuns": 2, "penaltyRuns": 0}, "declared": false}, "overHistory": [{"ovNo": 1, "ovBalls": [".", "1", ".", "1", "4", "4"]}, {"ovNo": 2, "ovBalls": [".", "1", ".", "2", ".", "."]}, {"ovNo": 3, "ovBalls": [".", ".", "W", "4", "1", "1"]}, {"ovNo": 4, "ovBalls": ["1", ".", "1", ".", ".", "1"]}, {"ovNo": 5, "ovBalls": ["W", ".", ".", ".", "4", "2"]}, {"ovNo": 6, "ovBalls": ["2", "1", "2", "2", "6", "."]}, {"ovNo": 7, "ovBalls": ["1", "6", ".", "4", "1Wd", ".", "1"]}, {"ovNo": 8, "ovBalls": ["6", "1", "1", "4", "1", "1"]}, {"ovNo": 9, "ovBalls": ["1", ".", "2", ".", "1", "1"]}, {"ovNo": 10, "ovBalls": [".", "4", "1", ".", "6", "."]}, {"ovNo": 11, "ovBalls": [".", "6", "1", ".", "W", "1"]}, {"ovNo": 12, "ovBalls": ["1", "2", "2", "1", "1", "1"]}, {"ovNo": 13, "ovBalls": ["1", "1", "1", "4", "1", "1"]}, {"ovNo": 14, "ovBalls": [".", "1", "1W", "1", "1", "2"]}, {"ovNo": 15, "ovBalls": ["1", "1", ".", "1", "6", "1"]}, {"ovNo": 16, "ovBalls": ["1", "2", ".", "4", ".", "."]}, {"ovNo": 17, "ovBalls": ["1", "6", "2", "1", "1", "4"]}, {"ovNo": 18, "ovBalls": ["1", "1", "W", "1", ".", "1Lb"]}, {"ovNo": 19, "ovBalls": ["W", "1Lb", "4", "4", "1", "."]}, {"ovNo": 20, "ovBalls": ["2", "2", "4", "6", "4", "4"]}]}, {"inningsNumber": 2, "runRate": "10.27", "overProgress": "18", "declared": false, "scorecard": {"runs": 185, "wkts": 3, "allOut": false, "battingStats": [{"playerId": 3761, "r": 65, "b": 49, "sr": "132.65", "4s": 5, "6s": 2}, {"playerId": 179, "r": 46, "b": 22, "sr": "209.09", "4s": 5, "6s": 3, "mod": {"dismissedBp": {"innings": 2, "over": 6, "ball": 6}, "countingBp": {"innings": 2, "over": 6, "ball": 6}, "text": "c & b Andrew Tye", "bowlerId": 1480, "additionalPlayerIds": [1480], "dismissedMethod": "ct", "isOut": true}}, {"playerId": 127, "r": 22, "b": 14, "sr": "157.14", "4s": 2, "6s": 1, "mod": {"dismissedBp": {"innings": 2, "over": 11, "ball": 3}, "countingBp": {"innings": 2, "over": 11, "ball": 3}, "text": "c Mayank Agarwal b Ravichandran Ashwin", "bowlerId": 8, "additionalPlayerIds": [158], "dismissedMethod": "ct", "isOut": true}}, {"playerId": 177, "r": 24, "b": 14, "sr": "171.42", "4s": 2, "6s": 2, "mod": {"dismissedBp": {"innings": 2, "over": 15, "ball": 5}, "countingBp": {"innings": 2, "over": 15, "ball": 5}, "text": "c Andrew Tye b Mohammad Shami", "bowlerId": 94, "additionalPlayerIds": [1480], "dismissedMethod": "ct", "isOut": true}}, {"playerId": 102, "r": 21, "b": 9, "sr": "233.33", "4s": 2, "6s": 1}], "bowlingStats": [{"playerId": 94, "ov": "3", "r": 15, "w": 1, "d": 9, "maid": 0, "e": "5.00", "wd": 0, "nb": 0}, {"playerId": 4698, "ov": "2", "r": 24, "w": 0, "d": 4, "maid": 0, "e": "12.00", "wd": 0, "nb": 0}, {"playerId": 8, "ov": "4", "r": 38, "w": 1, "d": 9, "maid": 0, "e": "9.50", "wd": 1, "nb": 0}, {"playerId": 1480, "ov": "3", "r": 41, "w": 1, "d": 4, "maid": 0, "e": "13.66", "wd": 2, "nb": 0}, {"playerId": 3187, "ov": "2", "r": 24, "w": 0, "d": 0, "maid": 0, "e": "12.00", "wd": 0, "nb": 0}, {"playerId": 2939, "ov": "4", "r": 41, "w": 0, "d": 6, "maid": 0, "e": "10.25", "wd": 2, "nb": 0}], "fow": [{"bp": {"innings": 2, "over": 6, "ball": 6}, "playerId": 179, "ret": false, "w": 1, "r": 62}, {"bp": {"innings": 2, "over": 11, "ball": 3}, "playerId": 127, "ret": false, "w": 2, "r": 100}, {"bp": {"innings": 2, "over": 15, "ball": 5}, "playerId": 177, "ret": false, "w": 3, "r": 150}], "extras": {"noBallRuns": 0, "wideRuns": 5, "byeRuns": 0, "legByeRuns": 2, "penaltyRuns": 0}, "declared": false}, "overHistory": [{"ovNo": 1, "ovBalls": [".", "1", "1", "1", ".", "."]}, {"ovNo": 2, "ovBalls": [".", ".", "1", "2", "6", "1"]}, {"ovNo": 3, "ovBalls": ["1", ".", "4", "1", "1", "."]}, {"ovNo": 4, "ovBalls": [".", "4", "4", "4", "1Lb", "2"]}, {"ovNo": 5, "ovBalls": ["4", ".", "6", ".", ".", "2"]}, {"ovNo": 6, "ovBalls": ["4", ".", "1", "6", "4", "W"]}, {"ovNo": 7, "ovBalls": ["1", "2", "1", "1", "1", "1"]}, {"ovNo": 8, "ovBalls": ["1", "1", ".", ".", "1", "1"]}, {"ovNo": 9, "ovBalls": ["1", "4", "6", "4", "1", "1"]}, {"ovNo": 10, "ovBalls": ["1", "1", "4", ".", ".", "2"]}, {"ovNo": 11, "ovBalls": ["1", "1", "W", "1", ".", "1"]}, {"ovNo": 12, "ovBalls": ["1", "1Wd", "1", "1", "4", ".", "."]}, {"ovNo": 13, "ovBalls": ["6", ".", "6", ".", "1Wd", "4", "1"]}, {"ovNo": 14, "ovBalls": ["1", "2", "1Wd", "6", "1Wd", ".", ".", "6"]}, {"ovNo": 15, "ovBalls": ["1", ".", "4", ".", "W", "1Lb"]}, {"ovNo": 16, "ovBalls": ["1", "1", "2", ".", ".", "2"]}, {"ovNo": 17, "ovBalls": ["1", "1", "1", "4", "1", "1"]}, {"ovNo": 18, "ovBalls": ["1", "1", "4", "1Wd", "2", "6", "4"]}]}]}