{"matchInfo": {"additionalInfo": {"sixes.video.thumb": "http://brightcove.vo.llnwd.net/v1/unsecured/media/3588749423001/201504/3004/3588749423001_4179789145001_video-still-for-video-4179809179001.jpg?pubId=3588749423001", "sixes.video.id": "4179809179001", "match.video.thumb": "http://brightcove.vo.llnwd.net/v1/unsecured/media/3588749423001/201504/1004/3588749423001_4179789127001_video-still-for-video-4179809181001.jpg?pubId=3588749423001", "mom.video.thumb": "http://brightcove.vo.llnwd.net/v1/unsecured/media/3588749423001/201504/2580/3588749423001_4179986344001_vs-55315e11e4b00fbddeec45d3-1592194019001.jpg?pubId=3588749423001", "mom.video.id": "4179809209001", "referee.name": "Chinmaya Sharma", "report.thumb": "http://static2.iplt20.com/cms/media/images/320x213/36292.jpg", "match.summary": "", "umpire.name.1": "Marais Erasmus", "umpire.name.2": "Anil Chaudhary", "umpire.name.3": "Krishnamachari Srinivasan", "interview.thumb": "http://static2.iplt20.com/cms/media/images/320x213/36298.jpg", "umpire.name.4": "A Nanda Kishore", "away.team.fan.total": "26496", "result.playerofthematch": "Ashish Nehra", "toss.elected": "Mumbai Indians, who chose to bat", "notes.1.1": "Powerplay 1 - 31 runs, 3 wickets", "notes.1.2": "MI: 50 runs in 8.1 overs", "notes.2.1": "Powerplay 1 - 90 runs, 0 wickets", "notes.1.3": "MI: 100 runs in 13.1 overs", "notes.2.2": "CSK: 50 runs in 3.6 overs", "notes.1.4": "5th Wicket: 50 runs in 23 balls (Rohit Sharma 22, Kieron Pollard 26)", "notes.2.3": "1st Wicket: 50 runs in 25 balls (Dwayne Smith 25, Brendon McCullum 22)", "notes.1.5": "Rohit Sharma: 50 off 30 balls (5 x fours, 1 x six)", "notes.2.4": "Dwayne Smith: 50 off 22 balls (7 x fours, 3 x sixes)", "notes.1.6": "MI: 150 runs in 16.5 overs", "notes.2.5": "CSK: 100 runs in 6.5 overs", "notes.1.7": "Kieron Pollard: 50 off 21 balls (2 x fours, 5 x sixes", "notes.2.6": "1st Wicket: 100 runs in 43 balls (Dwayne Smith 56, Brendon McCullum 43)", "notes.1.8": "Innings Break: MI - 183/7 in 20 overs", "notes.2.7": "CSK: 150 runs in 13.1 overs", "highlights.link": "http://www.iplt20.com/videos/media/id/4179809181001/m12-mi-vs-csk-match-highlights", "match.video.id": "4179809181001", "stats.link": "http://www.iplt20.com/news/2015/more-news/6058/quick-stats-m12-mi-vs-csk", "home.team.fan.total": "18365", "photostream.link": "http://www.iplt20.com/photos/260/ipl-2015-match-12-mi-v-csk", "toss.winner": "Mumbai Indians ", "interview.link": "http://www.iplt20.com/news/2015/features/6053/smith-was-sublime-mccullum", "stats.thumb": "http://static2.iplt20.com/cms/media/images/320x213/36283.jpg"}, "teams": [{"id": 3671, "team": {"id": 6, "fullName": "Mumbai Indians", "shortName": "Mumbai", "abbreviation": "MI", "type": "m", "primaryColor": "00AEEF", "secondaryColor": "FFFFFF"}, "players": [{"id": 595, "fullName": "Lendl Simmons", "shortName": "L Simmons", "nationality": "West Indian", "dateOfBirth": "1985-01-25", "rightArmedBowl": true, "rightHandedBat": true}, {"id": 44, "fullName": "Parthiv Patel", "shortName": "P Patel", "nationality": "Indian", "dateOfBirth": "1985-03-09", "rightArmedBowl": false, "rightHandedBat": false}, {"id": 100, "fullName": "Ambati Rayudu", "shortName": "A Rayudu", "nationality": "Indian", "dateOfBirth": "1985-09-23", "rightArmedBowl": true, "rightHandedBat": true, "bowlingStyle": "OFF_SPIN"}, {"id": 107, "fullName": "Rohit Sharma", "shortName": "R Sharma", "nationality": "Indian", "dateOfBirth": "1987-04-30", "rightArmedBowl": true, "rightHandedBat": true, "bowlingStyle": "OFF_SPIN"}, {"id": 968, "fullName": "Corey Anderson", "shortName": "C Anderson", "nationality": "New Zealander", "dateOfBirth": "1990-12-13", "rightArmedBowl": false, "rightHandedBat": false}, {"id": 210, "fullName": "Kieron Pollard", "shortName": "K Pollard", "nationality": "West Indian", "dateOfBirth": "1987-05-12", "rightArmedBowl": true, "rightHandedBat": true, "bowlingStyle": "MEDIUM_SEAM"}, {"id": 103, "fullName": "Harbhajan Singh", "shortName": "H Singh", "nationality": "Indian", "dateOfBirth": "1980-07-03", "rightArmedBowl": true, "rightHandedBat": true, "bowlingStyle": "OFF_SPIN"}, {"id": 2741, "fullName": "Jagadeesha Suchith", "shortName": "J Suchith", "nationality": "Indian", "dateOfBirth": "1994-01-16", "rightArmedBowl": false, "rightHandedBat": false, "bowlingStyle": "ORTHODOX"}, {"id": 211, "fullName": "Lasith Malinga", "shortName": "L Malinga", "nationality": "Sri Lankan", "dateOfBirth": "1983-08-28", "rightArmedBowl": true, "rightHandedBat": true, "bowlingStyle": "FAST_SEAM"}, {"id": 166, "fullName": "Vinay Kumar", "shortName": "V Kumar", "nationality": "Indian", "dateOfBirth": "1984-02-12", "rightArmedBowl": true, "rightHandedBat": true}, {"id": 105, "fullName": "Pawan Suyal", "shortName": "P Suyal", "nationality": "Indian", "dateOfBirth": "1989-10-15", "rightArmedBowl": false, "rightHandedBat": true}], "wicketKeeper": {"id": 44, "fullName": "Parthiv Patel", "shortName": "P Patel", "nationality": "Indian", "dateOfBirth": "1985-03-09", "rightArmedBowl": false, "rightHandedBat": false}, "captain": {"id": 107, "fullName": "Rohit Sharma", "shortName": "R Sharma", "nationality": "Indian", "dateOfBirth": "1987-04-30", "rightArmedBowl": true, "rightHandedBat": true, "bowlingStyle": "OFF_SPIN"}}, {"id": 3670, "team": {"id": 1, "fullName": "Chennai Super Kings", "shortName": "Super Kings", "abbreviation": "CSK", "type": "m", "primaryColor": "FDB913", "secondaryColor": "0081E5"}, "players": [{"id": 413, "fullName": "Dwayne Smith", "shortName": "DR Smith", "nationality": "West Indian", "dateOfBirth": "1983-04-12", "rightArmedBowl": true, "rightHandedBat": true}, {"id": 202, "fullName": "Brendon McCullum", "shortName": "B McCullum", "nationality": "New Zealander", "dateOfBirth": "1981-09-27", "rightArmedBowl": true, "rightHandedBat": true, "bowlingStyle": "MEDIUM_SEAM"}, {"id": 14, "fullName": "Suresh Raina", "shortName": "S Raina", "nationality": "Indian", "dateOfBirth": "1986-11-27", "rightArmedBowl": true, "rightHandedBat": false, "bowlingStyle": "OFF_SPIN"}, {"id": 1, "fullName": "MS Dhoni", "shortName": "MS Dhoni", "nationality": "Indian", "dateOfBirth": "1981-07-07", "rightArmedBowl": true, "rightHandedBat": true, "bowlingStyle": "MEDIUM_SEAM"}, {"id": 9, "fullName": "Ravindra Jadeja", "shortName": "R Jadeja", "nationality": "Indian", "dateOfBirth": "1988-12-06", "rightArmedBowl": false, "rightHandedBat": false, "bowlingStyle": "ORTHODOX"}, {"id": 25, "fullName": "Dwayne Bravo", "shortName": "DJ Bravo", "nationality": "West Indian", "dateOfBirth": "1983-10-07", "rightArmedBowl": true, "rightHandedBat": true, "bowlingStyle": "MEDIUM_SEAM"}, {"id": 24, "fullName": "Faf du Plessis", "shortName": "F du Plessis", "nationality": "South African", "dateOfBirth": "1984-07-13", "rightArmedBowl": true, "rightHandedBat": true, "bowlingStyle": "LEG_SPIN"}, {"id": 8, "fullName": "Ravichandran Ashwin", "shortName": "R Ashwin", "nationality": "Indian", "dateOfBirth": "1986-09-17", "rightArmedBowl": true, "rightHandedBat": true, "bowlingStyle": "OFF_SPIN"}, {"id": 1107, "fullName": "Mohit Sharma", "shortName": "M Sharma", "nationality": "Indian", "dateOfBirth": "1991-12-19", "rightArmedBowl": false, "rightHandedBat": true}, {"id": 1090, "fullName": "Ishwar Pandey", "shortName": "I Pandey", "nationality": "Indian", "dateOfBirth": "1989-08-15", "rightArmedBowl": true, "rightHandedBat": true}, {"id": 115, "fullName": "Ashish Nehra", "shortName": "A Nehra", "nationality": "Indian", "dateOfBirth": "1979-04-29", "rightArmedBowl": false, "rightHandedBat": true, "bowlingStyle": "MEDIUM_SEAM"}], "wicketKeeper": {"id": 1, "fullName": "MS Dhoni", "shortName": "MS Dhoni", "nationality": "Indian", "dateOfBirth": "1981-07-07", "rightArmedBowl": true, "rightHandedBat": true, "bowlingStyle": "MEDIUM_SEAM"}, "captain": {"id": 1, "fullName": "MS Dhoni", "shortName": "MS Dhoni", "nationality": "Indian", "dateOfBirth": "1981-07-07", "rightArmedBowl": true, "rightHandedBat": true, "bowlingStyle": "MEDIUM_SEAM"}}], "venue": {"id": 4, "fullName": "Wankhede Stadium", "shortName": "Wankhede Stadium", "city": "Mumbai", "country": "India"}, "matchDate": "2015-04-17T20:00:00+0530", "matchEndDate": "2015-04-17T23:00:00+0530", "matchDateMs": 1429281000000, "matchEndDateMs": 1429291800000, "isLimitedOvers": true, "battingOrder": [0, 1], "matchBroadcast": false, "matchState": "C", "matchStatus": {"outcome": "B", "text": "Chennai Super Kings won by 6 wickets"}, "description": "Match 12", "matchSummary": "", "matchType": "IPLT20", "tournamentLabel": "IPL 2015", "oversLimit": 20, "groupName": ""}, "matchId": {"id": 3237, "name": "ipl2015-12", "tournamentId": {"id": 2785, "name": "ipl2015", "provisional": false}}, "currentState": {"inProgress": false, "phase": "C", "currentInningsIndex": 1, "currentBatsmen": [14, 25], "facingBatsman": 25, "nonFacingBatsman": 14, "currentBowler": 210, "currentBowlerCurrentSpell": {"playerId": 210, "ov": "1.4", "r": 26, "w": 1, "d": 2, "maid": 0, "e": "15.60", "wd": 2, "nb": 1}, "previousBowler": 105, "previousBowlerCurrentSpell": {"playerId": 105, "ov": "1", "r": 5, "w": 0, "d": 2, "maid": 0, "e": "5.00", "wd": 0, "nb": 0}, "currentPartnership": 23, "partnership": {"runs": 23, "balls": 11, "runRate": "12.54"}, "recentOvers": [{"ovNo": 12, "ovBalls": [".", "6", ".", ".", "4", "1"]}, {"ovNo": 13, "ovBalls": ["1", "W", "1", "1", ".", "."]}, {"ovNo": 14, "ovBalls": ["4", ".", ".", "6", "1", "1"]}, {"ovNo": 15, "ovBalls": ["1", ".", "1Wd", "1Nb", "4", "1", "W", "2"]}, {"ovNo": 16, "ovBalls": ["2", ".", "1", ".", "1", "1"]}, {"ovNo": 17, "ovBalls": ["1Wd", "4", "1", "4", "6"]}]}, "innings": [{"inningsNumber": 1, "runRate": "9.15", "overProgress": "20", "declared": false, "scorecard": {"runs": 183, "wkts": 7, "allOut": false, "battingStats": [{"playerId": 595, "r": 5, "b": 13, "sr": "38.46", "4s": 1, "6s": 0, "mod": {"dismissedBp": {"innings": 1, "over": 4, "ball": 4}, "countingBp": {"innings": 1, "over": 4, "ball": 4}, "text": "c Faf du Plessis b Ishwar Pandey", "bowlerId": 1090, "additionalPlayerIds": [24], "dismissedMethod": "ct", "isOut": true}}, {"playerId": 44, "r": 0, "b": 1, "sr": "0.00", "4s": 0, "6s": 0, "mod": {"dismissedBp": {"innings": 1, "over": 1, "ball": 4}, "countingBp": {"innings": 1, "over": 1, "ball": 4}, "text": "lbw Ashish Nehra", "bowlerId": 115, "dismissedMethod": "lbw", "isOut": true}}, {"playerId": 968, "r": 4, "b": 7, "sr": "57.14", "4s": 1, "6s": 0, "mod": {"dismissedBp": {"innings": 1, "over": 3, "ball": 5}, "countingBp": {"innings": 1, "over": 3, "ball": 5}, "text": "c Faf du Plessis b Ashish Nehra", "bowlerId": 115, "additionalPlayerIds": [24], "dismissedMethod": "ct", "isOut": true}}, {"playerId": 107, "r": 50, "b": 31, "sr": "161.29", "4s": 5, "6s": 1, "mod": {"dismissedBp": {"innings": 1, "over": 15, "ball": 6}, "countingBp": {"innings": 1, "over": 15, "ball": 6}, "text": "c Dwayne Bravo b Ashish Nehra", "bowlerId": 115, "additionalPlayerIds": [25], "dismissedMethod": "ct", "isOut": true}}, {"playerId": 103, "r": 24, "b": 21, "sr": "114.28", "4s": 2, "6s": 1, "mod": {"dismissedBp": {"innings": 1, "over": 10, "ball": 3}, "countingBp": {"innings": 1, "over": 10, "ball": 3}, "text": "c Ravindra Jadeja b Mohit Sharma", "bowlerId": 1107, "additionalPlayerIds": [9], "dismissedMethod": "ct", "isOut": true}}, {"playerId": 210, "r": 64, "b": 30, "sr": "213.33", "4s": 4, "6s": 5, "mod": {"dismissedBp": {"innings": 1, "over": 20, "ball": 5}, "countingBp": {"innings": 1, "over": 20, "ball": 5}, "text": "c Dwayne Smith b Dwayne Bravo", "bowlerId": 25, "additionalPlayerIds": [413], "dismissedMethod": "ct", "isOut": true}}, {"playerId": 100, "r": 29, "b": 16, "sr": "181.25", "4s": 1, "6s": 3, "mod": {"dismissedBp": {"innings": 1, "over": 20, "ball": 4}, "countingBp": {"innings": 1, "over": 20, "ball": 4}, "text": "c Ravindra Jadeja b Dwayne Bravo", "bowlerId": 25, "additionalPlayerIds": [9], "dismissedMethod": "ct", "isOut": true}}, {"playerId": 2741, "r": 0, "b": 0, "4s": 0, "6s": 0}, {"playerId": 166, "r": 0, "b": 1, "sr": "0.00", "4s": 0, "6s": 0}], "bowlingStats": [{"playerId": 115, "ov": "4", "r": 23, "w": 3, "d": 13, "maid": 0, "e": "5.75", "wd": 1, "nb": 0}, {"playerId": 1090, "ov": "3", "r": 22, "w": 1, "d": 12, "maid": 1, "e": "7.33", "wd": 1, "nb": 0}, {"playerId": 1107, "ov": "4", "r": 43, "w": 1, "d": 6, "maid": 0, "e": "10.75", "wd": 0, "nb": 0}, {"playerId": 9, "ov": "4", "r": 49, "w": 0, "d": 8, "maid": 0, "e": "12.25", "wd": 2, "nb": 0}, {"playerId": 8, "ov": "1", "r": 13, "w": 0, "d": 2, "maid": 0, "e": "13.00", "wd": 0, "nb": 0}, {"playerId": 25, "ov": "4", "r": 30, "w": 2, "d": 7, "maid": 0, "e": "7.50", "wd": 0, "nb": 0}], "fow": [{"bp": {"innings": 1, "over": 1, "ball": 4}, "playerId": 44, "ret": false, "w": 1, "r": 1}, {"bp": {"innings": 1, "over": 3, "ball": 5}, "playerId": 968, "ret": false, "w": 2, "r": 6}, {"bp": {"innings": 1, "over": 4, "ball": 4}, "playerId": 595, "ret": false, "w": 3, "r": 12}, {"bp": {"innings": 1, "over": 10, "ball": 3}, "playerId": 103, "ret": false, "w": 4, "r": 57}, {"bp": {"innings": 1, "over": 15, "ball": 6}, "playerId": 107, "ret": false, "w": 5, "r": 132}, {"bp": {"innings": 1, "over": 20, "ball": 4}, "playerId": 100, "ret": false, "w": 6, "r": 181}, {"bp": {"innings": 1, "over": 20, "ball": 5}, "playerId": 210, "ret": false, "w": 7, "r": 181}], "extras": {"noBallRuns": 0, "wideRuns": 4, "byeRuns": 2, "legByeRuns": 1, "penaltyRuns": 0}, "declared": false}, "overHistory": [{"ovNo": 1, "ovBalls": [".", ".", "1", "W", "1Wd", ".", "."]}, {"ovNo": 2, "ovBalls": [".", ".", ".", ".", ".", "."]}, {"ovNo": 3, "ovBalls": [".", ".", "4", ".", "W", "2"]}, {"ovNo": 4, "ovBalls": ["4", ".", ".", "W", "1Wd", ".", "."]}, {"ovNo": 5, "ovBalls": ["2", "4", ".", ".", ".", "1"]}, {"ovNo": 6, "ovBalls": ["4", "1", "2", "2", "2", "."]}, {"ovNo": 7, "ovBalls": [".", "1", ".", "4", ".", "."]}, {"ovNo": 8, "ovBalls": ["4", "1", ".", "1", "1", "1"]}, {"ovNo": 9, "ovBalls": ["6", ".", "1", "1", ".", "1"]}, {"ovNo": 10, "ovBalls": [".", "4", "W", "4", ".", "1"]}, {"ovNo": 11, "ovBalls": ["1", "6", ".", "1", "1", "."]}, {"ovNo": 12, "ovBalls": ["6", "2", "1", ".", "4", "."]}, {"ovNo": 13, "ovBalls": ["1", "1", "1", "6", "1", "4"]}, {"ovNo": 14, "ovBalls": ["1Wd", "6", "1Wd", "1", "1", "6", "4", "6"]}, {"ovNo": 15, "ovBalls": ["2", "1", "2", "1", "2", "W"]}, {"ovNo": 16, "ovBalls": ["1", ".", "1", "2", "1", "1"]}, {"ovNo": 17, "ovBalls": ["4", "6", ".", "1", "2", "4"]}, {"ovNo": 18, "ovBalls": ["1Lb", "2", ".", "1", "1", "."]}, {"ovNo": 19, "ovBalls": ["1", "1", "6", ".", "6", "1"]}, {"ovNo": 20, "ovBalls": ["1", "4", "1", "W", "W", "2B"]}]}, {"inningsNumber": 2, "runRate": "11.34", "overProgress": "16.4", "declared": false, "scorecard": {"runs": 189, "wkts": 4, "allOut": false, "battingStats": [{"playerId": 413, "r": 62, "b": 30, "sr": "206.66", "4s": 8, "6s": 4, "mod": {"dismissedBp": {"innings": 2, "over": 8, "ball": 6}, "countingBp": {"innings": 2, "over": 8, "ball": 6}, "text": "c Rohit Sharma b Harbhajan Singh", "bowlerId": 103, "additionalPlayerIds": [107], "dismissedMethod": "ct", "isOut": true}}, {"playerId": 202, "r": 46, "b": 20, "sr": "230.00", "4s": 6, "6s": 2, "mod": {"dismissedBp": {"innings": 2, "over": 8, "ball": 2}, "countingBp": {"innings": 2, "over": 8, "ball": 2}, "text": "c Vinay Kumar b Harbhajan Singh", "bowlerId": 103, "additionalPlayerIds": [166], "dismissedMethod": "ct", "isOut": true}}, {"playerId": 14, "r": 43, "b": 29, "sr": "148.27", "4s": 4, "6s": 2}, {"playerId": 24, "r": 11, "b": 13, "sr": "84.61", "4s": 2, "6s": 0, "mod": {"dismissedBp": {"innings": 2, "over": 13, "ball": 2}, "countingBp": {"innings": 2, "over": 13, "ball": 2}, "text": "b Lasith Malinga", "bowlerId": 211, "dismissedMethod": "b", "isOut": true}}, {"playerId": 1, "r": 3, "b": 6, "sr": "50.00", "4s": 0, "6s": 0, "mod": {"dismissedBp": {"innings": 2, "over": 15, "ball": 7}, "countingBp": {"innings": 2, "over": 15, "ball": 5}, "text": "c & b Kieron Pollard", "bowlerId": 210, "additionalPlayerIds": [210], "dismissedMethod": "ct", "isOut": true}}, {"playerId": 25, "r": 13, "b": 5, "sr": "260.00", "4s": 1, "6s": 1}], "bowlingStats": [{"playerId": 105, "ov": "3", "r": 28, "w": 0, "d": 6, "maid": 0, "e": "9.33", "wd": 2, "nb": 1}, {"playerId": 211, "ov": "4", "r": 40, "w": 1, "d": 9, "maid": 0, "e": "10.00", "wd": 3, "nb": 1}, {"playerId": 2741, "ov": "2", "r": 33, "w": 0, "d": 4, "maid": 0, "e": "16.50", "wd": 1, "nb": 0}, {"playerId": 103, "ov": "4", "r": 44, "w": 2, "d": 9, "maid": 0, "e": "11.00", "wd": 0, "nb": 0}, {"playerId": 166, "ov": "2", "r": 18, "w": 0, "d": 5, "maid": 0, "e": "9.00", "wd": 0, "nb": 0}, {"playerId": 210, "ov": "1.4", "r": 26, "w": 1, "d": 2, "maid": 0, "e": "15.60", "wd": 2, "nb": 1}], "fow": [{"bp": {"innings": 2, "over": 8, "ball": 2}, "playerId": 202, "ret": false, "w": 1, "r": 109}, {"bp": {"innings": 2, "over": 8, "ball": 6}, "playerId": 413, "ret": false, "w": 2, "r": 115}, {"bp": {"innings": 2, "over": 13, "ball": 2}, "playerId": 24, "ret": false, "w": 3, "r": 144}, {"bp": {"innings": 2, "over": 15, "ball": 5}, "playerId": 1, "ret": false, "w": 4, "r": 166}], "extras": {"noBallRuns": 3, "wideRuns": 8, "byeRuns": 0, "legByeRuns": 0, "penaltyRuns": 0}, "declared": false}, "overHistory": [{"ovNo": 1, "ovBalls": [".", ".", "1", "1", ".", "4"]}, {"ovNo": 2, "ovBalls": [".", "1Wd", "6", ".", "4", "1", "."]}, {"ovNo": 3, "ovBalls": ["1", "6", ".", "4", ".", "."]}, {"ovNo": 4, "ovBalls": ["4", "4", "1", "4", "1Wd", "2", "1Nb", "4"]}, {"ovNo": 5, "ovBalls": ["1", "4", "6", "1Wd", "6", ".", "4"]}, {"ovNo": 6, "ovBalls": ["4", "4", "4", "1", "4", "1"]}, {"ovNo": 7, "ovBalls": [".", "1", "2Nb", "4", "1", "6", "1Wd", "1Wd", "1"]}, {"ovNo": 8, "ovBalls": ["2", "W", "6", ".", ".", "W"]}, {"ovNo": 9, "ovBalls": [".", "1", "1", ".", ".", "4"]}, {"ovNo": 10, "ovBalls": ["1", "1", ".", "1", "4", "."]}, {"ovNo": 11, "ovBalls": ["1", "1", "1Wd", "1", ".", ".", "."]}, {"ovNo": 12, "ovBalls": [".", "6", ".", ".", "4", "1"]}, {"ovNo": 13, "ovBalls": ["1", "W", "1", "1", ".", "."]}, {"ovNo": 14, "ovBalls": ["4", ".", ".", "6", "1", "1"]}, {"ovNo": 15, "ovBalls": ["1", ".", "1Wd", "1Nb", "4", "1", "W", "2"]}, {"ovNo": 16, "ovBalls": ["2", ".", "1", ".", "1", "1"]}, {"ovNo": 17, "ovBalls": ["1Wd", "4", "1", "4", "6"]}]}]}