{"matchInfo": {"additionalInfo": {"sixes.video.thumb": "http://images.lvp.llnw.net/bec92a81ddd44d1c80669f5061c90861/media/b4b195f116234faebe2c4a1a21425126/tDS.540x304.jpeg", "sixes.video.id": "b4b195f116234faebe2c4a1a21425126", "match.video.thumb": "http://images.lvp.llnw.net/bec92a81ddd44d1c80669f5061c90861/media/c8677a9fe901484cb5b9a95330a6a264/YPX.540x304.jpeg", "mom.video.thumb": "http://img.delvenetworks.com/vskqgd3UTRwgGafUGHJCGE/JnlfgAgJRkgsWmoIC6JQBA/gvR.540x302.jpeg", "mom.video.id": "6795f8008094648b169a8202e894010", "referee.name": "Ranjan Madugalle", "report.thumb": "http://static2.iplt20.com/cms/media/images/630x420/32387.jpg", "match.summary": "", "umpire.name.1": "S Ravi", "umpire.name.2": "Rod Tucker", "umpire.name.3": "Krishnaraj Srinath", "interview.thumb": "http://static2.iplt20.com/cms/media/images/630x420/32425.jpg", "umpire.name.4": "Anil Dandekar", "away.team.fan.total": "3338", "result.playerofthematch": "Michael Hussey", "toss.elected": "Delhi Daredevils, who chose to field", "notes.1.1": "Powerplay - 65 runs, 0 wickets", "notes.1.2": "MI: 50 runs in 4.5 overs", "notes.2.1": "Powerplay - 47 runs, 1 wicket", "notes.1.3": "1st Wicket: 50 runs in 29 balls (Lendl Simmons 15, Michael Hussey 29)", "notes.2.2": "DD: 50 runs in 6.4 overs", "notes.1.4": "Michael Hussey: 50 off 28 balls (7 x fours, 2 x sixes)", "notes.2.3": "DD: 100 runs in 13.5 overs", "notes.1.5": "MI: 100 runs in 9.6 overs", "notes.2.4": "4th Wicket: 50 runs in 35 balls (Manoj Tiwary 27, JP Duminy 22)", "notes.1.6": "MI: 150 runs in 15.1 overs", "notes.2.5": "DD: 150 runs in 19.1 overs", "notes.1.7": "Innings Break: MI - 173/10 in 19.3 overs", "highlights.link": "http://www.iplt20.com/videos/media/id/c8677a9fe901484cb5b9a95330a6a264/m51-mi-vs-dd-match-highlights", "match.video.id": "c8677a9fe901484cb5b9a95330a6a264", "stats.link": "http://www.iplt20.com/news/2014/more-news/5383/quick-stats-match-51-mi-v-dd", "home.team.fan.total": "6802", "photostream.link": "http://www.iplt20.com/photos/238/ipl-2014-match-51-mi-v-dd", "toss.winner": "Delhi Daredevils", "interview.link": "http://www.iplt20.com/news/2014/features/5374/wish-to-bowl-like-malinga-marchant-de-lange", "stats.thumb": "http://static2.iplt20.com/cms/media/images/630x420/32566.jpg"}, "teams": [{"id": 2473, "team": {"id": 6, "fullName": "Mumbai Indians", "shortName": "Mumbai", "abbreviation": "MI", "type": "m", "primaryColor": "00AEEF", "secondaryColor": "FFFFFF"}, "players": [{"id": 595, "fullName": "Lendl Simmons", "shortName": "L Simmons", "nationality": "West Indian", "dateOfBirth": "1985-01-25", "rightArmedBowl": true, "rightHandedBat": true}, {"id": 20, "fullName": "Michael Hussey", "shortName": "M Hussey", "nationality": "Australian", "dateOfBirth": "1975-05-27", "rightArmedBowl": true, "rightHandedBat": false, "bowlingStyle": "MEDIUM_SEAM"}, {"id": 100, "fullName": "Ambati Rayudu", "shortName": "A Rayudu", "nationality": "Indian", "dateOfBirth": "1985-09-23", "rightArmedBowl": true, "rightHandedBat": true, "bowlingStyle": "OFF_SPIN"}, {"id": 107, "fullName": "Rohit Sharma", "shortName": "R Sharma", "nationality": "Indian", "dateOfBirth": "1987-04-30", "rightArmedBowl": true, "rightHandedBat": true, "bowlingStyle": "OFF_SPIN"}, {"id": 210, "fullName": "Kieron Pollard", "shortName": "K Pollard", "nationality": "West Indian", "dateOfBirth": "1987-05-12", "rightArmedBowl": true, "rightHandedBat": true, "bowlingStyle": "MEDIUM_SEAM"}, {"id": 99, "fullName": "Aditya Tare", "shortName": "A Tare", "nationality": "Indian", "dateOfBirth": "1987-11-07", "rightArmedBowl": true, "rightHandedBat": true}, {"id": 103, "fullName": "Harbhajan Singh", "shortName": "H Singh", "nationality": "Indian", "dateOfBirth": "1980-07-03", "rightArmedBowl": true, "rightHandedBat": true, "bowlingStyle": "OFF_SPIN"}, {"id": 106, "fullName": "Pragyan Ojha", "shortName": "P Ojha", "nationality": "Indian", "dateOfBirth": "1986-09-05", "rightArmedBowl": false, "rightHandedBat": false, "bowlingStyle": "ORTHODOX"}, {"id": 1748, "fullName": "Shreyas Gopal", "shortName": "S Gopal", "nationality": "Indian", "dateOfBirth": "1993-09-04", "rightArmedBowl": true, "rightHandedBat": true, "bowlingStyle": "LEG_SPIN"}, {"id": 1124, "fullName": "Jasprit Bumrah", "shortName": "J Bumrah", "nationality": "Indian", "dateOfBirth": "1993-12-06", "rightArmedBowl": true, "rightHandedBat": true, "bowlingStyle": "FAST_SEAM"}, {"id": 204, "fullName": "Marchant de Lange", "shortName": "M de Lange", "nationality": "South African", "dateOfBirth": "1990-10-13", "rightArmedBowl": false, "rightHandedBat": false}], "wicketKeeper": {"id": 99, "fullName": "Aditya Tare", "shortName": "A Tare", "nationality": "Indian", "dateOfBirth": "1987-11-07", "rightArmedBowl": true, "rightHandedBat": true}, "captain": {"id": 107, "fullName": "Rohit Sharma", "shortName": "R Sharma", "nationality": "Indian", "dateOfBirth": "1987-04-30", "rightArmedBowl": true, "rightHandedBat": true, "bowlingStyle": "OFF_SPIN"}}, {"id": 2472, "team": {"id": 3, "fullName": "Delhi Capitals", "shortName": "Delhi", "abbreviation": "DC", "type": "m", "primaryColor": "004C93", "secondaryColor": "F83430"}, "players": [{"id": 7, "fullName": "Murali Vijay", "shortName": "M Vijay", "nationality": "Indian", "dateOfBirth": "1984-04-01", "rightArmedBowl": false, "rightHandedBat": false}, {"id": 172, "fullName": "Kevin Pietersen", "shortName": "K Pietersen", "nationality": "English", "dateOfBirth": "1980-06-27", "rightArmedBowl": true, "rightHandedBat": true, "bowlingStyle": "OFF_SPIN"}, {"id": 102, "fullName": "Dinesh Karthik", "shortName": "D Karthik", "nationality": "Indian", "dateOfBirth": "1985-06-01", "rightArmedBowl": true, "rightHandedBat": true, "bowlingStyle": "OFF_SPIN"}, {"id": 182, "fullName": "JP Duminy", "shortName": "JP Duminy", "nationality": "South African", "dateOfBirth": "1984-04-14", "rightArmedBowl": false, "rightHandedBat": false}, {"id": 297, "fullName": "Kedar Jadhav", "shortName": "K Jadhav", "nationality": "Indian", "dateOfBirth": "1985-03-26", "rightArmedBowl": true, "rightHandedBat": true, "bowlingStyle": "OFF_SPIN"}, {"id": 89, "fullName": "Manoj Tiwary", "shortName": "M Tiwary", "nationality": "Indian", "dateOfBirth": "1985-11-14", "rightArmedBowl": true, "rightHandedBat": true}, {"id": 223, "fullName": "Wayne Parnell", "shortName": "W Parnell", "nationality": "South African", "dateOfBirth": "1989-07-30", "rightArmedBowl": false, "rightHandedBat": false}, {"id": 1086, "fullName": "Siddarth Kaul", "shortName": "S Kaul", "nationality": "Indian", "dateOfBirth": "1990-05-19", "rightArmedBowl": true, "rightHandedBat": true, "bowlingStyle": "MEDIUM_SEAM"}, {"id": 57, "fullName": "Shahbaz Nadeem", "shortName": "S Nadeem", "nationality": "Indian", "dateOfBirth": "1989-08-12", "rightArmedBowl": false, "rightHandedBat": true, "bowlingStyle": "ORTHODOX"}, {"id": 898, "fullName": "Imran Tahir", "shortName": "I Tahir", "nationality": "South African", "dateOfBirth": "1979-03-27", "rightArmedBowl": true, "rightHandedBat": true, "bowlingStyle": "LEG_SPIN"}, {"id": 86, "fullName": "Jaydev Unadkat", "shortName": "J Unadkat", "nationality": "Indian", "dateOfBirth": "1991-10-18", "rightArmedBowl": false, "rightHandedBat": true, "bowlingStyle": "MEDIUM_SEAM"}], "wicketKeeper": {"id": 102, "fullName": "Dinesh Karthik", "shortName": "D Karthik", "nationality": "Indian", "dateOfBirth": "1985-06-01", "rightArmedBowl": true, "rightHandedBat": true, "bowlingStyle": "OFF_SPIN"}, "captain": {"id": 172, "fullName": "Kevin Pietersen", "shortName": "K Pietersen", "nationality": "English", "dateOfBirth": "1980-06-27", "rightArmedBowl": true, "rightHandedBat": true, "bowlingStyle": "OFF_SPIN"}}], "venue": {"id": 4, "fullName": "Wankhede Stadium", "shortName": "Wankhede Stadium", "city": "Mumbai", "country": "India"}, "matchDate": "2014-05-23T16:00:00+0530", "matchEndDate": "2014-05-23T23:00:00+0530", "matchDateMs": 1400841000000, "matchEndDateMs": 1400866200000, "isLimitedOvers": true, "battingOrder": [0, 1], "matchBroadcast": false, "matchState": "C", "matchStatus": {"outcome": "A", "text": "Mumbai Indians won by 15 runs"}, "description": "Match 51", "matchSummary": "", "matchType": "IPLT20", "tournamentLabel": "IPL 2014", "oversLimit": 20, "groupName": ""}, "matchId": {"id": 2474, "name": "ipl2014-51", "tournamentId": {"id": 2374, "name": "ipl2014", "provisional": false}}, "currentState": {"inProgress": false, "phase": "C", "currentInningsIndex": 1, "currentBatsmen": [182, 297], "facingBatsman": 182, "nonFacingBatsman": 297, "currentBowler": -1, "previousBowler": 204, "previousBowlerCurrentSpell": {"playerId": 204, "ov": "1", "r": 7, "w": 1, "d": 2, "maid": 0, "e": "7.00", "wd": 0, "nb": 1}, "currentPartnership": 12, "partnership": {"runs": 12, "balls": 9, "runRate": "8.00"}, "recentOvers": [{"ovNo": 15, "ovBalls": ["1", "1", "1", ".", ".", "1"]}, {"ovNo": 16, "ovBalls": ["1", "1", "6", "1", "1", "1"]}, {"ovNo": 17, "ovBalls": ["1", "4", "1", "1", "1", "6"]}, {"ovNo": 18, "ovBalls": [".", "1", "6", "1", ".", "4"]}, {"ovNo": 19, "ovBalls": ["2Nb", "1", "1", "W", "1", ".", "2"]}, {"ovNo": 20, "ovBalls": ["1", "1", "1", "4", "1Lb", "1"]}]}, "innings": [{"inningsNumber": 1, "runRate": "8.87", "overProgress": "19.3", "declared": false, "scorecard": {"runs": 173, "wkts": 10, "allOut": true, "battingStats": [{"playerId": 595, "r": 35, "b": 25, "sr": "140.00", "4s": 5, "6s": 0, "mod": {"dismissedBp": {"innings": 1, "over": 8, "ball": 7}, "countingBp": {"innings": 1, "over": 8, "ball": 6}, "text": "c Wayne Parnell b Imran Tahir", "bowlerId": 898, "additionalPlayerIds": [223], "dismissedMethod": "ct", "isOut": true}}, {"playerId": 20, "r": 56, "b": 33, "sr": "169.69", "4s": 7, "6s": 2, "mod": {"dismissedBp": {"innings": 1, "over": 12, "ball": 6}, "countingBp": {"innings": 1, "over": 12, "ball": 6}, "text": "run out (Dinesh Karthik)", "bowlerId": 57, "additionalPlayerIds": [102], "dismissedMethod": "ro", "isOut": true}}, {"playerId": 107, "r": 30, "b": 21, "sr": "142.85", "4s": 4, "6s": 0, "mod": {"dismissedBp": {"innings": 1, "over": 15, "ball": 2}, "countingBp": {"innings": 1, "over": 15, "ball": 2}, "text": "b Jaydev Unadkat", "bowlerId": 86, "dismissedMethod": "b", "isOut": true}}, {"playerId": 210, "r": 11, "b": 8, "sr": "137.50", "4s": 0, "6s": 1, "mod": {"dismissedBp": {"innings": 1, "over": 15, "ball": 4}, "countingBp": {"innings": 1, "over": 15, "ball": 4}, "text": "c Dinesh Karthik b Jaydev Unadkat", "bowlerId": 86, "additionalPlayerIds": [102], "dismissedMethod": "ct", "isOut": true}}, {"playerId": 100, "r": 2, "b": 3, "sr": "66.66", "4s": 0, "6s": 0, "mod": {"dismissedBp": {"innings": 1, "over": 16, "ball": 4}, "countingBp": {"innings": 1, "over": 16, "ball": 4}, "text": "c Murali Vijay b Shahbaz Nadeem", "bowlerId": 57, "additionalPlayerIds": [7], "dismissedMethod": "ct", "isOut": true}}, {"playerId": 99, "r": 14, "b": 8, "sr": "175.00", "4s": 3, "6s": 0, "mod": {"dismissedBp": {"innings": 1, "over": 17, "ball": 3}, "countingBp": {"innings": 1, "over": 17, "ball": 3}, "text": "c Kedar Jadhav b Imran Tahir", "bowlerId": 898, "additionalPlayerIds": [297], "dismissedMethod": "ct", "isOut": true}}, {"playerId": 103, "r": 2, "b": 3, "sr": "66.66", "4s": 0, "6s": 0, "mod": {"dismissedBp": {"innings": 1, "over": 18, "ball": 2}, "countingBp": {"innings": 1, "over": 18, "ball": 2}, "text": "c Murali Vijay b Wayne Parnell", "bowlerId": 223, "additionalPlayerIds": [7], "dismissedMethod": "ct", "isOut": true}}, {"playerId": 1748, "r": 11, "b": 10, "sr": "110.00", "4s": 1, "6s": 0, "mod": {"dismissedBp": {"innings": 1, "over": 20, "ball": 4}, "countingBp": {"innings": 1, "over": 20, "ball": 3}, "text": "run out (Dinesh Karthik)", "bowlerId": 223, "additionalPlayerIds": [102], "dismissedMethod": "ro", "isOut": true}}, {"playerId": 204, "r": 1, "b": 2, "sr": "50.00", "4s": 0, "6s": 0, "mod": {"dismissedBp": {"innings": 1, "over": 19, "ball": 2}, "countingBp": {"innings": 1, "over": 19, "ball": 2}, "text": "c Dinesh Karthik b Imran Tahir", "bowlerId": 898, "additionalPlayerIds": [102], "dismissedMethod": "ct", "isOut": true}}, {"playerId": 106, "r": 2, "b": 2, "sr": "100.00", "4s": 0, "6s": 0, "mod": {"dismissedBp": {"innings": 1, "over": 19, "ball": 6}, "countingBp": {"innings": 1, "over": 19, "ball": 6}, "text": "run out (Manoj Tiwary)", "bowlerId": 898, "additionalPlayerIds": [89], "dismissedMethod": "ro", "isOut": true}}, {"playerId": 1124, "r": 0, "b": 2, "sr": "0.00", "4s": 0, "6s": 0}], "bowlingStats": [{"playerId": 223, "ov": "3.3", "r": 26, "w": 1, "d": 9, "maid": 0, "e": "7.42", "wd": 1, "nb": 0}, {"playerId": 1086, "ov": "2", "r": 21, "w": 0, "d": 4, "maid": 0, "e": "10.50", "wd": 1, "nb": 0}, {"playerId": 86, "ov": "2", "r": 24, "w": 2, "d": 3, "maid": 0, "e": "12.00", "wd": 0, "nb": 0}, {"playerId": 57, "ov": "4", "r": 28, "w": 1, "d": 5, "maid": 0, "e": "7.00", "wd": 0, "nb": 0}, {"playerId": 182, "ov": "4", "r": 31, "w": 0, "d": 7, "maid": 0, "e": "7.75", "wd": 0, "nb": 0}, {"playerId": 898, "ov": "4", "r": 37, "w": 3, "d": 6, "maid": 0, "e": "9.25", "wd": 1, "nb": 0}], "fow": [{"bp": {"innings": 1, "over": 8, "ball": 6}, "playerId": 595, "ret": false, "w": 1, "r": 87}, {"bp": {"innings": 1, "over": 12, "ball": 6}, "playerId": 20, "ret": false, "w": 2, "r": 120}, {"bp": {"innings": 1, "over": 15, "ball": 2}, "playerId": 107, "ret": false, "w": 3, "r": 140}, {"bp": {"innings": 1, "over": 15, "ball": 4}, "playerId": 210, "ret": false, "w": 4, "r": 141}, {"bp": {"innings": 1, "over": 16, "ball": 4}, "playerId": 100, "ret": false, "w": 5, "r": 151}, {"bp": {"innings": 1, "over": 17, "ball": 3}, "playerId": 99, "ret": false, "w": 6, "r": 157}, {"bp": {"innings": 1, "over": 18, "ball": 2}, "playerId": 103, "ret": false, "w": 7, "r": 161}, {"bp": {"innings": 1, "over": 19, "ball": 2}, "playerId": 204, "ret": false, "w": 8, "r": 168}, {"bp": {"innings": 1, "over": 19, "ball": 6}, "playerId": 106, "ret": false, "w": 9, "r": 171}, {"bp": {"innings": 1, "over": 20, "ball": 3}, "playerId": 1748, "ret": false, "w": 10, "r": 173}], "extras": {"noBallRuns": 0, "wideRuns": 3, "byeRuns": 0, "legByeRuns": 6, "penaltyRuns": 0}, "declared": false}, "overHistory": [{"ovNo": 1, "ovBalls": [".", ".", "1", "4", ".", "1"]}, {"ovNo": 2, "ovBalls": [".", ".", "4", "1", "1", "1"]}, {"ovNo": 3, "ovBalls": ["4", ".", "1", ".", "4", "2"]}, {"ovNo": 4, "ovBalls": ["4", "1Lb", "1", "4", "1", "1"]}, {"ovNo": 5, "ovBalls": ["1Wd", "4Lb", "4", ".", "1", "4", "4"]}, {"ovNo": 6, "ovBalls": ["1Lb", "6", "1", "1", "1", "1"]}, {"ovNo": 7, "ovBalls": ["2", "1", "1", ".", "1", "1"]}, {"ovNo": 8, "ovBalls": ["1", "4", "1Wd", "4", "2", "4", "W"]}, {"ovNo": 9, "ovBalls": [".", "1", "1", "1", ".", "."]}, {"ovNo": 10, "ovBalls": ["1", "1", "1", "6", ".", "1"]}, {"ovNo": 11, "ovBalls": ["1", "4", "4", "2", ".", "1"]}, {"ovNo": 12, "ovBalls": ["1", "1", "4", "1", "1", "W"]}, {"ovNo": 13, "ovBalls": ["2", ".", "1", "6", ".", "1"]}, {"ovNo": 14, "ovBalls": ["1", "1", "1", "1", ".", "2"]}, {"ovNo": 15, "ovBalls": ["4", "W", "1", "W", "4", "4"]}, {"ovNo": 16, "ovBalls": ["1", ".", "1", "W", "1", "1"]}, {"ovNo": 17, "ovBalls": [".", "4", "W", "1", "1", "1"]}, {"ovNo": 18, "ovBalls": ["1", "W", "1", ".", "4", "1"]}, {"ovNo": 19, "ovBalls": ["1", "W", "1", "1", "1", "W"]}, {"ovNo": 20, "ovBalls": ["1", ".", ".", "1WdW"]}]}, {"inningsNumber": 2, "runRate": "7.90", "overProgress": "20", "declared": false, "scorecard": {"runs": 158, "wkts": 4, "allOut": false, "battingStats": [{"playerId": 7, "r": 8, "b": 12, "sr": "66.66", "4s": 0, "6s": 0, "mod": {"dismissedBp": {"innings": 2, "over": 6, "ball": 2}, "countingBp": {"innings": 2, "over": 6, "ball": 2}, "text": "st Aditya Tare b Shreyas Gopal", "bowlerId": 1748, "additionalPlayerIds": [99], "dismissedMethod": "st", "isOut": true}}, {"playerId": 172, "r": 44, "b": 31, "sr": "141.93", "4s": 6, "6s": 1, "mod": {"dismissedBp": {"innings": 2, "over": 9, "ball": 5}, "countingBp": {"innings": 2, "over": 9, "ball": 5}, "text": "b Harbhajan Singh", "bowlerId": 103, "dismissedMethod": "b", "isOut": true}}, {"playerId": 102, "r": 7, "b": 13, "sr": "53.84", "4s": 1, "6s": 0, "mod": {"dismissedBp": {"innings": 2, "over": 10, "ball": 4}, "countingBp": {"innings": 2, "over": 10, "ball": 4}, "text": "b Marchant de Lange", "bowlerId": 204, "dismissedMethod": "b", "isOut": true}}, {"playerId": 89, "r": 41, "b": 31, "sr": "132.25", "4s": 5, "6s": 1, "mod": {"dismissedBp": {"innings": 2, "over": 19, "ball": 4}, "countingBp": {"innings": 2, "over": 19, "ball": 3}, "text": "c Michael Hussey b Marchant de Lange", "bowlerId": 204, "additionalPlayerIds": [20], "dismissedMethod": "ct", "isOut": true}}, {"playerId": 182, "r": 45, "b": 29, "sr": "155.17", "4s": 0, "6s": 4}, {"playerId": 297, "r": 7, "b": 5, "sr": "140.00", "4s": 1, "6s": 0}], "bowlingStats": [{"playerId": 1124, "ov": "4", "r": 36, "w": 0, "d": 9, "maid": 0, "e": "9.00", "wd": 0, "nb": 0}, {"playerId": 204, "ov": "4", "r": 32, "w": 2, "d": 8, "maid": 0, "e": "8.00", "wd": 1, "nb": 1}, {"playerId": 106, "ov": "4", "r": 33, "w": 0, "d": 6, "maid": 0, "e": "8.25", "wd": 1, "nb": 0}, {"playerId": 1748, "ov": "3", "r": 20, "w": 1, "d": 9, "maid": 0, "e": "6.66", "wd": 0, "nb": 0}, {"playerId": 103, "ov": "4", "r": 30, "w": 1, "d": 10, "maid": 0, "e": "7.50", "wd": 0, "nb": 0}, {"playerId": 210, "ov": "1", "r": 4, "w": 0, "d": 2, "maid": 0, "e": "4.00", "wd": 0, "nb": 0}], "fow": [{"bp": {"innings": 2, "over": 6, "ball": 2}, "playerId": 7, "ret": false, "w": 1, "r": 43}, {"bp": {"innings": 2, "over": 9, "ball": 5}, "playerId": 172, "ret": false, "w": 2, "r": 59}, {"bp": {"innings": 2, "over": 10, "ball": 4}, "playerId": 102, "ret": false, "w": 3, "r": 61}, {"bp": {"innings": 2, "over": 19, "ball": 3}, "playerId": 89, "ret": false, "w": 4, "r": 146}], "extras": {"noBallRuns": 1, "wideRuns": 2, "byeRuns": 0, "legByeRuns": 3, "penaltyRuns": 0}, "declared": false}, "overHistory": [{"ovNo": 1, "ovBalls": ["2", ".", "1Lb", "4", ".", "1"]}, {"ovNo": 2, "ovBalls": ["4", ".", "1", "1", "4", "4"]}, {"ovNo": 3, "ovBalls": [".", "1", ".", ".", "1", "."]}, {"ovNo": 4, "ovBalls": ["6", "2", ".", ".", ".", "1"]}, {"ovNo": 5, "ovBalls": ["1", "1", "4", "1", "2", "1"]}, {"ovNo": 6, "ovBalls": [".", "W", ".", ".", ".", "4"]}, {"ovNo": 7, "ovBalls": ["2", ".", ".", "4", ".", "1"]}, {"ovNo": 8, "ovBalls": ["1", ".", ".", "1", "1", "."]}, {"ovNo": 9, "ovBalls": ["1", ".", "1", ".", "W", "."]}, {"ovNo": 10, "ovBalls": [".", "1", "1", "W", ".", "1"]}, {"ovNo": 11, "ovBalls": ["1", ".", ".", ".", "2", "4"]}, {"ovNo": 12, "ovBalls": [".", "1", "4", "1", "6", "1"]}, {"ovNo": 13, "ovBalls": ["1", ".", "1Wd", "4", "1", "1", "1Lb"]}, {"ovNo": 14, "ovBalls": ["6", ".", ".", "1", "1Wd", "1", "1"]}, {"ovNo": 15, "ovBalls": ["1", "1", "1", ".", ".", "1"]}, {"ovNo": 16, "ovBalls": ["1", "1", "6", "1", "1", "1"]}, {"ovNo": 17, "ovBalls": ["1", "4", "1", "1", "1", "6"]}, {"ovNo": 18, "ovBalls": [".", "1", "6", "1", ".", "4"]}, {"ovNo": 19, "ovBalls": ["2Nb", "1", "1", "W", "1", ".", "2"]}, {"ovNo": 20, "ovBalls": ["1", "1", "1", "4", "1Lb", "1"]}]}]}