{"matchInfo": {"additionalInfo": {"sixes.video.thumb": "https://resources.platform.iplt20.com/photo-resources/2021/04/22/177dc008-62a4-4580-8b51-927cf00376c4/QbXzifng.jpg?width=390&height=219", "sixes.video.id": "233717", "match.video.thumb": "https://resources.platform.iplt20.com/photo-resources/2021/04/22/eec2fc43-32cc-4bc8-a5af-89bffab7d513/VSP81bA1.jpg?width=390&height=219", "referee.name": "Shakti Singh", "report.thumb": "https://resources.platform.iplt20.com/photo-resources/2021/04/22/5720643c-bf13-4451-86af-36eaf472adeb/IPLDM1704.JPG?width=780&height=439", "match.summary": "", "umpire.name.1": "S. Ravi", "umpire.name.2": "JR Madangopal", "umpire.name.3": "Virender Sharma", "umpire.name.4": "Anil Dandekar", "notes.2.10": "Devdutt Padikkal: 100 off 51 balls (11 x fours, 6 x sixes)", "result.playerofthematch": "Devdutt Padikkal", "report.link": "https://www.iplt20.com/news/233761/vivo-ipl-2021-match-16-rcb-vs-rr-match-report", "toss.elected": "Royal Challengers Bangalore, who chose to field", "notes.1.1": "Powerplay: 32 runs, 3 wickets", "notes.1.2": "RR: 50 runs in 8.2 overs", "notes.2.1": "Powerplay: 59 runs, 0 wickets", "notes.1.3": "5th Wicket: 50 runs in 28 balls (Shivam Dube 31, Riyan Parag 16)", "notes.2.2": "RCB: 50 runs in 5.1 overs", "notes.1.4": "RR: 100 runs in 12.2 overs", "notes.2.3": "1st Wicket: 50 runs in 31 balls (Virat Kohli 16, Devdutt Padikkal 34)", "notes.1.5": "RR: 150 runs in 17.4 overs", "notes.2.4": "Devdutt Padikkal: 50 off 27 balls (8 x fours, 2 x sixes)", "notes.1.6": "Innings Break: RR - 177/9 in 20 overs", "notes.2.5": "RCB: 100 runs in 9.4 overs", "notes.2.6": "1st Wicket: 100 runs in 58 balls (Virat Kohli 25, Devdutt Padikkal 79)", "notes.2.7": "Virat Kohli: 50 off 34 balls (4 x fours, 2 x sixes)", "notes.2.8": "RCB: 150 runs in 13.3 overs", "notes.2.9": "1st Wicket: 150 runs in 81 balls (Virat Kohli 62, Devdutt Padikkal 89)", "match.video.id": "233727", "toss.winner": "Royal Challengers Bangalore"}, "teams": [{"id": 31124, "team": {"id": 9, "fullName": "Royal Challengers Bangalore", "shortName": "Challengers", "abbreviation": "RCB", "type": "m", "primaryColor": "000000", "secondaryColor": "FF3245"}, "players": [{"id": 164, "fullName": "Virat Kohli", "shortName": "V Kohli", "nationality": "Indian", "dateOfBirth": "1988-11-05", "rightArmedBowl": true, "rightHandedBat": true, "bowlingStyle": "MEDIUM_SEAM"}, {"id": 5430, "fullName": "Devdutt Padikkal", "shortName": "D Padikkal", "nationality": "Indian", "dateOfBirth": "2000-07-07", "rightArmedBowl": true, "rightHandedBat": false, "bowlingStyle": "OFF_SPIN"}, {"id": 13803, "fullName": "Shahbaz Ahmed", "shortName": "S Ahmed", "nationality": "Indian", "dateOfBirth": "1994-12-11", "rightArmedBowl": false, "rightHandedBat": false, "bowlingStyle": "ORTHODOX"}, {"id": 282, "fullName": "Glenn Maxwell", "shortName": "G Maxwell", "nationality": "Australian", "dateOfBirth": "1988-10-14", "rightArmedBowl": true, "rightHandedBat": true, "bowlingStyle": "OFF_SPIN"}, {"id": 233, "fullName": "AB de Villiers", "shortName": "AB de Villiers", "nationality": "South African", "dateOfBirth": "1984-02-17", "rightArmedBowl": true, "rightHandedBat": true, "bowlingStyle": "MEDIUM_SEAM"}, {"id": 2973, "fullName": "Washington Sundar", "shortName": "W Sundar", "nationality": "Indian", "dateOfBirth": "1999-10-05", "rightArmedBowl": true, "rightHandedBat": false, "bowlingStyle": "OFF_SPIN"}, {"id": 1616, "fullName": "Kyle Jamieson", "shortName": "K Jamieson", "nationality": "New Zealander", "dateOfBirth": "1994-12-30", "rightArmedBowl": true, "rightHandedBat": true, "bowlingStyle": "MEDIUM_SEAM"}, {"id": 157, "fullName": "Harshal Patel", "shortName": "H Patel", "nationality": "Indian", "dateOfBirth": "1990-11-23", "rightArmedBowl": true, "rightHandedBat": true, "bowlingStyle": "MEDIUM_SEAM"}, {"id": 798, "fullName": "Kane Richardson", "shortName": "K Richardson", "nationality": "Australian", "dateOfBirth": "1991-02-12", "rightArmedBowl": true, "rightHandedBat": true, "bowlingStyle": "FAST_SEAM"}, {"id": 3840, "fullName": "Mohammed Siraj", "shortName": "M Siraj", "nationality": "Indian", "dateOfBirth": "1994-03-13", "rightArmedBowl": true, "rightHandedBat": true, "bowlingStyle": "MEDIUM_SEAM"}, {"id": 111, "fullName": "Yuzvendra Chahal", "shortName": "Y Chahal", "nationality": "Indian", "dateOfBirth": "1990-07-23", "rightArmedBowl": true, "rightHandedBat": true, "bowlingStyle": "LEG_SPIN"}], "wicketKeeper": {"id": 233, "fullName": "AB de Villiers", "shortName": "AB de Villiers", "nationality": "South African", "dateOfBirth": "1984-02-17", "rightArmedBowl": true, "rightHandedBat": true, "bowlingStyle": "MEDIUM_SEAM"}, "captain": {"id": 164, "fullName": "Virat Kohli", "shortName": "V Kohli", "nationality": "Indian", "dateOfBirth": "1988-11-05", "rightArmedBowl": true, "rightHandedBat": true, "bowlingStyle": "MEDIUM_SEAM"}}, {"id": 31125, "team": {"id": 8, "fullName": "Rajasthan Royals", "shortName": "Royals", "abbreviation": "RR", "type": "m", "primaryColor": "004B8C", "secondaryColor": "FFFFFF"}, "players": [{"id": 1085, "fullName": "Manan Vohra", "shortName": "M Vohra", "nationality": "Indian", "dateOfBirth": "1993-07-18", "rightArmedBowl": false, "rightHandedBat": true}, {"id": 509, "fullName": "Jos Buttler", "shortName": "J Buttler", "nationality": "English", "dateOfBirth": "1990-09-08", "rightArmedBowl": true, "rightHandedBat": true}, {"id": 258, "fullName": "Sanju Samson", "shortName": "S Samson", "nationality": "Indian", "dateOfBirth": "1994-11-11", "rightArmedBowl": true, "rightHandedBat": true}, {"id": 5431, "fullName": "Shivam Dube", "shortName": "S Dube", "nationality": "Indian", "dateOfBirth": "1993-06-26", "rightArmedBowl": true, "rightHandedBat": false, "bowlingStyle": "MEDIUM_SEAM"}, {"id": 187, "fullName": "David Miller", "shortName": "D Miller", "nationality": "South African", "dateOfBirth": "1989-06-10", "rightArmedBowl": true, "rightHandedBat": false, "bowlingStyle": "OFF_SPIN"}, {"id": 4445, "fullName": "Riyan Parag", "shortName": "R Parag", "nationality": "Indian", "dateOfBirth": "2001-11-10", "rightArmedBowl": true, "rightHandedBat": true, "bowlingStyle": "LEG_SPIN"}, {"id": 1749, "fullName": "Rahul Tewatia", "shortName": "R Tewatia", "nationality": "Indian", "dateOfBirth": "1993-05-20", "rightArmedBowl": true, "rightHandedBat": false, "bowlingStyle": "LEG_SPIN"}, {"id": 836, "fullName": "Chris Morris", "shortName": "C Morris", "nationality": "South African", "dateOfBirth": "1987-04-30", "rightArmedBowl": true, "rightHandedBat": true, "bowlingStyle": "FAST_SEAM"}, {"id": 1748, "fullName": "Shreyas Gopal", "shortName": "S Gopal", "nationality": "Indian", "dateOfBirth": "1993-09-04", "rightArmedBowl": true, "rightHandedBat": true, "bowlingStyle": "LEG_SPIN"}, {"id": 11062, "fullName": "Chetan Sakariya", "shortName": "C Sakariya", "nationality": "Indian", "dateOfBirth": "1998-02-28", "rightArmedBowl": false, "rightHandedBat": false, "bowlingStyle": "FAST_SEAM"}, {"id": 1594, "fullName": "Mustafizur Rahman", "shortName": "M Rahman", "nationality": "Bangladeshi", "dateOfBirth": "1995-09-06", "rightArmedBowl": false, "rightHandedBat": false, "bowlingStyle": "FAST_SEAM"}], "wicketKeeper": {"id": 258, "fullName": "Sanju Samson", "shortName": "S Samson", "nationality": "Indian", "dateOfBirth": "1994-11-11", "rightArmedBowl": true, "rightHandedBat": true}, "captain": {"id": 258, "fullName": "Sanju Samson", "shortName": "S Samson", "nationality": "Indian", "dateOfBirth": "1994-11-11", "rightArmedBowl": true, "rightHandedBat": true}}], "venue": {"id": 4, "fullName": "Wankhede Stadium", "shortName": "Wankhede Stadium", "city": "Mumbai", "country": "India"}, "matchDate": "2021-04-22T19:30:00+0530", "matchEndDate": "2021-04-22T23:00:00+0530", "matchDateMs": 1619100000000, "matchEndDateMs": 1619112600000, "isLimitedOvers": true, "battingOrder": [1, 0], "matchBroadcast": false, "matchState": "C", "matchStatus": {"outcome": "A", "text": "Royal Challengers Bangalore won by 10 wickets"}, "description": "Match 16", "matchSummary": "", "matchType": "IPLT20", "tournamentLabel": "IPL 2021", "oversLimit": 20, "groupName": ""}, "matchId": {"id": 23484, "name": "ipl2021-16", "tournamentId": {"id": 22399, "name": "ipl2021", "provisional": false}}, "currentState": {"inProgress": false, "phase": "C", "currentInningsIndex": 1, "currentBatsmen": [164, 5430], "facingBatsman": 5430, "nonFacingBatsman": 164, "currentBowler": 1594, "currentBowlerCurrentSpell": {"playerId": 1594, "ov": "1.3", "r": 13, "w": 0, "d": 4, "maid": 0, "e": "8.66", "wd": 1, "nb": 0}, "previousBowler": 11062, "previousBowlerCurrentSpell": {"playerId": 11062, "ov": "1", "r": 8, "w": 0, "d": 1, "maid": 0, "e": "8.00", "wd": 0, "nb": 0}, "currentPartnership": 181, "partnership": {"runs": 181, "balls": 99, "runRate": "10.96"}, "recentOvers": [{"ovNo": 12, "ovBalls": ["1", "4", "1", "1B", "4", "1"]}, {"ovNo": 13, "ovBalls": ["6", "1", "1", "4", "1", "."]}, {"ovNo": 14, "ovBalls": ["6", "1", "4", "1", "4", "1"]}, {"ovNo": 15, "ovBalls": ["1", "1", ".", "1", ".", "."]}, {"ovNo": 16, "ovBalls": ["1", "4", "1", "1", "1", "."]}, {"ovNo": 17, "ovBalls": ["4", "1Lb", "1", "5Wd"]}]}, "innings": [{"inningsNumber": 1, "runRate": "8.85", "overProgress": "20", "declared": false, "scorecard": {"runs": 177, "wkts": 9, "allOut": false, "battingStats": [{"playerId": 509, "r": 8, "b": 8, "sr": "100.00", "4s": 2, "6s": 0, "mod": {"dismissedBp": {"innings": 1, "over": 3, "ball": 3}, "countingBp": {"innings": 1, "over": 3, "ball": 3}, "text": "b Mohammed Siraj", "bowlerId": 3840, "dismissedMethod": "b", "isOut": true}}, {"playerId": 1085, "r": 7, "b": 9, "sr": "77.77", "4s": 1, "6s": 0, "mod": {"dismissedBp": {"innings": 1, "over": 4, "ball": 5}, "countingBp": {"innings": 1, "over": 4, "ball": 5}, "text": "c Kane Richardson b Kyle Jamieson", "bowlerId": 1616, "additionalPlayerIds": [798], "dismissedMethod": "ct", "isOut": true}}, {"playerId": 258, "r": 21, "b": 18, "sr": "116.66", "4s": 2, "6s": 1, "mod": {"dismissedBp": {"innings": 1, "over": 8, "ball": 2}, "countingBp": {"innings": 1, "over": 8, "ball": 2}, "text": "c Glenn Maxwell b Washington Sundar", "bowlerId": 2973, "additionalPlayerIds": [282], "dismissedMethod": "ct", "isOut": true}}, {"playerId": 187, "r": 0, "b": 2, "sr": "0.00", "4s": 0, "6s": 0, "mod": {"dismissedBp": {"innings": 1, "over": 5, "ball": 3}, "countingBp": {"innings": 1, "over": 5, "ball": 3}, "text": "lbw Mohammed Siraj", "bowlerId": 3840, "dismissedMethod": "lbw", "isOut": true}}, {"playerId": 5431, "r": 46, "b": 32, "sr": "143.75", "4s": 5, "6s": 2, "mod": {"dismissedBp": {"innings": 1, "over": 16, "ball": 3}, "countingBp": {"innings": 1, "over": 16, "ball": 3}, "text": "c Glenn Maxwell b Kane Richardson", "bowlerId": 798, "additionalPlayerIds": [282], "dismissedMethod": "ct", "isOut": true}}, {"playerId": 4445, "r": 25, "b": 16, "sr": "156.25", "4s": 4, "6s": 0, "mod": {"dismissedBp": {"innings": 1, "over": 14, "ball": 3}, "countingBp": {"innings": 1, "over": 14, "ball": 3}, "text": "c Yuzvendra Chahal b Harshal Patel", "bowlerId": 157, "additionalPlayerIds": [111], "dismissedMethod": "ct", "isOut": true}}, {"playerId": 1749, "r": 40, "b": 23, "sr": "173.91", "4s": 4, "6s": 2, "mod": {"dismissedBp": {"innings": 1, "over": 19, "ball": 7}, "countingBp": {"innings": 1, "over": 19, "ball": 6}, "text": "c Shahbaz Ahmed b Mohammed Siraj", "bowlerId": 3840, "additionalPlayerIds": [13803], "dismissedMethod": "ct", "isOut": true}}, {"playerId": 836, "r": 10, "b": 7, "sr": "142.85", "4s": 0, "6s": 1, "mod": {"dismissedBp": {"innings": 1, "over": 20, "ball": 1}, "countingBp": {"innings": 1, "over": 20, "ball": 1}, "text": "c Yuzvendra Chahal b Harshal Patel", "bowlerId": 157, "additionalPlayerIds": [111], "dismissedMethod": "ct", "isOut": true}}, {"playerId": 1748, "r": 7, "b": 4, "sr": "175.00", "4s": 0, "6s": 1}, {"playerId": 11062, "r": 0, "b": 1, "sr": "0.00", "4s": 0, "6s": 0, "mod": {"dismissedBp": {"innings": 1, "over": 20, "ball": 2}, "countingBp": {"innings": 1, "over": 20, "ball": 2}, "text": "c AB de Villiers b Harshal Patel", "bowlerId": 157, "additionalPlayerIds": [233], "dismissedMethod": "ct", "isOut": true}}, {"playerId": 1594, "r": 0, "b": 0, "4s": 0, "6s": 0}], "bowlingStats": [{"playerId": 3840, "ov": "4", "r": 27, "w": 3, "d": 16, "maid": 0, "e": "6.75", "wd": 1, "nb": 0}, {"playerId": 1616, "ov": "4", "r": 28, "w": 1, "d": 11, "maid": 0, "e": "7.00", "wd": 2, "nb": 0}, {"playerId": 798, "ov": "3", "r": 29, "w": 1, "d": 5, "maid": 0, "e": "9.66", "wd": 1, "nb": 0}, {"playerId": 111, "ov": "2", "r": 18, "w": 0, "d": 5, "maid": 0, "e": "9.00", "wd": 1, "nb": 0}, {"playerId": 2973, "ov": "3", "r": 23, "w": 1, "d": 4, "maid": 0, "e": "7.66", "wd": 0, "nb": 0}, {"playerId": 157, "ov": "4", "r": 47, "w": 3, "d": 8, "maid": 0, "e": "11.75", "wd": 3, "nb": 0}], "fow": [{"bp": {"innings": 1, "over": 3, "ball": 3}, "playerId": 509, "ret": false, "w": 1, "r": 14}, {"bp": {"innings": 1, "over": 4, "ball": 5}, "playerId": 1085, "ret": false, "w": 2, "r": 16}, {"bp": {"innings": 1, "over": 5, "ball": 3}, "playerId": 187, "ret": false, "w": 3, "r": 18}, {"bp": {"innings": 1, "over": 8, "ball": 2}, "playerId": 258, "ret": false, "w": 4, "r": 43}, {"bp": {"innings": 1, "over": 14, "ball": 3}, "playerId": 4445, "ret": false, "w": 5, "r": 109}, {"bp": {"innings": 1, "over": 16, "ball": 3}, "playerId": 5431, "ret": false, "w": 6, "r": 133}, {"bp": {"innings": 1, "over": 19, "ball": 6}, "playerId": 1749, "ret": false, "w": 7, "r": 170}, {"bp": {"innings": 1, "over": 20, "ball": 1}, "playerId": 836, "ret": false, "w": 8, "r": 170}, {"bp": {"innings": 1, "over": 20, "ball": 2}, "playerId": 11062, "ret": false, "w": 9, "r": 170}], "extras": {"noBallRuns": 0, "wideRuns": 8, "byeRuns": 5, "legByeRuns": 0, "penaltyRuns": 0}, "declared": false}, "overHistory": [{"ovNo": 1, "ovBalls": [".", ".", ".", ".", "4", "4"]}, {"ovNo": 2, "ovBalls": [".", ".", ".", ".", "4", "1"]}, {"ovNo": 3, "ovBalls": ["1", ".", "W", ".", ".", "."]}, {"ovNo": 4, "ovBalls": ["1", ".", ".", "1", "W", "1"]}, {"ovNo": 5, "ovBalls": ["1", ".", "W", ".", "4", "."]}, {"ovNo": 6, "ovBalls": ["4", "1Wd", "4", ".", "1", ".", "."]}, {"ovNo": 7, "ovBalls": [".", "1", "1", "1", "1", "1"]}, {"ovNo": 8, "ovBalls": ["6", "W", "1", ".", "1", "2"]}, {"ovNo": 9, "ovBalls": [".", "6", "4B", "1Wd", "6", ".", "."]}, {"ovNo": 10, "ovBalls": ["1", "1", "1", "1", "1", "1"]}, {"ovNo": 11, "ovBalls": ["4", "1", "1", "4", "1", "."]}, {"ovNo": 12, "ovBalls": ["1", "4", "4", "1", ".", "1Wd", "4"]}, {"ovNo": 13, "ovBalls": [".", "4", "1", "2", "1", "."]}, {"ovNo": 14, "ovBalls": ["1", "4", "W", ".", "6", "1Wd", "4"]}, {"ovNo": 15, "ovBalls": ["1B", "1", "1", ".", "4", "1"]}, {"ovNo": 16, "ovBalls": ["1", "4", "W", "1", "1", "1"]}, {"ovNo": 17, "ovBalls": ["1", "1Wd", "1", "1", "1", ".", "4"]}, {"ovNo": 18, "ovBalls": ["1", ".", "2", "1", "1Wd", "1Wd", ".", "6"]}, {"ovNo": 19, "ovBalls": [".", "1Wd", ".", "6", "2", "4", "W"]}, {"ovNo": 20, "ovBalls": ["W", "W", ".", "6", ".", "1"]}]}, {"inningsNumber": 2, "runRate": "10.96", "overProgress": "16.3", "declared": false, "scorecard": {"runs": 181, "wkts": 0, "allOut": false, "battingStats": [{"playerId": 164, "r": 72, "b": 47, "sr": "153.19", "4s": 6, "6s": 3}, {"playerId": 5430, "r": 101, "b": 52, "sr": "194.23", "4s": 11, "6s": 6}], "bowlingStats": [{"playerId": 1748, "ov": "3", "r": 35, "w": 0, "d": 6, "maid": 0, "e": "11.66", "wd": 0, "nb": 0}, {"playerId": 11062, "ov": "4", "r": 35, "w": 0, "d": 7, "maid": 0, "e": "8.75", "wd": 1, "nb": 0}, {"playerId": 836, "ov": "3", "r": 38, "w": 0, "d": 2, "maid": 0, "e": "12.66", "wd": 0, "nb": 0}, {"playerId": 1594, "ov": "3.3", "r": 34, "w": 0, "d": 8, "maid": 0, "e": "9.71", "wd": 1, "nb": 0}, {"playerId": 1749, "ov": "2", "r": 23, "w": 0, "d": 2, "maid": 0, "e": "11.50", "wd": 0, "nb": 0}, {"playerId": 4445, "ov": "1", "r": 14, "w": 0, "d": 0, "maid": 0, "e": "14.00", "wd": 0, "nb": 0}], "fow": [], "extras": {"noBallRuns": 0, "wideRuns": 6, "byeRuns": 1, "legByeRuns": 1, "penaltyRuns": 0}, "declared": false}, "overHistory": [{"ovNo": 1, "ovBalls": [".", ".", ".", "6", "2", "."]}, {"ovNo": 2, "ovBalls": [".", "1", "1", "4", ".", "."]}, {"ovNo": 3, "ovBalls": ["1", "4", ".", "4", ".", "1"]}, {"ovNo": 4, "ovBalls": ["4", "4", "1", "1", "1", "4"]}, {"ovNo": 5, "ovBalls": [".", ".", "4", ".", ".", "6"]}, {"ovNo": 6, "ovBalls": ["1", "1", ".", ".", "1", "1Wd", "6"]}, {"ovNo": 7, "ovBalls": ["1", "4", "1", "1", "1", "."]}, {"ovNo": 8, "ovBalls": ["1", "1", "4", "1", "1", "6"]}, {"ovNo": 9, "ovBalls": ["1", ".", "1", "1", "6", "6"]}, {"ovNo": 10, "ovBalls": ["1", "1", "1", "6", "1", "1"]}, {"ovNo": 11, "ovBalls": [".", "4", "1", "2", "1", "2"]}, {"ovNo": 12, "ovBalls": ["1", "4", "1", "1B", "4", "1"]}, {"ovNo": 13, "ovBalls": ["6", "1", "1", "4", "1", "."]}, {"ovNo": 14, "ovBalls": ["6", "1", "4", "1", "4", "1"]}, {"ovNo": 15, "ovBalls": ["1", "1", ".", "1", ".", "."]}, {"ovNo": 16, "ovBalls": ["1", "4", "1", "1", "1", "."]}, {"ovNo": 17, "ovBalls": ["4", "1Lb", "1", "5Wd"]}]}]}