{"matchInfo": {"additionalInfo": {"sixes.video.thumb": "https://iplplatform-static-files.s3.amazonaws.com/IPL/photo/2018/04/26/3ccc0b48-43d7-4705-a3d7-b36246d723ff/pyrDkymK.jpg", "sixes.video.id": "126980", "match.video.thumb": "https://iplplatform-static-files.s3.amazonaws.com/IPL/photo/2018/04/26/c410a3bf-8a4b-4fd2-8909-6cc1fba0087b/Highsrhkxip.jpg", "mom.video.thumb": "https://iplplatform-static-files.s3.amazonaws.com/IPL/photo/2018/04/26/1eec3d44-9345-4881-aec9-8e27be8becf5/wywPRCFl.jpg", "mom.video.id": "127019", "referee.name": "Javagal Srinath", "report.thumb": "https://iplplatform-static-files.s3.amazonaws.com/IPL/photo/2018/04/26/2518131a-1a08-49f1-a301-24193c65d3ae/A70I5184.jpg", "match.summary": "", "umpire.name.1": "O Nandan", "umpire.name.2": "Yeshwant Barde", "umpire.name.3": "Rod Tucker", "interview.thumb": "https://iplplatform-static-files.s3.amazonaws.com/IPL/photo/2018/04/26/e865310b-c000-431e-bcfd-1a78caa17abe/manish-rashid.jpg", "umpire.name.4": "G. Sadashiv Iyer", "result.playerofthematch": "Ankit Rajpoot", "report.link": "https://www.iplt20.com/news/127039/report-m25-srh-vs-kxip", "toss.elected": "Kings XI Punjab, who chose to field", "notes.1.1": "Powerplay: 37 runs, 3 wickets", "notes.1.2": "Sunrisers Hyderabad: 50 runs in 7.6 overs", "notes.2.1": "Powerplay: 44 runs, 0 wickets", "notes.1.3": "4th Wicket: 50 runs in 51 balls (Manish Pandey 19, Shakib Al Hasan 27)", "notes.2.2": "Kings XI Punjab: 50 runs in 6.3 overs", "notes.1.4": "Sunrisers Hyderabad: 100 runs in 16.3 overs", "notes.2.3": "1st Wicket: 50 runs in 39 balls (KL Rahul 30, Chris Gayle 21)", "notes.1.5": "Manish Pandey: 50 off 48 balls (3 x fours, 1 x six)", "notes.2.4": "Kings XI Punjab: 100 runs in 16.6 overs", "notes.1.6": "Innings Break: Sunrisers Hyderabad - 132/6 in 20 overs", "highlights.link": "https://www.iplt20.com/video/127054/m25-srh-vs-kxip-match-highlights", "match.video.id": "127054", "stats.link": "https://www.iplt20.com/news/127037/quick-stats-m25-srh-vs-kxip", "toss.winner": "Kings XI Punjab", "interview.link": "https://www.iplt20.com/video/127064/manish-is-the-rajkumar-of-our-side-rashid", "stats.thumb": "https://iplplatform-static-files.s3.amazonaws.com/IPL/photo/2018/04/26/bb057b77-1f89-44ee-bd7e-a3e80d1c4b9f/RON_1302.JPG"}, "teams": [{"id": 9697, "team": {"id": 62, "fullName": "Sunrisers Hyderabad", "shortName": "Sunrisers", "abbreviation": "SRH", "type": "m", "primaryColor": "FF9C00", "secondaryColor": "FFFFFF"}, "players": [{"id": 41, "fullName": "Shikhar Dhawan", "shortName": "S Dhawan", "nationality": "Indian", "dateOfBirth": "1985-12-05", "rightArmedBowl": true, "rightHandedBat": false, "bowlingStyle": "OFF_SPIN"}, {"id": 440, "fullName": "Kane Williamson", "shortName": "K Williamson", "nationality": "New Zealander", "dateOfBirth": "1990-08-08", "rightArmedBowl": true, "rightHandedBat": true, "bowlingStyle": "OFF_SPIN"}, {"id": 123, "fullName": "Manish Pandey", "shortName": "M Pandey", "nationality": "Indian", "dateOfBirth": "1989-09-10", "rightArmedBowl": true, "rightHandedBat": true, "bowlingStyle": "MEDIUM_SEAM"}, {"id": 96, "fullName": "Yusuf Pathan", "shortName": "Y Pathan", "nationality": "Indian", "dateOfBirth": "1982-11-17", "rightArmedBowl": false, "rightHandedBat": true}, {"id": 201, "fullName": "Shakib Al Hasan", "shortName": "S Al Hasan", "nationality": "Bangladeshi", "dateOfBirth": "1987-03-24", "rightArmedBowl": false, "rightHandedBat": false, "bowlingStyle": "ORTHODOX"}, {"id": 16, "fullName": "Wriddhiman Saha", "shortName": "W Saha", "nationality": "Indian", "dateOfBirth": "1984-10-24", "rightArmedBowl": true, "rightHandedBat": true}, {"id": 618, "fullName": "Mohammad Nabi", "shortName": "M Nabi", "nationality": "Afghan", "dateOfBirth": "1985-01-01", "rightArmedBowl": true, "rightHandedBat": true, "bowlingStyle": "OFF_SPIN"}, {"id": 2885, "fullName": "Rashid Khan", "shortName": "R Khan", "nationality": "Afghan", "dateOfBirth": "1998-09-20", "rightArmedBowl": true, "rightHandedBat": true, "bowlingStyle": "LEG_SPIN"}, {"id": 3825, "fullName": "Basil Thampi", "shortName": "B Thampi", "nationality": "Indian", "dateOfBirth": "1993-09-11", "rightArmedBowl": true, "rightHandedBat": true, "bowlingStyle": "MEDIUM_SEAM"}, {"id": 1086, "fullName": "Siddarth Kaul", "shortName": "S Kaul", "nationality": "Indian", "dateOfBirth": "1990-05-19", "rightArmedBowl": true, "rightHandedBat": true, "bowlingStyle": "MEDIUM_SEAM"}, {"id": 1112, "fullName": "Sandeep Sharma", "shortName": "S Sharma", "nationality": "Indian", "dateOfBirth": "1993-05-18", "rightArmedBowl": true, "rightHandedBat": true, "bowlingStyle": "MEDIUM_SEAM"}], "wicketKeeper": {"id": 16, "fullName": "Wriddhiman Saha", "shortName": "W Saha", "nationality": "Indian", "dateOfBirth": "1984-10-24", "rightArmedBowl": true, "rightHandedBat": true}, "captain": {"id": 440, "fullName": "Kane Williamson", "shortName": "K Williamson", "nationality": "New Zealander", "dateOfBirth": "1990-08-08", "rightArmedBowl": true, "rightHandedBat": true, "bowlingStyle": "OFF_SPIN"}}, {"id": 9696, "team": {"id": 4, "fullName": "Punjab Kings", "shortName": "Punjab Kings", "abbreviation": "PBKS", "type": "m", "primaryColor": "DA1F3D", "secondaryColor": "FFFFFF"}, "players": [{"id": 1125, "fullName": "KL Rahul", "shortName": "KL Rahul", "nationality": "Indian", "dateOfBirth": "1992-04-18", "rightArmedBowl": true, "rightHandedBat": true}, {"id": 236, "fullName": "Chris Gayle", "shortName": "C Gayle", "nationality": "West Indian", "dateOfBirth": "1979-09-21", "rightArmedBowl": true, "rightHandedBat": false, "bowlingStyle": "OFF_SPIN"}, {"id": 158, "fullName": "Mayank Agarwal", "shortName": "M Agarwal", "nationality": "Indian", "dateOfBirth": "1991-02-18", "rightArmedBowl": true, "rightHandedBat": true}, {"id": 276, "fullName": "Karun Nair", "shortName": "K Nair", "nationality": "Indian", "dateOfBirth": "1991-12-06", "rightArmedBowl": true, "rightHandedBat": true, "bowlingStyle": "OFF_SPIN"}, {"id": 167, "fullName": "Aaron Finch", "shortName": "A Finch", "nationality": "Australian", "dateOfBirth": "1986-11-17", "rightArmedBowl": false, "rightHandedBat": true, "bowlingStyle": "ORTHODOX"}, {"id": 89, "fullName": "Manoj Tiwary", "shortName": "M Tiwary", "nationality": "Indian", "dateOfBirth": "1985-11-14", "rightArmedBowl": true, "rightHandedBat": true}, {"id": 8, "fullName": "Ravichandran Ashwin", "shortName": "R Ashwin", "nationality": "Indian", "dateOfBirth": "1986-09-17", "rightArmedBowl": true, "rightHandedBat": true, "bowlingStyle": "OFF_SPIN"}, {"id": 1480, "fullName": "Andrew Tye", "shortName": "A Tye", "nationality": "Australian", "dateOfBirth": "1986-12-12", "rightArmedBowl": true, "rightHandedBat": true, "bowlingStyle": "MEDIUM_SEAM"}, {"id": 2746, "fullName": "Barinder Sran", "shortName": "B Sran", "nationality": "Indian", "dateOfBirth": "1992-12-10", "rightArmedBowl": false, "rightHandedBat": false}, {"id": 1106, "fullName": "Ankit Rajpoot", "shortName": "A Rajpoot", "nationality": "Indian", "dateOfBirth": "1993-12-04", "rightArmedBowl": false, "rightHandedBat": true}, {"id": 4572, "fullName": "Mujeeb Ur Rahman", "shortName": "M Ur Rahman", "nationality": "Afghan", "dateOfBirth": "2001-03-28", "rightArmedBowl": true, "rightHandedBat": true, "bowlingStyle": "OFF_SPIN"}], "wicketKeeper": {"id": 1125, "fullName": "KL Rahul", "shortName": "KL Rahul", "nationality": "Indian", "dateOfBirth": "1992-04-18", "rightArmedBowl": true, "rightHandedBat": true}, "captain": {"id": 8, "fullName": "Ravichandran Ashwin", "shortName": "R Ashwin", "nationality": "Indian", "dateOfBirth": "1986-09-17", "rightArmedBowl": true, "rightHandedBat": true, "bowlingStyle": "OFF_SPIN"}}], "venue": {"id": 10, "fullName": "Rajiv Gandhi Intl. Cricket Stadium", "shortName": "Rajiv Gandhi Intl. Cricket Stadium", "city": "Hyderabad", "country": "India"}, "matchDate": "2018-04-26T20:00:00+0530", "matchEndDate": "2018-04-26T23:00:00+0530", "matchDateMs": 1524753000000, "matchEndDateMs": 1524763800000, "isLimitedOvers": true, "battingOrder": [0, 1], "matchBroadcast": false, "matchState": "C", "matchStatus": {"outcome": "A", "text": "Sunrisers Hyderabad won by 13 runs"}, "description": "Match 25", "matchSummary": "", "matchType": "IPLT20", "tournamentLabel": "IPL 2018", "oversLimit": 20, "groupName": ""}, "matchId": {"id": 7918, "name": "ipl2018-25", "tournamentId": {"id": 7749, "name": "ipl2018", "provisional": false}}, "currentState": {"inProgress": false, "phase": "C", "currentInningsIndex": 1, "currentBatsmen": [-1, 4572], "facingBatsman": -1, "nonFacingBatsman": 4572, "currentBowler": 3825, "currentBowlerCurrentSpell": {"playerId": 3825, "ov": "0.2", "r": 0, "w": 1, "d": 2, "maid": 0, "e": "0.00", "wd": 0, "nb": 0}, "previousBowler": 1086, "previousBowlerCurrentSpell": {"playerId": 1086, "ov": "2", "r": 10, "w": 0, "d": 5, "maid": 0, "e": "5.00", "wd": 0, "nb": 0}, "currentPartnership": 18, "partnership": {"runs": 18, "balls": 12, "runRate": "9.00"}, "recentOvers": [{"ovNo": 15, "ovBalls": ["6", "W", "1", "1", ".", "1"]}, {"ovNo": 16, "ovBalls": ["1", ".", "W", "4", "W", "1"]}, {"ovNo": 17, "ovBalls": [".", "1", "1", ".", "W", "1"]}, {"ovNo": 18, "ovBalls": ["1", "W", ".", "1", "4", "4"]}, {"ovNo": 19, "ovBalls": ["1B", "1", "1", "1", "4", "."]}, {"ovNo": 20, "ovBalls": ["1Lb", "W"]}]}, "innings": [{"inningsNumber": 1, "runRate": "6.60", "overProgress": "20", "declared": false, "scorecard": {"runs": 132, "wkts": 6, "allOut": false, "battingStats": [{"playerId": 41, "r": 11, "b": 8, "sr": "137.50", "4s": 2, "6s": 0, "mod": {"dismissedBp": {"innings": 1, "over": 3, "ball": 2}, "countingBp": {"innings": 1, "over": 3, "ball": 2}, "text": "c Karun Nair b Ankit Rajpoot", "bowlerId": 1106, "additionalPlayerIds": [276], "dismissedMethod": "ct", "isOut": true}}, {"playerId": 440, "r": 0, "b": 3, "sr": "0.00", "4s": 0, "6s": 0, "mod": {"dismissedBp": {"innings": 1, "over": 1, "ball": 4}, "countingBp": {"innings": 1, "over": 1, "ball": 4}, "text": "c Ravichandran Ashwin b Ankit Rajpoot", "bowlerId": 1106, "additionalPlayerIds": [8], "dismissedMethod": "ct", "isOut": true}}, {"playerId": 16, "r": 6, "b": 9, "sr": "66.66", "4s": 1, "6s": 0, "mod": {"dismissedBp": {"innings": 1, "over": 5, "ball": 5}, "countingBp": {"innings": 1, "over": 5, "ball": 5}, "text": "c Andrew Tye b Ankit Rajpoot", "bowlerId": 1106, "additionalPlayerIds": [1480], "dismissedMethod": "ct", "isOut": true}}, {"playerId": 123, "r": 54, "b": 51, "sr": "105.88", "4s": 3, "6s": 1, "mod": {"dismissedBp": {"innings": 1, "over": 20, "ball": 4}, "countingBp": {"innings": 1, "over": 20, "ball": 4}, "text": "b Ankit Rajpoot", "bowlerId": 1106, "dismissedMethod": "b", "isOut": true}}, {"playerId": 201, "r": 28, "b": 29, "sr": "96.55", "4s": 3, "6s": 0, "mod": {"dismissedBp": {"innings": 1, "over": 14, "ball": 4}, "countingBp": {"innings": 1, "over": 14, "ball": 4}, "text": "c Mayank Agarwal b Mujeeb Ur Rahman", "bowlerId": 4572, "additionalPlayerIds": [158], "dismissedMethod": "ct", "isOut": true}}, {"playerId": 96, "r": 21, "b": 19, "sr": "110.52", "4s": 1, "6s": 1}, {"playerId": 618, "r": 4, "b": 2, "sr": "200.00", "4s": 1, "6s": 0, "mod": {"dismissedBp": {"innings": 1, "over": 20, "ball": 6}, "countingBp": {"innings": 1, "over": 20, "ball": 6}, "text": "c Mayank Agarwal b Ankit Rajpoot", "bowlerId": 1106, "additionalPlayerIds": [158], "dismissedMethod": "ct", "isOut": true}}], "bowlingStats": [{"playerId": 1106, "ov": "4", "r": 14, "w": 5, "d": 17, "maid": 0, "e": "3.50", "wd": 0, "nb": 0}, {"playerId": 2746, "ov": "3", "r": 27, "w": 0, "d": 9, "maid": 0, "e": "9.00", "wd": 0, "nb": 1}, {"playerId": 8, "ov": "4", "r": 34, "w": 0, "d": 8, "maid": 0, "e": "8.50", "wd": 0, "nb": 0}, {"playerId": 89, "ov": "1", "r": 10, "w": 0, "d": 0, "maid": 0, "e": "10.00", "wd": 1, "nb": 0}, {"playerId": 4572, "ov": "4", "r": 17, "w": 1, "d": 11, "maid": 0, "e": "4.25", "wd": 1, "nb": 0}, {"playerId": 1480, "ov": "4", "r": 28, "w": 0, "d": 8, "maid": 0, "e": "7.00", "wd": 0, "nb": 0}], "fow": [{"bp": {"innings": 1, "over": 1, "ball": 4}, "playerId": 440, "ret": false, "w": 1, "r": 1}, {"bp": {"innings": 1, "over": 3, "ball": 2}, "playerId": 41, "ret": false, "w": 2, "r": 16}, {"bp": {"innings": 1, "over": 5, "ball": 5}, "playerId": 16, "ret": false, "w": 3, "r": 27}, {"bp": {"innings": 1, "over": 14, "ball": 4}, "playerId": 201, "ret": false, "w": 4, "r": 79}, {"bp": {"innings": 1, "over": 20, "ball": 4}, "playerId": 123, "ret": false, "w": 5, "r": 128}, {"bp": {"innings": 1, "over": 20, "ball": 6}, "playerId": 618, "ret": false, "w": 6, "r": 132}], "extras": {"noBallRuns": 1, "wideRuns": 5, "byeRuns": 1, "legByeRuns": 1, "penaltyRuns": 0}, "declared": false}, "overHistory": [{"ovNo": 1, "ovBalls": ["1", ".", ".", "W", ".", "."]}, {"ovNo": 2, "ovBalls": [".", "2", ".", "4", "1Lb", "4"]}, {"ovNo": 3, "ovBalls": ["4", "W", ".", ".", ".", "."]}, {"ovNo": 4, "ovBalls": [".", ".", "1", "4", ".", "2"]}, {"ovNo": 5, "ovBalls": [".", "1", "2", "1", "W", "."]}, {"ovNo": 6, "ovBalls": [".", "1Nb", "4", ".", "4", "1", "."]}, {"ovNo": 7, "ovBalls": [".", ".", "1", "1", ".", "1"]}, {"ovNo": 8, "ovBalls": ["1", "1", "2", "3Wd", "1", "1", "1"]}, {"ovNo": 9, "ovBalls": [".", "1", ".", "2", ".", "1"]}, {"ovNo": 10, "ovBalls": ["1", ".", ".", ".", "1", "1"]}, {"ovNo": 11, "ovBalls": ["1", "1", "2", ".", ".", "1"]}, {"ovNo": 12, "ovBalls": [".", "1", "1", ".", "2", "1"]}, {"ovNo": 13, "ovBalls": ["1", "4", ".", "2", "1", "1"]}, {"ovNo": 14, "ovBalls": ["1", "1", "1", "W", "2Wd", "1", "1"]}, {"ovNo": 15, "ovBalls": ["2", "1", "1", "4", ".", "6"]}, {"ovNo": 16, "ovBalls": [".", "2", ".", ".", ".", "."]}, {"ovNo": 17, "ovBalls": [".", ".", "1", "1", "2", "1"]}, {"ovNo": 18, "ovBalls": ["1", "2", "6", "2", "2", "."]}, {"ovNo": 19, "ovBalls": [".", "4", "1", ".", "4", "."]}, {"ovNo": 20, "ovBalls": ["1", ".", "1B", "W", "4", "W"]}]}, {"inningsNumber": 2, "runRate": "6.15", "overProgress": "19.2", "declared": false, "scorecard": {"runs": 119, "wkts": 10, "allOut": true, "battingStats": [{"playerId": 1125, "r": 32, "b": 26, "sr": "123.07", "4s": 4, "6s": 1, "mod": {"dismissedBp": {"innings": 2, "over": 8, "ball": 5}, "countingBp": {"innings": 2, "over": 8, "ball": 5}, "text": "b Rashid Khan", "bowlerId": 2885, "dismissedMethod": "b", "isOut": true}}, {"playerId": 236, "r": 23, "b": 22, "sr": "104.54", "4s": 1, "6s": 2, "mod": {"dismissedBp": {"innings": 2, "over": 9, "ball": 2}, "countingBp": {"innings": 2, "over": 9, "ball": 2}, "text": "c & b Basil Thampi", "bowlerId": 3825, "additionalPlayerIds": [3825], "dismissedMethod": "ct", "isOut": true}}, {"playerId": 158, "r": 12, "b": 15, "sr": "80.00", "4s": 0, "6s": 0, "mod": {"dismissedBp": {"innings": 2, "over": 13, "ball": 1}, "countingBp": {"innings": 2, "over": 13, "ball": 1}, "text": "c Manish Pandey b Shakib Al Hasan", "bowlerId": 201, "additionalPlayerIds": [123], "dismissedMethod": "ct", "isOut": true}}, {"playerId": 276, "r": 13, "b": 17, "sr": "76.47", "4s": 0, "6s": 0, "mod": {"dismissedBp": {"innings": 2, "over": 14, "ball": 4}, "countingBp": {"innings": 2, "over": 14, "ball": 4}, "text": "lbw Rashid Khan", "bowlerId": 2885, "dismissedMethod": "lbw", "isOut": true}}, {"playerId": 167, "r": 8, "b": 4, "sr": "200.00", "4s": 0, "6s": 1, "mod": {"dismissedBp": {"innings": 2, "over": 15, "ball": 2}, "countingBp": {"innings": 2, "over": 15, "ball": 2}, "text": "c Manish Pandey b Shakib Al Hasan", "bowlerId": 201, "additionalPlayerIds": [123], "dismissedMethod": "ct", "isOut": true}}, {"playerId": 89, "r": 1, "b": 5, "sr": "20.00", "4s": 0, "6s": 0, "mod": {"dismissedBp": {"innings": 2, "over": 16, "ball": 3}, "countingBp": {"innings": 2, "over": 16, "ball": 3}, "text": "c Kane Williamson b Sandeep Sharma", "bowlerId": 1112, "additionalPlayerIds": [440], "dismissedMethod": "ct", "isOut": true}}, {"playerId": 8, "r": 4, "b": 6, "sr": "66.66", "4s": 0, "6s": 0, "mod": {"dismissedBp": {"innings": 2, "over": 18, "ball": 2}, "countingBp": {"innings": 2, "over": 18, "ball": 2}, "text": "c Kane Williamson b Rashid Khan", "bowlerId": 2885, "additionalPlayerIds": [440], "dismissedMethod": "ct", "isOut": true}}, {"playerId": 1480, "r": 4, "b": 2, "sr": "200.00", "4s": 1, "6s": 0, "mod": {"dismissedBp": {"innings": 2, "over": 16, "ball": 5}, "countingBp": {"innings": 2, "over": 16, "ball": 5}, "text": "lbw Sandeep Sharma", "bowlerId": 1112, "dismissedMethod": "lbw", "isOut": true}}, {"playerId": 2746, "r": 2, "b": 5, "sr": "40.00", "4s": 0, "6s": 0, "mod": {"dismissedBp": {"innings": 2, "over": 17, "ball": 5}, "countingBp": {"innings": 2, "over": 17, "ball": 5}, "text": "run out (Wriddhiman Saha)", "bowlerId": 1086, "additionalPlayerIds": [16], "dismissedMethod": "ro", "isOut": true}}, {"playerId": 1106, "r": 8, "b": 9, "sr": "88.88", "4s": 1, "6s": 0, "mod": {"dismissedBp": {"innings": 2, "over": 20, "ball": 2}, "countingBp": {"innings": 2, "over": 20, "ball": 2}, "text": "b Basil Thampi", "bowlerId": 3825, "dismissedMethod": "b", "isOut": true}}, {"playerId": 4572, "r": 10, "b": 5, "sr": "200.00", "4s": 2, "6s": 0}], "bowlingStats": [{"playerId": 1112, "ov": "4", "r": 17, "w": 2, "d": 13, "maid": 0, "e": "4.25", "wd": 0, "nb": 0}, {"playerId": 618, "ov": "2", "r": 24, "w": 0, "d": 4, "maid": 0, "e": "12.00", "wd": 0, "nb": 0}, {"playerId": 1086, "ov": "4", "r": 25, "w": 0, "d": 9, "maid": 0, "e": "6.25", "wd": 0, "nb": 0}, {"playerId": 3825, "ov": "2.2", "r": 14, "w": 2, "d": 6, "maid": 0, "e": "6.00", "wd": 0, "nb": 0}, {"playerId": 2885, "ov": "4", "r": 19, "w": 3, "d": 11, "maid": 0, "e": "4.75", "wd": 0, "nb": 0}, {"playerId": 201, "ov": "3", "r": 18, "w": 2, "d": 7, "maid": 0, "e": "6.00", "wd": 0, "nb": 0}], "fow": [{"bp": {"innings": 2, "over": 8, "ball": 5}, "playerId": 1125, "ret": false, "w": 1, "r": 55}, {"bp": {"innings": 2, "over": 9, "ball": 2}, "playerId": 236, "ret": false, "w": 2, "r": 57}, {"bp": {"innings": 2, "over": 13, "ball": 1}, "playerId": 158, "ret": false, "w": 3, "r": 77}, {"bp": {"innings": 2, "over": 14, "ball": 4}, "playerId": 276, "ret": false, "w": 4, "r": 82}, {"bp": {"innings": 2, "over": 15, "ball": 2}, "playerId": 167, "ret": false, "w": 5, "r": 88}, {"bp": {"innings": 2, "over": 16, "ball": 3}, "playerId": 89, "ret": false, "w": 6, "r": 92}, {"bp": {"innings": 2, "over": 16, "ball": 5}, "playerId": 1480, "ret": false, "w": 7, "r": 96}, {"bp": {"innings": 2, "over": 17, "ball": 5}, "playerId": 2746, "ret": false, "w": 8, "r": 99}, {"bp": {"innings": 2, "over": 18, "ball": 2}, "playerId": 8, "ret": false, "w": 9, "r": 101}, {"bp": {"innings": 2, "over": 20, "ball": 2}, "playerId": 1106, "ret": false, "w": 10, "r": 119}], "extras": {"noBallRuns": 0, "wideRuns": 0, "byeRuns": 1, "legByeRuns": 1, "penaltyRuns": 0}, "declared": false}, "overHistory": [{"ovNo": 1, "ovBalls": [".", ".", "1", ".", ".", "1"]}, {"ovNo": 2, "ovBalls": [".", "6", ".", "1", "1", "."]}, {"ovNo": 3, "ovBalls": [".", ".", "1", "1", "1", "1"]}, {"ovNo": 4, "ovBalls": [".", "1", "6", "4", "4", "1"]}, {"ovNo": 5, "ovBalls": [".", ".", "4", ".", "1", "."]}, {"ovNo": 6, "ovBalls": [".", "4", ".", "1", "4", "."]}, {"ovNo": 7, "ovBalls": ["1", ".", "6", "1", "1", "."]}, {"ovNo": 8, "ovBalls": [".", "1", ".", "1", "W", "1"]}, {"ovNo": 9, "ovBalls": ["1", "W", "2", ".", "1", "1"]}, {"ovNo": 10, "ovBalls": ["2", ".", "1", ".", "1", "2"]}, {"ovNo": 11, "ovBalls": ["2", ".", "1", "1", "1", "1"]}, {"ovNo": 12, "ovBalls": ["1", "1", "1", ".", "1", "."]}, {"ovNo": 13, "ovBalls": ["W", ".", "1", "1", ".", "1"]}, {"ovNo": 14, "ovBalls": [".", "1", "1", "W", ".", "."]}, {"ovNo": 15, "ovBalls": ["6", "W", "1", "1", ".", "1"]}, {"ovNo": 16, "ovBalls": ["1", ".", "W", "4", "W", "1"]}, {"ovNo": 17, "ovBalls": [".", "1", "1", ".", "W", "1"]}, {"ovNo": 18, "ovBalls": ["1", "W", ".", "1", "4", "4"]}, {"ovNo": 19, "ovBalls": ["1B", "1", "1", "1", "4", "."]}, {"ovNo": 20, "ovBalls": ["1Lb", "W"]}]}]}