{"matchInfo": {"additionalInfo": {"sixes.video.thumb": "http://brightcove.vo.llnwd.net/v1/unsecured/media/3588749423001/201605/2214/3588749423001_4876439093001_video-still-for-video-4876243490001.jpg?pubId=3588749423001", "sixes.video.id": "4876243490001", "match.video.thumb": "http://brightcove.vo.llnwd.net/v1/unsecured/media/3588749423001/201605/3054/3588749423001_4876451536001_matchhighdd.jpg?pubId=3588749423001", "mom.video.thumb": "http://brightcove.vo.llnwd.net/v1/unsecured/media/3588749423001/201605/3082/3588749423001_4876439099001_video-still-for-video-4876243510001.jpg?pubId=3588749423001", "mom.video.id": "4876243510001", "referee.name": "Manu Nayyar", "report.thumb": "http://static2.iplt20.com/cms/media/images/229x152/49953.jpg", "match.summary": "", "umpire.name.1": "Chris Gaffaney", "umpire.name.2": "Bruce Oxenford", "umpire.name.3": "A Nand Kishore", "interview.thumb": "http://brightcove.vo.llnwd.net/v1/unsecured/media/3588749423001/201605/3014/3588749423001_4876532461001_pantkock.jpg?pubId=3588749423001", "umpire.name.4": "Yeshwant Barde", "away.team.fan.total": "2810", "result.playerofthematch": "Rishabh Pant", "toss.elected": "Delhi Daredevils, who chose to field", "notes.1.1": "Powerplay - 35 runs, 3 wickets", "notes.1.2": "GL: 50 runs in 7.4 overs", "notes.2.1": "Powerplay - 61 runs, 0 wickets", "notes.1.3": "4th Wicket: 50 runs in 40 balls (Suresh Raina 23, Dinesh Karthik 25)", "notes.2.2": "DD: 50 runs in 4.5 overs", "notes.1.4": "GL: 100 runs in 15.1 overs", "notes.2.3": "1st Wicket: 50 runs in 29 balls (Quinton de Kock 24, Rishabh Pant 24)", "notes.1.5": "Dinesh Karthik: 50 off 42 balls (5 x fours)", "notes.2.4": "Rishabh Pant: 50 off 25 balls (8 x fours, 1 x six)", "notes.1.6": "5th Wicket: 50 runs in 38 balls (Dinesh Karthik 27, Ravindra Jadeja 24)", "notes.2.5": "DD: 100 runs in 11.6 overs", "notes.1.7": "Innings Break: GL - 149/7 in 20 overs", "notes.2.6": "1st Wicket: 100 runs in 72 balls (Quinton de Kock 37, Rishabh Pant 66)", "notes.2.7": "DD: 150 runs in 17.2 overs", "highlights.link": "http://www.iplt20.com/videos/media/id/4876243505001/m31-gl-vs-dd-match-highlights", "match.video.id": "4876243505001", "stats.link": "http://www.iplt20.com/news/2016/more-news/7588/quick-stats-m31-gl-vs-dd", "home.team.fan.total": "8318", "toss.winner": "Delhi Daredevils", "interview.link": "http://www.iplt20.com/news/2016/features/7585/quinton-de-kock-rishabh-pant-dds-promising-opening-pair", "stats.thumb": "http://static2.iplt20.com/cms/media/images/320x213/49955.jpg"}, "teams": [{"id": 4785, "team": {"id": 433, "fullName": "Gujarat Lions", "shortName": "Gujarat Lions", "abbreviation": "GL", "type": "m", "primaryColor": "E5BA0F", "secondaryColor": "383838"}, "players": [{"id": 413, "fullName": "Dwayne Smith", "shortName": "DR Smith", "nationality": "West Indian", "dateOfBirth": "1983-04-12", "rightArmedBowl": true, "rightHandedBat": true}, {"id": 202, "fullName": "Brendon McCullum", "shortName": "B McCullum", "nationality": "New Zealander", "dateOfBirth": "1981-09-27", "rightArmedBowl": true, "rightHandedBat": true, "bowlingStyle": "MEDIUM_SEAM"}, {"id": 14, "fullName": "Suresh Raina", "shortName": "S Raina", "nationality": "Indian", "dateOfBirth": "1986-11-27", "rightArmedBowl": true, "rightHandedBat": false, "bowlingStyle": "OFF_SPIN"}, {"id": 167, "fullName": "Aaron Finch", "shortName": "A Finch", "nationality": "Australian", "dateOfBirth": "1986-11-17", "rightArmedBowl": false, "rightHandedBat": true, "bowlingStyle": "ORTHODOX"}, {"id": 102, "fullName": "Dinesh Karthik", "shortName": "D Karthik", "nationality": "Indian", "dateOfBirth": "1985-06-01", "rightArmedBowl": true, "rightHandedBat": true, "bowlingStyle": "OFF_SPIN"}, {"id": 9, "fullName": "Ravindra Jadeja", "shortName": "R Jadeja", "nationality": "Indian", "dateOfBirth": "1988-12-06", "rightArmedBowl": false, "rightHandedBat": false, "bowlingStyle": "ORTHODOX"}, {"id": 2975, "fullName": "Ishan Kishan", "shortName": "I Kishan", "nationality": "Indian", "dateOfBirth": "1998-07-18", "rightArmedBowl": false, "rightHandedBat": false}, {"id": 193, "fullName": "James Faulkner", "shortName": "J Faulkner", "nationality": "Australian", "dateOfBirth": "1990-04-29", "rightArmedBowl": false, "rightHandedBat": true}, {"id": 77, "fullName": "Praveen Kumar", "shortName": "P Kumar", "nationality": "Indian", "dateOfBirth": "1986-10-02", "rightArmedBowl": true, "rightHandedBat": true}, {"id": 101, "fullName": "Dhawal Kulkarni", "shortName": "D Kulkarni", "nationality": "Indian", "dateOfBirth": "1988-12-10", "rightArmedBowl": true, "rightHandedBat": true, "bowlingStyle": "MEDIUM_SEAM"}, {"id": 3178, "fullName": "Shivil Kaushik", "shortName": "S Kaushik", "nationality": "Indian", "dateOfBirth": "1995-07-09", "rightArmedBowl": false, "rightHandedBat": true, "bowlingStyle": "UNORTHODOX"}], "wicketKeeper": {"id": 102, "fullName": "Dinesh Karthik", "shortName": "D Karthik", "nationality": "Indian", "dateOfBirth": "1985-06-01", "rightArmedBowl": true, "rightHandedBat": true, "bowlingStyle": "OFF_SPIN"}, "captain": {"id": 14, "fullName": "Suresh Raina", "shortName": "S Raina", "nationality": "Indian", "dateOfBirth": "1986-11-27", "rightArmedBowl": true, "rightHandedBat": false, "bowlingStyle": "OFF_SPIN"}}, {"id": 4784, "team": {"id": 3, "fullName": "Delhi Capitals", "shortName": "Delhi", "abbreviation": "DC", "type": "m", "primaryColor": "004C93", "secondaryColor": "F83430"}, "players": [{"id": 834, "fullName": "Quinton de Kock", "shortName": "Q de Kock", "nationality": "South African", "dateOfBirth": "1992-12-17", "rightArmedBowl": false, "rightHandedBat": false}, {"id": 258, "fullName": "Sanju Samson", "shortName": "S Samson", "nationality": "Indian", "dateOfBirth": "1994-11-11", "rightArmedBowl": true, "rightHandedBat": true}, {"id": 276, "fullName": "Karun Nair", "shortName": "K Nair", "nationality": "Indian", "dateOfBirth": "1991-12-06", "rightArmedBowl": true, "rightHandedBat": true, "bowlingStyle": "OFF_SPIN"}, {"id": 182, "fullName": "JP Duminy", "shortName": "JP Duminy", "nationality": "South African", "dateOfBirth": "1984-04-14", "rightArmedBowl": false, "rightHandedBat": false}, {"id": 2756, "fullName": "Sam Billings", "shortName": "S Billings", "nationality": "English", "dateOfBirth": "1991-06-15", "rightArmedBowl": true, "rightHandedBat": true}, {"id": 2972, "fullName": "Rishabh Pant", "shortName": "R Pant", "nationality": "Indian", "dateOfBirth": "1997-10-04", "rightArmedBowl": false, "rightHandedBat": false}, {"id": 836, "fullName": "Chris Morris", "shortName": "C Morris", "nationality": "South African", "dateOfBirth": "1987-04-30", "rightArmedBowl": true, "rightHandedBat": true, "bowlingStyle": "FAST_SEAM"}, {"id": 30, "fullName": "Amit Mishra", "shortName": "A Mishra", "nationality": "Indian", "dateOfBirth": "1982-11-24", "rightArmedBowl": true, "rightHandedBat": true, "bowlingStyle": "LEG_SPIN"}, {"id": 94, "fullName": "Mohammad Shami", "shortName": "M Shami", "nationality": "Indian", "dateOfBirth": "1990-09-03", "rightArmedBowl": true, "rightHandedBat": true, "bowlingStyle": "FAST_SEAM"}, {"id": 57, "fullName": "Shahbaz Nadeem", "shortName": "S Nadeem", "nationality": "Indian", "dateOfBirth": "1989-08-12", "rightArmedBowl": false, "rightHandedBat": true, "bowlingStyle": "ORTHODOX"}, {"id": 165, "fullName": "Zaheer Khan", "shortName": "Z Khan", "nationality": "Indian", "dateOfBirth": "1978-10-07", "rightArmedBowl": false, "rightHandedBat": true, "bowlingStyle": "FAST_SEAM"}], "wicketKeeper": {"id": 834, "fullName": "Quinton de Kock", "shortName": "Q de Kock", "nationality": "South African", "dateOfBirth": "1992-12-17", "rightArmedBowl": false, "rightHandedBat": false}, "captain": {"id": 165, "fullName": "Zaheer Khan", "shortName": "Z Khan", "nationality": "Indian", "dateOfBirth": "1978-10-07", "rightArmedBowl": false, "rightHandedBat": true, "bowlingStyle": "FAST_SEAM"}}], "venue": {"id": 44, "fullName": "Saurashtra Cricket Association Stadium", "shortName": "Saurashtra Cricket Association Stadium", "city": "Rajkot", "country": "India"}, "matchDate": "2016-05-03T20:00:00+0530", "matchEndDate": "2016-05-03T23:00:00+0530", "matchDateMs": 1462285800000, "matchEndDateMs": 1462296600000, "isLimitedOvers": true, "battingOrder": [0, 1], "matchBroadcast": false, "matchState": "C", "matchStatus": {"outcome": "B", "text": "Delhi Capitals won by 8 wickets"}, "description": "Match 31", "matchSummary": "", "matchType": "IPLT20", "tournamentLabel": "IPL 2016", "oversLimit": 20, "groupName": ""}, "matchId": {"id": 4072, "name": "ipl2016-31", "tournamentId": {"id": 3957, "name": "ipl2016", "provisional": false}}, "currentState": {"inProgress": false, "phase": "C", "currentInningsIndex": 1, "currentBatsmen": [258, 182], "facingBatsman": 258, "nonFacingBatsman": 182, "currentBowler": 9, "currentBowlerCurrentSpell": {"playerId": 9, "ov": "2.2", "r": 21, "w": 1, "d": 3, "maid": 0, "e": "9.00", "wd": 0, "nb": 1}, "previousBowler": 3178, "previousBowlerCurrentSpell": {"playerId": 3178, "ov": "2", "r": 15, "w": 1, "d": 4, "maid": 0, "e": "7.50", "wd": 0, "nb": 0}, "currentPartnership": 29, "partnership": {"runs": 29, "balls": 15, "runRate": "11.60"}, "recentOvers": [{"ovNo": 13, "ovBalls": ["1", "2", "1", ".", "4", "1"]}, {"ovNo": 14, "ovBalls": ["1", ".", "W", "1", "1", "1"]}, {"ovNo": 15, "ovBalls": ["1", ".", "1", "1", "W", "."]}, {"ovNo": 16, "ovBalls": ["1", "1", "1Nb", "4", "1", "1", "."]}, {"ovNo": 17, "ovBalls": ["4", "4", "1", ".", "1", "2"]}, {"ovNo": 18, "ovBalls": ["2", "6"]}]}, "innings": [{"inningsNumber": 1, "runRate": "7.45", "overProgress": "20", "declared": false, "scorecard": {"runs": 149, "wkts": 7, "allOut": false, "battingStats": [{"playerId": 413, "r": 15, "b": 14, "sr": "107.14", "4s": 3, "6s": 0, "mod": {"dismissedBp": {"innings": 1, "over": 4, "ball": 1}, "countingBp": {"innings": 1, "over": 4, "ball": 1}, "text": "c Chris Morris b Shahbaz Nadeem", "bowlerId": 57, "additionalPlayerIds": [836], "dismissedMethod": "ct", "isOut": true}}, {"playerId": 202, "r": 1, "b": 4, "sr": "25.00", "4s": 0, "6s": 0, "mod": {"dismissedBp": {"innings": 1, "over": 3, "ball": 5}, "countingBp": {"innings": 1, "over": 3, "ball": 5}, "text": "b Zaheer Khan", "bowlerId": 165, "dismissedMethod": "b", "isOut": true}}, {"playerId": 167, "r": 5, "b": 5, "sr": "100.00", "4s": 1, "6s": 0, "mod": {"dismissedBp": {"innings": 1, "over": 4, "ball": 7}, "countingBp": {"innings": 1, "over": 4, "ball": 6}, "text": "c Rishabh Pant b Shahbaz Nadeem", "bowlerId": 57, "additionalPlayerIds": [2972], "dismissedMethod": "ct", "isOut": true}}, {"playerId": 14, "r": 24, "b": 20, "sr": "120.00", "4s": 1, "6s": 1, "mod": {"dismissedBp": {"innings": 1, "over": 11, "ball": 6}, "countingBp": {"innings": 1, "over": 11, "ball": 6}, "text": "st Quinton de Kock b Amit Mishra", "bowlerId": 30, "additionalPlayerIds": [834], "dismissedMethod": "st", "isOut": true}}, {"playerId": 102, "r": 53, "b": 43, "sr": "123.25", "4s": 5, "6s": 0, "mod": {"dismissedBp": {"innings": 1, "over": 18, "ball": 3}, "countingBp": {"innings": 1, "over": 18, "ball": 3}, "text": "b Mohammad Shami", "bowlerId": 94, "dismissedMethod": "b", "isOut": true}}, {"playerId": 9, "r": 36, "b": 26, "sr": "138.46", "4s": 4, "6s": 1}, {"playerId": 193, "r": 7, "b": 6, "sr": "116.66", "4s": 0, "6s": 0, "mod": {"dismissedBp": {"innings": 1, "over": 19, "ball": 6}, "countingBp": {"innings": 1, "over": 19, "ball": 6}, "text": "b Chris Morris", "bowlerId": 836, "dismissedMethod": "b", "isOut": true}}, {"playerId": 2975, "r": 2, "b": 2, "sr": "100.00", "4s": 0, "6s": 0, "mod": {"dismissedBp": {"innings": 1, "over": 20, "ball": 6}, "countingBp": {"innings": 1, "over": 20, "ball": 6}, "text": "run out (Sam Billings)", "bowlerId": 94, "additionalPlayerIds": [2756], "dismissedMethod": "ro", "isOut": true}}], "bowlingStats": [{"playerId": 57, "ov": "3", "r": 23, "w": 2, "d": 7, "maid": 0, "e": "7.66", "wd": 1, "nb": 0}, {"playerId": 836, "ov": "4", "r": 32, "w": 1, "d": 9, "maid": 0, "e": "8.00", "wd": 1, "nb": 0}, {"playerId": 165, "ov": "4", "r": 27, "w": 1, "d": 12, "maid": 0, "e": "6.75", "wd": 1, "nb": 0}, {"playerId": 94, "ov": "4", "r": 31, "w": 1, "d": 10, "maid": 0, "e": "7.75", "wd": 0, "nb": 0}, {"playerId": 30, "ov": "3", "r": 19, "w": 1, "d": 4, "maid": 0, "e": "6.33", "wd": 0, "nb": 0}, {"playerId": 182, "ov": "2", "r": 14, "w": 0, "d": 4, "maid": 0, "e": "7.00", "wd": 0, "nb": 0}], "fow": [{"bp": {"innings": 1, "over": 3, "ball": 5}, "playerId": 202, "ret": false, "w": 1, "r": 17}, {"bp": {"innings": 1, "over": 4, "ball": 1}, "playerId": 413, "ret": false, "w": 2, "r": 17}, {"bp": {"innings": 1, "over": 4, "ball": 6}, "playerId": 167, "ret": false, "w": 3, "r": 24}, {"bp": {"innings": 1, "over": 11, "ball": 6}, "playerId": 14, "ret": false, "w": 4, "r": 75}, {"bp": {"innings": 1, "over": 18, "ball": 3}, "playerId": 102, "ret": false, "w": 5, "r": 127}, {"bp": {"innings": 1, "over": 19, "ball": 6}, "playerId": 193, "ret": false, "w": 6, "r": 138}, {"bp": {"innings": 1, "over": 20, "ball": 6}, "playerId": 2975, "ret": false, "w": 7, "r": 149}], "extras": {"noBallRuns": 0, "wideRuns": 3, "byeRuns": 0, "legByeRuns": 3, "penaltyRuns": 0}, "declared": false}, "overHistory": [{"ovNo": 1, "ovBalls": [".", ".", "4", ".", "1", "."]}, {"ovNo": 2, "ovBalls": ["4", ".", ".", "4", "1Lb", "."]}, {"ovNo": 3, "ovBalls": ["1", "1", ".", "1", "W", "."]}, {"ovNo": 4, "ovBalls": ["W", "1Wd", "1", "1", ".", "4", "W"]}, {"ovNo": 5, "ovBalls": ["2", ".", "1", ".", ".", "."]}, {"ovNo": 6, "ovBalls": [".", "6", "1Lb", ".", ".", "1"]}, {"ovNo": 7, "ovBalls": ["1", "1", ".", ".", "1", "1"]}, {"ovNo": 8, "ovBalls": ["1Wd", "1", "4", "1", "4", "1", "1"]}, {"ovNo": 9, "ovBalls": ["1", ".", "1", "1", "1", "1"]}, {"ovNo": 10, "ovBalls": ["2", "1", "2", ".", "1", "2"]}, {"ovNo": 11, "ovBalls": ["1", "2", "2", "4", "1", "W"]}, {"ovNo": 12, "ovBalls": ["2", ".", ".", "3", ".", "1"]}, {"ovNo": 13, "ovBalls": ["1", ".", "4", ".", ".", "1"]}, {"ovNo": 14, "ovBalls": ["4", ".", "1", ".", ".", "."]}, {"ovNo": 15, "ovBalls": ["2", "1", ".", "4", ".", "."]}, {"ovNo": 16, "ovBalls": ["2", "2", "1", "4", "1", "1"]}, {"ovNo": 17, "ovBalls": ["2", "4", "4", ".", "1Wd", ".", "2"]}, {"ovNo": 18, "ovBalls": [".", "4", "W", "1", "1", "1"]}, {"ovNo": 19, "ovBalls": ["2", "1", "2", "1", "2", "W"]}, {"ovNo": 20, "ovBalls": ["6", "1Lb", "1", "1", "1", "1W"]}]}, {"inningsNumber": 2, "runRate": "8.65", "overProgress": "17.2", "declared": false, "scorecard": {"runs": 150, "wkts": 2, "allOut": false, "battingStats": [{"playerId": 834, "r": 46, "b": 45, "sr": "102.22", "4s": 4, "6s": 1, "mod": {"dismissedBp": {"innings": 2, "over": 15, "ball": 5}, "countingBp": {"innings": 2, "over": 15, "ball": 5}, "text": "c Dwayne Smith b Shivil Kaushik", "bowlerId": 3178, "additionalPlayerIds": [413], "dismissedMethod": "ct", "isOut": true}}, {"playerId": 2972, "r": 69, "b": 40, "sr": "172.50", "4s": 9, "6s": 2, "mod": {"dismissedBp": {"innings": 2, "over": 14, "ball": 3}, "countingBp": {"innings": 2, "over": 14, "ball": 3}, "text": "c Dinesh Karthik b Ravindra Jadeja", "bowlerId": 9, "additionalPlayerIds": [102], "dismissedMethod": "ct", "isOut": true}}, {"playerId": 258, "r": 19, "b": 13, "sr": "146.15", "4s": 1, "6s": 1}, {"playerId": 182, "r": 13, "b": 7, "sr": "185.71", "4s": 2, "6s": 0}], "bowlingStats": [{"playerId": 77, "ov": "2", "r": 20, "w": 0, "d": 4, "maid": 0, "e": "10.00", "wd": 1, "nb": 0}, {"playerId": 101, "ov": "2", "r": 24, "w": 0, "d": 4, "maid": 0, "e": "12.00", "wd": 0, "nb": 0}, {"playerId": 14, "ov": "4", "r": 34, "w": 0, "d": 7, "maid": 0, "e": "8.50", "wd": 0, "nb": 0}, {"playerId": 3178, "ov": "4", "r": 29, "w": 1, "d": 9, "maid": 0, "e": "7.25", "wd": 0, "nb": 0}, {"playerId": 413, "ov": "2", "r": 12, "w": 0, "d": 4, "maid": 0, "e": "6.00", "wd": 0, "nb": 0}, {"playerId": 193, "ov": "1", "r": 9, "w": 0, "d": 2, "maid": 0, "e": "9.00", "wd": 0, "nb": 0}, {"playerId": 9, "ov": "2.2", "r": 21, "w": 1, "d": 3, "maid": 0, "e": "9.00", "wd": 0, "nb": 1}], "fow": [{"bp": {"innings": 2, "over": 14, "ball": 3}, "playerId": 2972, "ret": false, "w": 1, "r": 115}, {"bp": {"innings": 2, "over": 15, "ball": 5}, "playerId": 834, "ret": false, "w": 2, "r": 121}], "extras": {"noBallRuns": 1, "wideRuns": 1, "byeRuns": 0, "legByeRuns": 1, "penaltyRuns": 0}, "declared": false}, "overHistory": [{"ovNo": 1, "ovBalls": [".", ".", "4", "1", "1", "4"]}, {"ovNo": 2, "ovBalls": [".", ".", "4", "4", "4", "2"]}, {"ovNo": 3, "ovBalls": ["1", "1", "1", "1Lb", "2", "1"]}, {"ovNo": 4, "ovBalls": [".", "6", "1Wd", ".", "1", "1", "1"]}, {"ovNo": 5, "ovBalls": ["1", "3", ".", "1", "4", "1"]}, {"ovNo": 6, "ovBalls": ["1", ".", "4", "1", "4", "."]}, {"ovNo": 7, "ovBalls": [".", ".", "1", "1", ".", "."]}, {"ovNo": 8, "ovBalls": ["4", "1", ".", "1", ".", "."]}, {"ovNo": 9, "ovBalls": ["1", "4", "4", ".", "6", "1"]}, {"ovNo": 10, "ovBalls": ["4", ".", "1", "1", ".", "2"]}, {"ovNo": 11, "ovBalls": [".", ".", "1", ".", "1", "1"]}, {"ovNo": 12, "ovBalls": ["1", "1", ".", "1", ".", "6"]}, {"ovNo": 13, "ovBalls": ["1", "2", "1", ".", "4", "1"]}, {"ovNo": 14, "ovBalls": ["1", ".", "W", "1", "1", "1"]}, {"ovNo": 15, "ovBalls": ["1", ".", "1", "1", "W", "."]}, {"ovNo": 16, "ovBalls": ["1", "1", "1Nb", "4", "1", "1", "."]}, {"ovNo": 17, "ovBalls": ["4", "4", "1", ".", "1", "2"]}, {"ovNo": 18, "ovBalls": ["2", "6"]}]}]}