{"matchInfo": {"additionalInfo": {"sixes.video.thumb": "http://brightcove.vo.llnwd.net/v1/unsecured/media/3588749423001/201605/2181/3588749423001_4897835699001_video-still-for-video-4897704594001.jpg?pubId=3588749423001", "sixes.video.id": "4897704594001", "match.video.thumb": "http://brightcove.vo.llnwd.net/v1/unsecured/media/3588749423001/201605/949/3588749423001_4897975745001_highrpsdd.jpg?pubId=3588749423001", "mom.video.thumb": "http://brightcove.vo.llnwd.net/v1/unsecured/media/3588749423001/201605/773/3588749423001_4898047243001_dinda.jpg?pubId=3588749423001", "mom.video.id": "4898008346001", "referee.name": "Ranjan Madugalle", "report.thumb": "http://static2.iplt20.com/cms/media/images/320x213/53080.jpg", "match.summary": "Rising Pune Supergiants won by 19 runs (D/L Method)", "umpire.name.1": "Nitin Menon", "umpire.name.2": "C Shamshuddin", "umpire.name.3": "Kumar Dharmasena", "interview.thumb": "http://static2.iplt20.com/cms/media/images/630x420/53101.jpg", "umpire.name.4": "Navdeep Singh Sidhu", "away.team.fan.total": "7578", "result.playerofthematch": "Ashok Dinda", "toss.elected": "Rising Pune Supergiants, who chose to field", "notes.1.1": "Powerplay 1 - 28 runs, 2 wickets", "notes.1.2": "DD: 50 runs in 10.2 overs", "notes.2.1": "Rising Pune Supergiants: 50 runs in 7.3 overs", "notes.1.3": "DD: 100 runs in 19.1 overs", "notes.1.4": "Innings Break: DD - 121/6 in 20 overs", "highlights.link": "http://www.iplt20.com/videos/media/id/4897704601001/m49-rps-vs-dd-match-highlights", "match.video.id": "4897704601001", "stats.link": "", "home.team.fan.total": "5689", "photostream.link": "http://www.iplt20.com/photos/360/match-49-rps-v-dd", "toss.winner": "Rising Pune Supergiants", "interview.link": "http://www.iplt20.com/news/2016/features/7828/i-thought-i-got-hit-by-a-truck-george-bailey", "stats.thumb": ""}, "teams": [{"id": 4821, "team": {"id": 434, "fullName": "Rising Pune Supergiant", "shortName": "Supergiant", "abbreviation": "RPS", "type": "m", "primaryColor": "FFC0CB", "secondaryColor": "AA3355"}, "players": [{"id": 135, "fullName": "Ajinkya Rahane", "shortName": "A Rahane", "nationality": "Indian", "dateOfBirth": "1988-06-06", "rightArmedBowl": true, "rightHandedBat": true, "bowlingStyle": "MEDIUM_SEAM"}, {"id": 948, "fullName": "Usman Khawaja", "shortName": "U Khawaja", "nationality": "Australian", "dateOfBirth": "1986-12-18", "rightArmedBowl": true, "rightHandedBat": false, "bowlingStyle": "MEDIUM_SEAM"}, {"id": 19, "fullName": "George Bailey", "shortName": "G Bailey", "nationality": "Australian", "dateOfBirth": "1982-09-07", "rightArmedBowl": false, "rightHandedBat": false}, {"id": 163, "fullName": "Saurabh Tiwary", "shortName": "S Tiwary", "nationality": "Indian", "dateOfBirth": "1989-12-30", "rightArmedBowl": true, "rightHandedBat": false}, {"id": 1, "fullName": "MS Dhoni", "shortName": "MS Dhoni", "nationality": "Indian", "dateOfBirth": "1981-07-07", "rightArmedBowl": true, "rightHandedBat": true, "bowlingStyle": "MEDIUM_SEAM"}, {"id": 215, "fullName": "Thisara Perera", "shortName": "NTLC Perera", "nationality": "Sri Lankan", "dateOfBirth": "1989-04-03", "rightArmedBowl": true, "rightHandedBat": false, "bowlingStyle": "MEDIUM_SEAM"}, {"id": 49, "fullName": "Irfan Pathan", "shortName": "I Pathan", "nationality": "Indian", "dateOfBirth": "1984-10-27", "rightArmedBowl": false, "rightHandedBat": false, "bowlingStyle": "MEDIUM_SEAM"}, {"id": 8, "fullName": "Ravichandran Ashwin", "shortName": "R Ashwin", "nationality": "Indian", "dateOfBirth": "1986-09-17", "rightArmedBowl": true, "rightHandedBat": true, "bowlingStyle": "OFF_SPIN"}, {"id": 958, "fullName": "Adam Zampa", "shortName": "A Zampa", "nationality": "Australian", "dateOfBirth": "1992-03-31", "rightArmedBowl": true, "rightHandedBat": true, "bowlingStyle": "LEG_SPIN"}, {"id": 140, "fullName": "Deepak Chahar", "shortName": "D Chahar", "nationality": "Indian", "dateOfBirth": "1992-08-07", "rightArmedBowl": true, "rightHandedBat": true, "bowlingStyle": "MEDIUM_SEAM"}, {"id": 48, "fullName": "Ashok Dinda", "shortName": "A Dinda", "nationality": "Indian", "dateOfBirth": "1984-03-25", "rightArmedBowl": true, "rightHandedBat": true}], "wicketKeeper": {"id": 1, "fullName": "MS Dhoni", "shortName": "MS Dhoni", "nationality": "Indian", "dateOfBirth": "1981-07-07", "rightArmedBowl": true, "rightHandedBat": true, "bowlingStyle": "MEDIUM_SEAM"}, "captain": {"id": 1, "fullName": "MS Dhoni", "shortName": "MS Dhoni", "nationality": "Indian", "dateOfBirth": "1981-07-07", "rightArmedBowl": true, "rightHandedBat": true, "bowlingStyle": "MEDIUM_SEAM"}}, {"id": 4820, "team": {"id": 3, "fullName": "Delhi Capitals", "shortName": "Delhi", "abbreviation": "DC", "type": "m", "primaryColor": "004C93", "secondaryColor": "F83430"}, "players": [{"id": 1563, "fullName": "Shreyas Iyer", "shortName": "S Iyer", "nationality": "Indian", "dateOfBirth": "1994-12-06", "rightArmedBowl": true, "rightHandedBat": true, "bowlingStyle": "LEG_SPIN"}, {"id": 834, "fullName": "Quinton de Kock", "shortName": "Q de Kock", "nationality": "South African", "dateOfBirth": "1992-12-17", "rightArmedBowl": false, "rightHandedBat": false}, {"id": 276, "fullName": "Karun Nair", "shortName": "K Nair", "nationality": "Indian", "dateOfBirth": "1991-12-06", "rightArmedBowl": true, "rightHandedBat": true, "bowlingStyle": "OFF_SPIN"}, {"id": 258, "fullName": "Sanju Samson", "shortName": "S Samson", "nationality": "Indian", "dateOfBirth": "1994-11-11", "rightArmedBowl": true, "rightHandedBat": true}, {"id": 2972, "fullName": "Rishabh Pant", "shortName": "R Pant", "nationality": "Indian", "dateOfBirth": "1997-10-04", "rightArmedBowl": false, "rightHandedBat": false}, {"id": 182, "fullName": "JP Duminy", "shortName": "JP Duminy", "nationality": "South African", "dateOfBirth": "1984-04-14", "rightArmedBowl": false, "rightHandedBat": false}, {"id": 836, "fullName": "Chris Morris", "shortName": "C Morris", "nationality": "South African", "dateOfBirth": "1987-04-30", "rightArmedBowl": true, "rightHandedBat": true, "bowlingStyle": "FAST_SEAM"}, {"id": 30, "fullName": "Amit Mishra", "shortName": "A Mishra", "nationality": "Indian", "dateOfBirth": "1982-11-24", "rightArmedBowl": true, "rightHandedBat": true, "bowlingStyle": "LEG_SPIN"}, {"id": 94, "fullName": "Mohammad Shami", "shortName": "M Shami", "nationality": "Indian", "dateOfBirth": "1990-09-03", "rightArmedBowl": true, "rightHandedBat": true, "bowlingStyle": "FAST_SEAM"}, {"id": 840, "fullName": "Nathan Coulter-Nile", "shortName": "N Coulter-Nile", "nationality": "Australian", "dateOfBirth": "1987-10-11", "rightArmedBowl": true, "rightHandedBat": true, "bowlingStyle": "FAST_SEAM"}, {"id": 165, "fullName": "Zaheer Khan", "shortName": "Z Khan", "nationality": "Indian", "dateOfBirth": "1978-10-07", "rightArmedBowl": false, "rightHandedBat": true, "bowlingStyle": "FAST_SEAM"}], "wicketKeeper": {"id": 834, "fullName": "Quinton de Kock", "shortName": "Q de Kock", "nationality": "South African", "dateOfBirth": "1992-12-17", "rightArmedBowl": false, "rightHandedBat": false}, "captain": {"id": 165, "fullName": "Zaheer Khan", "shortName": "Z Khan", "nationality": "Indian", "dateOfBirth": "1978-10-07", "rightArmedBowl": false, "rightHandedBat": true, "bowlingStyle": "FAST_SEAM"}}], "venue": {"id": 6, "fullName": "ACA-VDCA Stadium", "shortName": "ACA-VDCA Stadium", "city": "Visakhapatnam", "country": "India"}, "matchDate": "2016-05-17T20:00:00+0530", "matchEndDate": "2016-05-17T23:00:00+0530", "matchDateMs": 1463495400000, "matchEndDateMs": 1463506200000, "isLimitedOvers": true, "battingOrder": [1, 0], "matchBroadcast": false, "matchState": "C", "matchStatus": {"outcome": "A", "text": "Rising Pune Supergiants won by 19 runs (D/L Method)"}, "description": "Match 49", "matchSummary": "Rising Pune Supergiants won by 19 runs (D/L Method)", "matchType": "IPLT20", "tournamentLabel": "IPL 2016", "oversLimit": 20, "groupName": ""}, "matchId": {"id": 4090, "name": "ipl2016-49", "tournamentId": {"id": 3957, "name": "ipl2016", "provisional": false}}, "currentState": {"inProgress": false, "phase": "C", "currentInningsIndex": 1, "currentBatsmen": [135, 19], "facingBatsman": 135, "nonFacingBatsman": 19, "currentBowler": -1, "previousBowler": 30, "previousBowlerCurrentSpell": {"playerId": 30, "ov": "2", "r": 10, "w": 0, "d": 5, "maid": 0, "e": "5.00", "wd": 0, "nb": 0}, "currentPartnership": 45, "partnership": {"runs": 45, "balls": 44, "runRate": "6.13"}, "recentOvers": [{"ovNo": 6, "ovBalls": [".", "1", ".", "1Nb", "4", "1Lb", "4"]}, {"ovNo": 7, "ovBalls": [".", "1", ".", "1", ".", "."]}, {"ovNo": 8, "ovBalls": [".", ".", "4", "1", "1", "1"]}, {"ovNo": 9, "ovBalls": ["4", ".", "1", "1", "1", "."]}, {"ovNo": 10, "ovBalls": [".", "1", "1", ".", "1", "."]}, {"ovNo": 11, "ovBalls": ["1", "1Lb", "4", ".", "6", "1"]}]}, "innings": [{"inningsNumber": 1, "runRate": "6.05", "overProgress": "20", "declared": false, "scorecard": {"runs": 121, "wkts": 6, "allOut": false, "battingStats": [{"playerId": 834, "r": 2, "b": 8, "sr": "25.00", "4s": 0, "6s": 0, "mod": {"dismissedBp": {"innings": 1, "over": 3, "ball": 1}, "countingBp": {"innings": 1, "over": 3, "ball": 1}, "text": "lbw Ashok Dinda", "bowlerId": 48, "dismissedMethod": "lbw", "isOut": true}}, {"playerId": 1563, "r": 8, "b": 10, "sr": "80.00", "4s": 1, "6s": 0, "mod": {"dismissedBp": {"innings": 1, "over": 5, "ball": 5}, "countingBp": {"innings": 1, "over": 5, "ball": 5}, "text": "c Usman Khawaja b Ashok Dinda", "bowlerId": 48, "additionalPlayerIds": [948], "dismissedMethod": "ct", "isOut": true}}, {"playerId": 276, "r": 41, "b": 43, "sr": "95.34", "4s": 5, "6s": 0, "mod": {"dismissedBp": {"innings": 1, "over": 15, "ball": 3}, "countingBp": {"innings": 1, "over": 15, "ball": 3}, "text": "lbw Adam Zampa", "bowlerId": 958, "dismissedMethod": "lbw", "isOut": true}}, {"playerId": 258, "r": 10, "b": 13, "sr": "76.92", "4s": 0, "6s": 0, "mod": {"dismissedBp": {"innings": 1, "over": 10, "ball": 6}, "countingBp": {"innings": 1, "over": 10, "ball": 6}, "text": "st MS Dhoni b Adam Zampa", "bowlerId": 958, "additionalPlayerIds": [1], "dismissedMethod": "st", "isOut": true}}, {"playerId": 2972, "r": 4, "b": 9, "sr": "44.44", "4s": 0, "6s": 0, "mod": {"dismissedBp": {"innings": 1, "over": 13, "ball": 6}, "countingBp": {"innings": 1, "over": 13, "ball": 6}, "text": "c Thisara Perera b Adam Zampa", "bowlerId": 958, "additionalPlayerIds": [215], "dismissedMethod": "ct", "isOut": true}}, {"playerId": 182, "r": 14, "b": 14, "sr": "100.00", "4s": 1, "6s": 0, "mod": {"dismissedBp": {"innings": 1, "over": 19, "ball": 2}, "countingBp": {"innings": 1, "over": 19, "ball": 2}, "text": "c Irfan Pathan b Ashok Dinda", "bowlerId": 48, "additionalPlayerIds": [49], "dismissedMethod": "ct", "isOut": true}}, {"playerId": 836, "r": 38, "b": 20, "sr": "190.00", "4s": 4, "6s": 2}, {"playerId": 840, "r": 2, "b": 3, "sr": "66.66", "4s": 0, "6s": 0}], "bowlingStats": [{"playerId": 48, "ov": "4", "r": 20, "w": 3, "d": 14, "maid": 1, "e": "5.00", "wd": 0, "nb": 0}, {"playerId": 140, "ov": "2", "r": 13, "w": 0, "d": 6, "maid": 0, "e": "6.50", "wd": 0, "nb": 0}, {"playerId": 215, "ov": "3", "r": 27, "w": 0, "d": 7, "maid": 0, "e": "9.00", "wd": 0, "nb": 0}, {"playerId": 49, "ov": "3", "r": 17, "w": 0, "d": 9, "maid": 0, "e": "5.66", "wd": 0, "nb": 0}, {"playerId": 958, "ov": "4", "r": 21, "w": 3, "d": 7, "maid": 0, "e": "5.25", "wd": 0, "nb": 0}, {"playerId": 8, "ov": "4", "r": 23, "w": 0, "d": 9, "maid": 0, "e": "5.75", "wd": 2, "nb": 0}], "fow": [{"bp": {"innings": 1, "over": 3, "ball": 1}, "playerId": 834, "ret": false, "w": 1, "r": 4}, {"bp": {"innings": 1, "over": 5, "ball": 5}, "playerId": 1563, "ret": false, "w": 2, "r": 25}, {"bp": {"innings": 1, "over": 10, "ball": 6}, "playerId": 258, "ret": false, "w": 3, "r": 49}, {"bp": {"innings": 1, "over": 13, "ball": 6}, "playerId": 2972, "ret": false, "w": 4, "r": 62}, {"bp": {"innings": 1, "over": 15, "ball": 3}, "playerId": 276, "ret": false, "w": 5, "r": 70}, {"bp": {"innings": 1, "over": 19, "ball": 2}, "playerId": 182, "ret": false, "w": 6, "r": 93}], "extras": {"noBallRuns": 0, "wideRuns": 2, "byeRuns": 0, "legByeRuns": 0, "penaltyRuns": 0}, "declared": false}, "overHistory": [{"ovNo": 1, "ovBalls": [".", ".", "1", ".", "1", "."]}, {"ovNo": 2, "ovBalls": [".", ".", "1", ".", ".", "1"]}, {"ovNo": 3, "ovBalls": ["W", ".", ".", ".", ".", "."]}, {"ovNo": 4, "ovBalls": ["4", ".", "1", "4", "2", "."]}, {"ovNo": 5, "ovBalls": ["1", "4", "4", "1", "W", "."]}, {"ovNo": 6, "ovBalls": [".", "1", ".", ".", "1", "1"]}, {"ovNo": 7, "ovBalls": [".", ".", "1", ".", ".", "1"]}, {"ovNo": 8, "ovBalls": ["1", "1", ".", ".", ".", "."]}, {"ovNo": 9, "ovBalls": ["2", "2", "1", "4", "1", "."]}, {"ovNo": 10, "ovBalls": ["2", "2", "1", "1", "1", "W"]}, {"ovNo": 11, "ovBalls": [".", "4", ".", ".", "1", "."]}, {"ovNo": 12, "ovBalls": ["1", ".", ".", "1", "1", "."]}, {"ovNo": 13, "ovBalls": ["1", "1", "1", ".", "2", "W"]}, {"ovNo": 14, "ovBalls": [".", "1", ".", "1", "4", "."]}, {"ovNo": 15, "ovBalls": [".", "2", "W", "1", "1", "1"]}, {"ovNo": 16, "ovBalls": [".", "1", "1", "1", ".", "1"]}, {"ovNo": 17, "ovBalls": ["1", "1", "1", ".", ".", "1"]}, {"ovNo": 18, "ovBalls": ["4", "1Wd", "1Wd", "1", "1", "1", "1", "."]}, {"ovNo": 19, "ovBalls": ["2", "W", ".", "1", "4", "1"]}, {"ovNo": 20, "ovBalls": ["1", "1", "4", "6", "4", "6"]}]}, {"inningsNumber": 2, "runRate": "6.90", "overProgress": "11", "declared": false, "scorecard": {"runs": 76, "wkts": 1, "allOut": false, "battingStats": [{"playerId": 135, "r": 42, "b": 36, "sr": "116.66", "4s": 5, "6s": 1}, {"playerId": 948, "r": 19, "b": 13, "sr": "146.15", "4s": 4, "6s": 0, "mod": {"dismissedBp": {"innings": 2, "over": 4, "ball": 4}, "countingBp": {"innings": 2, "over": 4, "ball": 4}, "text": "c Shreyas Iyer b Chris Morris", "bowlerId": 836, "additionalPlayerIds": [1563], "dismissedMethod": "ct", "isOut": true}}, {"playerId": 19, "r": 8, "b": 18, "sr": "44.44", "4s": 1, "6s": 0}], "bowlingStats": [{"playerId": 165, "ov": "3", "r": 19, "w": 0, "d": 10, "maid": 0, "e": "6.33", "wd": 2, "nb": 0}, {"playerId": 840, "ov": "3", "r": 21, "w": 0, "d": 8, "maid": 0, "e": "7.00", "wd": 1, "nb": 0}, {"playerId": 836, "ov": "2", "r": 12, "w": 1, "d": 8, "maid": 0, "e": "6.00", "wd": 1, "nb": 1}, {"playerId": 30, "ov": "2", "r": 10, "w": 0, "d": 5, "maid": 0, "e": "5.00", "wd": 0, "nb": 0}, {"playerId": 94, "ov": "1", "r": 12, "w": 0, "d": 2, "maid": 0, "e": "12.00", "wd": 0, "nb": 0}], "fow": [{"bp": {"innings": 2, "over": 4, "ball": 4}, "playerId": 948, "ret": false, "w": 1, "r": 31}], "extras": {"noBallRuns": 1, "wideRuns": 4, "byeRuns": 0, "legByeRuns": 2, "penaltyRuns": 0}, "declared": false}, "overHistory": [{"ovNo": 1, "ovBalls": ["1", ".", "1Wd", "1Wd", ".", "1", ".", "."]}, {"ovNo": 2, "ovBalls": ["1Wd", "4", "1", ".", "2", ".", "4"]}, {"ovNo": 3, "ovBalls": [".", "4", "4", "1", "1", "4"]}, {"ovNo": 4, "ovBalls": ["1", ".", ".", "W", ".", "1Wd", "."]}, {"ovNo": 5, "ovBalls": [".", ".", ".", "1", ".", "."]}, {"ovNo": 6, "ovBalls": [".", "1", ".", "1Nb", "4", "1Lb", "4"]}, {"ovNo": 7, "ovBalls": [".", "1", ".", "1", ".", "."]}, {"ovNo": 8, "ovBalls": [".", ".", "4", "1", "1", "1"]}, {"ovNo": 9, "ovBalls": ["4", ".", "1", "1", "1", "."]}, {"ovNo": 10, "ovBalls": [".", "1", "1", ".", "1", "."]}, {"ovNo": 11, "ovBalls": ["1", "1Lb", "4", ".", "6", "1"]}], "rodl": {"overs": "11", "target": 58}}]}