{"matchInfo": {"additionalInfo": {"toss.elected": "Kolkata Knight Riders, who chose to bat", "notes.1.1": "Powerplay: 47 runs, 1 wicket", "notes.1.2": "KKR: 50 runs in 7.2 overs", "notes.2.1": "Powerplay: 27 runs, 1 wicket", "notes.1.3": "KKR: 100 runs in 17 overs", "notes.2.2": "CSK: 50 runs in 10.2 overs", "notes.1.4": "Innings Break: KKR- 119/9 in 20 overs", "notes.2.3": "CSK: 100 runs in 17.2 overs ", "highlights.link": "http://iplt20.com/videos/media/id/3427a15026244b5e9d52c9f8f8bff767/m26-kkr-vs-csk-match-highlights", "referee.name": "Rajendra Jadeja", "match.photo.id": "15233", "match.video.id": "a15026244b5e9d52c9f8f8bff767", "home.team.fan.total": "10868", "match.summary": "", "umpire.name.1": "Asad Rauf", "photostream.link": "http://www.iplt20.com/photos/130/ipl-2013-match-26-kkr-v-csk", "umpire.name.2": "Anil Chaudhary", "toss.winner": "Kolkata Knight Riders", "umpire.name.3": "Sudhir Asnani", "umpire.name.4": "Amardeep Pathania", "away.team.fan.total": "17686", "result.playerofthematch": "Ravindra Jadeja"}, "teams": [{"id": 1440, "team": {"id": 5, "fullName": "Kolkata Knight Riders", "shortName": "Knight Riders", "abbreviation": "KKR", "type": "m", "primaryColor": "6F2C91", "secondaryColor": "FFFFFF"}, "players": [{"id": 84, "fullName": "Gautam Gambhir", "shortName": "G Gambhir", "nationality": "Indian", "dateOfBirth": "1981-10-14", "rightArmedBowl": true, "rightHandedBat": false, "bowlingStyle": "LEG_SPIN"}, {"id": 198, "fullName": "Jacques Kallis", "shortName": "J Kallis", "nationality": "South African", "dateOfBirth": "1975-10-16", "rightArmedBowl": true, "rightHandedBat": true, "bowlingStyle": "FAST_SEAM"}, {"id": 89, "fullName": "Manoj Tiwary", "shortName": "M Tiwary", "nationality": "Indian", "dateOfBirth": "1985-11-14", "rightArmedBowl": true, "rightHandedBat": true}, {"id": 96, "fullName": "Yusuf Pathan", "shortName": "Y Pathan", "nationality": "Indian", "dateOfBirth": "1982-11-17", "rightArmedBowl": false, "rightHandedBat": true}, {"id": 197, "fullName": "Eoin Morgan", "shortName": "E Morgan", "nationality": "English", "dateOfBirth": "1986-09-10", "rightArmedBowl": true, "rightHandedBat": false, "bowlingStyle": "MEDIUM_SEAM"}, {"id": 259, "fullName": "Debabrata Das", "shortName": "D Das", "nationality": "Indian", "dateOfBirth": "1986-09-22", "rightArmedBowl": false, "rightHandedBat": false}, {"id": 88, "fullName": "Laxmi Ratan Shukla", "shortName": "L Ratan Shukla", "nationality": "Indian", "dateOfBirth": "1981-05-06", "rightArmedBowl": false, "rightHandedBat": false}, {"id": 92, "fullName": "Rajat Bhatia", "shortName": "R Bhatia", "nationality": "Indian", "dateOfBirth": "1979-10-22", "rightArmedBowl": true, "rightHandedBat": true}, {"id": 811, "fullName": "Sachithra Senanayake", "shortName": "S Senanayake", "nationality": "Sri Lankan", "dateOfBirth": "1985-02-09", "rightArmedBowl": false, "rightHandedBat": true}, {"id": 203, "fullName": "Sunil Narine", "shortName": "S Narine", "nationality": "West Indian", "dateOfBirth": "1988-05-26", "rightArmedBowl": true, "rightHandedBat": false, "bowlingStyle": "OFF_SPIN"}, {"id": 87, "fullName": "Lakshmipathy Balaji", "shortName": "L Balaji", "nationality": "Indian", "dateOfBirth": "1981-09-27", "rightArmedBowl": false, "rightHandedBat": false}], "wicketKeeper": {"id": 259, "fullName": "Debabrata Das", "shortName": "D Das", "nationality": "Indian", "dateOfBirth": "1986-09-22", "rightArmedBowl": false, "rightHandedBat": false}, "captain": {"id": 84, "fullName": "Gautam Gambhir", "shortName": "G Gambhir", "nationality": "Indian", "dateOfBirth": "1981-10-14", "rightArmedBowl": true, "rightHandedBat": false, "bowlingStyle": "LEG_SPIN"}}, {"id": 1439, "team": {"id": 1, "fullName": "Chennai Super Kings", "shortName": "Super Kings", "abbreviation": "CSK", "type": "m", "primaryColor": "FDB913", "secondaryColor": "0081E5"}, "players": [{"id": 7, "fullName": "Murali Vijay", "shortName": "M Vijay", "nationality": "Indian", "dateOfBirth": "1984-04-01", "rightArmedBowl": false, "rightHandedBat": false}, {"id": 20, "fullName": "Michael Hussey", "shortName": "M Hussey", "nationality": "Australian", "dateOfBirth": "1975-05-27", "rightArmedBowl": true, "rightHandedBat": false, "bowlingStyle": "MEDIUM_SEAM"}, {"id": 14, "fullName": "Suresh Raina", "shortName": "S Raina", "nationality": "Indian", "dateOfBirth": "1986-11-27", "rightArmedBowl": true, "rightHandedBat": false, "bowlingStyle": "OFF_SPIN"}, {"id": 12, "fullName": "Subramaniam Badrinath", "shortName": "S Badrinath", "nationality": "Indian", "dateOfBirth": "1980-08-30", "rightArmedBowl": false, "rightHandedBat": false}, {"id": 9, "fullName": "Ravindra Jadeja", "shortName": "R Jadeja", "nationality": "Indian", "dateOfBirth": "1988-12-06", "rightArmedBowl": false, "rightHandedBat": false, "bowlingStyle": "ORTHODOX"}, {"id": 1, "fullName": "MS Dhoni", "shortName": "MS Dhoni", "nationality": "Indian", "dateOfBirth": "1981-07-07", "rightArmedBowl": true, "rightHandedBat": true, "bowlingStyle": "MEDIUM_SEAM"}, {"id": 25, "fullName": "Dwayne Bravo", "shortName": "DJ Bravo", "nationality": "West Indian", "dateOfBirth": "1983-10-07", "rightArmedBowl": true, "rightHandedBat": true, "bowlingStyle": "MEDIUM_SEAM"}, {"id": 26, "fullName": "Albie Morkel", "shortName": "A Morkel", "nationality": "South African", "dateOfBirth": "1981-06-10", "rightArmedBowl": false, "rightHandedBat": false}, {"id": 836, "fullName": "Chris Morris", "shortName": "C Morris", "nationality": "South African", "dateOfBirth": "1987-04-30", "rightArmedBowl": true, "rightHandedBat": true, "bowlingStyle": "FAST_SEAM"}, {"id": 8, "fullName": "Ravichandran Ashwin", "shortName": "R Ashwin", "nationality": "Indian", "dateOfBirth": "1986-09-17", "rightArmedBowl": true, "rightHandedBat": true, "bowlingStyle": "OFF_SPIN"}, {"id": 1107, "fullName": "Mohit Sharma", "shortName": "M Sharma", "nationality": "Indian", "dateOfBirth": "1991-12-19", "rightArmedBowl": false, "rightHandedBat": true}], "wicketKeeper": {"id": 1, "fullName": "MS Dhoni", "shortName": "MS Dhoni", "nationality": "Indian", "dateOfBirth": "1981-07-07", "rightArmedBowl": true, "rightHandedBat": true, "bowlingStyle": "MEDIUM_SEAM"}, "captain": {"id": 1, "fullName": "MS Dhoni", "shortName": "MS Dhoni", "nationality": "Indian", "dateOfBirth": "1981-07-07", "rightArmedBowl": true, "rightHandedBat": true, "bowlingStyle": "MEDIUM_SEAM"}}], "venue": {"id": 2, "fullName": "Eden Gardens", "shortName": "Eden Gardens", "city": "Kolkata", "country": "India"}, "matchDate": "2013-04-20T16:00:00+0530", "matchEndDate": "2013-04-20T23:00:00+0530", "matchDateMs": 1366453800000, "matchEndDateMs": 1366479000000, "isLimitedOvers": true, "battingOrder": [0, 1], "matchBroadcast": false, "matchState": "C", "matchStatus": {"outcome": "B", "text": "Chennai Super Kings won by 4 wickets"}, "description": "Match 26", "matchSummary": "", "matchType": "IPLT20", "tournamentLabel": "IPL 2013", "oversLimit": 20, "groupName": ""}, "matchId": {"id": 640, "name": "ipl2013-26", "tournamentId": {"id": 605, "name": "ipl2013", "provisional": false}}, "currentState": {"inProgress": false, "phase": "C", "currentInningsIndex": 1, "currentBatsmen": [9, 25], "facingBatsman": 9, "nonFacingBatsman": 25, "currentBowler": 96, "currentBowlerCurrentSpell": {"playerId": 96, "ov": "0.1", "r": 6, "w": 0, "d": 0, "maid": 0, "e": "36.00", "wd": 0, "nb": 0}, "previousBowler": 198, "previousBowlerCurrentSpell": {"playerId": 198, "ov": "1", "r": 15, "w": 0, "d": 0, "maid": 0, "e": "15.00", "wd": 0, "nb": 0}, "currentPartnership": 35, "partnership": {"runs": 35, "balls": 14, "runRate": "15.00"}, "recentOvers": [{"ovNo": 15, "ovBalls": ["1", "1", ".", "1", ".", "1"]}, {"ovNo": 16, "ovBalls": ["1", ".", "W", "1", "6", "2"]}, {"ovNo": 17, "ovBalls": ["6", "1", "1Lb", "1", "W", "4"]}, {"ovNo": 18, "ovBalls": ["1", "6", ".", "1Lb", "1", "1"]}, {"ovNo": 19, "ovBalls": ["4", "4", "1", "4", "1", "1"]}, {"ovNo": 20, "ovBalls": ["6"]}]}, "innings": [{"inningsNumber": 1, "runRate": "5.95", "overProgress": "20", "declared": false, "scorecard": {"runs": 119, "wkts": 9, "allOut": false, "battingStats": [{"playerId": 84, "r": 25, "b": 19, "sr": "131.57", "4s": 5, "6s": 0, "mod": {"dismissedBp": {"innings": 1, "over": 6, "ball": 5}, "countingBp": {"innings": 1, "over": 6, "ball": 5}, "text": "c Michael Hussey b Chris Morris", "bowlerId": 836, "additionalPlayerIds": [20], "dismissedMethod": "ct", "isOut": true}}, {"playerId": 96, "r": 25, "b": 22, "sr": "113.63", "4s": 4, "6s": 0, "mod": {"dismissedBp": {"innings": 1, "over": 8, "ball": 6}, "countingBp": {"innings": 1, "over": 8, "ball": 6}, "text": "run out (Dwayne Bravo)", "bowlerId": 25, "additionalPlayerIds": [25], "dismissedMethod": "ro", "isOut": true}}, {"playerId": 198, "r": 0, "b": 0, "4s": 0, "6s": 0, "mod": {"dismissedBp": {"innings": 1, "over": 7, "ball": 1}, "countingBp": {"innings": 1, "over": 7, "ball": 1}, "text": "run out (Subramaniam Badrinath)", "bowlerId": 1107, "additionalPlayerIds": [12], "dismissedMethod": "ro", "isOut": true}}, {"playerId": 197, "r": 2, "b": 7, "sr": "28.57", "4s": 0, "6s": 0, "mod": {"dismissedBp": {"innings": 1, "over": 8, "ball": 4}, "countingBp": {"innings": 1, "over": 8, "ball": 4}, "text": "c Ravindra Jadeja b Dwayne Bravo", "bowlerId": 25, "additionalPlayerIds": [9], "dismissedMethod": "ct", "isOut": true}}, {"playerId": 89, "r": 13, "b": 18, "sr": "72.22", "4s": 0, "6s": 0, "mod": {"dismissedBp": {"innings": 1, "over": 15, "ball": 1}, "countingBp": {"innings": 1, "over": 15, "ball": 1}, "text": "c Mohit Sharma b Ravichandran Ashwin", "bowlerId": 8, "additionalPlayerIds": [1107], "dismissedMethod": "ct", "isOut": true}}, {"playerId": 259, "r": 19, "b": 15, "sr": "126.66", "4s": 0, "6s": 2, "mod": {"dismissedBp": {"innings": 1, "over": 13, "ball": 4}, "countingBp": {"innings": 1, "over": 13, "ball": 4}, "text": "lbw Ravichandran Ashwin", "bowlerId": 8, "dismissedMethod": "lbw", "isOut": true}}, {"playerId": 92, "r": 1, "b": 10, "sr": "10.00", "4s": 0, "6s": 0, "mod": {"dismissedBp": {"innings": 1, "over": 16, "ball": 3}, "countingBp": {"innings": 1, "over": 16, "ball": 3}, "text": "c & b Ravindra Jadeja", "bowlerId": 9, "additionalPlayerIds": [9], "dismissedMethod": "ct", "isOut": true}}, {"playerId": 88, "r": 1, "b": 3, "sr": "33.33", "4s": 0, "6s": 0, "mod": {"dismissedBp": {"innings": 1, "over": 16, "ball": 5}, "countingBp": {"innings": 1, "over": 16, "ball": 5}, "text": "lbw Ravindra Jadeja", "bowlerId": 9, "dismissedMethod": "lbw", "isOut": true}}, {"playerId": 811, "r": 7, "b": 13, "sr": "53.84", "4s": 0, "6s": 0}, {"playerId": 203, "r": 13, "b": 6, "sr": "216.66", "4s": 0, "6s": 2, "mod": {"dismissedBp": {"innings": 1, "over": 18, "ball": 3}, "countingBp": {"innings": 1, "over": 18, "ball": 3}, "text": "c Mohit Sharma b Ravindra Jadeja", "bowlerId": 9, "additionalPlayerIds": [1107], "dismissedMethod": "ct", "isOut": true}}, {"playerId": 87, "r": 9, "b": 7, "sr": "128.57", "4s": 1, "6s": 0}], "bowlingStats": [{"playerId": 26, "ov": "4", "r": 36, "w": 0, "d": 7, "maid": 0, "e": "9.00", "wd": 1, "nb": 0}, {"playerId": 1107, "ov": "3", "r": 13, "w": 0, "d": 12, "maid": 0, "e": "4.33", "wd": 0, "nb": 0}, {"playerId": 836, "ov": "3", "r": 12, "w": 1, "d": 10, "maid": 0, "e": "4.00", "wd": 0, "nb": 0}, {"playerId": 25, "ov": "2", "r": 14, "w": 1, "d": 6, "maid": 0, "e": "7.00", "wd": 0, "nb": 0}, {"playerId": 8, "ov": "4", "r": 21, "w": 2, "d": 14, "maid": 1, "e": "5.25", "wd": 0, "nb": 0}, {"playerId": 9, "ov": "4", "r": 20, "w": 3, "d": 11, "maid": 0, "e": "5.00", "wd": 0, "nb": 0}], "fow": [{"bp": {"innings": 1, "over": 6, "ball": 5}, "playerId": 84, "ret": false, "w": 1, "r": 46}, {"bp": {"innings": 1, "over": 7, "ball": 1}, "playerId": 198, "ret": false, "w": 2, "r": 47}, {"bp": {"innings": 1, "over": 8, "ball": 4}, "playerId": 197, "ret": false, "w": 3, "r": 50}, {"bp": {"innings": 1, "over": 8, "ball": 6}, "playerId": 96, "ret": false, "w": 4, "r": 55}, {"bp": {"innings": 1, "over": 13, "ball": 4}, "playerId": 259, "ret": false, "w": 5, "r": 82}, {"bp": {"innings": 1, "over": 15, "ball": 1}, "playerId": 89, "ret": false, "w": 6, "r": 89}, {"bp": {"innings": 1, "over": 16, "ball": 3}, "playerId": 92, "ret": false, "w": 7, "r": 90}, {"bp": {"innings": 1, "over": 16, "ball": 5}, "playerId": 88, "ret": false, "w": 8, "r": 91}, {"bp": {"innings": 1, "over": 18, "ball": 3}, "playerId": 203, "ret": false, "w": 9, "r": 107}], "extras": {"noBallRuns": 0, "wideRuns": 1, "byeRuns": 0, "legByeRuns": 3, "penaltyRuns": 0}, "declared": false}, "overHistory": [{"ovNo": 1, "ovBalls": ["4", "1Wd", ".", ".", "4", "1", "1"]}, {"ovNo": 2, "ovBalls": ["4", ".", "4", ".", "1", "."]}, {"ovNo": 3, "ovBalls": [".", "1", ".", "4", "1Lb", "1"]}, {"ovNo": 4, "ovBalls": ["4", "1Lb", ".", "1", ".", "."]}, {"ovNo": 5, "ovBalls": ["1", ".", "1", "4", "4", "1"]}, {"ovNo": 6, "ovBalls": [".", ".", "1", "1", "W", "1"]}, {"ovNo": 7, "ovBalls": ["W", ".", "2", ".", ".", "."]}, {"ovNo": 8, "ovBalls": [".", "1", ".", "W", "4", "1W"]}, {"ovNo": 9, "ovBalls": [".", ".", "1", ".", "1", "."]}, {"ovNo": 10, "ovBalls": [".", "1", ".", "1", ".", "6"]}, {"ovNo": 11, "ovBalls": ["1", ".", ".", ".", "1", "1"]}, {"ovNo": 12, "ovBalls": ["1", "1", ".", "1", "1", "1"]}, {"ovNo": 13, "ovBalls": ["1", "6", "2", "W", ".", "."]}, {"ovNo": 14, "ovBalls": ["2", "1Lb", ".", "1", "2", "1"]}, {"ovNo": 15, "ovBalls": ["W", ".", ".", ".", ".", "."]}, {"ovNo": 16, "ovBalls": [".", "1", "W", "1", "W", "."]}, {"ovNo": 17, "ovBalls": [".", "1", ".", "6", "1", "1"]}, {"ovNo": 18, "ovBalls": ["1", "6", "W", ".", ".", "."]}, {"ovNo": 19, "ovBalls": [".", "1", "1", "4", "1", "1"]}, {"ovNo": 20, "ovBalls": [".", "1", "2", ".", "1", "."]}]}, {"inningsNumber": 2, "runRate": "6.46", "overProgress": "19.1", "declared": false, "scorecard": {"runs": 124, "wkts": 6, "allOut": false, "battingStats": [{"playerId": 20, "r": 40, "b": 51, "sr": "78.43", "4s": 2, "6s": 1, "mod": {"dismissedBp": {"innings": 2, "over": 17, "ball": 5}, "countingBp": {"innings": 2, "over": 17, "ball": 5}, "text": "c Yusuf Pathan b Lakshmipathy Balaji", "bowlerId": 87, "additionalPlayerIds": [96], "dismissedMethod": "ct", "isOut": true}}, {"playerId": 8, "r": 11, "b": 13, "sr": "84.61", "4s": 2, "6s": 0, "mod": {"dismissedBp": {"innings": 2, "over": 5, "ball": 3}, "countingBp": {"innings": 2, "over": 5, "ball": 3}, "text": "c Sachithra Senanayake b Sunil Narine", "bowlerId": 203, "additionalPlayerIds": [811], "dismissedMethod": "ct", "isOut": true}}, {"playerId": 7, "r": 2, "b": 5, "sr": "40.00", "4s": 0, "6s": 0, "mod": {"dismissedBp": {"innings": 2, "over": 8, "ball": 2}, "countingBp": {"innings": 2, "over": 8, "ball": 2}, "text": "lbw Sachithra Senanayake", "bowlerId": 811, "dismissedMethod": "lbw", "isOut": true}}, {"playerId": 14, "r": 7, "b": 8, "sr": "87.50", "4s": 1, "6s": 0, "mod": {"dismissedBp": {"innings": 2, "over": 9, "ball": 6}, "countingBp": {"innings": 2, "over": 9, "ball": 6}, "text": "c Sunil Narine b Yusuf Pathan", "bowlerId": 96, "additionalPlayerIds": [203], "dismissedMethod": "ct", "isOut": true}}, {"playerId": 1, "r": 9, "b": 7, "sr": "128.57", "4s": 0, "6s": 0, "mod": {"dismissedBp": {"innings": 2, "over": 12, "ball": 3}, "countingBp": {"innings": 2, "over": 12, "ball": 3}, "text": "run out (Eoin Morgan)", "bowlerId": 198, "additionalPlayerIds": [197], "dismissedMethod": "ro", "isOut": true}}, {"playerId": 12, "r": 6, "b": 13, "sr": "46.15", "4s": 0, "6s": 0, "mod": {"dismissedBp": {"innings": 2, "over": 16, "ball": 3}, "countingBp": {"innings": 2, "over": 16, "ball": 3}, "text": "b Jacques Kallis", "bowlerId": 198, "dismissedMethod": "b", "isOut": true}}, {"playerId": 9, "r": 36, "b": 14, "sr": "257.14", "4s": 3, "6s": 3}, {"playerId": 25, "r": 7, "b": 4, "sr": "175.00", "4s": 1, "6s": 0}], "bowlingStats": [{"playerId": 87, "ov": "4", "r": 28, "w": 1, "d": 11, "maid": 0, "e": "7.00", "wd": 1, "nb": 0}, {"playerId": 811, "ov": "4", "r": 18, "w": 1, "d": 16, "maid": 0, "e": "4.50", "wd": 0, "nb": 0}, {"playerId": 203, "ov": "4", "r": 20, "w": 1, "d": 9, "maid": 0, "e": "5.00", "wd": 0, "nb": 0}, {"playerId": 96, "ov": "1.1", "r": 9, "w": 1, "d": 3, "maid": 0, "e": "7.71", "wd": 0, "nb": 0}, {"playerId": 92, "ov": "2", "r": 12, "w": 0, "d": 2, "maid": 0, "e": "6.00", "wd": 0, "nb": 0}, {"playerId": 198, "ov": "4", "r": 32, "w": 1, "d": 8, "maid": 0, "e": "8.00", "wd": 0, "nb": 0}], "fow": [{"bp": {"innings": 2, "over": 5, "ball": 3}, "playerId": 8, "ret": false, "w": 1, "r": 24}, {"bp": {"innings": 2, "over": 8, "ball": 2}, "playerId": 7, "ret": false, "w": 2, "r": 31}, {"bp": {"innings": 2, "over": 9, "ball": 6}, "playerId": 14, "ret": false, "w": 3, "r": 40}, {"bp": {"innings": 2, "over": 12, "ball": 3}, "playerId": 1, "ret": false, "w": 4, "r": 54}, {"bp": {"innings": 2, "over": 16, "ball": 3}, "playerId": 12, "ret": false, "w": 5, "r": 71}, {"bp": {"innings": 2, "over": 17, "ball": 5}, "playerId": 20, "ret": false, "w": 6, "r": 89}], "extras": {"noBallRuns": 0, "wideRuns": 1, "byeRuns": 1, "legByeRuns": 4, "penaltyRuns": 0}, "declared": false}, "overHistory": [{"ovNo": 1, "ovBalls": ["1B", ".", "1", "1", "4", "."]}, {"ovNo": 2, "ovBalls": [".", "4", ".", ".", "1", "."]}, {"ovNo": 3, "ovBalls": [".", "4", ".", "1Wd", ".", ".", "."]}, {"ovNo": 4, "ovBalls": [".", ".", ".", ".", "4", "1"]}, {"ovNo": 5, "ovBalls": ["1", "1", "W", "1", "1", "."]}, {"ovNo": 6, "ovBalls": [".", ".", ".", ".", ".", "1"]}, {"ovNo": 7, "ovBalls": [".", ".", "1", "1", "1", "."]}, {"ovNo": 8, "ovBalls": ["1", "W", ".", "2", "4", "."]}, {"ovNo": 9, "ovBalls": ["1", ".", ".", "1", "1", "W"]}, {"ovNo": 10, "ovBalls": ["1", "1", "1", "3", "1", "1"]}, {"ovNo": 11, "ovBalls": ["1", "1", "1", ".", "1", "1"]}, {"ovNo": 12, "ovBalls": ["1", ".", "W", "1", ".", "1"]}, {"ovNo": 13, "ovBalls": [".", "1", "1", "1", ".", "1"]}, {"ovNo": 14, "ovBalls": ["2", "1", ".", "1", "1Lb", "1Lb"]}, {"ovNo": 15, "ovBalls": ["1", "1", ".", "1", ".", "1"]}, {"ovNo": 16, "ovBalls": ["1", ".", "W", "1", "6", "2"]}, {"ovNo": 17, "ovBalls": ["6", "1", "1Lb", "1", "W", "4"]}, {"ovNo": 18, "ovBalls": ["1", "6", ".", "1Lb", "1", "1"]}, {"ovNo": 19, "ovBalls": ["4", "4", "1", "4", "1", "1"]}, {"ovNo": 20, "ovBalls": ["6"]}]}]}