{"matchInfo": {"additionalInfo": {"toss.elected": "Rajasthan Royals, who chose to field", "notes.1.1": "Powerplay - 52 runs, 2 wickets", "notes.1.2": "RCB: 50 runs in 5.4 overs", "notes.1.3": "3rd Wicket: 50 runs in 34 balls (AB de Villiers 33, Mandeep Singh 14)", "notes.1.4": "RCB: 100 runs in 11.4 overs", "notes.1.5": "AB de Villiers: 50 off 41 balls (9 x fours, 1 x six)", "notes.1.6": "RCB: 150 runs in 16.2 overs", "notes.1.7": "RCB: 200 runs in 19.6 overs", "notes.1.8": "Innings Break: RCB - 200/7 in 20 overs", "referee.name": "Ranjan Madugalle", "report.thumb": "http://static2.iplt20.com/cms/media/images/320x213/39102.jpg", "home.team.fan.total": "10786", "match.summary": "No Result", "umpire.name.1": "Johan Cloete", "photostream.link": "http://www.iplt20.com/photos/277/ipl-2015-match-29-rcb-v-rr", "umpire.name.2": "Pashchim Pathak", "toss.winner": "Rajasthan Royals", "umpire.name.3": "Chettithody Shamshuddin", "umpire.name.4": "Virender Sharma", "away.team.fan.total": "7968"}, "teams": [{"id": 3713, "team": {"id": 9, "fullName": "Royal Challengers Bangalore", "shortName": "Challengers", "abbreviation": "RCB", "type": "m", "primaryColor": "000000", "secondaryColor": "FF3245"}, "players": [{"id": 236, "fullName": "Chris Gayle", "shortName": "C Gayle", "nationality": "West Indian", "dateOfBirth": "1979-09-21", "rightArmedBowl": true, "rightHandedBat": false, "bowlingStyle": "OFF_SPIN"}, {"id": 164, "fullName": "Virat Kohli", "shortName": "V Kohli", "nationality": "Indian", "dateOfBirth": "1988-11-05", "rightArmedBowl": true, "rightHandedBat": true, "bowlingStyle": "MEDIUM_SEAM"}, {"id": 72, "fullName": "Mandeep Singh", "shortName": "M Singh", "nationality": "Indian", "dateOfBirth": "1991-12-18", "rightArmedBowl": true, "rightHandedBat": true}, {"id": 233, "fullName": "AB de Villiers", "shortName": "AB de Villiers", "nationality": "South African", "dateOfBirth": "1984-02-17", "rightArmedBowl": true, "rightHandedBat": true, "bowlingStyle": "MEDIUM_SEAM"}, {"id": 102, "fullName": "Dinesh Karthik", "shortName": "D Karthik", "nationality": "Indian", "dateOfBirth": "1985-06-01", "rightArmedBowl": true, "rightHandedBat": true, "bowlingStyle": "OFF_SPIN"}, {"id": 1564, "fullName": "Sarfaraz Khan", "shortName": "SN Khan", "nationality": "Indian", "dateOfBirth": "1997-10-22", "rightArmedBowl": true, "rightHandedBat": true, "bowlingStyle": "LEG_SPIN"}, {"id": 869, "fullName": "David Wiese", "shortName": "D Wiese", "nationality": "Namibian", "dateOfBirth": "1985-05-18", "rightArmedBowl": true, "rightHandedBat": true, "bowlingStyle": "MEDIUM_SEAM"}, {"id": 157, "fullName": "Harshal Patel", "shortName": "H Patel", "nationality": "Indian", "dateOfBirth": "1990-11-23", "rightArmedBowl": true, "rightHandedBat": true, "bowlingStyle": "MEDIUM_SEAM"}, {"id": 490, "fullName": "Mitchell Starc", "shortName": "M Starc", "nationality": "Australian", "dateOfBirth": "1990-01-30", "rightArmedBowl": false, "rightHandedBat": false, "bowlingStyle": "FAST_SEAM"}, {"id": 61, "fullName": "Varun Aaron", "shortName": "V Aaron", "nationality": "Indian", "dateOfBirth": "1989-10-29", "rightArmedBowl": true, "rightHandedBat": true}, {"id": 111, "fullName": "Yuzvendra Chahal", "shortName": "Y Chahal", "nationality": "Indian", "dateOfBirth": "1990-07-23", "rightArmedBowl": true, "rightHandedBat": true, "bowlingStyle": "LEG_SPIN"}], "wicketKeeper": {"id": 102, "fullName": "Dinesh Karthik", "shortName": "D Karthik", "nationality": "Indian", "dateOfBirth": "1985-06-01", "rightArmedBowl": true, "rightHandedBat": true, "bowlingStyle": "OFF_SPIN"}, "captain": {"id": 164, "fullName": "Virat Kohli", "shortName": "V Kohli", "nationality": "Indian", "dateOfBirth": "1988-11-05", "rightArmedBowl": true, "rightHandedBat": true, "bowlingStyle": "MEDIUM_SEAM"}}, {"id": 3712, "team": {"id": 8, "fullName": "Rajasthan Royals", "shortName": "Royals", "abbreviation": "RR", "type": "m", "primaryColor": "004B8C", "secondaryColor": "FFFFFF"}, "players": [{"id": 135, "fullName": "Ajinkya Rahane", "shortName": "A Rahane", "nationality": "Indian", "dateOfBirth": "1988-06-06", "rightArmedBowl": true, "rightHandedBat": true, "bowlingStyle": "MEDIUM_SEAM"}, {"id": 227, "fullName": "Shane Watson", "shortName": "S Watson", "nationality": "Australian", "dateOfBirth": "1981-06-17", "rightArmedBowl": true, "rightHandedBat": true, "bowlingStyle": "MEDIUM_SEAM"}, {"id": 271, "fullName": "Steve Smith", "shortName": "S Smith", "nationality": "Australian", "dateOfBirth": "1989-06-02", "rightArmedBowl": true, "rightHandedBat": true, "bowlingStyle": "LEG_SPIN"}, {"id": 276, "fullName": "Karun Nair", "shortName": "K Nair", "nationality": "Indian", "dateOfBirth": "1991-12-06", "rightArmedBowl": true, "rightHandedBat": true, "bowlingStyle": "OFF_SPIN"}, {"id": 1556, "fullName": "Deepak Hooda", "shortName": "D Hooda", "nationality": "Indian", "dateOfBirth": "1995-04-19", "rightArmedBowl": true, "rightHandedBat": true, "bowlingStyle": "OFF_SPIN"}, {"id": 258, "fullName": "Sanju Samson", "shortName": "S Samson", "nationality": "Indian", "dateOfBirth": "1994-11-11", "rightArmedBowl": true, "rightHandedBat": true}, {"id": 148, "fullName": "Stuart Binny", "shortName": "S Binny", "nationality": "Indian", "dateOfBirth": "1984-06-03", "rightArmedBowl": true, "rightHandedBat": true}, {"id": 193, "fullName": "James Faulkner", "shortName": "J Faulkner", "nationality": "Australian", "dateOfBirth": "1990-04-29", "rightArmedBowl": false, "rightHandedBat": true}, {"id": 307, "fullName": "Tim Southee", "shortName": "T Southee", "nationality": "New Zealander", "dateOfBirth": "1988-12-11", "rightArmedBowl": true, "rightHandedBat": true, "bowlingStyle": "MEDIUM_SEAM"}, {"id": 101, "fullName": "Dhawal Kulkarni", "shortName": "D Kulkarni", "nationality": "Indian", "dateOfBirth": "1988-12-10", "rightArmedBowl": true, "rightHandedBat": true, "bowlingStyle": "MEDIUM_SEAM"}, {"id": 1114, "fullName": "Pravin Tambe", "shortName": "P Tambe", "nationality": "Indian", "dateOfBirth": "1971-10-08", "rightArmedBowl": true, "rightHandedBat": true, "bowlingStyle": "LEG_SPIN"}], "wicketKeeper": {"id": 258, "fullName": "Sanju Samson", "shortName": "S Samson", "nationality": "Indian", "dateOfBirth": "1994-11-11", "rightArmedBowl": true, "rightHandedBat": true}, "captain": {"id": 227, "fullName": "Shane Watson", "shortName": "S Watson", "nationality": "Australian", "dateOfBirth": "1981-06-17", "rightArmedBowl": true, "rightHandedBat": true, "bowlingStyle": "MEDIUM_SEAM"}}], "venue": {"id": 5, "fullName": "M. Chinnaswamy Stadium", "shortName": "M. Chinnaswamy Stadium", "city": "Bengaluru", "country": "India"}, "matchDate": "2015-04-29T20:00:00+0530", "matchEndDate": "2015-04-29T23:00:00+0530", "matchDateMs": 1430317800000, "matchEndDateMs": 1430328600000, "isLimitedOvers": true, "battingOrder": [0, 1], "matchBroadcast": false, "matchState": "C", "matchStatus": {"outcome": "N", "text": "No Result"}, "description": "Match 29", "matchSummary": "No Result", "matchType": "IPLT20", "tournamentLabel": "IPL 2015", "oversLimit": 20, "groupName": ""}, "matchId": {"id": 3254, "name": "ipl2015-29", "tournamentId": {"id": 2785, "name": "ipl2015", "provisional": false}}, "currentState": {"inProgress": false, "phase": "C", "currentInningsIndex": 0, "currentBatsmen": [1564, -1], "facingBatsman": 1564, "nonFacingBatsman": -1, "currentBowler": -1, "previousBowler": 101, "previousBowlerCurrentSpell": {"playerId": 101, "ov": "1", "r": 13, "w": 1, "d": 3, "maid": 0, "e": "13.00", "wd": 1, "nb": 0}, "currentPartnership": 16, "partnership": {"runs": 16, "balls": 7, "runRate": "13.71"}, "recentOvers": [{"ovNo": 15, "ovBalls": ["1", "1", ".", "2", "1", "1"]}, {"ovNo": 16, "ovBalls": ["1", ".", "1Wd", "1", "4", "1", "4"]}, {"ovNo": 17, "ovBalls": ["4", "4", "2NbW", "1", "1", "1", "1Wd", "1"]}, {"ovNo": 18, "ovBalls": ["4", "6", "1", "1", "4", "2"]}, {"ovNo": 19, "ovBalls": ["1Wd", "4", ".", "4", ".", "W", "4"]}, {"ovNo": 20, "ovBalls": ["6", "1B", "2", ".", "2", "1W"]}]}, "innings": [{"inningsNumber": 1, "runRate": "10.00", "overProgress": "20", "declared": false, "scorecard": {"runs": 200, "wkts": 7, "allOut": false, "battingStats": [{"playerId": 236, "r": 10, "b": 4, "sr": "250.00", "4s": 1, "6s": 1, "mod": {"dismissedBp": {"innings": 1, "over": 1, "ball": 4}, "countingBp": {"innings": 1, "over": 1, "ball": 4}, "text": "c Deepak Hooda b Tim Southee", "bowlerId": 307, "additionalPlayerIds": [1556], "dismissedMethod": "ct", "isOut": true}}, {"playerId": 164, "r": 1, "b": 4, "sr": "25.00", "4s": 0, "6s": 0, "mod": {"dismissedBp": {"innings": 1, "over": 3, "ball": 2}, "countingBp": {"innings": 1, "over": 3, "ball": 2}, "text": "c Sanju Samson b Tim Southee", "bowlerId": 307, "additionalPlayerIds": [258], "dismissedMethod": "ct", "isOut": true}}, {"playerId": 233, "r": 57, "b": 45, "sr": "126.66", "4s": 9, "6s": 1, "mod": {"dismissedBp": {"innings": 1, "over": 14, "ball": 5}, "countingBp": {"innings": 1, "over": 14, "ball": 5}, "text": "run out (Deepak Hooda)", "bowlerId": 148, "additionalPlayerIds": [1556], "dismissedMethod": "ro", "isOut": true}}, {"playerId": 72, "r": 27, "b": 20, "sr": "135.00", "4s": 4, "6s": 0, "mod": {"dismissedBp": {"innings": 1, "over": 12, "ball": 1}, "countingBp": {"innings": 1, "over": 12, "ball": 1}, "text": "lbw Stuart Binny", "bowlerId": 148, "dismissedMethod": "lbw", "isOut": true}}, {"playerId": 102, "r": 27, "b": 18, "sr": "150.00", "4s": 3, "6s": 1, "mod": {"dismissedBp": {"innings": 1, "over": 17, "ball": 3}, "countingBp": {"innings": 1, "over": 17, "ball": 2}, "text": "run out (Tim Southee)", "bowlerId": 227, "additionalPlayerIds": [307], "dismissedMethod": "ro", "isOut": true}}, {"playerId": 1564, "r": 45, "b": 21, "sr": "214.28", "4s": 6, "6s": 1}, {"playerId": 869, "r": 11, "b": 8, "sr": "137.50", "4s": 2, "6s": 0, "mod": {"dismissedBp": {"innings": 1, "over": 19, "ball": 6}, "countingBp": {"innings": 1, "over": 19, "ball": 5}, "text": "c Tim Southee b Dhawal Kulkarni", "bowlerId": 101, "additionalPlayerIds": [307], "dismissedMethod": "ct", "isOut": true}}, {"playerId": 157, "r": 6, "b": 2, "sr": "300.00", "4s": 0, "6s": 1, "mod": {"dismissedBp": {"innings": 1, "over": 20, "ball": 6}, "countingBp": {"innings": 1, "over": 20, "ball": 6}, "text": "run out (Ajinkya Rahane)", "bowlerId": 307, "additionalPlayerIds": [135], "dismissedMethod": "ro", "isOut": true}}], "bowlingStats": [{"playerId": 307, "ov": "4", "r": 32, "w": 2, "d": 12, "maid": 0, "e": "8.00", "wd": 0, "nb": 1}, {"playerId": 101, "ov": "4", "r": 36, "w": 1, "d": 12, "maid": 0, "e": "9.00", "wd": 2, "nb": 0}, {"playerId": 193, "ov": "2", "r": 26, "w": 0, "d": 2, "maid": 0, "e": "13.00", "wd": 1, "nb": 0}, {"playerId": 227, "ov": "3", "r": 27, "w": 0, "d": 6, "maid": 0, "e": "9.00", "wd": 3, "nb": 1}, {"playerId": 1114, "ov": "3", "r": 39, "w": 0, "d": 2, "maid": 0, "e": "13.00", "wd": 0, "nb": 0}, {"playerId": 148, "ov": "4", "r": 32, "w": 1, "d": 13, "maid": 0, "e": "8.00", "wd": 0, "nb": 0}], "fow": [{"bp": {"innings": 1, "over": 1, "ball": 4}, "playerId": 236, "ret": false, "w": 1, "r": 10}, {"bp": {"innings": 1, "over": 3, "ball": 2}, "playerId": 164, "ret": false, "w": 2, "r": 19}, {"bp": {"innings": 1, "over": 12, "ball": 1}, "playerId": 72, "ret": false, "w": 3, "r": 93}, {"bp": {"innings": 1, "over": 14, "ball": 5}, "playerId": 233, "ret": false, "w": 4, "r": 124}, {"bp": {"innings": 1, "over": 17, "ball": 2}, "playerId": 102, "ret": false, "w": 5, "r": 152}, {"bp": {"innings": 1, "over": 19, "ball": 5}, "playerId": 869, "ret": false, "w": 6, "r": 184}, {"bp": {"innings": 1, "over": 20, "ball": 6}, "playerId": 157, "ret": false, "w": 7, "r": 200}], "extras": {"noBallRuns": 2, "wideRuns": 6, "byeRuns": 5, "legByeRuns": 3, "penaltyRuns": 0}, "declared": false}, "overHistory": [{"ovNo": 1, "ovBalls": [".", "4", "6", "W", ".", "."]}, {"ovNo": 2, "ovBalls": [".", "1", "4", ".", ".", "4B"]}, {"ovNo": 3, "ovBalls": [".", "W", "4", "1", "1Lb", "."]}, {"ovNo": 4, "ovBalls": [".", "4", ".", "4", ".", "."]}, {"ovNo": 5, "ovBalls": ["1", "4", "4", "4", ".", "1"]}, {"ovNo": 6, "ovBalls": [".", ".", "1Wd", ".", "1Wd", "1", "1", "1"]}, {"ovNo": 7, "ovBalls": [".", "4", "4", "1", "2", "4"]}, {"ovNo": 8, "ovBalls": [".", ".", ".", "1", ".", "1"]}, {"ovNo": 9, "ovBalls": ["1", "4", ".", ".", ".", "2"]}, {"ovNo": 10, "ovBalls": ["4", ".", "2", ".", "1Lb", "."]}, {"ovNo": 11, "ovBalls": ["1", "1", "4", ".", "1Wd", "1", "2"]}, {"ovNo": 12, "ovBalls": ["W", "1", "2", "6", "1", "."]}, {"ovNo": 13, "ovBalls": ["2Nb", ".", "1", "1Lb", "1", "1", "1"]}, {"ovNo": 14, "ovBalls": ["6", ".", "4", "4", "W", "."]}, {"ovNo": 15, "ovBalls": ["1", "1", ".", "2", "1", "1"]}, {"ovNo": 16, "ovBalls": ["1", ".", "1Wd", "1", "4", "1", "4"]}, {"ovNo": 17, "ovBalls": ["4", "4", "2NbW", "1", "1", "1", "1Wd", "1"]}, {"ovNo": 18, "ovBalls": ["4", "6", "1", "1", "4", "2"]}, {"ovNo": 19, "ovBalls": ["1Wd", "4", ".", "4", ".", "W", "4"]}, {"ovNo": 20, "ovBalls": ["6", "1B", "2", ".", "2", "1W"]}]}]}