{"matchInfo": {"additionalInfo": {"referee.name": "Andy Pycroft", "match.photo.id": "10975", "match.summary": "", "umpire.name.1": "Vineet Kulkarni", "umpire.name.2": "Chettithody Shamsuddin", "umpire.name.3": "Krishnaraj Srinath", "umpire.name.4": "Karumanaseri Ananthapadmanabhan", "away.team.fan.total": "26997", "result.playerofthematch": "Chris Gayle", "toss.elected": "Mumbai Indians, who chose to field", "notes.1.1": "Powerplay - 31 runs, 2 wickets", "notes.1.2": "RCB: 50 runs in 8.5 overs", "notes.2.1": "Powerplay - 38 runs, 0 wicket", "notes.1.3": "Chris Gayle: 50 off 38 balls (6 x fours, 2 x six)", "notes.2.2": "MI: 50 runs in 7.1 overs", "notes.1.4": "RCB: 100 runs in 14.5 overs", "notes.2.3": "1st Wicket: 50 runs in 43 balls (Ricky Ponting 26, Sachin Tendulkar 23)", "notes.1.5": "6th Wicket: 50 runs in 32 balls (Chris Gayle 32, Arun Karthik 14)", "notes.2.4": "MI: 100 runs in 15.1 overs", "notes.1.6": "RCB: 150 runs in 19.5 overs", "notes.1.7": "Innings Break: RCB - 156/5 in 20 overs", "highlights.link": "http://iplt20.com/videos/media/id/e7a022b71e87483bb786af377afdc6a8/m2-rcb-vs-mi-match-highlights", "match.video.id": "e7a022b71e87483bb786af377afdc6a8", "home.team.fan.total": "18259", "photostream.link": "http://www.iplt20.com/photos/103/ipl-2013-match-2-rcb-v-mi", "toss.winner": "Mumbai Indians"}, "teams": [{"id": 1391, "team": {"id": 9, "fullName": "Royal Challengers Bangalore", "shortName": "Challengers", "abbreviation": "RCB", "type": "m", "primaryColor": "000000", "secondaryColor": "FF3245"}, "players": [{"id": 236, "fullName": "Chris Gayle", "shortName": "C Gayle", "nationality": "West Indian", "dateOfBirth": "1979-09-21", "rightArmedBowl": true, "rightHandedBat": false, "bowlingStyle": "OFF_SPIN"}, {"id": 240, "fullName": "Tillakaratne Dilshan", "shortName": "T Dilshan", "nationality": "Sri Lankan", "dateOfBirth": "1976-10-14", "rightArmedBowl": true, "rightHandedBat": true, "bowlingStyle": "OFF_SPIN"}, {"id": 164, "fullName": "Virat Kohli", "shortName": "V Kohli", "nationality": "Indian", "dateOfBirth": "1988-11-05", "rightArmedBowl": true, "rightHandedBat": true, "bowlingStyle": "MEDIUM_SEAM"}, {"id": 158, "fullName": "Mayank Agarwal", "shortName": "M Agarwal", "nationality": "Indian", "dateOfBirth": "1991-02-18", "rightArmedBowl": true, "rightHandedBat": true}, {"id": 181, "fullName": "Dan Christian", "shortName": "D Christian", "nationality": "Australian", "dateOfBirth": "1983-05-04", "rightArmedBowl": true, "rightHandedBat": true, "bowlingStyle": "MEDIUM_SEAM"}, {"id": 276, "fullName": "Karun Nair", "shortName": "K Nair", "nationality": "Indian", "dateOfBirth": "1991-12-06", "rightArmedBowl": true, "rightHandedBat": true, "bowlingStyle": "OFF_SPIN"}, {"id": 153, "fullName": "Arun Karthik", "shortName": "A Karthik", "nationality": "Indian", "dateOfBirth": "1986-02-15", "rightArmedBowl": false, "rightHandedBat": false}, {"id": 166, "fullName": "Vinay Kumar", "shortName": "V Kumar", "nationality": "Indian", "dateOfBirth": "1984-02-12", "rightArmedBowl": true, "rightHandedBat": true}, {"id": 125, "fullName": "Murali Kartik", "shortName": "M Kartik", "nationality": "Indian", "dateOfBirth": "1976-09-11", "rightArmedBowl": false, "rightHandedBat": false}, {"id": 86, "fullName": "Jaydev Unadkat", "shortName": "J Unadkat", "nationality": "Indian", "dateOfBirth": "1991-10-18", "rightArmedBowl": false, "rightHandedBat": true, "bowlingStyle": "MEDIUM_SEAM"}, {"id": 241, "fullName": "Muttiah Muralitharan", "shortName": "M Muralitharan", "nationality": "Sri Lankan", "dateOfBirth": "1972-04-17", "rightArmedBowl": true, "rightHandedBat": true, "bowlingStyle": "OFF_SPIN"}], "wicketKeeper": {"id": 153, "fullName": "Arun Karthik", "shortName": "A Karthik", "nationality": "Indian", "dateOfBirth": "1986-02-15", "rightArmedBowl": false, "rightHandedBat": false}, "captain": {"id": 164, "fullName": "Virat Kohli", "shortName": "V Kohli", "nationality": "Indian", "dateOfBirth": "1988-11-05", "rightArmedBowl": true, "rightHandedBat": true, "bowlingStyle": "MEDIUM_SEAM"}}, {"id": 1392, "team": {"id": 6, "fullName": "Mumbai Indians", "shortName": "Mumbai", "abbreviation": "MI", "type": "m", "primaryColor": "00AEEF", "secondaryColor": "FFFFFF"}, "players": [{"id": 361, "fullName": "Ricky Ponting", "shortName": "R Ponting", "nationality": "Australian", "dateOfBirth": "1974-12-19", "rightArmedBowl": true, "rightHandedBat": true, "bowlingStyle": "MEDIUM_SEAM"}, {"id": 97, "fullName": "Sachin Tendulkar", "shortName": "S Tendulkar", "nationality": "Indian", "dateOfBirth": "1973-04-24", "rightArmedBowl": true, "rightHandedBat": true, "bowlingStyle": "OFF_SPIN"}, {"id": 102, "fullName": "Dinesh Karthik", "shortName": "D Karthik", "nationality": "Indian", "dateOfBirth": "1985-06-01", "rightArmedBowl": true, "rightHandedBat": true, "bowlingStyle": "OFF_SPIN"}, {"id": 107, "fullName": "Rohit Sharma", "shortName": "R Sharma", "nationality": "Indian", "dateOfBirth": "1987-04-30", "rightArmedBowl": true, "rightHandedBat": true, "bowlingStyle": "OFF_SPIN"}, {"id": 100, "fullName": "Ambati Rayudu", "shortName": "A Rayudu", "nationality": "Indian", "dateOfBirth": "1985-09-23", "rightArmedBowl": true, "rightHandedBat": true, "bowlingStyle": "OFF_SPIN"}, {"id": 210, "fullName": "Kieron Pollard", "shortName": "K Pollard", "nationality": "West Indian", "dateOfBirth": "1987-05-12", "rightArmedBowl": true, "rightHandedBat": true, "bowlingStyle": "MEDIUM_SEAM"}, {"id": 1124, "fullName": "Jasprit Bumrah", "shortName": "J Bumrah", "nationality": "Indian", "dateOfBirth": "1993-12-06", "rightArmedBowl": true, "rightHandedBat": true, "bowlingStyle": "FAST_SEAM"}, {"id": 213, "fullName": "Mitchell Johnson", "shortName": "M Johnson", "nationality": "Australian", "dateOfBirth": "1981-11-02", "rightArmedBowl": false, "rightHandedBat": false, "bowlingStyle": "FAST_SEAM"}, {"id": 103, "fullName": "Harbhajan Singh", "shortName": "H Singh", "nationality": "Indian", "dateOfBirth": "1980-07-03", "rightArmedBowl": true, "rightHandedBat": true, "bowlingStyle": "OFF_SPIN"}, {"id": 293, "fullName": "Jacob Oram", "shortName": "J Oram", "nationality": "New Zealander", "dateOfBirth": "1978-07-28", "rightArmedBowl": true, "rightHandedBat": false, "bowlingStyle": "FAST_SEAM"}, {"id": 104, "fullName": "Munaf Patel", "shortName": "M Patel", "nationality": "Indian", "dateOfBirth": "1983-07-12", "rightArmedBowl": true, "rightHandedBat": true}], "wicketKeeper": {"id": 102, "fullName": "Dinesh Karthik", "shortName": "D Karthik", "nationality": "Indian", "dateOfBirth": "1985-06-01", "rightArmedBowl": true, "rightHandedBat": true, "bowlingStyle": "OFF_SPIN"}, "captain": {"id": 361, "fullName": "Ricky Ponting", "shortName": "R Ponting", "nationality": "Australian", "dateOfBirth": "1974-12-19", "rightArmedBowl": true, "rightHandedBat": true, "bowlingStyle": "MEDIUM_SEAM"}}], "venue": {"id": 5, "fullName": "M. Chinnaswamy Stadium", "shortName": "M. Chinnaswamy Stadium", "city": "Bengaluru", "country": "India"}, "matchDate": "2013-04-04T20:00:00+0530", "matchEndDate": "2013-04-04T23:00:00+0530", "matchDateMs": 1365085800000, "matchEndDateMs": 1365096600000, "isLimitedOvers": true, "battingOrder": [0, 1], "matchBroadcast": false, "matchState": "C", "matchStatus": {"outcome": "A", "text": "Royal Challengers Bangalore won by 2 runs"}, "description": "Match 2", "matchSummary": "", "matchType": "IPLT20", "tournamentLabel": "IPL 2013", "oversLimit": 20, "groupName": ""}, "matchId": {"id": 616, "name": "ipl2013-02", "tournamentId": {"id": 605, "name": "ipl2013", "provisional": false}}, "currentState": {"inProgress": false, "phase": "C", "currentInningsIndex": 1, "currentBatsmen": [210, 103], "facingBatsman": 210, "nonFacingBatsman": 103, "currentBowler": -1, "previousBowler": 86, "previousBowlerCurrentSpell": {"playerId": 86, "ov": "1", "r": 7, "w": 0, "d": 0, "maid": 0, "e": "7.00", "wd": 0, "nb": 0}, "currentPartnership": 6, "partnership": {"runs": 6, "balls": 3, "runRate": "12.00"}, "recentOvers": [{"ovNo": 15, "ovBalls": ["1Lb", "1", "1", "1", ".", "1"]}, {"ovNo": 16, "ovBalls": ["4", "1", "1", "2", "1", "1"]}, {"ovNo": 17, "ovBalls": [".", ".", "6", "6", "6", "5Nb", "1"]}, {"ovNo": 18, "ovBalls": ["6", "1", "1", "1", ".", "1"]}, {"ovNo": 19, "ovBalls": ["1", "1", "1", "1", "2", "1"]}, {"ovNo": 20, "ovBalls": ["1B", "W", "W", "1", "4", "1"]}]}, "innings": [{"inningsNumber": 1, "runRate": "7.80", "overProgress": "20", "declared": false, "scorecard": {"runs": 156, "wkts": 5, "allOut": false, "battingStats": [{"playerId": 236, "r": 92, "b": 58, "sr": "158.62", "4s": 11, "6s": 5}, {"playerId": 240, "r": 0, "b": 8, "sr": "0.00", "4s": 0, "6s": 0, "mod": {"dismissedBp": {"innings": 1, "over": 3, "ball": 2}, "countingBp": {"innings": 1, "over": 3, "ball": 2}, "text": "b Mitchell Johnson", "bowlerId": 213, "dismissedMethod": "b", "isOut": true}}, {"playerId": 164, "r": 24, "b": 14, "sr": "171.42", "4s": 4, "6s": 1, "mod": {"dismissedBp": {"innings": 1, "over": 5, "ball": 5}, "countingBp": {"innings": 1, "over": 5, "ball": 5}, "text": "lbw Jasprit Bumrah", "bowlerId": 1124, "dismissedMethod": "lbw", "isOut": true}}, {"playerId": 158, "r": 1, "b": 5, "sr": "20.00", "4s": 0, "6s": 0, "mod": {"dismissedBp": {"innings": 1, "over": 7, "ball": 1}, "countingBp": {"innings": 1, "over": 7, "ball": 1}, "text": "c Sachin Tendulkar b Jasprit Bumrah", "bowlerId": 1124, "additionalPlayerIds": [97], "dismissedMethod": "ct", "isOut": true}}, {"playerId": 181, "r": 4, "b": 13, "sr": "30.76", "4s": 0, "6s": 0, "mod": {"dismissedBp": {"innings": 1, "over": 12, "ball": 4}, "countingBp": {"innings": 1, "over": 12, "ball": 4}, "text": "c Mitchell Johnson b Harbhajan Singh", "bowlerId": 103, "additionalPlayerIds": [213], "dismissedMethod": "ct", "isOut": true}}, {"playerId": 276, "r": 0, "b": 3, "sr": "0.00", "4s": 0, "6s": 0, "mod": {"dismissedBp": {"innings": 1, "over": 13, "ball": 4}, "countingBp": {"innings": 1, "over": 13, "ball": 4}, "text": "lbw Jasprit Bumrah", "bowlerId": 1124, "dismissedMethod": "lbw", "isOut": true}}, {"playerId": 153, "r": 19, "b": 19, "sr": "100.00", "4s": 3, "6s": 0}], "bowlingStats": [{"playerId": 213, "ov": "3", "r": 15, "w": 1, "d": 11, "maid": 0, "e": "5.00", "wd": 2, "nb": 0}, {"playerId": 104, "ov": "4", "r": 40, "w": 0, "d": 11, "maid": 0, "e": "10.00", "wd": 0, "nb": 0}, {"playerId": 1124, "ov": "4", "r": 32, "w": 3, "d": 12, "maid": 0, "e": "8.00", "wd": 0, "nb": 0}, {"playerId": 293, "ov": "4", "r": 22, "w": 0, "d": 14, "maid": 0, "e": "5.50", "wd": 2, "nb": 0}, {"playerId": 103, "ov": "4", "r": 21, "w": 1, "d": 15, "maid": 0, "e": "5.25", "wd": 1, "nb": 0}, {"playerId": 210, "ov": "1", "r": 15, "w": 0, "d": 2, "maid": 0, "e": "15.00", "wd": 0, "nb": 0}], "fow": [{"bp": {"innings": 1, "over": 3, "ball": 2}, "playerId": 240, "ret": false, "w": 1, "r": 3}, {"bp": {"innings": 1, "over": 5, "ball": 5}, "playerId": 164, "ret": false, "w": 2, "r": 28}, {"bp": {"innings": 1, "over": 7, "ball": 1}, "playerId": 158, "ret": false, "w": 3, "r": 31}, {"bp": {"innings": 1, "over": 12, "ball": 4}, "playerId": 181, "ret": false, "w": 4, "r": 75}, {"bp": {"innings": 1, "over": 13, "ball": 4}, "playerId": 276, "ret": false, "w": 5, "r": 80}], "extras": {"noBallRuns": 0, "wideRuns": 5, "byeRuns": 0, "legByeRuns": 11, "penaltyRuns": 0}, "declared": false}, "overHistory": [{"ovNo": 1, "ovBalls": [".", ".", "1", ".", ".", "."]}, {"ovNo": 2, "ovBalls": [".", "1", ".", ".", ".", "."]}, {"ovNo": 3, "ovBalls": ["1", "W", "4", ".", "1", "1Wd", "."]}, {"ovNo": 4, "ovBalls": [".", ".", ".", "6", ".", "1"]}, {"ovNo": 5, "ovBalls": ["4", "4", ".", "4", "W", "."]}, {"ovNo": 6, "ovBalls": ["1Wd", "1", ".", ".", "1", ".", "."]}, {"ovNo": 7, "ovBalls": ["W", ".", ".", "1", ".", "4Lb"]}, {"ovNo": 8, "ovBalls": [".", ".", "1Wd", "1", ".", "2", "4"]}, {"ovNo": 9, "ovBalls": ["1", ".", ".", "4", "6", "1"]}, {"ovNo": 10, "ovBalls": ["1", ".", ".", "1", "1", "."]}, {"ovNo": 11, "ovBalls": [".", "4", "6", "4", "1", "."]}, {"ovNo": 12, "ovBalls": [".", ".", "1", "W", ".", "."]}, {"ovNo": 13, "ovBalls": ["4", ".", "1", "W", "1", "1"]}, {"ovNo": 14, "ovBalls": [".", "1Wd", ".", "4", "1", "1", "4"]}, {"ovNo": 15, "ovBalls": ["1Wd", ".", "1", ".", "1", "4", "."]}, {"ovNo": 16, "ovBalls": [".", "6", ".", ".", ".", "."]}, {"ovNo": 17, "ovBalls": ["4", "4Lb", ".", ".", ".", "1"]}, {"ovNo": 18, "ovBalls": ["1", "4", "1", "1", "4", "6"]}, {"ovNo": 19, "ovBalls": [".", "4", "1Lb", "1", "1", "1Lb"]}, {"ovNo": 20, "ovBalls": [".", "4", "1", "1Lb", "4", "6"]}]}, {"inningsNumber": 2, "runRate": "7.70", "overProgress": "20", "declared": false, "scorecard": {"runs": 154, "wkts": 5, "allOut": false, "battingStats": [{"playerId": 361, "r": 28, "b": 33, "sr": "84.84", "4s": 1, "6s": 1, "mod": {"dismissedBp": {"innings": 2, "over": 10, "ball": 6}, "countingBp": {"innings": 2, "over": 10, "ball": 5}, "text": "st Arun Karthik b Murali Kartik", "bowlerId": 125, "additionalPlayerIds": [153], "dismissedMethod": "st", "isOut": true}}, {"playerId": 97, "r": 23, "b": 19, "sr": "121.05", "4s": 4, "6s": 0, "mod": {"dismissedBp": {"innings": 2, "over": 8, "ball": 3}, "countingBp": {"innings": 2, "over": 8, "ball": 3}, "text": "run out (Jaydev Unadkat)", "bowlerId": 125, "additionalPlayerIds": [86], "dismissedMethod": "ro", "isOut": true}}, {"playerId": 102, "r": 60, "b": 37, "sr": "162.16", "4s": 3, "6s": 4, "mod": {"dismissedBp": {"innings": 2, "over": 20, "ball": 2}, "countingBp": {"innings": 2, "over": 20, "ball": 2}, "text": "c Mayank Agarwal b Vinay Kumar", "bowlerId": 166, "additionalPlayerIds": [158], "dismissedMethod": "ct", "isOut": true}}, {"playerId": 107, "r": 11, "b": 11, "sr": "100.00", "4s": 1, "6s": 0, "mod": {"dismissedBp": {"innings": 2, "over": 14, "ball": 4}, "countingBp": {"innings": 2, "over": 14, "ball": 4}, "text": "b Vinay Kumar", "bowlerId": 166, "dismissedMethod": "b", "isOut": true}}, {"playerId": 100, "r": 18, "b": 18, "sr": "100.00", "4s": 1, "6s": 0, "mod": {"dismissedBp": {"innings": 2, "over": 20, "ball": 3}, "countingBp": {"innings": 2, "over": 20, "ball": 3}, "text": "b Vinay Kumar", "bowlerId": 166, "dismissedMethod": "b", "isOut": true}}, {"playerId": 210, "r": 5, "b": 2, "sr": "250.00", "4s": 1, "6s": 0}, {"playerId": 103, "r": 1, "b": 1, "sr": "100.00", "4s": 0, "6s": 0}], "bowlingStats": [{"playerId": 86, "ov": "4", "r": 26, "w": 0, "d": 8, "maid": 0, "e": "6.50", "wd": 0, "nb": 0}, {"playerId": 181, "ov": "4", "r": 42, "w": 0, "d": 9, "maid": 0, "e": "10.50", "wd": 0, "nb": 1}, {"playerId": 166, "ov": "4", "r": 27, "w": 3, "d": 9, "maid": 0, "e": "6.75", "wd": 0, "nb": 0}, {"playerId": 241, "ov": "4", "r": 30, "w": 0, "d": 9, "maid": 0, "e": "7.50", "wd": 0, "nb": 0}, {"playerId": 125, "ov": "4", "r": 24, "w": 1, "d": 9, "maid": 0, "e": "6.00", "wd": 1, "nb": 0}], "fow": [{"bp": {"innings": 2, "over": 8, "ball": 3}, "playerId": 97, "ret": false, "w": 1, "r": 52}, {"bp": {"innings": 2, "over": 10, "ball": 5}, "playerId": 361, "ret": false, "w": 2, "r": 62}, {"bp": {"innings": 2, "over": 14, "ball": 4}, "playerId": 107, "ret": false, "w": 3, "r": 88}, {"bp": {"innings": 2, "over": 20, "ball": 2}, "playerId": 102, "ret": false, "w": 4, "r": 148}, {"bp": {"innings": 2, "over": 20, "ball": 3}, "playerId": 100, "ret": false, "w": 5, "r": 148}], "extras": {"noBallRuns": 1, "wideRuns": 2, "byeRuns": 1, "legByeRuns": 4, "penaltyRuns": 0}, "declared": false}, "overHistory": [{"ovNo": 1, "ovBalls": [".", ".", "1", ".", "1", "."]}, {"ovNo": 2, "ovBalls": ["1", ".", ".", ".", "1", "."]}, {"ovNo": 3, "ovBalls": [".", "1", "1Lb", "1", "4", "."]}, {"ovNo": 4, "ovBalls": ["2", "2", ".", "6", "1", "1"]}, {"ovNo": 5, "ovBalls": ["1", ".", "1", ".", ".", "2"]}, {"ovNo": 6, "ovBalls": [".", "2", "1Lb", ".", "4", "4"]}, {"ovNo": 7, "ovBalls": ["1", ".", "4", "1", "4", "1"]}, {"ovNo": 8, "ovBalls": ["2", "1", "W", ".", "2", "."]}, {"ovNo": 9, "ovBalls": [".", "1", "1", "1Lb", "1", "."]}, {"ovNo": 10, "ovBalls": ["1", "2Wd", "1", ".", ".", "W", "."]}, {"ovNo": 11, "ovBalls": ["4", "1", ".", "1", ".", "1"]}, {"ovNo": 12, "ovBalls": ["1", ".", "1", ".", "1", "2"]}, {"ovNo": 13, "ovBalls": [".", "1", "4", "1", "4", "1"]}, {"ovNo": 14, "ovBalls": ["1", ".", "2", "W", "1", "2"]}, {"ovNo": 15, "ovBalls": ["1Lb", "1", "1", "1", ".", "1"]}, {"ovNo": 16, "ovBalls": ["4", "1", "1", "2", "1", "1"]}, {"ovNo": 17, "ovBalls": [".", ".", "6", "6", "6", "5Nb", "1"]}, {"ovNo": 18, "ovBalls": ["6", "1", "1", "1", ".", "1"]}, {"ovNo": 19, "ovBalls": ["1", "1", "1", "1", "2", "1"]}, {"ovNo": 20, "ovBalls": ["1B", "W", "W", "1", "4", "1"]}]}]}