{"matchInfo": {"additionalInfo": {"toss.elected": "Pune Warriors India, who chose to bat", "notes.1.1": "Powerplay - 36 runs, 2 wickets", "notes.1.2": "PWI: 50 runs in 7.6 overs", "notes.2.1": "Powerplay - 37 runs, 2 wickets", "notes.1.3": "3rd Wicket: 50 runs in 40 balls (Manish Pandey 22, Yuvraj Singh 27_", "notes.2.2": "MI:  50 runs in 9.5 overs ", "notes.1.4": "PWI: 100 runs in 17.5 overs", "notes.2.3": "4th Wicket: 50 runs in 48 balls (Rohit Sharma 26, Ambati Rayudu 25)", "notes.1.5": "Innings Break: PWI - 112/8 in 20 overs", "notes.2.4": "MI: 100 runs in 16.6 overs ", "highlights.link": "http://www.iplt20.com/videos/media/id/00785a72603b4163ae1c1fd7a8f7433f/m58-pwi-vs-mi-match-highlights", "referee.name": "Javagal Srinath", "match.photo.id": "20897", "match.video.id": "00785a72603b4163ae1c1fd7a8f7433f", "home.team.fan.total": "2492", "match.summary": "", "umpire.name.1": "Asad Rauf", "photostream.link": "http://www.iplt20.com/photos/162/ipl-2013-match-58-pwi-v-mi", "umpire.name.2": "Anil Chaudhary", "toss.winner": "Pune Warriors India", "umpire.name.3": "Sudhir Asnani", "umpire.name.4": "Rajesh Deshpande", "away.team.fan.total": "4734", "result.playerofthematch": "Mitchell Johnson"}, "teams": [{"id": 1510, "team": {"id": 7, "fullName": "Pune Warriors India", "shortName": "Warriors", "abbreviation": "PWI", "type": "m", "primaryColor": "00719E", "secondaryColor": "FFFFFF"}, "players": [{"id": 127, "fullName": "Robin Uthappa", "shortName": "R Uthappa", "nationality": "Indian", "dateOfBirth": "1985-11-11", "rightArmedBowl": true, "rightHandedBat": true}, {"id": 167, "fullName": "Aaron Finch", "shortName": "A Finch", "nationality": "Australian", "dateOfBirth": "1986-11-17", "rightArmedBowl": false, "rightHandedBat": true, "bowlingStyle": "ORTHODOX"}, {"id": 113, "fullName": "Yuvraj Singh", "shortName": "Y Singh", "nationality": "Indian", "dateOfBirth": "1981-12-12", "rightArmedBowl": false, "rightHandedBat": false, "bowlingStyle": "ORTHODOX"}, {"id": 123, "fullName": "Manish Pandey", "shortName": "M Pandey", "nationality": "Indian", "dateOfBirth": "1989-09-10", "rightArmedBowl": true, "rightHandedBat": true, "bowlingStyle": "MEDIUM_SEAM"}, {"id": 217, "fullName": "Angelo Mathews", "shortName": "A Mathews", "nationality": "Sri Lankan", "dateOfBirth": "1987-06-02", "rightArmedBowl": true, "rightHandedBat": true, "bowlingStyle": "MEDIUM_SEAM"}, {"id": 66, "fullName": "Abhishek Nayar", "shortName": "A Nayar", "nationality": "Indian", "dateOfBirth": "1983-10-08", "rightArmedBowl": false, "rightHandedBat": false}, {"id": 358, "fullName": "Ajantha Mendis", "shortName": "A Mendis", "nationality": "Sri Lankan", "dateOfBirth": "1985-03-11", "rightArmedBowl": true, "rightHandedBat": true, "bowlingStyle": "OFF_SPIN"}, {"id": 116, "fullName": "Bhuvneshwar Kumar", "shortName": "B Kumar", "nationality": "Indian", "dateOfBirth": "1990-02-05", "rightArmedBowl": true, "rightHandedBat": true, "bowlingStyle": "MEDIUM_SEAM"}, {"id": 1093, "fullName": "Parveez Rasool", "shortName": "P Rasool", "nationality": "Indian", "dateOfBirth": "1989-02-13", "rightArmedBowl": false, "rightHandedBat": true}, {"id": 798, "fullName": "Kane Richardson", "shortName": "K Richardson", "nationality": "Australian", "dateOfBirth": "1991-02-12", "rightArmedBowl": true, "rightHandedBat": true, "bowlingStyle": "FAST_SEAM"}, {"id": 48, "fullName": "Ashok Dinda", "shortName": "A Dinda", "nationality": "Indian", "dateOfBirth": "1984-03-25", "rightArmedBowl": true, "rightHandedBat": true}], "wicketKeeper": {"id": 127, "fullName": "Robin Uthappa", "shortName": "R Uthappa", "nationality": "Indian", "dateOfBirth": "1985-11-11", "rightArmedBowl": true, "rightHandedBat": true}, "captain": {"id": 167, "fullName": "Aaron Finch", "shortName": "A Finch", "nationality": "Australian", "dateOfBirth": "1986-11-17", "rightArmedBowl": false, "rightHandedBat": true, "bowlingStyle": "ORTHODOX"}}, {"id": 1509, "team": {"id": 6, "fullName": "Mumbai Indians", "shortName": "Mumbai", "abbreviation": "MI", "type": "m", "primaryColor": "00AEEF", "secondaryColor": "FFFFFF"}, "players": [{"id": 413, "fullName": "Dwayne Smith", "shortName": "DR Smith", "nationality": "West Indian", "dateOfBirth": "1983-04-12", "rightArmedBowl": true, "rightHandedBat": true}, {"id": 97, "fullName": "Sachin Tendulkar", "shortName": "S Tendulkar", "nationality": "Indian", "dateOfBirth": "1973-04-24", "rightArmedBowl": true, "rightHandedBat": true, "bowlingStyle": "OFF_SPIN"}, {"id": 102, "fullName": "Dinesh Karthik", "shortName": "D Karthik", "nationality": "Indian", "dateOfBirth": "1985-06-01", "rightArmedBowl": true, "rightHandedBat": true, "bowlingStyle": "OFF_SPIN"}, {"id": 107, "fullName": "Rohit Sharma", "shortName": "R Sharma", "nationality": "Indian", "dateOfBirth": "1987-04-30", "rightArmedBowl": true, "rightHandedBat": true, "bowlingStyle": "OFF_SPIN"}, {"id": 282, "fullName": "Glenn Maxwell", "shortName": "G Maxwell", "nationality": "Australian", "dateOfBirth": "1988-10-14", "rightArmedBowl": true, "rightHandedBat": true, "bowlingStyle": "OFF_SPIN"}, {"id": 100, "fullName": "Ambati Rayudu", "shortName": "A Rayudu", "nationality": "Indian", "dateOfBirth": "1985-09-23", "rightArmedBowl": true, "rightHandedBat": true, "bowlingStyle": "OFF_SPIN"}, {"id": 103, "fullName": "Harbhajan Singh", "shortName": "H Singh", "nationality": "Indian", "dateOfBirth": "1980-07-03", "rightArmedBowl": true, "rightHandedBat": true, "bowlingStyle": "OFF_SPIN"}, {"id": 213, "fullName": "Mitchell Johnson", "shortName": "M Johnson", "nationality": "Australian", "dateOfBirth": "1981-11-02", "rightArmedBowl": false, "rightHandedBat": false, "bowlingStyle": "FAST_SEAM"}, {"id": 211, "fullName": "Lasith Malinga", "shortName": "L Malinga", "nationality": "Sri Lankan", "dateOfBirth": "1983-08-28", "rightArmedBowl": true, "rightHandedBat": true, "bowlingStyle": "FAST_SEAM"}, {"id": 106, "fullName": "Pragyan Ojha", "shortName": "P Ojha", "nationality": "Indian", "dateOfBirth": "1986-09-05", "rightArmedBowl": false, "rightHandedBat": false, "bowlingStyle": "ORTHODOX"}, {"id": 98, "fullName": "Abu Nechim", "shortName": "A Nechim", "nationality": "Indian", "dateOfBirth": "1988-11-05", "rightArmedBowl": true, "rightHandedBat": true, "bowlingStyle": "MEDIUM_SEAM"}], "wicketKeeper": {"id": 102, "fullName": "Dinesh Karthik", "shortName": "D Karthik", "nationality": "Indian", "dateOfBirth": "1985-06-01", "rightArmedBowl": true, "rightHandedBat": true, "bowlingStyle": "OFF_SPIN"}, "captain": {"id": 107, "fullName": "Rohit Sharma", "shortName": "R Sharma", "nationality": "Indian", "dateOfBirth": "1987-04-30", "rightArmedBowl": true, "rightHandedBat": true, "bowlingStyle": "OFF_SPIN"}}], "venue": {"id": 7, "fullName": "Maharashtra Cricket Association's International Stadium", "shortName": "Maharashtra Cricket Association's International Stadium", "city": "Pune", "country": "India"}, "matchDate": "2013-05-11T16:00:00+0530", "matchEndDate": "2013-05-11T23:00:00+0530", "matchDateMs": 1368268200000, "matchEndDateMs": 1368293400000, "isLimitedOvers": true, "battingOrder": [0, 1], "matchBroadcast": false, "matchState": "C", "matchStatus": {"outcome": "B", "text": "Mumbai Indians won by 5 wickets"}, "description": "Match 58", "matchSummary": "", "matchType": "IPLT20", "tournamentLabel": "IPL 2013", "oversLimit": 20, "groupName": ""}, "matchId": {"id": 673, "name": "ipl2013-58", "tournamentId": {"id": 605, "name": "ipl2013", "provisional": false}}, "currentState": {"inProgress": false, "phase": "C", "currentInningsIndex": 1, "currentBatsmen": [282, 103], "facingBatsman": 103, "nonFacingBatsman": 282, "currentBowler": 798, "currentBowlerCurrentSpell": {"playerId": 798, "ov": "0.5", "r": 4, "w": 1, "d": 4, "maid": 0, "e": "4.80", "wd": 0, "nb": 0}, "previousBowler": 48, "previousBowlerCurrentSpell": {"playerId": 48, "ov": "2", "r": 22, "w": 1, "d": 4, "maid": 0, "e": "11.00", "wd": 0, "nb": 0}, "currentPartnership": 4, "partnership": {"runs": 4, "balls": 3, "runRate": "8.00"}, "recentOvers": [{"ovNo": 14, "ovBalls": ["1", ".", ".", "1", "2", "1Wd", "1"]}, {"ovNo": 15, "ovBalls": ["1", "6", "1", "1", ".", "1"]}, {"ovNo": 16, "ovBalls": ["4", "4", "1", ".", "1", "W"]}, {"ovNo": 17, "ovBalls": ["1", ".", ".", "4", "1", "1"]}, {"ovNo": 18, "ovBalls": ["4", ".", ".", "6", "1", "1"]}, {"ovNo": 19, "ovBalls": [".", "W", ".", ".", "4"]}]}, "innings": [{"inningsNumber": 1, "runRate": "5.60", "overProgress": "20", "declared": false, "scorecard": {"runs": 112, "wkts": 8, "allOut": false, "battingStats": [{"playerId": 127, "r": 11, "b": 13, "sr": "84.61", "4s": 1, "6s": 0, "mod": {"dismissedBp": {"innings": 1, "over": 5, "ball": 5}, "countingBp": {"innings": 1, "over": 5, "ball": 4}, "text": "lbw Lasith Malinga", "bowlerId": 211, "dismissedMethod": "lbw", "isOut": true}}, {"playerId": 167, "r": 10, "b": 11, "sr": "90.90", "4s": 2, "6s": 0, "mod": {"dismissedBp": {"innings": 1, "over": 3, "ball": 5}, "countingBp": {"innings": 1, "over": 3, "ball": 5}, "text": "c Dwayne Smith b Mitchell Johnson", "bowlerId": 213, "additionalPlayerIds": [413], "dismissedMethod": "ct", "isOut": true}}, {"playerId": 123, "r": 29, "b": 29, "sr": "100.00", "4s": 1, "6s": 1, "mod": {"dismissedBp": {"innings": 1, "over": 13, "ball": 6}, "countingBp": {"innings": 1, "over": 13, "ball": 6}, "text": "c Ambati Rayudu b Lasith Malinga", "bowlerId": 211, "additionalPlayerIds": [100], "dismissedMethod": "ct", "isOut": true}}, {"playerId": 113, "r": 33, "b": 29, "sr": "113.79", "4s": 1, "6s": 2, "mod": {"dismissedBp": {"innings": 1, "over": 14, "ball": 5}, "countingBp": {"innings": 1, "over": 14, "ball": 5}, "text": "lbw Harbhajan Singh", "bowlerId": 103, "dismissedMethod": "lbw", "isOut": true}}, {"playerId": 217, "r": 0, "b": 2, "sr": "0.00", "4s": 0, "6s": 0, "mod": {"dismissedBp": {"innings": 1, "over": 14, "ball": 3}, "countingBp": {"innings": 1, "over": 14, "ball": 3}, "text": "run out (Sachin Tendulkar)", "bowlerId": 103, "additionalPlayerIds": [97], "dismissedMethod": "ro", "isOut": true}}, {"playerId": 66, "r": 11, "b": 14, "sr": "78.57", "4s": 0, "6s": 0, "mod": {"dismissedBp": {"innings": 1, "over": 20, "ball": 3}, "countingBp": {"innings": 1, "over": 20, "ball": 3}, "text": "c Harbhajan Singh b Abu Nechim", "bowlerId": 98, "additionalPlayerIds": [103], "dismissedMethod": "ct", "isOut": true}}, {"playerId": 798, "r": 8, "b": 16, "sr": "50.00", "4s": 0, "6s": 0, "mod": {"dismissedBp": {"innings": 1, "over": 18, "ball": 3}, "countingBp": {"innings": 1, "over": 18, "ball": 3}, "text": "c Harbhajan Singh b Mitchell Johnson", "bowlerId": 213, "additionalPlayerIds": [103], "dismissedMethod": "ct", "isOut": true}}, {"playerId": 1093, "r": 4, "b": 5, "sr": "80.00", "4s": 0, "6s": 0}, {"playerId": 116, "r": 2, "b": 2, "sr": "100.00", "4s": 0, "6s": 0, "mod": {"dismissedBp": {"innings": 1, "over": 20, "ball": 6}, "countingBp": {"innings": 1, "over": 20, "ball": 6}, "text": "c Dwayne Smith b Abu Nechim", "bowlerId": 98, "additionalPlayerIds": [413], "dismissedMethod": "ct", "isOut": true}}], "bowlingStats": [{"playerId": 213, "ov": "4", "r": 8, "w": 2, "d": 16, "maid": 0, "e": "2.00", "wd": 0, "nb": 0}, {"playerId": 98, "ov": "4", "r": 27, "w": 2, "d": 10, "maid": 0, "e": "6.75", "wd": 0, "nb": 0}, {"playerId": 211, "ov": "4", "r": 27, "w": 2, "d": 6, "maid": 0, "e": "6.75", "wd": 0, "nb": 1}, {"playerId": 106, "ov": "3", "r": 28, "w": 0, "d": 6, "maid": 0, "e": "9.33", "wd": 0, "nb": 0}, {"playerId": 103, "ov": "4", "r": 14, "w": 1, "d": 11, "maid": 0, "e": "3.50", "wd": 0, "nb": 0}, {"playerId": 282, "ov": "1", "r": 5, "w": 0, "d": 2, "maid": 0, "e": "5.00", "wd": 0, "nb": 0}], "fow": [{"bp": {"innings": 1, "over": 3, "ball": 5}, "playerId": 167, "ret": false, "w": 1, "r": 13}, {"bp": {"innings": 1, "over": 5, "ball": 4}, "playerId": 127, "ret": false, "w": 2, "r": 25}, {"bp": {"innings": 1, "over": 13, "ball": 6}, "playerId": 123, "ret": false, "w": 3, "r": 84}, {"bp": {"innings": 1, "over": 14, "ball": 3}, "playerId": 217, "ret": false, "w": 4, "r": 85}, {"bp": {"innings": 1, "over": 14, "ball": 5}, "playerId": 113, "ret": false, "w": 5, "r": 85}, {"bp": {"innings": 1, "over": 18, "ball": 3}, "playerId": 798, "ret": false, "w": 6, "r": 99}, {"bp": {"innings": 1, "over": 20, "ball": 3}, "playerId": 66, "ret": false, "w": 7, "r": 109}, {"bp": {"innings": 1, "over": 20, "ball": 6}, "playerId": 116, "ret": false, "w": 8, "r": 112}], "extras": {"noBallRuns": 1, "wideRuns": 0, "byeRuns": 1, "legByeRuns": 2, "penaltyRuns": 0}, "declared": false}, "overHistory": [{"ovNo": 1, "ovBalls": [".", ".", ".", "1", ".", "."]}, {"ovNo": 2, "ovBalls": ["1", "2", ".", "4", ".", "4"]}, {"ovNo": 3, "ovBalls": ["1", ".", ".", ".", "W", "1"]}, {"ovNo": 4, "ovBalls": [".", "1", ".", "2", "1", "."]}, {"ovNo": 5, "ovBalls": ["1", "1", "1Nb", "4", "W", "4", "."]}, {"ovNo": 6, "ovBalls": [".", "2", ".", ".", "4", "1"]}, {"ovNo": 7, "ovBalls": [".", "1", "1", "6", "1", "1"]}, {"ovNo": 8, "ovBalls": ["1", "1B", ".", ".", "1", "1"]}, {"ovNo": 9, "ovBalls": ["2", "1", ".", ".", "1", "."]}, {"ovNo": 10, "ovBalls": [".", "1", "1", "1", "1", "."]}, {"ovNo": 11, "ovBalls": ["1", "6", "6", ".", "1", "."]}, {"ovNo": 12, "ovBalls": ["2", "1", "1", "1", "1", "."]}, {"ovNo": 13, "ovBalls": ["1", "2", "1", "1", "1", "W"]}, {"ovNo": 14, "ovBalls": ["1", ".", "W", ".", "W", "."]}, {"ovNo": 15, "ovBalls": ["1", ".", ".", ".", "1", "1"]}, {"ovNo": 16, "ovBalls": ["1", "2", ".", "1", "1Lb", "1"]}, {"ovNo": 17, "ovBalls": ["1", "1", ".", "1", "1", "1"]}, {"ovNo": 18, "ovBalls": [".", ".", "W", ".", "1", "1"]}, {"ovNo": 19, "ovBalls": ["1Lb", "1", "1", "2", ".", "1"]}, {"ovNo": 20, "ovBalls": ["1", "1", "W", "1", "2", "W"]}]}, {"inningsNumber": 2, "runRate": "6.15", "overProgress": "18.5", "declared": false, "scorecard": {"runs": 116, "wkts": 5, "allOut": false, "battingStats": [{"playerId": 413, "r": 0, "b": 1, "sr": "0.00", "4s": 0, "6s": 0, "mod": {"dismissedBp": {"innings": 2, "over": 1, "ball": 1}, "countingBp": {"innings": 2, "over": 1, "ball": 1}, "text": "b Ashok Dinda", "bowlerId": 48, "dismissedMethod": "b", "isOut": true}}, {"playerId": 97, "r": 15, "b": 13, "sr": "115.38", "4s": 3, "6s": 0, "mod": {"dismissedBp": {"innings": 2, "over": 5, "ball": 3}, "countingBp": {"innings": 2, "over": 5, "ball": 3}, "text": "c Manish Pandey b Ajantha Mendis", "bowlerId": 358, "additionalPlayerIds": [123], "dismissedMethod": "ct", "isOut": true}}, {"playerId": 102, "r": 17, "b": 25, "sr": "68.00", "4s": 1, "6s": 1, "mod": {"dismissedBp": {"innings": 2, "over": 8, "ball": 2}, "countingBp": {"innings": 2, "over": 8, "ball": 2}, "text": "c Manish Pandey b Yuvraj Singh", "bowlerId": 113, "additionalPlayerIds": [123], "dismissedMethod": "ct", "isOut": true}}, {"playerId": 107, "r": 37, "b": 41, "sr": "90.24", "4s": 3, "6s": 0, "mod": {"dismissedBp": {"innings": 2, "over": 19, "ball": 2}, "countingBp": {"innings": 2, "over": 19, "ball": 2}, "text": "c Ashok Dinda b Kane Richardson", "bowlerId": 798, "additionalPlayerIds": [48], "dismissedMethod": "ct", "isOut": true}}, {"playerId": 100, "r": 26, "b": 23, "sr": "113.04", "4s": 2, "6s": 1, "mod": {"dismissedBp": {"innings": 2, "over": 16, "ball": 6}, "countingBp": {"innings": 2, "over": 16, "ball": 6}, "text": "c Angelo Mathews b Ashok Dinda", "bowlerId": 48, "additionalPlayerIds": [217], "dismissedMethod": "ct", "isOut": true}}, {"playerId": 282, "r": 13, "b": 7, "sr": "185.71", "4s": 1, "6s": 1}, {"playerId": 103, "r": 4, "b": 3, "sr": "133.33", "4s": 1, "6s": 0}], "bowlingStats": [{"playerId": 48, "ov": "4", "r": 35, "w": 2, "d": 10, "maid": 0, "e": "8.75", "wd": 0, "nb": 0}, {"playerId": 116, "ov": "2", "r": 12, "w": 0, "d": 6, "maid": 0, "e": "6.00", "wd": 2, "nb": 0}, {"playerId": 798, "ov": "3.5", "r": 28, "w": 1, "d": 12, "maid": 0, "e": "7.30", "wd": 1, "nb": 0}, {"playerId": 358, "ov": "4", "r": 15, "w": 1, "d": 12, "maid": 0, "e": "3.75", "wd": 0, "nb": 0}, {"playerId": 113, "ov": "4", "r": 21, "w": 1, "d": 11, "maid": 0, "e": "5.25", "wd": 0, "nb": 0}, {"playerId": 1093, "ov": "1", "r": 5, "w": 0, "d": 1, "maid": 0, "e": "5.00", "wd": 0, "nb": 0}], "fow": [{"bp": {"innings": 2, "over": 1, "ball": 1}, "playerId": 413, "ret": false, "w": 1, "r": 0}, {"bp": {"innings": 2, "over": 5, "ball": 3}, "playerId": 97, "ret": false, "w": 2, "r": 25}, {"bp": {"innings": 2, "over": 8, "ball": 2}, "playerId": 102, "ret": false, "w": 3, "r": 39}, {"bp": {"innings": 2, "over": 16, "ball": 6}, "playerId": 100, "ret": false, "w": 4, "r": 93}, {"bp": {"innings": 2, "over": 19, "ball": 2}, "playerId": 107, "ret": false, "w": 5, "r": 112}], "extras": {"noBallRuns": 0, "wideRuns": 4, "byeRuns": 0, "legByeRuns": 0, "penaltyRuns": 0}, "declared": false}, "overHistory": [{"ovNo": 1, "ovBalls": ["W", ".", ".", "1", "2", "1"]}, {"ovNo": 2, "ovBalls": [".", ".", "2Wd", ".", ".", "1", "1Wd", "."]}, {"ovNo": 3, "ovBalls": ["1", ".", ".", "4", ".", "4"]}, {"ovNo": 4, "ovBalls": ["2", ".", ".", "1", ".", "4"]}, {"ovNo": 5, "ovBalls": [".", "1", "W", "1", ".", "."]}, {"ovNo": 6, "ovBalls": ["1", "6", ".", ".", "4", "."]}, {"ovNo": 7, "ovBalls": [".", "1", ".", ".", ".", "."]}, {"ovNo": 8, "ovBalls": ["1", "W", ".", "1", ".", "."]}, {"ovNo": 9, "ovBalls": ["1", "1", "1", "1", ".", "1"]}, {"ovNo": 10, "ovBalls": [".", ".", "4", ".", "1", "."]}, {"ovNo": 11, "ovBalls": ["1", "1", "1", "1", "1", "."]}, {"ovNo": 12, "ovBalls": ["4", ".", "1", "1", "1", "1"]}, {"ovNo": 13, "ovBalls": ["1", "1", "1", ".", ".", "1"]}, {"ovNo": 14, "ovBalls": ["1", ".", ".", "1", "2", "1Wd", "1"]}, {"ovNo": 15, "ovBalls": ["1", "6", "1", "1", ".", "1"]}, {"ovNo": 16, "ovBalls": ["4", "4", "1", ".", "1", "W"]}, {"ovNo": 17, "ovBalls": ["1", ".", ".", "4", "1", "1"]}, {"ovNo": 18, "ovBalls": ["4", ".", ".", "6", "1", "1"]}, {"ovNo": 19, "ovBalls": [".", "W", ".", ".", "4"]}]}]}