{"matchInfo": {"additionalInfo": {"referee.name": "Javagal Srinath", "report.link": "https://www.iplt20.com/news/179212", "toss.elected": "Kings XI Punjab, who chose to field", "match.summary": "", "umpire.name.1": "Bruce Oxenford", "umpire.name.2": "C Shamshuddin", "toss.winner": "Kings XI Punjab", "umpire.name.3": "Rod Tucker", "umpire.name.4": "K Srinivasan", "result.playerofthematch": "AB de Villiers", "highlights.link": "https://www.iplt20.com/video/179255/m42-rcb-vs-kxip-match-highlights"}, "teams": [{"id": 11768, "team": {"id": 9, "fullName": "Royal Challengers Bangalore", "shortName": "Challengers", "abbreviation": "RCB", "type": "m", "primaryColor": "000000", "secondaryColor": "FF3245"}, "players": [{"id": 44, "fullName": "Parthiv Patel", "shortName": "P Patel", "nationality": "Indian", "dateOfBirth": "1985-03-09", "rightArmedBowl": false, "rightHandedBat": false}, {"id": 164, "fullName": "Virat Kohli", "shortName": "V Kohli", "nationality": "Indian", "dateOfBirth": "1988-11-05", "rightArmedBowl": true, "rightHandedBat": true, "bowlingStyle": "MEDIUM_SEAM"}, {"id": 233, "fullName": "AB de Villiers", "shortName": "AB de Villiers", "nationality": "South African", "dateOfBirth": "1984-02-17", "rightArmedBowl": true, "rightHandedBat": true, "bowlingStyle": "MEDIUM_SEAM"}, {"id": 1735, "fullName": "Moeen Ali", "shortName": "M Ali", "nationality": "English", "dateOfBirth": "1987-06-18", "rightArmedBowl": true, "rightHandedBat": false, "bowlingStyle": "OFF_SPIN"}, {"id": 964, "fullName": "Marcus Stoinis", "shortName": "M Stoinis", "nationality": "Australian", "dateOfBirth": "1989-08-16", "rightArmedBowl": true, "rightHandedBat": true, "bowlingStyle": "MEDIUM_SEAM"}, {"id": 3177, "fullName": "Akshdeep Nath", "shortName": "A Nath", "nationality": "Indian", "dateOfBirth": "1993-05-10", "rightArmedBowl": true, "rightHandedBat": true}, {"id": 2973, "fullName": "Washington Sundar", "shortName": "W Sundar", "nationality": "Indian", "dateOfBirth": "1999-10-05", "rightArmedBowl": true, "rightHandedBat": false, "bowlingStyle": "OFF_SPIN"}, {"id": 307, "fullName": "Tim Southee", "shortName": "T Southee", "nationality": "New Zealander", "dateOfBirth": "1988-12-11", "rightArmedBowl": true, "rightHandedBat": true, "bowlingStyle": "MEDIUM_SEAM"}, {"id": 59, "fullName": "Umesh Yadav", "shortName": "U Yadav", "nationality": "Indian", "dateOfBirth": "1987-10-25", "rightArmedBowl": true, "rightHandedBat": true, "bowlingStyle": "FAST_SEAM"}, {"id": 111, "fullName": "Yuzvendra Chahal", "shortName": "Y Chahal", "nationality": "Indian", "dateOfBirth": "1990-07-23", "rightArmedBowl": true, "rightHandedBat": true, "bowlingStyle": "LEG_SPIN"}, {"id": 3824, "fullName": "Navdeep Saini", "shortName": "N Saini", "nationality": "Indian", "dateOfBirth": "1992-11-23", "rightArmedBowl": true, "rightHandedBat": true, "bowlingStyle": "FAST_SEAM"}], "wicketKeeper": {"id": 44, "fullName": "Parthiv Patel", "shortName": "P Patel", "nationality": "Indian", "dateOfBirth": "1985-03-09", "rightArmedBowl": false, "rightHandedBat": false}, "captain": {"id": 164, "fullName": "Virat Kohli", "shortName": "V Kohli", "nationality": "Indian", "dateOfBirth": "1988-11-05", "rightArmedBowl": true, "rightHandedBat": true, "bowlingStyle": "MEDIUM_SEAM"}}, {"id": 11769, "team": {"id": 4, "fullName": "Punjab Kings", "shortName": "Punjab Kings", "abbreviation": "PBKS", "type": "m", "primaryColor": "DA1F3D", "secondaryColor": "FFFFFF"}, "players": [{"id": 1125, "fullName": "KL Rahul", "shortName": "KL Rahul", "nationality": "Indian", "dateOfBirth": "1992-04-18", "rightArmedBowl": true, "rightHandedBat": true}, {"id": 236, "fullName": "Chris Gayle", "shortName": "C Gayle", "nationality": "West Indian", "dateOfBirth": "1979-09-21", "rightArmedBowl": true, "rightHandedBat": false, "bowlingStyle": "OFF_SPIN"}, {"id": 158, "fullName": "Mayank Agarwal", "shortName": "M Agarwal", "nationality": "Indian", "dateOfBirth": "1991-02-18", "rightArmedBowl": true, "rightHandedBat": true}, {"id": 187, "fullName": "David Miller", "shortName": "D Miller", "nationality": "South African", "dateOfBirth": "1989-06-10", "rightArmedBowl": true, "rightHandedBat": false, "bowlingStyle": "OFF_SPIN"}, {"id": 1703, "fullName": "Nicholas Pooran", "shortName": "N Pooran", "nationality": "West Indian", "dateOfBirth": "1995-10-02", "rightArmedBowl": false, "rightHandedBat": false}, {"id": 72, "fullName": "Mandeep Singh", "shortName": "M Singh", "nationality": "Indian", "dateOfBirth": "1991-12-18", "rightArmedBowl": true, "rightHandedBat": true}, {"id": 8, "fullName": "Ravichandran Ashwin", "shortName": "R Ashwin", "nationality": "Indian", "dateOfBirth": "1986-09-17", "rightArmedBowl": true, "rightHandedBat": true, "bowlingStyle": "OFF_SPIN"}, {"id": 1276, "fullName": "Hardus Viljoen", "shortName": "H Viljoen", "nationality": "South African", "dateOfBirth": "1989-03-06", "rightArmedBowl": false, "rightHandedBat": true}, {"id": 94, "fullName": "Mohammad Shami", "shortName": "M Shami", "nationality": "Indian", "dateOfBirth": "1990-09-03", "rightArmedBowl": true, "rightHandedBat": true, "bowlingStyle": "FAST_SEAM"}, {"id": 3187, "fullName": "Murugan Ashwin", "shortName": "M Ashwin", "nationality": "Indian", "dateOfBirth": "1990-09-08", "rightArmedBowl": true, "rightHandedBat": true, "bowlingStyle": "LEG_SPIN"}, {"id": 1106, "fullName": "Ankit Rajpoot", "shortName": "A Rajpoot", "nationality": "Indian", "dateOfBirth": "1993-12-04", "rightArmedBowl": false, "rightHandedBat": true}], "wicketKeeper": {"id": 1703, "fullName": "Nicholas Pooran", "shortName": "N Pooran", "nationality": "West Indian", "dateOfBirth": "1995-10-02", "rightArmedBowl": false, "rightHandedBat": false}, "captain": {"id": 8, "fullName": "Ravichandran Ashwin", "shortName": "R Ashwin", "nationality": "Indian", "dateOfBirth": "1986-09-17", "rightArmedBowl": true, "rightHandedBat": true, "bowlingStyle": "OFF_SPIN"}}], "venue": {"id": 5, "fullName": "M. Chinnaswamy Stadium", "shortName": "M. Chinnaswamy Stadium", "city": "Bengaluru", "country": "India"}, "matchDate": "2019-04-24T20:00:00+0530", "matchEndDate": "2019-04-24T23:00:00+0530", "matchDateMs": 1556116200000, "matchEndDateMs": 1556127000000, "isLimitedOvers": true, "battingOrder": [0, 1], "matchBroadcast": false, "matchState": "C", "matchStatus": {"outcome": "A", "text": "Royal Challengers Bangalore won by 17 runs"}, "description": "Match 42", "matchSummary": "", "matchType": "IPLT20", "tournamentLabel": "IPL 2019", "oversLimit": 20, "groupName": ""}, "matchId": {"id": 11333, "name": "ipl2019-42", "tournamentId": {"id": 10192, "name": "ipl2019", "provisional": false}}, "currentState": {"inProgress": false, "phase": "C", "currentInningsIndex": 1, "currentBatsmen": [72, 3187], "facingBatsman": 3187, "nonFacingBatsman": 72, "currentBowler": -1, "previousBowler": 3824, "previousBowlerCurrentSpell": {"playerId": 3824, "ov": "1", "r": 3, "w": 2, "d": 3, "maid": 0, "e": "3.00", "wd": 0, "nb": 0}, "currentPartnership": 3, "partnership": {"runs": 3, "balls": 3, "runRate": "6.00"}, "recentOvers": [{"ovNo": 15, "ovBalls": [".", "4", "1", "2", ".", "1"]}, {"ovNo": 16, "ovBalls": [".", "1", "6", ".", "6", "."]}, {"ovNo": 17, "ovBalls": ["4", "4", "1", "1", ".", "1"]}, {"ovNo": 18, "ovBalls": ["1", "1", "1", "1", "1Wd", "1", "."]}, {"ovNo": 19, "ovBalls": ["W", ".", "1", "1", "1", "W"]}, {"ovNo": 20, "ovBalls": ["6", "W", "W", ".", "1", "2"]}]}, "innings": [{"inningsNumber": 1, "runRate": "10.10", "overProgress": "20", "declared": false, "scorecard": {"runs": 202, "wkts": 4, "allOut": false, "battingStats": [{"playerId": 44, "r": 43, "b": 24, "sr": "179.16", "4s": 7, "6s": 2, "mod": {"dismissedBp": {"innings": 1, "over": 7, "ball": 2}, "countingBp": {"innings": 1, "over": 7, "ball": 2}, "text": "c Ravichandran Ashwin b Murugan Ashwin", "bowlerId": 3187, "additionalPlayerIds": [8], "dismissedMethod": "ct", "isOut": true}}, {"playerId": 164, "r": 13, "b": 8, "sr": "162.50", "4s": 2, "6s": 0, "mod": {"dismissedBp": {"innings": 1, "over": 4, "ball": 1}, "countingBp": {"innings": 1, "over": 4, "ball": 1}, "text": "c Mandeep Singh b Mohammad Shami", "bowlerId": 94, "additionalPlayerIds": [72], "dismissedMethod": "ct", "isOut": true}}, {"playerId": 233, "r": 82, "b": 44, "sr": "186.36", "4s": 3, "6s": 7}, {"playerId": 1735, "r": 4, "b": 5, "sr": "80.00", "4s": 1, "6s": 0, "mod": {"dismissedBp": {"innings": 1, "over": 8, "ball": 3}, "countingBp": {"innings": 1, "over": 8, "ball": 3}, "text": "b Ravichandran Ashwin", "bowlerId": 8, "dismissedMethod": "b", "isOut": true}}, {"playerId": 3177, "r": 3, "b": 7, "sr": "42.85", "4s": 0, "6s": 0, "mod": {"dismissedBp": {"innings": 1, "over": 9, "ball": 6}, "countingBp": {"innings": 1, "over": 9, "ball": 6}, "text": "c Mandeep Singh b Hardus Viljoen", "bowlerId": 1276, "additionalPlayerIds": [72], "dismissedMethod": "ct", "isOut": true}}, {"playerId": 964, "r": 46, "b": 34, "sr": "135.29", "4s": 2, "6s": 3}], "bowlingStats": [{"playerId": 1106, "ov": "4", "r": 46, "w": 0, "d": 8, "maid": 0, "e": "11.50", "wd": 0, "nb": 2}, {"playerId": 94, "ov": "4", "r": 53, "w": 1, "d": 10, "maid": 0, "e": "13.25", "wd": 1, "nb": 0}, {"playerId": 3187, "ov": "4", "r": 31, "w": 1, "d": 7, "maid": 0, "e": "7.75", "wd": 0, "nb": 0}, {"playerId": 8, "ov": "4", "r": 15, "w": 1, "d": 10, "maid": 0, "e": "3.75", "wd": 0, "nb": 0}, {"playerId": 1276, "ov": "4", "r": 51, "w": 1, "d": 6, "maid": 0, "e": "12.75", "wd": 2, "nb": 0}], "fow": [{"bp": {"innings": 1, "over": 4, "ball": 1}, "playerId": 164, "ret": false, "w": 1, "r": 35}, {"bp": {"innings": 1, "over": 7, "ball": 2}, "playerId": 44, "ret": false, "w": 2, "r": 71}, {"bp": {"innings": 1, "over": 8, "ball": 3}, "playerId": 1735, "ret": false, "w": 3, "r": 76}, {"bp": {"innings": 1, "over": 9, "ball": 6}, "playerId": 3177, "ret": false, "w": 4, "r": 81}], "extras": {"noBallRuns": 2, "wideRuns": 3, "byeRuns": 2, "legByeRuns": 4, "penaltyRuns": 0}, "declared": false}, "overHistory": [{"ovNo": 1, "ovBalls": [".", "4", "4", "1Lb", "2", "1"]}, {"ovNo": 2, "ovBalls": [".", "4", "4", "1", "4", "1Wd", "1Lb"]}, {"ovNo": 3, "ovBalls": [".", "4", "1Nb", "1Nb", "1", "1", ".", "."]}, {"ovNo": 4, "ovBalls": ["W", ".", ".", "1", "1", "1"]}, {"ovNo": 5, "ovBalls": [".", "4", "3", "6", ".", "1"]}, {"ovNo": 6, "ovBalls": ["4", "4", ".", "4", "6", "."]}, {"ovNo": 7, "ovBalls": ["1", "W", "4", ".", ".", "."]}, {"ovNo": 8, "ovBalls": [".", "1", "W", ".", ".", "1"]}, {"ovNo": 9, "ovBalls": ["1", "1", "1", "1", ".", "W"]}, {"ovNo": 10, "ovBalls": ["1", ".", ".", ".", "1", "1"]}, {"ovNo": 11, "ovBalls": ["1", "1", "1", ".", "1", "1"]}, {"ovNo": 12, "ovBalls": ["1", ".", "1", "1", "1", "1"]}, {"ovNo": 13, "ovBalls": [".", "1", "1Lb", "1", ".", "2"]}, {"ovNo": 14, "ovBalls": ["1", ".", "1", "1", "6", "1"]}, {"ovNo": 15, "ovBalls": ["1", "4", "6", "1", "1", "."]}, {"ovNo": 16, "ovBalls": [".", "1", "2", "6", "1", "1"]}, {"ovNo": 17, "ovBalls": ["1", "1", "2", ".", "1", "."]}, {"ovNo": 18, "ovBalls": ["1", "4", "6", "1Wd", "1Wd", "1", ".", "2"]}, {"ovNo": 19, "ovBalls": ["1B", "1B", "6", "6", "6", "1Lb"]}, {"ovNo": 20, "ovBalls": ["6", "1", "4", "6", "4", "6"]}]}, {"inningsNumber": 2, "runRate": "9.25", "overProgress": "20", "declared": false, "scorecard": {"runs": 185, "wkts": 7, "allOut": false, "battingStats": [{"playerId": 1125, "r": 42, "b": 27, "sr": "155.55", "4s": 7, "6s": 1, "mod": {"dismissedBp": {"innings": 2, "over": 11, "ball": 1}, "countingBp": {"innings": 2, "over": 11, "ball": 1}, "text": "c Tim Southee b Moeen Ali", "bowlerId": 1735, "additionalPlayerIds": [307], "dismissedMethod": "ct", "isOut": true}}, {"playerId": 236, "r": 23, "b": 10, "sr": "230.00", "4s": 4, "6s": 1, "mod": {"dismissedBp": {"innings": 2, "over": 4, "ball": 2}, "countingBp": {"innings": 2, "over": 4, "ball": 2}, "text": "c AB de Villiers b Umesh Yadav", "bowlerId": 59, "additionalPlayerIds": [233], "dismissedMethod": "ct", "isOut": true}}, {"playerId": 158, "r": 35, "b": 21, "sr": "166.66", "4s": 5, "6s": 1, "mod": {"dismissedBp": {"innings": 2, "over": 10, "ball": 1}, "countingBp": {"innings": 2, "over": 10, "ball": 1}, "text": "c Yuzvendra Chahal b Marcus Stoinis", "bowlerId": 964, "additionalPlayerIds": [111], "dismissedMethod": "ct", "isOut": true}}, {"playerId": 187, "r": 24, "b": 25, "sr": "96.00", "4s": 2, "6s": 0, "mod": {"dismissedBp": {"innings": 2, "over": 19, "ball": 1}, "countingBp": {"innings": 2, "over": 19, "ball": 1}, "text": "c AB de Villiers b Navdeep Saini", "bowlerId": 3824, "additionalPlayerIds": [233], "dismissedMethod": "ct", "isOut": true}}, {"playerId": 1703, "r": 46, "b": 28, "sr": "164.28", "4s": 1, "6s": 5, "mod": {"dismissedBp": {"innings": 2, "over": 19, "ball": 6}, "countingBp": {"innings": 2, "over": 19, "ball": 6}, "text": "c AB de Villiers b Navdeep Saini", "bowlerId": 3824, "additionalPlayerIds": [233], "dismissedMethod": "ct", "isOut": true}}, {"playerId": 72, "r": 4, "b": 4, "sr": "100.00", "4s": 0, "6s": 0}, {"playerId": 8, "r": 6, "b": 2, "sr": "300.00", "4s": 0, "6s": 1, "mod": {"dismissedBp": {"innings": 2, "over": 20, "ball": 2}, "countingBp": {"innings": 2, "over": 20, "ball": 2}, "text": "c Virat Kohli b Umesh Yadav", "bowlerId": 59, "additionalPlayerIds": [164], "dismissedMethod": "ct", "isOut": true}}, {"playerId": 1276, "r": 0, "b": 1, "sr": "0.00", "4s": 0, "6s": 0, "mod": {"dismissedBp": {"innings": 2, "over": 20, "ball": 3}, "countingBp": {"innings": 2, "over": 20, "ball": 3}, "text": "c Parthiv Patel b Umesh Yadav", "bowlerId": 59, "additionalPlayerIds": [44], "dismissedMethod": "ct", "isOut": true}}, {"playerId": 3187, "r": 1, "b": 2, "sr": "50.00", "4s": 0, "6s": 0}], "bowlingStats": [{"playerId": 307, "ov": "3", "r": 33, "w": 0, "d": 7, "maid": 0, "e": "11.00", "wd": 1, "nb": 0}, {"playerId": 59, "ov": "4", "r": 36, "w": 3, "d": 11, "maid": 0, "e": "9.00", "wd": 3, "nb": 0}, {"playerId": 3824, "ov": "4", "r": 33, "w": 2, "d": 10, "maid": 0, "e": "8.25", "wd": 0, "nb": 0}, {"playerId": 111, "ov": "2", "r": 27, "w": 0, "d": 2, "maid": 0, "e": "13.50", "wd": 0, "nb": 0}, {"playerId": 964, "ov": "2", "r": 13, "w": 1, "d": 3, "maid": 0, "e": "6.50", "wd": 0, "nb": 0}, {"playerId": 1735, "ov": "3", "r": 22, "w": 1, "d": 6, "maid": 0, "e": "7.33", "wd": 0, "nb": 0}, {"playerId": 2973, "ov": "2", "r": 21, "w": 0, "d": 6, "maid": 0, "e": "10.50", "wd": 0, "nb": 0}], "fow": [{"bp": {"innings": 2, "over": 4, "ball": 2}, "playerId": 236, "ret": false, "w": 1, "r": 42}, {"bp": {"innings": 2, "over": 10, "ball": 1}, "playerId": 158, "ret": false, "w": 2, "r": 101}, {"bp": {"innings": 2, "over": 11, "ball": 1}, "playerId": 1125, "ret": false, "w": 3, "r": 105}, {"bp": {"innings": 2, "over": 19, "ball": 1}, "playerId": 187, "ret": false, "w": 4, "r": 173}, {"bp": {"innings": 2, "over": 19, "ball": 6}, "playerId": 1703, "ret": false, "w": 5, "r": 176}, {"bp": {"innings": 2, "over": 20, "ball": 2}, "playerId": 8, "ret": false, "w": 6, "r": 182}, {"bp": {"innings": 2, "over": 20, "ball": 3}, "playerId": 1276, "ret": false, "w": 7, "r": 182}], "extras": {"noBallRuns": 0, "wideRuns": 4, "byeRuns": 0, "legByeRuns": 0, "penaltyRuns": 0}, "declared": false}, "overHistory": [{"ovNo": 1, "ovBalls": ["1", ".", "1Wd", "4", ".", "4", "4"]}, {"ovNo": 2, "ovBalls": ["1Wd", "4", "4", ".", ".", ".", "."]}, {"ovNo": 3, "ovBalls": ["4", ".", "1", "4", "4", "."]}, {"ovNo": 4, "ovBalls": ["6", "W", "1", "1Wd", ".", "4", "."]}, {"ovNo": 5, "ovBalls": [".", "4", "4", ".", ".", "."]}, {"ovNo": 6, "ovBalls": [".", "6", "4", ".", "1", "1"]}, {"ovNo": 7, "ovBalls": [".", "4", "1", "4", ".", "."]}, {"ovNo": 8, "ovBalls": ["1", "1", ".", "4", "1", "2"]}, {"ovNo": 9, "ovBalls": ["1", "1", "6", "2", "4", "1"]}, {"ovNo": 10, "ovBalls": ["W", ".", "1", "1", "1", "1"]}, {"ovNo": 11, "ovBalls": ["W", "1", ".", ".", "1", "1"]}, {"ovNo": 12, "ovBalls": [".", ".", "1", ".", "1", "."]}, {"ovNo": 13, "ovBalls": ["1", "1", "1", "1", "1", "1"]}, {"ovNo": 14, "ovBalls": ["6", "6", ".", "6", ".", "1"]}, {"ovNo": 15, "ovBalls": [".", "4", "1", "2", ".", "1"]}, {"ovNo": 16, "ovBalls": [".", "1", "6", ".", "6", "."]}, {"ovNo": 17, "ovBalls": ["4", "4", "1", "1", ".", "1"]}, {"ovNo": 18, "ovBalls": ["1", "1", "1", "1", "1Wd", "1", "."]}, {"ovNo": 19, "ovBalls": ["W", ".", "1", "1", "1", "W"]}, {"ovNo": 20, "ovBalls": ["6", "W", "W", ".", "1", "2"]}]}]}