{"matchInfo": {"additionalInfo": {"sixes.video.thumb": "https://resources.platform.iplt20.com/photo-resources/2020/09/28/d10d1151-a944-4b82-a49c-7a8233ba02d7/kXkdWRfd.jpg?width=780&height=439", "sixes.video.id": "210002", "match.video.thumb": "https://resources.platform.iplt20.com/photo-resources/2020/09/28/20e19041-db32-42a9-80ff-344e3f068513/_AI_5696.JPG?width=780&height=439", "referee.name": "Javagal Srinath", "report.thumb": "https://resources.platform.iplt20.com/photo-resources/2020/09/28/341cef69-b407-41d9-9b64-584d56b700af/_AI_6400.JPG?width=780&height=439", "match.summary": "Match tied (Royal Challengers Bangalore won the Super Over)", "umpire.name.1": "Paul Reiffel", "umpire.name.2": "Nitin Menon", "umpire.name.3": "Anil Chaudhary", "umpire.name.4": "Yeshwant Barde", "result.playerofthematch": "AB de Villiers", "report.link": "https://www.iplt20.com/news/209997/dream11-ipl-2020-match-10-rcb-vs-mi-match-report", "toss.elected": "Mumbai Indians, who chose to field", "notes.1.1": "Powerplay: 59 runs, 0 wickets", "notes.1.2": "RCB: 50 runs in 5.2 overs", "notes.2.1": "Powerplay: 35 runs, 2 wickets", "notes.1.3": "1st Wicket: 50 runs in 32 balls (Devdutt Padikkal 9, Aaron Finch 40)", "notes.2.2": "MI: 50 runs in 7.5 overs", "notes.1.4": "Aaron Finch: 50 off 31 balls (7 x fours, 1 x six)", "notes.2.3": "Ishan Kishan: 50 off 39 balls (1 x four, 4 x sixes)", "notes.1.5": "RCB: 100 runs in 13.4 overs", "notes.2.4": "MI: 100 runs in 14.3 overs", "notes.1.6": "Devdutt Padikkal: 50 off 37 balls (5 x fours, 2 x sixes)", "notes.2.5": "5th Wicket: 50 runs in 30 balls (Ishan Kishan 31, Kieron Pollard 21)", "notes.1.7": "3rd Wicket: 50 runs in 25 balls (Devdutt Padikkal 24, AB de Villiers 30)", "notes.2.6": "MI: 150 runs in 17.1 overs", "notes.1.8": "RCB: 150 runs in 16.6 overs", "notes.2.7": "Kieron Pollard: 50 off 20 balls (2 x fours, 5 x sixes)", "highlights.link": "https://www.iplt20.com/video/210049/m10-rcb-vs-mi-match-highlights", "notes.1.9": "AB de Villiers: 50 off 23 balls (4 x fours, 4 x sixes)", "notes.2.8": "5th Wicket: 100 runs in 45 balls (Ishan Kishan 46, Kieron Pollard 55)", "notes.2.9": "Mumbai Indians: 200 runs in 19.6 overs", "match.video.id": "210049", "toss.winner": "Mumbai Indians", "notes.1.10": "RCB: 200 runs in 19.6 overs", "notes.1.11": "Innings Break: RCB - 201/3 in 20 overs"}, "teams": [{"id": 30036, "team": {"id": 9, "fullName": "Royal Challengers Bangalore", "shortName": "Challengers", "abbreviation": "RCB", "type": "m", "primaryColor": "000000", "secondaryColor": "FF3245"}, "players": [{"id": 5430, "fullName": "Devdutt Padikkal", "shortName": "D Padikkal", "nationality": "Indian", "dateOfBirth": "2000-07-07", "rightArmedBowl": true, "rightHandedBat": false, "bowlingStyle": "OFF_SPIN"}, {"id": 167, "fullName": "Aaron Finch", "shortName": "A Finch", "nationality": "Australian", "dateOfBirth": "1986-11-17", "rightArmedBowl": false, "rightHandedBat": true, "bowlingStyle": "ORTHODOX"}, {"id": 164, "fullName": "Virat Kohli", "shortName": "V Kohli", "nationality": "Indian", "dateOfBirth": "1988-11-05", "rightArmedBowl": true, "rightHandedBat": true, "bowlingStyle": "MEDIUM_SEAM"}, {"id": 233, "fullName": "AB de Villiers", "shortName": "AB de Villiers", "nationality": "South African", "dateOfBirth": "1984-02-17", "rightArmedBowl": true, "rightHandedBat": true, "bowlingStyle": "MEDIUM_SEAM"}, {"id": 253, "fullName": "Gurkeerat Mann Singh", "shortName": "GM Singh", "nationality": "Indian", "dateOfBirth": "1990-06-29", "rightArmedBowl": true, "rightHandedBat": true, "bowlingStyle": "OFF_SPIN"}, {"id": 2973, "fullName": "Washington Sundar", "shortName": "W Sundar", "nationality": "Indian", "dateOfBirth": "1999-10-05", "rightArmedBowl": true, "rightHandedBat": false, "bowlingStyle": "OFF_SPIN"}, {"id": 5431, "fullName": "Shivam Dube", "shortName": "S Dube", "nationality": "Indian", "dateOfBirth": "1993-06-26", "rightArmedBowl": true, "rightHandedBat": false, "bowlingStyle": "MEDIUM_SEAM"}, {"id": 690, "fullName": "Isuru Udana", "shortName": "I Udana", "nationality": "Sri Lankan", "dateOfBirth": "1988-02-17", "rightArmedBowl": false, "rightHandedBat": true, "bowlingStyle": "MEDIUM_SEAM"}, {"id": 3824, "fullName": "Navdeep Saini", "shortName": "N Saini", "nationality": "Indian", "dateOfBirth": "1992-11-23", "rightArmedBowl": true, "rightHandedBat": true, "bowlingStyle": "FAST_SEAM"}, {"id": 958, "fullName": "Adam Zampa", "shortName": "A Zampa", "nationality": "Australian", "dateOfBirth": "1992-03-31", "rightArmedBowl": true, "rightHandedBat": true, "bowlingStyle": "LEG_SPIN"}, {"id": 111, "fullName": "Yuzvendra Chahal", "shortName": "Y Chahal", "nationality": "Indian", "dateOfBirth": "1990-07-23", "rightArmedBowl": true, "rightHandedBat": true, "bowlingStyle": "LEG_SPIN"}], "wicketKeeper": {"id": 233, "fullName": "AB de Villiers", "shortName": "AB de Villiers", "nationality": "South African", "dateOfBirth": "1984-02-17", "rightArmedBowl": true, "rightHandedBat": true, "bowlingStyle": "MEDIUM_SEAM"}, "captain": {"id": 164, "fullName": "Virat Kohli", "shortName": "V Kohli", "nationality": "Indian", "dateOfBirth": "1988-11-05", "rightArmedBowl": true, "rightHandedBat": true, "bowlingStyle": "MEDIUM_SEAM"}}, {"id": 30037, "team": {"id": 6, "fullName": "Mumbai Indians", "shortName": "Mumbai", "abbreviation": "MI", "type": "m", "primaryColor": "00AEEF", "secondaryColor": "FFFFFF"}, "players": [{"id": 834, "fullName": "Quinton de Kock", "shortName": "Q de Kock", "nationality": "South African", "dateOfBirth": "1992-12-17", "rightArmedBowl": false, "rightHandedBat": false}, {"id": 107, "fullName": "Rohit Sharma", "shortName": "R Sharma", "nationality": "Indian", "dateOfBirth": "1987-04-30", "rightArmedBowl": true, "rightHandedBat": true, "bowlingStyle": "OFF_SPIN"}, {"id": 108, "fullName": "Suryakumar Yadav", "shortName": "S Yadav", "nationality": "Indian", "dateOfBirth": "1990-09-14", "rightArmedBowl": true, "rightHandedBat": true}, {"id": 2975, "fullName": "Ishan Kishan", "shortName": "I Kishan", "nationality": "Indian", "dateOfBirth": "1998-07-18", "rightArmedBowl": false, "rightHandedBat": false}, {"id": 2740, "fullName": "Hardik Pandya", "shortName": "H Pandya", "nationality": "Indian", "dateOfBirth": "1993-10-11", "rightArmedBowl": true, "rightHandedBat": true, "bowlingStyle": "MEDIUM_SEAM"}, {"id": 210, "fullName": "Kieron Pollard", "shortName": "K Pollard", "nationality": "West Indian", "dateOfBirth": "1987-05-12", "rightArmedBowl": true, "rightHandedBat": true, "bowlingStyle": "MEDIUM_SEAM"}, {"id": 3183, "fullName": "Krunal Pandya", "shortName": "K Pandya", "nationality": "Indian", "dateOfBirth": "1991-03-24", "rightArmedBowl": false, "rightHandedBat": false, "bowlingStyle": "ORTHODOX"}, {"id": 199, "fullName": "James Pattinson", "shortName": "J Pattinson", "nationality": "Australian", "dateOfBirth": "1990-05-03", "rightArmedBowl": true, "rightHandedBat": false, "bowlingStyle": "FAST_SEAM"}, {"id": 3763, "fullName": "Rahul Chahar", "shortName": "R Chahar", "nationality": "Indian", "dateOfBirth": "1999-08-04", "rightArmedBowl": true, "rightHandedBat": true, "bowlingStyle": "LEG_SPIN"}, {"id": 969, "fullName": "Trent Boult", "shortName": "T Boult", "nationality": "New Zealander", "dateOfBirth": "1989-07-22", "rightArmedBowl": false, "rightHandedBat": true, "bowlingStyle": "FAST_SEAM"}, {"id": 1124, "fullName": "Jasprit Bumrah", "shortName": "J Bumrah", "nationality": "Indian", "dateOfBirth": "1993-12-06", "rightArmedBowl": true, "rightHandedBat": true, "bowlingStyle": "FAST_SEAM"}], "wicketKeeper": {"id": 834, "fullName": "Quinton de Kock", "shortName": "Q de Kock", "nationality": "South African", "dateOfBirth": "1992-12-17", "rightArmedBowl": false, "rightHandedBat": false}, "captain": {"id": 107, "fullName": "Rohit Sharma", "shortName": "R Sharma", "nationality": "Indian", "dateOfBirth": "1987-04-30", "rightArmedBowl": true, "rightHandedBat": true, "bowlingStyle": "OFF_SPIN"}}], "venue": {"id": 37, "fullName": "Dubai International Stadium", "shortName": "Dubai International Stadium", "city": "Dubai", "country": "UAE"}, "matchDate": "2020-09-28T18:00:00+0400", "matchEndDate": "2020-09-28T23:00:00+0400", "matchDateMs": 1601301600000, "matchEndDateMs": 1601319600000, "isLimitedOvers": true, "battingOrder": [0, 1], "matchBroadcast": false, "matchState": "C", "matchStatus": {"outcome": "A", "text": "Match tied (Royal Challengers Bangalore won the Super Over)"}, "description": "Match 10", "matchSummary": "Match tied (Royal Challengers Bangalore won the Super Over)", "matchType": "IPLT20", "tournamentLabel": "IPL 2020", "oversLimit": 20, "groupName": "", "tieBreaker": {"type": "SUPER_OVER", "battingOrder": [1, 0]}}, "matchId": {"id": 22245, "name": "ipl2020-10", "tournamentId": {"id": 18790, "name": "ipl2020", "provisional": false}}, "currentState": {"inProgress": false, "phase": "O", "currentInningsIndex": 1, "currentBatsmen": [210, 3183], "facingBatsman": 3183, "nonFacingBatsman": 210, "currentBowler": -1, "previousBowler": 3824, "previousBowlerCurrentSpell": {"playerId": 3824, "ov": "1", "r": 12, "w": 0, "d": 0, "maid": 0, "e": "12.00", "wd": 1, "nb": 0}, "currentPartnership": 4, "partnership": {"runs": 4, "balls": 1, "runRate": "24.00"}, "recentOvers": [{"ovNo": 15, "ovBalls": ["1", ".", "2", "6", "1", "4"]}, {"ovNo": 16, "ovBalls": ["4", "2", ".", "2", "1", "1"]}, {"ovNo": 17, "ovBalls": ["4", "6", "6", "2", "6", "3"]}, {"ovNo": 18, "ovBalls": ["6", "2", "1", "6", "1", "6"]}, {"ovNo": 19, "ovBalls": ["1Wd", "1", "1", "1", "1", "6", "1"]}, {"ovNo": 20, "ovBalls": ["1", "1", "6", "6", "W", "4"]}]}, "innings": [{"inningsNumber": 1, "runRate": "10.05", "overProgress": "20", "declared": false, "scorecard": {"runs": 201, "wkts": 3, "allOut": false, "battingStats": [{"playerId": 5430, "r": 54, "b": 40, "sr": "135.00", "4s": 5, "6s": 2, "mod": {"dismissedBp": {"innings": 1, "over": 18, "ball": 1}, "countingBp": {"innings": 1, "over": 18, "ball": 1}, "text": "c Kieron Pollard b Trent Boult", "bowlerId": 969, "additionalPlayerIds": [210], "dismissedMethod": "ct", "isOut": true}}, {"playerId": 167, "r": 52, "b": 35, "sr": "148.57", "4s": 7, "6s": 1, "mod": {"dismissedBp": {"innings": 1, "over": 9, "ball": 6}, "countingBp": {"innings": 1, "over": 9, "ball": 6}, "text": "c Kieron Pollard b Trent Boult", "bowlerId": 969, "additionalPlayerIds": [210], "dismissedMethod": "ct", "isOut": true}}, {"playerId": 164, "r": 3, "b": 11, "sr": "27.27", "4s": 0, "6s": 0, "mod": {"dismissedBp": {"innings": 1, "over": 13, "ball": 2}, "countingBp": {"innings": 1, "over": 13, "ball": 2}, "text": "c Rohit Sharma b Rahul Chahar", "bowlerId": 3763, "additionalPlayerIds": [107], "dismissedMethod": "ct", "isOut": true}}, {"playerId": 233, "r": 55, "b": 24, "sr": "229.16", "4s": 4, "6s": 4}, {"playerId": 5431, "r": 27, "b": 10, "sr": "270.00", "4s": 1, "6s": 3}], "bowlingStats": [{"playerId": 969, "ov": "4", "r": 34, "w": 2, "d": 8, "maid": 0, "e": "8.50", "wd": 0, "nb": 0}, {"playerId": 199, "ov": "4", "r": 51, "w": 0, "d": 9, "maid": 0, "e": "12.75", "wd": 0, "nb": 0}, {"playerId": 3763, "ov": "4", "r": 31, "w": 1, "d": 7, "maid": 0, "e": "7.75", "wd": 1, "nb": 0}, {"playerId": 1124, "ov": "4", "r": 42, "w": 0, "d": 10, "maid": 0, "e": "10.50", "wd": 1, "nb": 0}, {"playerId": 3183, "ov": "3", "r": 23, "w": 0, "d": 6, "maid": 0, "e": "7.66", "wd": 1, "nb": 0}, {"playerId": 210, "ov": "1", "r": 13, "w": 0, "d": 0, "maid": 0, "e": "13.00", "wd": 0, "nb": 0}], "fow": [{"bp": {"innings": 1, "over": 9, "ball": 6}, "playerId": 167, "ret": false, "w": 1, "r": 81}, {"bp": {"innings": 1, "over": 13, "ball": 2}, "playerId": 164, "ret": false, "w": 2, "r": 92}, {"bp": {"innings": 1, "over": 18, "ball": 1}, "playerId": 5430, "ret": false, "w": 3, "r": 154}], "extras": {"noBallRuns": 0, "wideRuns": 3, "byeRuns": 0, "legByeRuns": 7, "penaltyRuns": 0}, "declared": false}, "overHistory": [{"ovNo": 1, "ovBalls": ["2", "4", ".", "1", ".", "1"]}, {"ovNo": 2, "ovBalls": ["2", ".", ".", ".", "4", "2"]}, {"ovNo": 3, "ovBalls": ["1", ".", ".", "6", "2", "1"]}, {"ovNo": 4, "ovBalls": ["2", "4", ".", ".", "3", "."]}, {"ovNo": 5, "ovBalls": ["1", "1", "4", "4", "4", "."]}, {"ovNo": 6, "ovBalls": [".", "4Lb", "4", "1", ".", "1Wd", "."]}, {"ovNo": 7, "ovBalls": ["1", ".", ".", "4", "1", "."]}, {"ovNo": 8, "ovBalls": ["1", "1", "4", ".", "1", "1Wd", "1"]}, {"ovNo": 9, "ovBalls": ["1", "1", ".", "4", "1", "W"]}, {"ovNo": 10, "ovBalls": [".", "1", "1", ".", "1Wd", "1", "."]}, {"ovNo": 11, "ovBalls": ["1", "1", "1", ".", ".", "."]}, {"ovNo": 12, "ovBalls": ["1", ".", "1", "1", ".", "."]}, {"ovNo": 13, "ovBalls": ["1", "W", ".", "2", "1", "1"]}, {"ovNo": 14, "ovBalls": ["1", "1", ".", "6", "6", "."]}, {"ovNo": 15, "ovBalls": ["2", "4", "1", "4", "1", "1"]}, {"ovNo": 16, "ovBalls": ["1", "4", "1", "4", "2", "1"]}, {"ovNo": 17, "ovBalls": ["4", ".", "6", "1Lb", "1Lb", "6"]}, {"ovNo": 18, "ovBalls": ["W", "1", "1", "1Lb", "1", "6"]}, {"ovNo": 19, "ovBalls": ["1", "4", "1", "4", "1", "6"]}, {"ovNo": 20, "ovBalls": [".", "6", "6", "1", "1", "6"]}]}, {"inningsNumber": 2, "runRate": "10.05", "overProgress": "20", "declared": false, "scorecard": {"runs": 201, "wkts": 5, "allOut": false, "battingStats": [{"playerId": 107, "r": 8, "b": 8, "sr": "100.00", "4s": 0, "6s": 1, "mod": {"dismissedBp": {"innings": 2, "over": 2, "ball": 4}, "countingBp": {"innings": 2, "over": 2, "ball": 4}, "text": "c sub (Pawan Negi) b Washington Sundar", "bowlerId": 2973, "dismissedMethod": "ct", "isOut": true}}, {"playerId": 834, "r": 14, "b": 15, "sr": "93.33", "4s": 1, "6s": 0, "mod": {"dismissedBp": {"innings": 2, "over": 7, "ball": 4}, "countingBp": {"innings": 2, "over": 7, "ball": 4}, "text": "c sub (Pawan Negi) b Yuzvendra Chahal", "bowlerId": 111, "dismissedMethod": "ct", "isOut": true}}, {"playerId": 108, "r": 0, "b": 2, "sr": "0.00", "4s": 0, "6s": 0, "mod": {"dismissedBp": {"innings": 2, "over": 3, "ball": 2}, "countingBp": {"innings": 2, "over": 3, "ball": 2}, "text": "c AB de Villiers b Isuru Udana", "bowlerId": 690, "additionalPlayerIds": [233], "dismissedMethod": "ct", "isOut": true}}, {"playerId": 2975, "r": 99, "b": 58, "sr": "170.68", "4s": 2, "6s": 9, "mod": {"dismissedBp": {"innings": 2, "over": 20, "ball": 5}, "countingBp": {"innings": 2, "over": 20, "ball": 5}, "text": "c Devdutt Padikkal b Isuru Udana", "bowlerId": 690, "additionalPlayerIds": [5430], "dismissedMethod": "ct", "isOut": true}}, {"playerId": 2740, "r": 15, "b": 13, "sr": "115.38", "4s": 0, "6s": 1, "mod": {"dismissedBp": {"innings": 2, "over": 12, "ball": 2}, "countingBp": {"innings": 2, "over": 12, "ball": 2}, "text": "c sub (Pawan Negi) b Adam Zampa", "bowlerId": 958, "dismissedMethod": "ct", "isOut": true}}, {"playerId": 210, "r": 60, "b": 24, "sr": "250.00", "4s": 3, "6s": 5}, {"playerId": 3183, "r": 0, "b": 0, "4s": 0, "6s": 0}], "bowlingStats": [{"playerId": 690, "ov": "4", "r": 45, "w": 2, "d": 7, "maid": 0, "e": "11.25", "wd": 3, "nb": 0}, {"playerId": 2973, "ov": "4", "r": 12, "w": 1, "d": 13, "maid": 0, "e": "3.00", "wd": 0, "nb": 0}, {"playerId": 3824, "ov": "4", "r": 43, "w": 0, "d": 8, "maid": 0, "e": "10.75", "wd": 2, "nb": 0}, {"playerId": 111, "ov": "4", "r": 48, "w": 1, "d": 2, "maid": 0, "e": "12.00", "wd": 0, "nb": 0}, {"playerId": 958, "ov": "4", "r": 53, "w": 1, "d": 3, "maid": 0, "e": "13.25", "wd": 0, "nb": 0}], "fow": [{"bp": {"innings": 2, "over": 2, "ball": 4}, "playerId": 107, "ret": false, "w": 1, "r": 14}, {"bp": {"innings": 2, "over": 3, "ball": 2}, "playerId": 108, "ret": false, "w": 2, "r": 16}, {"bp": {"innings": 2, "over": 7, "ball": 4}, "playerId": 834, "ret": false, "w": 3, "r": 39}, {"bp": {"innings": 2, "over": 12, "ball": 2}, "playerId": 2740, "ret": false, "w": 4, "r": 78}, {"bp": {"innings": 2, "over": 20, "ball": 5}, "playerId": 2975, "ret": false, "w": 5, "r": 197}], "extras": {"noBallRuns": 0, "wideRuns": 5, "byeRuns": 0, "legByeRuns": 0, "penaltyRuns": 0}, "declared": false}, "overHistory": [{"ovNo": 1, "ovBalls": ["1", "1Wd", "1", "6", ".", "1", "4"]}, {"ovNo": 2, "ovBalls": [".", ".", ".", "W", ".", "2"]}, {"ovNo": 3, "ovBalls": [".", "W", "4", "1", ".", "2"]}, {"ovNo": 4, "ovBalls": [".", ".", ".", "1", ".", "."]}, {"ovNo": 5, "ovBalls": [".", "6", ".", ".", ".", "1"]}, {"ovNo": 6, "ovBalls": ["1", ".", "1", "1", ".", "1"]}, {"ovNo": 7, "ovBalls": ["1", "1", "2", "W", "1", "1"]}, {"ovNo": 8, "ovBalls": ["1", "1", "1", "1", "6", "1"]}, {"ovNo": 9, "ovBalls": ["1", "1", "1", "1", "1", "1"]}, {"ovNo": 10, "ovBalls": ["1", ".", "1", "1", "1", "1"]}, {"ovNo": 11, "ovBalls": ["6", ".", "6", "1Wd", ".", "1", "."]}, {"ovNo": 12, "ovBalls": ["1", "W", "1", "1", "2", "1"]}, {"ovNo": 13, "ovBalls": ["1", "1Wd", "1Wd", ".", "1", ".", "1", "1"]}, {"ovNo": 14, "ovBalls": ["1", ".", "1", ".", "1", "6"]}, {"ovNo": 15, "ovBalls": ["1", ".", "2", "6", "1", "4"]}, {"ovNo": 16, "ovBalls": ["4", "2", ".", "2", "1", "1"]}, {"ovNo": 17, "ovBalls": ["4", "6", "6", "2", "6", "3"]}, {"ovNo": 18, "ovBalls": ["6", "2", "1", "6", "1", "6"]}, {"ovNo": 19, "ovBalls": ["1Wd", "1", "1", "1", "1", "6", "1"]}, {"ovNo": 20, "ovBalls": ["1", "1", "6", "6", "W", "4"]}]}], "tieBreaker": {"currentState": {"inProgress": false, "phase": "C", "currentInningsIndex": 1, "currentBatsmen": [164, 233], "facingBatsman": 233, "nonFacingBatsman": 164, "currentBowler": -1, "previousBowler": -1, "currentPartnership": 11, "partnership": {"runs": 11, "balls": 6, "runRate": "11.00"}, "recentOvers": [{"ovNo": 1, "ovBalls": ["1", "1", ".", "4", "1", "4"]}]}, "innings": [{"inningsNumber": 1, "runRate": "7.00", "overProgress": "1", "declared": false, "scorecard": {"runs": 7, "wkts": 1, "allOut": false, "battingStats": [{"playerId": 210, "r": 5, "b": 4, "sr": "125.00", "4s": 1, "6s": 0, "mod": {"dismissedBp": {"innings": 3, "over": 1, "ball": 5}, "countingBp": {"innings": 3, "over": 1, "ball": 5}, "text": "c Gurkeerat Mann Singh b Navdeep Saini", "bowlerId": 3824, "additionalPlayerIds": [253], "dismissedMethod": "ct", "isOut": true}}, {"playerId": 2740, "r": 1, "b": 2, "sr": "50.00", "4s": 0, "6s": 0}, {"playerId": 107, "r": 0, "b": 0, "4s": 0, "6s": 0}], "bowlingStats": [{"playerId": 3824, "ov": "1", "r": 6, "w": 1, "d": 3, "maid": 0, "e": "6.00", "wd": 0, "nb": 0}], "fow": [{"bp": {"innings": 3, "over": 1, "ball": 5}, "playerId": 210, "ret": false, "w": 1, "r": 6}], "extras": {"noBallRuns": 0, "wideRuns": 0, "byeRuns": 1, "legByeRuns": 0, "penaltyRuns": 0}, "declared": false}, "overHistory": [{"ovNo": 1, "ovBalls": ["1", "1", ".", "4", "W", "1B"]}]}, {"inningsNumber": 2, "runRate": "11.00", "overProgress": "1", "declared": false, "scorecard": {"runs": 11, "wkts": 0, "allOut": false, "battingStats": [{"playerId": 233, "r": 6, "b": 4, "sr": "150.00", "4s": 1, "6s": 0}, {"playerId": 164, "r": 5, "b": 2, "sr": "250.00", "4s": 1, "6s": 0}], "bowlingStats": [{"playerId": 1124, "ov": "1", "r": 11, "w": 0, "d": 1, "maid": 0, "e": "11.00", "wd": 0, "nb": 0}], "fow": [], "extras": {"noBallRuns": 0, "wideRuns": 0, "byeRuns": 0, "legByeRuns": 0, "penaltyRuns": 0}, "declared": false}, "overHistory": [{"ovNo": 1, "ovBalls": ["1", "1", ".", "4", "1", "4"]}]}]}}