{"matchInfo": {"additionalInfo": {"toss.elected": "Mumbai Indians, who chose to field", "notes.1.1": "Powerplay - 32 runs, 2 wickets", "notes.1.2": "KKR: 50 runs in 9.3 overs", "notes.2.1": "Powerplay - 26 runs, 1 wicket", "notes.1.3": "KKR: 100 runs in 15.5 overs", "notes.2.2": "MI: 50 runs in 8.6 overs ", "notes.1.4": "Innings Break: KKR - 140/7 in 20.0 overs", "notes.2.3": "MI: 100 runs in 17.3 overs", "highlights.link": "http://www.iplt20.com/videos?mid=bb13babf4c4d4b528f287b683ecfe2c2", "referee.name": "Graeme Labrooy", "home.team.fan.total": "5073", "match.summary": "", "umpire.name.1": "Subrat Das", "photostream.link": "http://iplt20.com/photos/88/ipl-2012-match-65-mumbai-indians-v-kolkata-knight-riders", "umpire.name.2": "Billy Doctrove", "toss.winner": "Mumbai Indians", "umpire.name.3": "Sudhir Asnani", "umpire.name.4": "Rajesh Deshpande", "away.team.fan.total": "6457", "result.playerofthematch": "Sunil Narine"}, "teams": [{"id": 751, "team": {"id": 6, "fullName": "Mumbai Indians", "shortName": "Mumbai", "abbreviation": "MI", "type": "m", "primaryColor": "00AEEF", "secondaryColor": "FFFFFF"}, "players": [{"id": 212, "fullName": "Herschelle Gibbs", "shortName": "H Gibbs", "nationality": "South African", "dateOfBirth": "1974-02-23", "rightArmedBowl": true, "rightHandedBat": true, "bowlingStyle": "LEG_SPIN"}, {"id": 97, "fullName": "Sachin Tendulkar", "shortName": "S Tendulkar", "nationality": "Indian", "dateOfBirth": "1973-04-24", "rightArmedBowl": true, "rightHandedBat": true, "bowlingStyle": "OFF_SPIN"}, {"id": 107, "fullName": "Rohit Sharma", "shortName": "R Sharma", "nationality": "Indian", "dateOfBirth": "1987-04-30", "rightArmedBowl": true, "rightHandedBat": true, "bowlingStyle": "OFF_SPIN"}, {"id": 102, "fullName": "Dinesh Karthik", "shortName": "D Karthik", "nationality": "Indian", "dateOfBirth": "1985-06-01", "rightArmedBowl": true, "rightHandedBat": true, "bowlingStyle": "OFF_SPIN"}, {"id": 100, "fullName": "Ambati Rayudu", "shortName": "A Rayudu", "nationality": "Indian", "dateOfBirth": "1985-09-23", "rightArmedBowl": true, "rightHandedBat": true, "bowlingStyle": "OFF_SPIN"}, {"id": 210, "fullName": "Kieron Pollard", "shortName": "K Pollard", "nationality": "West Indian", "dateOfBirth": "1987-05-12", "rightArmedBowl": true, "rightHandedBat": true, "bowlingStyle": "MEDIUM_SEAM"}, {"id": 413, "fullName": "Dwayne Smith", "shortName": "DR Smith", "nationality": "West Indian", "dateOfBirth": "1983-04-12", "rightArmedBowl": true, "rightHandedBat": true}, {"id": 103, "fullName": "Harbhajan Singh", "shortName": "H Singh", "nationality": "Indian", "dateOfBirth": "1980-07-03", "rightArmedBowl": true, "rightHandedBat": true, "bowlingStyle": "OFF_SPIN"}, {"id": 211, "fullName": "Lasith Malinga", "shortName": "L Malinga", "nationality": "Sri Lankan", "dateOfBirth": "1983-08-28", "rightArmedBowl": true, "rightHandedBat": true, "bowlingStyle": "FAST_SEAM"}, {"id": 112, "fullName": "RP Singh", "shortName": "RP Singh", "nationality": "Indian", "dateOfBirth": "1985-12-06", "rightArmedBowl": false, "rightHandedBat": true}, {"id": 104, "fullName": "Munaf Patel", "shortName": "M Patel", "nationality": "Indian", "dateOfBirth": "1983-07-12", "rightArmedBowl": true, "rightHandedBat": true}], "wicketKeeper": {"id": 102, "fullName": "Dinesh Karthik", "shortName": "D Karthik", "nationality": "Indian", "dateOfBirth": "1985-06-01", "rightArmedBowl": true, "rightHandedBat": true, "bowlingStyle": "OFF_SPIN"}, "captain": {"id": 103, "fullName": "Harbhajan Singh", "shortName": "H Singh", "nationality": "Indian", "dateOfBirth": "1980-07-03", "rightArmedBowl": true, "rightHandedBat": true, "bowlingStyle": "OFF_SPIN"}}, {"id": 752, "team": {"id": 5, "fullName": "Kolkata Knight Riders", "shortName": "Knight Riders", "abbreviation": "KKR", "type": "m", "primaryColor": "6F2C91", "secondaryColor": "FFFFFF"}, "players": [{"id": 84, "fullName": "Gautam Gambhir", "shortName": "G Gambhir", "nationality": "Indian", "dateOfBirth": "1981-10-14", "rightArmedBowl": true, "rightHandedBat": false, "bowlingStyle": "LEG_SPIN"}, {"id": 202, "fullName": "Brendon McCullum", "shortName": "B McCullum", "nationality": "New Zealander", "dateOfBirth": "1981-09-27", "rightArmedBowl": true, "rightHandedBat": true, "bowlingStyle": "MEDIUM_SEAM"}, {"id": 198, "fullName": "Jacques Kallis", "shortName": "J Kallis", "nationality": "South African", "dateOfBirth": "1975-10-16", "rightArmedBowl": true, "rightHandedBat": true, "bowlingStyle": "FAST_SEAM"}, {"id": 89, "fullName": "Manoj Tiwary", "shortName": "M Tiwary", "nationality": "Indian", "dateOfBirth": "1985-11-14", "rightArmedBowl": true, "rightHandedBat": true}, {"id": 96, "fullName": "Yusuf Pathan", "shortName": "Y Pathan", "nationality": "Indian", "dateOfBirth": "1982-11-17", "rightArmedBowl": false, "rightHandedBat": true}, {"id": 201, "fullName": "Shakib Al Hasan", "shortName": "S Al Hasan", "nationality": "Bangladeshi", "dateOfBirth": "1987-03-24", "rightArmedBowl": false, "rightHandedBat": false, "bowlingStyle": "ORTHODOX"}, {"id": 259, "fullName": "Debabrata Das", "shortName": "D Das", "nationality": "Indian", "dateOfBirth": "1986-09-22", "rightArmedBowl": false, "rightHandedBat": false}, {"id": 92, "fullName": "Rajat Bhatia", "shortName": "R Bhatia", "nationality": "Indian", "dateOfBirth": "1979-10-22", "rightArmedBowl": true, "rightHandedBat": true}, {"id": 85, "fullName": "Iqbal Abdulla", "shortName": "I Abdulla", "nationality": "Indian", "dateOfBirth": "1989-12-02", "rightArmedBowl": false, "rightHandedBat": false}, {"id": 203, "fullName": "Sunil Narine", "shortName": "S Narine", "nationality": "West Indian", "dateOfBirth": "1988-05-26", "rightArmedBowl": true, "rightHandedBat": false, "bowlingStyle": "OFF_SPIN"}, {"id": 87, "fullName": "Lakshmipathy Balaji", "shortName": "L Balaji", "nationality": "Indian", "dateOfBirth": "1981-09-27", "rightArmedBowl": false, "rightHandedBat": false}], "wicketKeeper": {"id": 202, "fullName": "Brendon McCullum", "shortName": "B McCullum", "nationality": "New Zealander", "dateOfBirth": "1981-09-27", "rightArmedBowl": true, "rightHandedBat": true, "bowlingStyle": "MEDIUM_SEAM"}, "captain": {"id": 84, "fullName": "Gautam Gambhir", "shortName": "G Gambhir", "nationality": "Indian", "dateOfBirth": "1981-10-14", "rightArmedBowl": true, "rightHandedBat": false, "bowlingStyle": "LEG_SPIN"}}], "venue": {"id": 4, "fullName": "Wankhede Stadium", "shortName": "Wankhede Stadium", "city": "Mumbai", "country": "India"}, "matchDate": "2012-05-16T20:00:00+0530", "matchEndDate": "2012-05-16T23:00:00+0530", "matchDateMs": 1337178600000, "matchEndDateMs": 1337189400000, "isLimitedOvers": true, "battingOrder": [1, 0], "matchBroadcast": false, "matchState": "C", "matchStatus": {"outcome": "B", "text": "Kolkata Knight Riders won by 32 runs"}, "description": "Match 65", "matchSummary": "", "matchType": "IPLT20", "tournamentLabel": "IPL 2012", "oversLimit": 20, "groupName": ""}, "matchId": {"id": 66, "name": "ipl2012-65", "tournamentId": {"id": 1, "name": "ipl2012", "provisional": false}}, "currentState": {"inProgress": false, "phase": "C", "currentInningsIndex": 1, "currentBatsmen": [-1, 104], "facingBatsman": -1, "nonFacingBatsman": 104, "currentBowler": 203, "currentBowlerCurrentSpell": {"playerId": 203, "ov": "1.1", "r": 8, "w": 3, "d": 4, "maid": 0, "e": "6.85", "wd": 0, "nb": 0}, "previousBowler": 87, "previousBowlerCurrentSpell": {"playerId": 87, "ov": "1", "r": 3, "w": 1, "d": 3, "maid": 0, "e": "3.00", "wd": 0, "nb": 0}, "currentPartnership": 0, "partnership": {"runs": 0, "balls": 1, "runRate": "0.00"}, "recentOvers": [{"ovNo": 15, "ovBalls": [".", ".", ".", "1", "2", "."]}, {"ovNo": 16, "ovBalls": ["2", "1", "W", "4", "2", "1"]}, {"ovNo": 17, "ovBalls": ["1", "4", "1", "W", "W", "1"]}, {"ovNo": 18, "ovBalls": ["W", ".", "6", "1", "W", "1"]}, {"ovNo": 19, "ovBalls": [".", "1", "1", "1", ".", "W"]}, {"ovNo": 20, "ovBalls": ["W"]}]}, "innings": [{"inningsNumber": 1, "runRate": "7.00", "overProgress": "20", "declared": false, "scorecard": {"runs": 140, "wkts": 7, "allOut": false, "battingStats": [{"playerId": 84, "r": 27, "b": 23, "sr": "117.39", "4s": 3, "6s": 1, "mod": {"dismissedBp": {"innings": 1, "over": 9, "ball": 3}, "countingBp": {"innings": 1, "over": 9, "ball": 3}, "text": "b Kieron Pollard", "bowlerId": 210, "dismissedMethod": "b", "isOut": true}}, {"playerId": 202, "r": 1, "b": 5, "sr": "20.00", "4s": 0, "6s": 0, "mod": {"dismissedBp": {"innings": 1, "over": 2, "ball": 2}, "countingBp": {"innings": 1, "over": 2, "ball": 2}, "text": "lbw RP Singh", "bowlerId": 112, "dismissedMethod": "lbw", "isOut": true}}, {"playerId": 198, "r": 0, "b": 1, "sr": "0.00", "4s": 0, "6s": 0, "mod": {"dismissedBp": {"innings": 1, "over": 2, "ball": 3}, "countingBp": {"innings": 1, "over": 2, "ball": 3}, "text": "b RP Singh", "bowlerId": 112, "dismissedMethod": "b", "isOut": true}}, {"playerId": 89, "r": 41, "b": 43, "sr": "95.34", "4s": 2, "6s": 2, "mod": {"dismissedBp": {"innings": 1, "over": 15, "ball": 1}, "countingBp": {"innings": 1, "over": 15, "ball": 1}, "text": "c Lasith Malinga b Munaf Patel", "bowlerId": 104, "additionalPlayerIds": [211], "dismissedMethod": "ct", "isOut": true}}, {"playerId": 201, "r": 13, "b": 12, "sr": "108.33", "4s": 1, "6s": 0, "mod": {"dismissedBp": {"innings": 1, "over": 14, "ball": 2}, "countingBp": {"innings": 1, "over": 14, "ball": 2}, "text": "b Dwayne Smith", "bowlerId": 413, "dismissedMethod": "b", "isOut": true}}, {"playerId": 96, "r": 21, "b": 21, "sr": "100.00", "4s": 2, "6s": 0}, {"playerId": 259, "r": 2, "b": 3, "sr": "66.66", "4s": 0, "6s": 0, "mod": {"dismissedBp": {"innings": 1, "over": 16, "ball": 4}, "countingBp": {"innings": 1, "over": 16, "ball": 4}, "text": "run out (Harbhajan Singh)", "bowlerId": 413, "additionalPlayerIds": [103], "dismissedMethod": "ro", "isOut": true}}, {"playerId": 92, "r": 12, "b": 7, "sr": "171.42", "4s": 2, "6s": 0, "mod": {"dismissedBp": {"innings": 1, "over": 19, "ball": 1}, "countingBp": {"innings": 1, "over": 19, "ball": 1}, "text": "c Dinesh Karthik b Lasith Malinga", "bowlerId": 211, "additionalPlayerIds": [102], "dismissedMethod": "ct", "isOut": true}}, {"playerId": 203, "r": 9, "b": 6, "sr": "150.00", "4s": 2, "6s": 0}], "bowlingStats": [{"playerId": 104, "ov": "4", "r": 17, "w": 1, "d": 13, "maid": 0, "e": "4.25", "wd": 0, "nb": 0}, {"playerId": 112, "ov": "4", "r": 33, "w": 2, "d": 12, "maid": 0, "e": "8.25", "wd": 2, "nb": 1}, {"playerId": 211, "ov": "4", "r": 32, "w": 1, "d": 8, "maid": 0, "e": "8.00", "wd": 2, "nb": 0}, {"playerId": 210, "ov": "3", "r": 20, "w": 1, "d": 7, "maid": 0, "e": "6.66", "wd": 3, "nb": 0}, {"playerId": 103, "ov": "3", "r": 24, "w": 0, "d": 4, "maid": 0, "e": "8.00", "wd": 0, "nb": 0}, {"playerId": 413, "ov": "2", "r": 8, "w": 1, "d": 7, "maid": 0, "e": "4.00", "wd": 0, "nb": 0}], "fow": [{"bp": {"innings": 1, "over": 2, "ball": 2}, "playerId": 202, "ret": false, "w": 1, "r": 6}, {"bp": {"innings": 1, "over": 2, "ball": 3}, "playerId": 198, "ret": false, "w": 2, "r": 6}, {"bp": {"innings": 1, "over": 9, "ball": 3}, "playerId": 84, "ret": false, "w": 3, "r": 44}, {"bp": {"innings": 1, "over": 14, "ball": 2}, "playerId": 201, "ret": false, "w": 4, "r": 89}, {"bp": {"innings": 1, "over": 15, "ball": 1}, "playerId": 89, "ret": false, "w": 5, "r": 91}, {"bp": {"innings": 1, "over": 16, "ball": 4}, "playerId": 259, "ret": false, "w": 6, "r": 96}, {"bp": {"innings": 1, "over": 19, "ball": 1}, "playerId": 92, "ret": false, "w": 7, "r": 125}], "extras": {"noBallRuns": 1, "wideRuns": 7, "byeRuns": 1, "legByeRuns": 5, "penaltyRuns": 0}, "declared": false}, "overHistory": [{"ovNo": 1, "ovBalls": ["4", ".", "1", ".", ".", "1"]}, {"ovNo": 2, "ovBalls": [".", "W", "W", "1", ".", "4"]}, {"ovNo": 3, "ovBalls": [".", "1", ".", ".", ".", "."]}, {"ovNo": 4, "ovBalls": [".", ".", "1", "6", "1Wd", ".", "2"]}, {"ovNo": 5, "ovBalls": [".", ".", ".", "1", "1", "1"]}, {"ovNo": 6, "ovBalls": [".", "1", "4", "1", ".", "1"]}, {"ovNo": 7, "ovBalls": ["1Wd", "1", "1", ".", "1", "1", "1"]}, {"ovNo": 8, "ovBalls": ["1", "1Lb", "1", "1", "1", "1"]}, {"ovNo": 9, "ovBalls": [".", ".", "W", "1", "1Wd", "1", "1"]}, {"ovNo": 10, "ovBalls": ["1", ".", "2", ".", "1", "2"]}, {"ovNo": 11, "ovBalls": ["4", "4", ".", ".", "1", "1Wd", "."]}, {"ovNo": 12, "ovBalls": ["1", "1", "1B", "4", "1", "6"]}, {"ovNo": 13, "ovBalls": ["1", "1", "1", ".", "6", "."]}, {"ovNo": 14, "ovBalls": ["2Lb", "W", "1", ".", ".", "1"]}, {"ovNo": 15, "ovBalls": ["W", "1", "1", ".", "1", "."]}, {"ovNo": 16, "ovBalls": ["1", "1", ".", "W", "4", "."]}, {"ovNo": 17, "ovBalls": ["1Wd", "1", "1", "4", "1", ".", "4"]}, {"ovNo": 18, "ovBalls": ["1", "2", ".", "2Nb", "4", "1Wd", "1", "2"]}, {"ovNo": 19, "ovBalls": ["W", "1", "1", ".", "1", "1Wd", "4"]}, {"ovNo": 20, "ovBalls": ["2Lb", "1", ".", "4", ".", "."]}]}, {"inningsNumber": 2, "runRate": "5.63", "overProgress": "19.1", "declared": false, "scorecard": {"runs": 108, "wkts": 10, "allOut": true, "battingStats": [{"playerId": 212, "r": 13, "b": 24, "sr": "54.16", "4s": 1, "6s": 0, "mod": {"dismissedBp": {"innings": 2, "over": 6, "ball": 6}, "countingBp": {"innings": 2, "over": 6, "ball": 6}, "text": "lbw Iqbal Abdulla", "bowlerId": 85, "dismissedMethod": "lbw", "isOut": true}}, {"playerId": 97, "r": 27, "b": 24, "sr": "112.50", "4s": 3, "6s": 1, "mod": {"dismissedBp": {"innings": 2, "over": 11, "ball": 6}, "countingBp": {"innings": 2, "over": 11, "ball": 6}, "text": "b Sunil Narine", "bowlerId": 203, "dismissedMethod": "b", "isOut": true}}, {"playerId": 102, "r": 21, "b": 26, "sr": "80.76", "4s": 3, "6s": 0, "mod": {"dismissedBp": {"innings": 2, "over": 13, "ball": 6}, "countingBp": {"innings": 2, "over": 13, "ball": 5}, "text": "c Yusuf Pathan b Lakshmipathy Balaji", "bowlerId": 87, "additionalPlayerIds": [96], "dismissedMethod": "ct", "isOut": true}}, {"playerId": 107, "r": 12, "b": 14, "sr": "85.71", "4s": 1, "6s": 0, "mod": {"dismissedBp": {"innings": 2, "over": 18, "ball": 5}, "countingBp": {"innings": 2, "over": 18, "ball": 5}, "text": "c Brendon McCullum b Sunil Narine", "bowlerId": 203, "additionalPlayerIds": [202], "dismissedMethod": "ct", "isOut": true}}, {"playerId": 100, "r": 11, "b": 8, "sr": "137.50", "4s": 0, "6s": 1, "mod": {"dismissedBp": {"innings": 2, "over": 16, "ball": 3}, "countingBp": {"innings": 2, "over": 16, "ball": 3}, "text": "st Brendon McCullum b Shakib Al Hasan", "bowlerId": 201, "additionalPlayerIds": [202], "dismissedMethod": "st", "isOut": true}}, {"playerId": 210, "r": 8, "b": 5, "sr": "160.00", "4s": 1, "6s": 0, "mod": {"dismissedBp": {"innings": 2, "over": 17, "ball": 4}, "countingBp": {"innings": 2, "over": 17, "ball": 4}, "text": "c Brendon McCullum b Jacques Kallis", "bowlerId": 198, "additionalPlayerIds": [202], "dismissedMethod": "ct", "isOut": true}}, {"playerId": 413, "r": 0, "b": 1, "sr": "0.00", "4s": 0, "6s": 0, "mod": {"dismissedBp": {"innings": 2, "over": 17, "ball": 5}, "countingBp": {"innings": 2, "over": 17, "ball": 5}, "text": "lbw Jacques Kallis", "bowlerId": 198, "dismissedMethod": "lbw", "isOut": true}}, {"playerId": 103, "r": 1, "b": 2, "sr": "50.00", "4s": 0, "6s": 0, "mod": {"dismissedBp": {"innings": 2, "over": 18, "ball": 1}, "countingBp": {"innings": 2, "over": 18, "ball": 1}, "text": "c Manoj Tiwary b Sunil Narine", "bowlerId": 203, "additionalPlayerIds": [89], "dismissedMethod": "ct", "isOut": true}}, {"playerId": 211, "r": 8, "b": 6, "sr": "133.33", "4s": 0, "6s": 1, "mod": {"dismissedBp": {"innings": 2, "over": 19, "ball": 6}, "countingBp": {"innings": 2, "over": 19, "ball": 6}, "text": "c Manoj Tiwary b Lakshmipathy Balaji", "bowlerId": 87, "additionalPlayerIds": [89], "dismissedMethod": "ct", "isOut": true}}, {"playerId": 112, "r": 3, "b": 5, "sr": "60.00", "4s": 0, "6s": 0, "mod": {"dismissedBp": {"innings": 2, "over": 20, "ball": 1}, "countingBp": {"innings": 2, "over": 20, "ball": 1}, "text": "c Iqbal Abdulla b Sunil Narine", "bowlerId": 203, "additionalPlayerIds": [85], "dismissedMethod": "ct", "isOut": true}}, {"playerId": 104, "r": 0, "b": 0, "4s": 0, "6s": 0}], "bowlingStats": [{"playerId": 87, "ov": "4", "r": 11, "w": 2, "d": 17, "maid": 0, "e": "2.75", "wd": 1, "nb": 0}, {"playerId": 201, "ov": "4", "r": 25, "w": 1, "d": 12, "maid": 0, "e": "6.25", "wd": 1, "nb": 0}, {"playerId": 203, "ov": "3.1", "r": 15, "w": 4, "d": 12, "maid": 0, "e": "4.73", "wd": 0, "nb": 0}, {"playerId": 85, "ov": "4", "r": 23, "w": 1, "d": 9, "maid": 0, "e": "5.75", "wd": 0, "nb": 0}, {"playerId": 198, "ov": "4", "r": 32, "w": 2, "d": 11, "maid": 0, "e": "8.00", "wd": 0, "nb": 0}], "fow": [{"bp": {"innings": 2, "over": 6, "ball": 6}, "playerId": 212, "ret": false, "w": 1, "r": 26}, {"bp": {"innings": 2, "over": 11, "ball": 6}, "playerId": 97, "ret": false, "w": 2, "r": 60}, {"bp": {"innings": 2, "over": 13, "ball": 5}, "playerId": 102, "ret": false, "w": 3, "r": 66}, {"bp": {"innings": 2, "over": 16, "ball": 3}, "playerId": 100, "ret": false, "w": 4, "r": 83}, {"bp": {"innings": 2, "over": 17, "ball": 4}, "playerId": 210, "ret": false, "w": 5, "r": 96}, {"bp": {"innings": 2, "over": 17, "ball": 5}, "playerId": 413, "ret": false, "w": 6, "r": 96}, {"bp": {"innings": 2, "over": 18, "ball": 1}, "playerId": 103, "ret": false, "w": 7, "r": 97}, {"bp": {"innings": 2, "over": 18, "ball": 5}, "playerId": 107, "ret": false, "w": 8, "r": 104}, {"bp": {"innings": 2, "over": 19, "ball": 6}, "playerId": 211, "ret": false, "w": 9, "r": 108}, {"bp": {"innings": 2, "over": 20, "ball": 1}, "playerId": 112, "ret": false, "w": 10, "r": 108}], "extras": {"noBallRuns": 0, "wideRuns": 2, "byeRuns": 0, "legByeRuns": 2, "penaltyRuns": 0}, "declared": false}, "overHistory": [{"ovNo": 1, "ovBalls": [".", "4", ".", ".", ".", "1Lb"]}, {"ovNo": 2, "ovBalls": [".", ".", ".", "1Wd", ".", "1", "."]}, {"ovNo": 3, "ovBalls": [".", ".", "1", ".", ".", "."]}, {"ovNo": 4, "ovBalls": [".", ".", ".", ".", "5", "1"]}, {"ovNo": 5, "ovBalls": [".", "1", ".", ".", "1", "4"]}, {"ovNo": 6, "ovBalls": ["1", "4", ".", ".", "1", "W"]}, {"ovNo": 7, "ovBalls": [".", "1", "4", "4", ".", "."]}, {"ovNo": 8, "ovBalls": ["1", ".", "1", "1", ".", "1"]}, {"ovNo": 9, "ovBalls": [".", "1", "6", ".", "2", "4"]}, {"ovNo": 10, "ovBalls": [".", "4", ".", "1", "1", "1"]}, {"ovNo": 11, "ovBalls": [".", ".", "1", ".", ".", "W"]}, {"ovNo": 12, "ovBalls": [".", ".", "1", "1", "1", "."]}, {"ovNo": 13, "ovBalls": [".", "1Wd", ".", "1", "1Lb", "W", "1"]}, {"ovNo": 14, "ovBalls": ["1", "1", "6", "1", "1", "."]}, {"ovNo": 15, "ovBalls": [".", ".", ".", "1", "2", "."]}, {"ovNo": 16, "ovBalls": ["2", "1", "W", "4", "2", "1"]}, {"ovNo": 17, "ovBalls": ["1", "4", "1", "W", "W", "1"]}, {"ovNo": 18, "ovBalls": ["W", ".", "6", "1", "W", "1"]}, {"ovNo": 19, "ovBalls": [".", "1", "1", "1", ".", "W"]}, {"ovNo": 20, "ovBalls": ["W"]}]}]}