{"matchInfo": {"additionalInfo": {"referee.name": "Rajendra Jadeja", "match.photo.id": "13897", "match.summary": "", "umpire.name.1": "Asad Rauf", "umpire.name.2": "Anil Chaudhary", "umpire.name.3": "Sudhir Asnani", "umpire.name.4": "Krishnamachari Srinivasan", "away.team.fan.total": "8751", "result.playerofthematch": "Steve Smith", "toss.elected": "Pune Warriors India, who chose to bat", "notes.1.1": "Powerplay: 48 runs, 0 wicket", "notes.1.2": "PWI: 50 runs in 6.2 overs", "notes.2.1": "Powerplay: 38 runs, 2 wickets", "notes.1.3": "1st Wicket: 50 runs in 38 balls (Robin Uthappa 10, Aaron Finch 38)", "notes.2.2": "CSK: 50 runs in 7.5 overs", "notes.1.4": "Aaron Finch: 50 off 32 balls (9 x fours, 1 x six)", "notes.2.3": "CSK: 100 runs in 15.2 overs", "notes.1.5": "PWI: 100 runs in 13.4 overs", "notes.1.6": "PWI: 150 runs in 19.2 overs", "notes.1.7": "Innings Break: PWI - 159/5 in 20 overs", "highlights.link": "http://iplt20.com/videos/media/id/69f83445742d4c59b60a9a4f6535e419/m19-csk-vs-pwi-match-highlights", "match.video.id": "69f83445742d4c59b60a9a4f6535e419", "home.team.fan.total": "15454", "photostream.link": "http://iplt20.com/photos/123/ipl-2013-match-19-csk-v-pwi", "toss.winner": "Pune Warriors India"}, "teams": [{"id": 1425, "team": {"id": 1, "fullName": "Chennai Super Kings", "shortName": "Super Kings", "abbreviation": "CSK", "type": "m", "primaryColor": "FDB913", "secondaryColor": "0081E5"}, "players": [{"id": 11, "fullName": "Srikkanth Anirudha", "shortName": "S Anirudha", "nationality": "Indian", "dateOfBirth": "1987-04-14", "rightArmedBowl": false, "rightHandedBat": false}, {"id": 7, "fullName": "Murali Vijay", "shortName": "M Vijay", "nationality": "Indian", "dateOfBirth": "1984-04-01", "rightArmedBowl": false, "rightHandedBat": false}, {"id": 14, "fullName": "Suresh Raina", "shortName": "S Raina", "nationality": "Indian", "dateOfBirth": "1986-11-27", "rightArmedBowl": true, "rightHandedBat": false, "bowlingStyle": "OFF_SPIN"}, {"id": 12, "fullName": "Subramaniam Badrinath", "shortName": "S Badrinath", "nationality": "Indian", "dateOfBirth": "1980-08-30", "rightArmedBowl": false, "rightHandedBat": false}, {"id": 1, "fullName": "MS Dhoni", "shortName": "MS Dhoni", "nationality": "Indian", "dateOfBirth": "1981-07-07", "rightArmedBowl": true, "rightHandedBat": true, "bowlingStyle": "MEDIUM_SEAM"}, {"id": 9, "fullName": "Ravindra Jadeja", "shortName": "R Jadeja", "nationality": "Indian", "dateOfBirth": "1988-12-06", "rightArmedBowl": false, "rightHandedBat": false, "bowlingStyle": "ORTHODOX"}, {"id": 25, "fullName": "Dwayne Bravo", "shortName": "DJ Bravo", "nationality": "West Indian", "dateOfBirth": "1983-10-07", "rightArmedBowl": true, "rightHandedBat": true, "bowlingStyle": "MEDIUM_SEAM"}, {"id": 26, "fullName": "Albie Morkel", "shortName": "A Morkel", "nationality": "South African", "dateOfBirth": "1981-06-10", "rightArmedBowl": false, "rightHandedBat": false}, {"id": 8, "fullName": "Ravichandran Ashwin", "shortName": "R Ashwin", "nationality": "Indian", "dateOfBirth": "1986-09-17", "rightArmedBowl": true, "rightHandedBat": true, "bowlingStyle": "OFF_SPIN"}, {"id": 836, "fullName": "Chris Morris", "shortName": "C Morris", "nationality": "South African", "dateOfBirth": "1987-04-30", "rightArmedBowl": true, "rightHandedBat": true, "bowlingStyle": "FAST_SEAM"}, {"id": 237, "fullName": "Dirk Nannes", "shortName": "D Nannes", "nationality": "Australian", "dateOfBirth": "1976-05-16", "rightArmedBowl": false, "rightHandedBat": false}], "wicketKeeper": {"id": 1, "fullName": "MS Dhoni", "shortName": "MS Dhoni", "nationality": "Indian", "dateOfBirth": "1981-07-07", "rightArmedBowl": true, "rightHandedBat": true, "bowlingStyle": "MEDIUM_SEAM"}, "captain": {"id": 1, "fullName": "MS Dhoni", "shortName": "MS Dhoni", "nationality": "Indian", "dateOfBirth": "1981-07-07", "rightArmedBowl": true, "rightHandedBat": true, "bowlingStyle": "MEDIUM_SEAM"}}, {"id": 1426, "team": {"id": 7, "fullName": "Pune Warriors India", "shortName": "Warriors", "abbreviation": "PWI", "type": "m", "primaryColor": "00719E", "secondaryColor": "FFFFFF"}, "players": [{"id": 167, "fullName": "Aaron Finch", "shortName": "A Finch", "nationality": "Australian", "dateOfBirth": "1986-11-17", "rightArmedBowl": false, "rightHandedBat": true, "bowlingStyle": "ORTHODOX"}, {"id": 127, "fullName": "Robin Uthappa", "shortName": "R Uthappa", "nationality": "Indian", "dateOfBirth": "1985-11-11", "rightArmedBowl": true, "rightHandedBat": true}, {"id": 123, "fullName": "Manish Pandey", "shortName": "M Pandey", "nationality": "Indian", "dateOfBirth": "1989-09-10", "rightArmedBowl": true, "rightHandedBat": true, "bowlingStyle": "MEDIUM_SEAM"}, {"id": 226, "fullName": "Ross Taylor", "shortName": "R Taylor", "nationality": "New Zealander", "dateOfBirth": "1984-03-08", "rightArmedBowl": true, "rightHandedBat": true, "bowlingStyle": "OFF_SPIN"}, {"id": 110, "fullName": "Tirumalasetti Suman", "shortName": "T Suman", "nationality": "Indian", "dateOfBirth": "1983-12-15", "rightArmedBowl": false, "rightHandedBat": true}, {"id": 271, "fullName": "Steve Smith", "shortName": "S Smith", "nationality": "Australian", "dateOfBirth": "1989-06-02", "rightArmedBowl": true, "rightHandedBat": true, "bowlingStyle": "LEG_SPIN"}, {"id": 66, "fullName": "Abhishek Nayar", "shortName": "A Nayar", "nationality": "Indian", "dateOfBirth": "1983-10-08", "rightArmedBowl": false, "rightHandedBat": false}, {"id": 221, "fullName": "Mitchell Marsh", "shortName": "M Marsh", "nationality": "Australian", "dateOfBirth": "1991-10-20", "rightArmedBowl": true, "rightHandedBat": true, "bowlingStyle": "MEDIUM_SEAM"}, {"id": 116, "fullName": "Bhuvneshwar Kumar", "shortName": "B Kumar", "nationality": "Indian", "dateOfBirth": "1990-02-05", "rightArmedBowl": true, "rightHandedBat": true, "bowlingStyle": "MEDIUM_SEAM"}, {"id": 126, "fullName": "Rahul Sharma", "shortName": "R Sharma", "nationality": "Indian", "dateOfBirth": "1986-11-30", "rightArmedBowl": false, "rightHandedBat": false}, {"id": 48, "fullName": "Ashok Dinda", "shortName": "A Dinda", "nationality": "Indian", "dateOfBirth": "1984-03-25", "rightArmedBowl": true, "rightHandedBat": true}], "wicketKeeper": {"id": 127, "fullName": "Robin Uthappa", "shortName": "R Uthappa", "nationality": "Indian", "dateOfBirth": "1985-11-11", "rightArmedBowl": true, "rightHandedBat": true}, "captain": {"id": 226, "fullName": "Ross Taylor", "shortName": "R Taylor", "nationality": "New Zealander", "dateOfBirth": "1984-03-08", "rightArmedBowl": true, "rightHandedBat": true, "bowlingStyle": "OFF_SPIN"}}], "venue": {"id": 1, "fullName": "M. A. Chidambaram Stadium", "shortName": "Chidambaram", "city": "Chennai", "country": "India"}, "matchDate": "2013-04-15T20:00:00+0530", "matchEndDate": "2013-04-15T23:00:00+0530", "matchDateMs": 1366036200000, "matchEndDateMs": 1366047000000, "isLimitedOvers": true, "battingOrder": [1, 0], "matchBroadcast": false, "matchState": "C", "matchStatus": {"outcome": "B", "text": "Pune Warriors India won by 24 runs"}, "description": "Match 19", "matchSummary": "", "matchType": "IPLT20", "tournamentLabel": "IPL 2013", "oversLimit": 20, "groupName": ""}, "matchId": {"id": 633, "name": "ipl2013-19", "tournamentId": {"id": 605, "name": "ipl2013", "provisional": false}}, "currentState": {"inProgress": false, "phase": "C", "currentInningsIndex": 1, "currentBatsmen": [8, 836], "facingBatsman": 8, "nonFacingBatsman": 836, "currentBowler": -1, "previousBowler": 116, "previousBowlerCurrentSpell": {"playerId": 116, "ov": "1", "r": 6, "w": 0, "d": 1, "maid": 0, "e": "6.00", "wd": 0, "nb": 0}, "currentPartnership": 11, "partnership": {"runs": 11, "balls": 5, "runRate": "13.20"}, "recentOvers": [{"ovNo": 15, "ovBalls": ["1", "1", "1", "W", "1Wd", ".", "."]}, {"ovNo": 16, "ovBalls": [".", "3", "1", "1", "W", "."]}, {"ovNo": 17, "ovBalls": ["1", "1", "1", ".", "6", "1"]}, {"ovNo": 18, "ovBalls": ["1", ".", "W", "2", ".", "1"]}, {"ovNo": 19, "ovBalls": ["1", ".", "2", "1", "1", "1"]}, {"ovNo": 20, "ovBalls": ["W", ".", "4", "2", "4", "1"]}]}, "innings": [{"inningsNumber": 1, "runRate": "7.95", "overProgress": "20", "declared": false, "scorecard": {"runs": 159, "wkts": 5, "allOut": false, "battingStats": [{"playerId": 127, "r": 26, "b": 33, "sr": "78.78", "4s": 2, "6s": 0, "mod": {"dismissedBp": {"innings": 1, "over": 15, "ball": 1}, "countingBp": {"innings": 1, "over": 15, "ball": 1}, "text": "c Ravindra Jadeja b Chris Morris", "bowlerId": 836, "additionalPlayerIds": [9], "dismissedMethod": "ct", "isOut": true}}, {"playerId": 167, "r": 67, "b": 45, "sr": "148.88", "4s": 10, "6s": 2, "mod": {"dismissedBp": {"innings": 1, "over": 13, "ball": 3}, "countingBp": {"innings": 1, "over": 13, "ball": 3}, "text": "st MS Dhoni b Ravindra Jadeja", "bowlerId": 9, "additionalPlayerIds": [1], "dismissedMethod": "st", "isOut": true}}, {"playerId": 226, "r": 8, "b": 13, "sr": "61.53", "4s": 0, "6s": 0, "mod": {"dismissedBp": {"innings": 1, "over": 17, "ball": 1}, "countingBp": {"innings": 1, "over": 17, "ball": 1}, "text": "c Ravindra Jadeja b Chris Morris", "bowlerId": 836, "additionalPlayerIds": [9], "dismissedMethod": "ct", "isOut": true}}, {"playerId": 271, "r": 39, "b": 16, "sr": "243.75", "4s": 3, "6s": 3}, {"playerId": 221, "r": 2, "b": 4, "sr": "50.00", "4s": 0, "6s": 0, "mod": {"dismissedBp": {"innings": 1, "over": 18, "ball": 1}, "countingBp": {"innings": 1, "over": 18, "ball": 1}, "text": "c Albie Morkel b Dwayne Bravo", "bowlerId": 25, "additionalPlayerIds": [26], "dismissedMethod": "ct", "isOut": true}}, {"playerId": 123, "r": 9, "b": 8, "sr": "112.50", "4s": 1, "6s": 0, "mod": {"dismissedBp": {"innings": 1, "over": 20, "ball": 6}, "countingBp": {"innings": 1, "over": 20, "ball": 5}, "text": "b Dwayne Bravo", "bowlerId": 25, "dismissedMethod": "b", "isOut": true}}, {"playerId": 66, "r": 0, "b": 1, "sr": "0.00", "4s": 0, "6s": 0}], "bowlingStats": [{"playerId": 237, "ov": "4", "r": 42, "w": 0, "d": 8, "maid": 0, "e": "10.50", "wd": 1, "nb": 0}, {"playerId": 9, "ov": "4", "r": 27, "w": 1, "d": 11, "maid": 0, "e": "6.75", "wd": 0, "nb": 0}, {"playerId": 8, "ov": "4", "r": 24, "w": 0, "d": 8, "maid": 0, "e": "6.00", "wd": 0, "nb": 0}, {"playerId": 836, "ov": "4", "r": 25, "w": 2, "d": 12, "maid": 0, "e": "6.25", "wd": 0, "nb": 0}, {"playerId": 25, "ov": "4", "r": 35, "w": 2, "d": 8, "maid": 0, "e": "8.75", "wd": 1, "nb": 0}], "fow": [{"bp": {"innings": 1, "over": 13, "ball": 3}, "playerId": 167, "ret": false, "w": 1, "r": 96}, {"bp": {"innings": 1, "over": 15, "ball": 1}, "playerId": 127, "ret": false, "w": 2, "r": 101}, {"bp": {"innings": 1, "over": 17, "ball": 1}, "playerId": 226, "ret": false, "w": 3, "r": 118}, {"bp": {"innings": 1, "over": 18, "ball": 1}, "playerId": 221, "ret": false, "w": 4, "r": 128}, {"bp": {"innings": 1, "over": 20, "ball": 5}, "playerId": 123, "ret": false, "w": 5, "r": 159}], "extras": {"noBallRuns": 0, "wideRuns": 2, "byeRuns": 0, "legByeRuns": 6, "penaltyRuns": 0}, "declared": false}, "overHistory": [{"ovNo": 1, "ovBalls": ["1", "4", ".", "4", "4", "."]}, {"ovNo": 2, "ovBalls": ["1", "4", "1", ".", ".", "."]}, {"ovNo": 3, "ovBalls": ["1Wd", ".", ".", ".", "1Lb", "1", "1"]}, {"ovNo": 4, "ovBalls": ["4", ".", "4", ".", ".", "1"]}, {"ovNo": 5, "ovBalls": ["4", "1", ".", "1", "4", "."]}, {"ovNo": 6, "ovBalls": [".", ".", "4", "1", ".", "1"]}, {"ovNo": 7, "ovBalls": ["1", "1", "1", ".", "1Lb", "1"]}, {"ovNo": 8, "ovBalls": ["6", "1", "1", "1", ".", "1"]}, {"ovNo": 9, "ovBalls": ["1", ".", "4", ".", "1", "1"]}, {"ovNo": 10, "ovBalls": ["4", ".", "1", "1", "1", "1"]}, {"ovNo": 11, "ovBalls": [".", "4", ".", ".", "1", "1Lb"]}, {"ovNo": 12, "ovBalls": [".", "1", "1Lb", "1", "1", "1"]}, {"ovNo": 13, "ovBalls": ["1", "6", "W", ".", ".", "1"]}, {"ovNo": 14, "ovBalls": ["1", "1", ".", "1", "1", "."]}, {"ovNo": 15, "ovBalls": ["W", "1", "2", "1Lb", ".", "1"]}, {"ovNo": 16, "ovBalls": ["4", "4", "1", ".", "2", "1"]}, {"ovNo": 17, "ovBalls": ["W", "1", ".", "2", "1Lb", "6"]}, {"ovNo": 18, "ovBalls": ["W", "1", "1", ".", ".", "1"]}, {"ovNo": 19, "ovBalls": ["1", "2", "6", "4", "1", "2"]}, {"ovNo": 20, "ovBalls": [".", "6", "1", "4", "1Wd", "W", "."]}]}, {"inningsNumber": 2, "runRate": "6.75", "overProgress": "20", "declared": false, "scorecard": {"runs": 135, "wkts": 8, "allOut": false, "battingStats": [{"playerId": 11, "r": 0, "b": 2, "sr": "0.00", "4s": 0, "6s": 0, "mod": {"dismissedBp": {"innings": 2, "over": 1, "ball": 2}, "countingBp": {"innings": 2, "over": 1, "ball": 2}, "text": "lbw Bhuvneshwar Kumar", "bowlerId": 116, "dismissedMethod": "lbw", "isOut": true}}, {"playerId": 7, "r": 24, "b": 22, "sr": "109.09", "4s": 2, "6s": 1, "mod": {"dismissedBp": {"innings": 2, "over": 7, "ball": 4}, "countingBp": {"innings": 2, "over": 7, "ball": 4}, "text": "c Ross Taylor b Abhishek Nayar", "bowlerId": 66, "additionalPlayerIds": [226], "dismissedMethod": "ct", "isOut": true}}, {"playerId": 14, "r": 8, "b": 10, "sr": "80.00", "4s": 1, "6s": 0, "mod": {"dismissedBp": {"innings": 2, "over": 5, "ball": 2}, "countingBp": {"innings": 2, "over": 5, "ball": 2}, "text": "c Tirumalasetti Suman b Bhuvneshwar Kumar", "bowlerId": 116, "additionalPlayerIds": [110], "dismissedMethod": "ct", "isOut": true}}, {"playerId": 12, "r": 34, "b": 26, "sr": "130.76", "4s": 4, "6s": 0, "mod": {"dismissedBp": {"innings": 2, "over": 13, "ball": 6}, "countingBp": {"innings": 2, "over": 13, "ball": 6}, "text": "c Steve Smith b Mitchell Marsh", "bowlerId": 221, "additionalPlayerIds": [271], "dismissedMethod": "ct", "isOut": true}}, {"playerId": 9, "r": 27, "b": 22, "sr": "122.72", "4s": 1, "6s": 1, "mod": {"dismissedBp": {"innings": 2, "over": 15, "ball": 4}, "countingBp": {"innings": 2, "over": 15, "ball": 4}, "text": "c Ashok Dinda b Mitchell Marsh", "bowlerId": 221, "additionalPlayerIds": [48], "dismissedMethod": "ct", "isOut": true}}, {"playerId": 1, "r": 10, "b": 13, "sr": "76.92", "4s": 0, "6s": 0, "mod": {"dismissedBp": {"innings": 2, "over": 18, "ball": 3}, "countingBp": {"innings": 2, "over": 18, "ball": 3}, "text": "c Steve Smith b Ashok Dinda", "bowlerId": 48, "additionalPlayerIds": [271], "dismissedMethod": "ct", "isOut": true}}, {"playerId": 25, "r": 1, "b": 4, "sr": "25.00", "4s": 0, "6s": 0, "mod": {"dismissedBp": {"innings": 2, "over": 16, "ball": 5}, "countingBp": {"innings": 2, "over": 16, "ball": 5}, "text": "c Steve Smith b Rahul Sharma", "bowlerId": 126, "additionalPlayerIds": [271], "dismissedMethod": "ct", "isOut": true}}, {"playerId": 26, "r": 13, "b": 11, "sr": "118.18", "4s": 0, "6s": 1, "mod": {"dismissedBp": {"innings": 2, "over": 20, "ball": 1}, "countingBp": {"innings": 2, "over": 20, "ball": 1}, "text": "c Aaron Finch b Ashok Dinda", "bowlerId": 48, "additionalPlayerIds": [167], "dismissedMethod": "ct", "isOut": true}}, {"playerId": 836, "r": 5, "b": 5, "sr": "100.00", "4s": 0, "6s": 0}, {"playerId": 8, "r": 11, "b": 5, "sr": "220.00", "4s": 2, "6s": 0}], "bowlingStats": [{"playerId": 116, "ov": "4", "r": 12, "w": 2, "d": 15, "maid": 1, "e": "3.00", "wd": 1, "nb": 0}, {"playerId": 48, "ov": "4", "r": 34, "w": 2, "d": 7, "maid": 0, "e": "8.50", "wd": 0, "nb": 0}, {"playerId": 221, "ov": "4", "r": 35, "w": 2, "d": 7, "maid": 0, "e": "8.75", "wd": 1, "nb": 0}, {"playerId": 66, "ov": "3", "r": 21, "w": 1, "d": 6, "maid": 0, "e": "7.00", "wd": 0, "nb": 0}, {"playerId": 167, "ov": "1", "r": 9, "w": 0, "d": 0, "maid": 0, "e": "9.00", "wd": 0, "nb": 0}, {"playerId": 126, "ov": "4", "r": 24, "w": 1, "d": 9, "maid": 0, "e": "6.00", "wd": 0, "nb": 0}], "fow": [{"bp": {"innings": 2, "over": 1, "ball": 2}, "playerId": 11, "ret": false, "w": 1, "r": 0}, {"bp": {"innings": 2, "over": 5, "ball": 2}, "playerId": 14, "ret": false, "w": 2, "r": 23}, {"bp": {"innings": 2, "over": 7, "ball": 4}, "playerId": 7, "ret": false, "w": 3, "r": 40}, {"bp": {"innings": 2, "over": 13, "ball": 6}, "playerId": 12, "ret": false, "w": 4, "r": 86}, {"bp": {"innings": 2, "over": 15, "ball": 4}, "playerId": 9, "ret": false, "w": 5, "r": 98}, {"bp": {"innings": 2, "over": 16, "ball": 5}, "playerId": 25, "ret": false, "w": 6, "r": 104}, {"bp": {"innings": 2, "over": 18, "ball": 3}, "playerId": 1, "ret": false, "w": 7, "r": 115}, {"bp": {"innings": 2, "over": 20, "ball": 1}, "playerId": 26, "ret": false, "w": 8, "r": 124}], "extras": {"noBallRuns": 0, "wideRuns": 2, "byeRuns": 0, "legByeRuns": 0, "penaltyRuns": 0}, "declared": false}, "overHistory": [{"ovNo": 1, "ovBalls": [".", "W", ".", ".", ".", "."]}, {"ovNo": 2, "ovBalls": ["1", "1", ".", ".", "1", "4"]}, {"ovNo": 3, "ovBalls": [".", ".", ".", ".", "1Wd", "1", "1"]}, {"ovNo": 4, "ovBalls": ["1", "4", "4", "1", "1", "1"]}, {"ovNo": 5, "ovBalls": ["1", "W", "2", ".", ".", "."]}, {"ovNo": 6, "ovBalls": ["1", "4", "1", "6", ".", "1"]}, {"ovNo": 7, "ovBalls": ["2", ".", ".", "W", "4", "1"]}, {"ovNo": 8, "ovBalls": ["1", "1", "1", "1", "4", "1"]}, {"ovNo": 9, "ovBalls": ["1", ".", "1", ".", "1", "."]}, {"ovNo": 10, "ovBalls": [".", "1", ".", "2", "1", "2"]}, {"ovNo": 11, "ovBalls": ["1", "4", "1", "2", "1", "2"]}, {"ovNo": 12, "ovBalls": [".", "1", "1", "1", ".", "1"]}, {"ovNo": 13, "ovBalls": ["1", "4", "2", ".", "1", "W"]}, {"ovNo": 14, "ovBalls": ["1", "6", "1", ".", ".", "1"]}, {"ovNo": 15, "ovBalls": ["1", "1", "1", "W", "1Wd", ".", "."]}, {"ovNo": 16, "ovBalls": [".", "3", "1", "1", "W", "."]}, {"ovNo": 17, "ovBalls": ["1", "1", "1", ".", "6", "1"]}, {"ovNo": 18, "ovBalls": ["1", ".", "W", "2", ".", "1"]}, {"ovNo": 19, "ovBalls": ["1", ".", "2", "1", "1", "1"]}, {"ovNo": 20, "ovBalls": ["W", ".", "4", "2", "4", "1"]}]}]}