{"matchInfo": {"additionalInfo": {"sixes.video.thumb": "https://iplplatform-static-files.s3.amazonaws.com/IPL/photo/2018/05/12/512ee0b1-340e-4c41-90e5-3d95f70d5670/GqqVLRpL.jpg", "sixes.video.id": "136118", "match.video.thumb": "https://iplplatform-static-files.s3.amazonaws.com/IPL/photo/2018/05/12/2bd4a4dc-24bb-456b-a67e-3db0a837e6fa/IbviUNZK.jpg", "mom.video.thumb": "https://iplplatform-static-files.s3.amazonaws.com/IPL/photo/2018/05/12/3bab387b-a046-45c4-af0d-3edb7313e17f/awaeafae.jpg", "mom.video.id": "136222", "referee.name": "Andy Pycroft", "report.thumb": "https://iplplatform-static-files.s3.amazonaws.com/IPL/photo/2018/05/12/f2fb99bc-fa36-4905-9e02-48160e372e06/GAZI_7147.JPG", "match.summary": "", "umpire.name.1": "O Nandan", "umpire.name.2": "Virender Kumar Sharma", "umpire.name.3": "Bruce Oxenford", "interview.thumb": "https://iplplatform-static-files.s3.amazonaws.com/IPL/photo/2018/05/12/eabd9ce4-b3b4-4498-ad82-1e892cc60f3c/rusnarine.jpg", "umpire.name.4": "G. Sadashiv Iyer", "result.playerofthematch": "Sunil Narine", "report.link": "https://www.iplt20.com/news/136162/report-m44-kxip-vs-kkr", "toss.elected": "Kings XI Punjab, who chose to field", "notes.1.1": "Powerplay: 59 runs, 1 wicket", "notes.1.2": "Kolkata Knight Riders: 50 runs in 5.1 overs", "notes.2.1": "Powerplay: 58 runs, 2 wickets", "notes.1.3": "1st Wicket: 50 runs in 31 balls (Chris Lynn 27, Sunil Narine 26)", "notes.2.2": "Kings XI Punjab: 50 runs in 4.4 overs", "notes.1.4": "Sunil Narine: 50 off 26 balls (6 x fours, 2 x sixes)", "notes.2.3": "1st Wicket: 50 runs in 28 balls (KL Rahul 35, Chris Gayle 14)", "notes.1.5": "Kolkata Knight Riders: 100 runs in 9.3 overs", "notes.2.4": "KL Rahul: 50 off 22 balls (2 x fours, 5 x sixes)", "notes.1.6": "2nd Wicket: 50 runs in 25 balls (Sunil Narine 28, Robin Uthappa 20)", "notes.2.5": "Kings XI Punjab: 100 runs in 9.5 overs", "notes.1.7": "Kolkata Knight Riders: 150 runs in 13.6 overs", "notes.2.6": "Kings XI Punjab: 150 runs in 14.6 overs", "notes.1.8": "4th Wicket: 50 runs in 22 balls (Andre Russell 21, Dinesh Karthik 29)", "notes.2.7": "Kings XI Punjab: 200 runs in 18.4 overs", "highlights.link": "https://www.iplt20.com/video/136251", "notes.1.9": "Kolkata Knight Riders: 200 runs in 16.3 overs", "notes.2.8": "7th Wicket: 50 runs in 21 balls (Ravichandran Ashwin 35, Andrew Tye 14)", "match.video.id": "136251", "stats.link": "https://www.iplt20.com/news/136618/quick-stats-m44-kxip-vs-kkr", "toss.winner": "Kings XI Punjab", "notes.1.10": "Dinesh Karthik: 50 off 22 balls (5 x fours, 3 x sixes)", "interview.link": "https://www.iplt20.com/video/136488", "notes.1.11": "Innings Break: Kolkata Knight Riders - 245/6 in 20 overs", "stats.thumb": "https://iplplatform-static-files.s3.amazonaws.com/IPL/photo/2018/05/12/9c55e6d1-78b0-4906-aef8-b963281cbaa1/VRP_2419.jpg"}, "teams": [{"id": 9825, "team": {"id": 4, "fullName": "Punjab Kings", "shortName": "Punjab Kings", "abbreviation": "PBKS", "type": "m", "primaryColor": "DA1F3D", "secondaryColor": "FFFFFF"}, "players": [{"id": 236, "fullName": "Chris Gayle", "shortName": "C Gayle", "nationality": "West Indian", "dateOfBirth": "1979-09-21", "rightArmedBowl": true, "rightHandedBat": false, "bowlingStyle": "OFF_SPIN"}, {"id": 1125, "fullName": "KL Rahul", "shortName": "KL Rahul", "nationality": "Indian", "dateOfBirth": "1992-04-18", "rightArmedBowl": true, "rightHandedBat": true}, {"id": 276, "fullName": "Karun Nair", "shortName": "K Nair", "nationality": "Indian", "dateOfBirth": "1991-12-06", "rightArmedBowl": true, "rightHandedBat": true, "bowlingStyle": "OFF_SPIN"}, {"id": 158, "fullName": "Mayank Agarwal", "shortName": "M Agarwal", "nationality": "Indian", "dateOfBirth": "1991-02-18", "rightArmedBowl": true, "rightHandedBat": true}, {"id": 167, "fullName": "Aaron Finch", "shortName": "A Finch", "nationality": "Australian", "dateOfBirth": "1986-11-17", "rightArmedBowl": false, "rightHandedBat": true, "bowlingStyle": "ORTHODOX"}, {"id": 1113, "fullName": "Axar Patel", "shortName": "A Patel", "nationality": "Indian", "dateOfBirth": "1994-01-20", "rightArmedBowl": false, "rightHandedBat": false, "bowlingStyle": "ORTHODOX"}, {"id": 8, "fullName": "Ravichandran Ashwin", "shortName": "R Ashwin", "nationality": "Indian", "dateOfBirth": "1986-09-17", "rightArmedBowl": true, "rightHandedBat": true, "bowlingStyle": "OFF_SPIN"}, {"id": 1480, "fullName": "Andrew Tye", "shortName": "A Tye", "nationality": "Australian", "dateOfBirth": "1986-12-12", "rightArmedBowl": true, "rightHandedBat": true, "bowlingStyle": "MEDIUM_SEAM"}, {"id": 1107, "fullName": "Mohit Sharma", "shortName": "M Sharma", "nationality": "Indian", "dateOfBirth": "1991-12-19", "rightArmedBowl": false, "rightHandedBat": true}, {"id": 4572, "fullName": "Mujeeb Ur Rahman", "shortName": "M Ur Rahman", "nationality": "Afghan", "dateOfBirth": "2001-03-28", "rightArmedBowl": true, "rightHandedBat": true, "bowlingStyle": "OFF_SPIN"}, {"id": 2746, "fullName": "Barinder Sran", "shortName": "B Sran", "nationality": "Indian", "dateOfBirth": "1992-12-10", "rightArmedBowl": false, "rightHandedBat": false}], "wicketKeeper": {"id": 1125, "fullName": "KL Rahul", "shortName": "KL Rahul", "nationality": "Indian", "dateOfBirth": "1992-04-18", "rightArmedBowl": true, "rightHandedBat": true}, "captain": {"id": 8, "fullName": "Ravichandran Ashwin", "shortName": "R Ashwin", "nationality": "Indian", "dateOfBirth": "1986-09-17", "rightArmedBowl": true, "rightHandedBat": true, "bowlingStyle": "OFF_SPIN"}}, {"id": 9824, "team": {"id": 5, "fullName": "Kolkata Knight Riders", "shortName": "Knight Riders", "abbreviation": "KKR", "type": "m", "primaryColor": "6F2C91", "secondaryColor": "FFFFFF"}, "players": [{"id": 179, "fullName": "Chris Lynn", "shortName": "C Lynn", "nationality": "Australian", "dateOfBirth": "1990-04-10", "rightArmedBowl": false, "rightHandedBat": true}, {"id": 203, "fullName": "Sunil Narine", "shortName": "S Narine", "nationality": "West Indian", "dateOfBirth": "1988-05-26", "rightArmedBowl": true, "rightHandedBat": false, "bowlingStyle": "OFF_SPIN"}, {"id": 127, "fullName": "Robin Uthappa", "shortName": "R Uthappa", "nationality": "Indian", "dateOfBirth": "1985-11-11", "rightArmedBowl": true, "rightHandedBat": true}, {"id": 2738, "fullName": "Nitish Rana", "shortName": "N Rana", "nationality": "Indian", "dateOfBirth": "1993-12-27", "rightArmedBowl": true, "rightHandedBat": false, "bowlingStyle": "OFF_SPIN"}, {"id": 102, "fullName": "Dinesh Karthik", "shortName": "D Karthik", "nationality": "Indian", "dateOfBirth": "1985-06-01", "rightArmedBowl": true, "rightHandedBat": true, "bowlingStyle": "OFF_SPIN"}, {"id": 3761, "fullName": "Shubman Gill", "shortName": "S Gill", "nationality": "Indian", "dateOfBirth": "1999-09-08", "rightArmedBowl": true, "rightHandedBat": true, "bowlingStyle": "OFF_SPIN"}, {"id": 177, "fullName": "Andre Russell", "shortName": "A Russell", "nationality": "West Indian", "dateOfBirth": "1988-04-29", "rightArmedBowl": true, "rightHandedBat": true, "bowlingStyle": "FAST_SEAM"}, {"id": 4960, "fullName": "Javon Searles", "shortName": "J Searles", "nationality": "West Indian", "dateOfBirth": "1986-12-21", "rightArmedBowl": true, "rightHandedBat": true, "bowlingStyle": "FAST_SEAM"}, {"id": 76, "fullName": "Piyush Chawla", "shortName": "P Chawla", "nationality": "Indian", "dateOfBirth": "1988-12-24", "rightArmedBowl": true, "rightHandedBat": false, "bowlingStyle": "LEG_SPIN"}, {"id": 261, "fullName": "Kuldeep Yadav", "shortName": "K Yadav", "nationality": "Indian", "dateOfBirth": "1994-12-14", "rightArmedBowl": false, "rightHandedBat": false, "bowlingStyle": "UNORTHODOX"}, {"id": 5105, "fullName": "Prasidh Krishna", "shortName": "P Krishna", "nationality": "Indian", "dateOfBirth": "1996-02-19", "rightArmedBowl": true, "rightHandedBat": true, "bowlingStyle": "MEDIUM_SEAM"}], "wicketKeeper": {"id": 102, "fullName": "Dinesh Karthik", "shortName": "D Karthik", "nationality": "Indian", "dateOfBirth": "1985-06-01", "rightArmedBowl": true, "rightHandedBat": true, "bowlingStyle": "OFF_SPIN"}, "captain": {"id": 102, "fullName": "Dinesh Karthik", "shortName": "D Karthik", "nationality": "Indian", "dateOfBirth": "1985-06-01", "rightArmedBowl": true, "rightHandedBat": true, "bowlingStyle": "OFF_SPIN"}}], "venue": {"id": 17, "fullName": "Holkar Cricket Stadium", "shortName": "Holkar Cricket Stadium", "city": "Indore", "country": "India"}, "matchDate": "2018-05-12T16:00:00+0530", "matchEndDate": "2018-05-12T23:00:00+0530", "matchDateMs": 1526121000000, "matchEndDateMs": 1526146200000, "isLimitedOvers": true, "battingOrder": [1, 0], "matchBroadcast": false, "matchState": "C", "matchStatus": {"outcome": "B", "text": "Kolkata Knight Riders won by 31 runs"}, "description": "Match 44", "matchSummary": "", "matchType": "IPLT20", "tournamentLabel": "IPL 2018", "oversLimit": 20, "groupName": ""}, "matchId": {"id": 7937, "name": "ipl2018-44", "tournamentId": {"id": 7749, "name": "ipl2018", "provisional": false}}, "currentState": {"inProgress": false, "phase": "C", "currentInningsIndex": 1, "currentBatsmen": [1107, 2746], "facingBatsman": 2746, "nonFacingBatsman": 1107, "currentBowler": -1, "previousBowler": 177, "previousBowlerCurrentSpell": {"playerId": 177, "ov": "1", "r": 17, "w": 0, "d": 2, "maid": 0, "e": "17.00", "wd": 0, "nb": 0}, "currentPartnership": 4, "partnership": {"runs": 4, "balls": 3, "runRate": "8.00"}, "recentOvers": [{"ovNo": 15, "ovBalls": ["1", ".", "4", "2", "1", "1"]}, {"ovNo": 16, "ovBalls": ["6", "W", "6", "1", ".", "1Wd", "6"]}, {"ovNo": 17, "ovBalls": ["1", "1", "1", ".", "4", "4"]}, {"ovNo": 18, "ovBalls": [".", "1", "1Wd", "2", "1", ".", "4"]}, {"ovNo": 19, "ovBalls": ["6", "1", "1Lb", "6", "4", "."]}, {"ovNo": 20, "ovBalls": ["1Wd", "W", "1", "W", "4", ".", "."]}]}, "innings": [{"inningsNumber": 1, "runRate": "12.25", "overProgress": "20", "declared": false, "scorecard": {"runs": 245, "wkts": 6, "allOut": false, "battingStats": [{"playerId": 179, "r": 27, "b": 17, "sr": "158.82", "4s": 2, "6s": 2, "mod": {"dismissedBp": {"innings": 1, "over": 6, "ball": 2}, "countingBp": {"innings": 1, "over": 6, "ball": 2}, "text": "b Andrew Tye", "bowlerId": 1480, "dismissedMethod": "b", "isOut": true}}, {"playerId": 203, "r": 75, "b": 36, "sr": "208.33", "4s": 9, "6s": 4, "mod": {"dismissedBp": {"innings": 1, "over": 12, "ball": 3}, "countingBp": {"innings": 1, "over": 12, "ball": 3}, "text": "c KL Rahul b Andrew Tye", "bowlerId": 1480, "additionalPlayerIds": [1125], "dismissedMethod": "ct", "isOut": true}}, {"playerId": 127, "r": 24, "b": 17, "sr": "141.17", "4s": 2, "6s": 1, "mod": {"dismissedBp": {"innings": 1, "over": 12, "ball": 5}, "countingBp": {"innings": 1, "over": 12, "ball": 5}, "text": "c Mohit Sharma b Andrew Tye", "bowlerId": 1480, "additionalPlayerIds": [1107], "dismissedMethod": "ct", "isOut": true}}, {"playerId": 177, "r": 31, "b": 14, "sr": "221.42", "4s": 2, "6s": 3, "mod": {"dismissedBp": {"innings": 1, "over": 17, "ball": 8}, "countingBp": {"innings": 1, "over": 17, "ball": 6}, "text": "c KL Rahul b Andrew Tye", "bowlerId": 1480, "additionalPlayerIds": [1125], "dismissedMethod": "ct", "isOut": true}}, {"playerId": 102, "r": 50, "b": 23, "sr": "217.39", "4s": 5, "6s": 3, "mod": {"dismissedBp": {"innings": 1, "over": 20, "ball": 2}, "countingBp": {"innings": 1, "over": 20, "ball": 2}, "text": "c sub (David Miller) b Barinder Sran", "bowlerId": 2746, "dismissedMethod": "ct", "isOut": true}}, {"playerId": 2738, "r": 11, "b": 4, "sr": "275.00", "4s": 1, "6s": 1, "mod": {"dismissedBp": {"innings": 1, "over": 18, "ball": 6}, "countingBp": {"innings": 1, "over": 18, "ball": 5}, "text": "c sub (David Miller) b Mohit Sharma", "bowlerId": 1107, "dismissedMethod": "ct", "isOut": true}}, {"playerId": 3761, "r": 16, "b": 8, "sr": "200.00", "4s": 3, "6s": 0}, {"playerId": 4960, "r": 6, "b": 1, "sr": "600.00", "4s": 0, "6s": 1}], "bowlingStats": [{"playerId": 1107, "ov": "4", "r": 40, "w": 1, "d": 8, "maid": 0, "e": "10.00", "wd": 1, "nb": 0}, {"playerId": 4572, "ov": "2.2", "r": 28, "w": 0, "d": 4, "maid": 0, "e": "12.00", "wd": 0, "nb": 0}, {"playerId": 8, "ov": "2.4", "r": 36, "w": 0, "d": 3, "maid": 0, "e": "13.50", "wd": 1, "nb": 0}, {"playerId": 2746, "ov": "3", "r": 48, "w": 1, "d": 5, "maid": 0, "e": "16.00", "wd": 0, "nb": 0}, {"playerId": 1480, "ov": "4", "r": 41, "w": 4, "d": 7, "maid": 0, "e": "10.25", "wd": 2, "nb": 0}, {"playerId": 1113, "ov": "4", "r": 52, "w": 0, "d": 4, "maid": 0, "e": "13.00", "wd": 1, "nb": 0}], "fow": [{"bp": {"innings": 1, "over": 6, "ball": 2}, "playerId": 179, "ret": false, "w": 1, "r": 53}, {"bp": {"innings": 1, "over": 12, "ball": 3}, "playerId": 203, "ret": false, "w": 2, "r": 128}, {"bp": {"innings": 1, "over": 12, "ball": 5}, "playerId": 127, "ret": false, "w": 3, "r": 129}, {"bp": {"innings": 1, "over": 17, "ball": 6}, "playerId": 177, "ret": false, "w": 4, "r": 205}, {"bp": {"innings": 1, "over": 18, "ball": 5}, "playerId": 2738, "ret": false, "w": 5, "r": 218}, {"bp": {"innings": 1, "over": 20, "ball": 2}, "playerId": 102, "ret": false, "w": 6, "r": 230}], "extras": {"noBallRuns": 0, "wideRuns": 5, "byeRuns": 0, "legByeRuns": 0, "penaltyRuns": 0}, "declared": false}, "overHistory": [{"ovNo": 1, "ovBalls": [".", "4", "4", ".", ".", "1"]}, {"ovNo": 2, "ovBalls": [".", "1", ".", "1", "1", "3"]}, {"ovNo": 3, "ovBalls": ["1", ".", "1", ".", ".", "2"]}, {"ovNo": 4, "ovBalls": ["1", ".", "6", "4", "1", "1"]}, {"ovNo": 5, "ovBalls": ["6", "1", ".", "4", ".", "4"]}, {"ovNo": 6, "ovBalls": ["6", "W", "1", "4", ".", "1"]}, {"ovNo": 7, "ovBalls": ["1", "1", "1", "1", "6", "1Wd", "1"]}, {"ovNo": 8, "ovBalls": ["4", "4", "1", ".", "1Wd", ".", "1"]}, {"ovNo": 9, "ovBalls": ["4", "1", "1", "1", "4", "."]}, {"ovNo": 10, "ovBalls": ["4", ".", "6", "1", "1", "1"]}, {"ovNo": 11, "ovBalls": ["1", "6", "4", ".", "6", "."]}, {"ovNo": 12, "ovBalls": ["1", "4", "W", "1", "W", "1"]}, {"ovNo": 13, "ovBalls": ["4", "1", ".", "1", ".", "4"]}, {"ovNo": 14, "ovBalls": ["1", "1", "6", ".", "1", "1"]}, {"ovNo": 15, "ovBalls": ["2", "4", "1", "6", ".", "6"]}, {"ovNo": 16, "ovBalls": ["6", ".", "4", "6", "1", "4"]}, {"ovNo": 17, "ovBalls": ["6", "1", "4", "1", "1Wd", "1", "1Wd", "W"]}, {"ovNo": 18, "ovBalls": ["6", "1", "1", "4", "1Wd", "W", "4"]}, {"ovNo": 19, "ovBalls": ["4", ".", "1", ".", "1", "1"]}, {"ovNo": 20, "ovBalls": ["1", "W", "4", "4", "1", "6"]}]}, {"inningsNumber": 2, "runRate": "10.70", "overProgress": "20", "declared": false, "scorecard": {"runs": 214, "wkts": 8, "allOut": false, "battingStats": [{"playerId": 1125, "r": 66, "b": 29, "sr": "227.58", "4s": 2, "6s": 7, "mod": {"dismissedBp": {"innings": 2, "over": 9, "ball": 6}, "countingBp": {"innings": 2, "over": 9, "ball": 6}, "text": "b Sunil Narine", "bowlerId": 203, "dismissedMethod": "b", "isOut": true}}, {"playerId": 236, "r": 21, "b": 17, "sr": "123.52", "4s": 2, "6s": 1, "mod": {"dismissedBp": {"innings": 2, "over": 6, "ball": 4}, "countingBp": {"innings": 2, "over": 6, "ball": 4}, "text": "c Dinesh Karthik b Andre Russell", "bowlerId": 177, "additionalPlayerIds": [102], "dismissedMethod": "ct", "isOut": true}}, {"playerId": 158, "r": 0, "b": 1, "sr": "0.00", "4s": 0, "6s": 0, "mod": {"dismissedBp": {"innings": 2, "over": 6, "ball": 5}, "countingBp": {"innings": 2, "over": 6, "ball": 5}, "text": "c Javon Searles b Andre Russell", "bowlerId": 177, "additionalPlayerIds": [4960], "dismissedMethod": "ct", "isOut": true}}, {"playerId": 276, "r": 3, "b": 6, "sr": "50.00", "4s": 0, "6s": 0, "mod": {"dismissedBp": {"innings": 2, "over": 8, "ball": 6}, "countingBp": {"innings": 2, "over": 8, "ball": 6}, "text": "c Prasidh Krishna b Andre Russell", "bowlerId": 177, "additionalPlayerIds": [5105], "dismissedMethod": "ct", "isOut": true}}, {"playerId": 167, "r": 34, "b": 20, "sr": "170.00", "4s": 0, "6s": 3, "mod": {"dismissedBp": {"innings": 2, "over": 16, "ball": 2}, "countingBp": {"innings": 2, "over": 16, "ball": 2}, "text": "c Kuldeep Yadav b Javon Searles", "bowlerId": 4960, "additionalPlayerIds": [261], "dismissedMethod": "ct", "isOut": true}}, {"playerId": 1113, "r": 19, "b": 11, "sr": "172.72", "4s": 2, "6s": 1, "mod": {"dismissedBp": {"innings": 2, "over": 12, "ball": 7}, "countingBp": {"innings": 2, "over": 12, "ball": 6}, "text": "c Javon Searles b Kuldeep Yadav", "bowlerId": 261, "additionalPlayerIds": [4960], "dismissedMethod": "ct", "isOut": true}}, {"playerId": 8, "r": 45, "b": 22, "sr": "204.54", "4s": 4, "6s": 3, "mod": {"dismissedBp": {"innings": 2, "over": 20, "ball": 4}, "countingBp": {"innings": 2, "over": 20, "ball": 3}, "text": "lbw Prasidh Krishna", "bowlerId": 5105, "dismissedMethod": "lbw", "isOut": true}}, {"playerId": 1480, "r": 14, "b": 10, "sr": "140.00", "4s": 1, "6s": 1, "mod": {"dismissedBp": {"innings": 2, "over": 20, "ball": 2}, "countingBp": {"innings": 2, "over": 20, "ball": 1}, "text": "c Dinesh Karthik b Prasidh Krishna", "bowlerId": 5105, "additionalPlayerIds": [102], "dismissedMethod": "ct", "isOut": true}}, {"playerId": 2746, "r": 1, "b": 1, "sr": "100.00", "4s": 0, "6s": 0}, {"playerId": 1107, "r": 4, "b": 3, "sr": "133.33", "4s": 1, "6s": 0}], "bowlingStats": [{"playerId": 203, "ov": "4", "r": 44, "w": 1, "d": 6, "maid": 0, "e": "11.00", "wd": 0, "nb": 0}, {"playerId": 5105, "ov": "4", "r": 31, "w": 2, "d": 10, "maid": 0, "e": "7.75", "wd": 2, "nb": 0}, {"playerId": 4960, "ov": "4", "r": 52, "w": 1, "d": 4, "maid": 0, "e": "13.00", "wd": 3, "nb": 0}, {"playerId": 177, "ov": "4", "r": 41, "w": 3, "d": 10, "maid": 0, "e": "10.25", "wd": 0, "nb": 0}, {"playerId": 261, "ov": "2", "r": 29, "w": 1, "d": 2, "maid": 0, "e": "14.50", "wd": 1, "nb": 0}, {"playerId": 76, "ov": "2", "r": 16, "w": 0, "d": 1, "maid": 0, "e": "8.00", "wd": 0, "nb": 0}], "fow": [{"bp": {"innings": 2, "over": 6, "ball": 4}, "playerId": 236, "ret": false, "w": 1, "r": 57}, {"bp": {"innings": 2, "over": 6, "ball": 5}, "playerId": 158, "ret": false, "w": 2, "r": 57}, {"bp": {"innings": 2, "over": 8, "ball": 6}, "playerId": 276, "ret": false, "w": 3, "r": 79}, {"bp": {"innings": 2, "over": 9, "ball": 6}, "playerId": 1125, "ret": false, "w": 4, "r": 93}, {"bp": {"innings": 2, "over": 12, "ball": 6}, "playerId": 1113, "ret": false, "w": 5, "r": 119}, {"bp": {"innings": 2, "over": 16, "ball": 2}, "playerId": 167, "ret": false, "w": 6, "r": 156}, {"bp": {"innings": 2, "over": 20, "ball": 1}, "playerId": 1480, "ret": false, "w": 7, "r": 209}, {"bp": {"innings": 2, "over": 20, "ball": 3}, "playerId": 8, "ret": false, "w": 8, "r": 210}], "extras": {"noBallRuns": 0, "wideRuns": 6, "byeRuns": 0, "legByeRuns": 1, "penaltyRuns": 0}, "declared": false}, "overHistory": [{"ovNo": 1, "ovBalls": ["1", "1", "6", "6", "1", "."]}, {"ovNo": 2, "ovBalls": ["4", ".", "1", "1", "1", "1"]}, {"ovNo": 3, "ovBalls": ["1", "1Wd", "4", "1", "4", "1", "1"]}, {"ovNo": 4, "ovBalls": ["1", "4", "1", "1", ".", "."]}, {"ovNo": 5, "ovBalls": ["6", ".", ".", "1", ".", "1"]}, {"ovNo": 6, "ovBalls": ["6", ".", ".", "W", "W", "1"]}, {"ovNo": 7, "ovBalls": ["1", ".", "1", "1Wd", "6", "1", "1"]}, {"ovNo": 8, "ovBalls": ["1", "6", "2", "1", ".", "W"]}, {"ovNo": 9, "ovBalls": ["6", ".", "6", "1", "1", "W"]}, {"ovNo": 10, "ovBalls": ["1", ".", "1", "1", "4", "1"]}, {"ovNo": 11, "ovBalls": ["1", ".", "1", ".", "1", "1"]}, {"ovNo": 12, "ovBalls": ["1", "1", "1", "4", "6", "1Wd", "W"]}, {"ovNo": 13, "ovBalls": ["2", "1", "1", "1", "1", "1"]}, {"ovNo": 14, "ovBalls": ["6", "6", "1", ".", "1", "1"]}, {"ovNo": 15, "ovBalls": ["1", ".", "4", "2", "1", "1"]}, {"ovNo": 16, "ovBalls": ["6", "W", "6", "1", ".", "1Wd", "6"]}, {"ovNo": 17, "ovBalls": ["1", "1", "1", ".", "4", "4"]}, {"ovNo": 18, "ovBalls": [".", "1", "1Wd", "2", "1", ".", "4"]}, {"ovNo": 19, "ovBalls": ["6", "1", "1Lb", "6", "4", "."]}, {"ovNo": 20, "ovBalls": ["1Wd", "W", "1", "W", "4", ".", "."]}]}]}