{"matchInfo": {"additionalInfo": {"sixes.video.thumb": "https://resources.platform.iplt20.com/photo-resources/2020/09/25/312fff7d-b1e3-4282-adb6-802dab3738f3/KhQfWvdy.jpg?width=390&height=219", "sixes.video.id": "208871", "match.video.thumb": "https://resources.platform.iplt20.com/photo-resources/2020/09/25/e5393e2d-a02b-4613-b371-d1498c7cdf52/RON_4329.JPG?width=390&height=219", "referee.name": "Naraynkutty. V", "report.thumb": "https://resources.platform.iplt20.com/photo-resources/2020/09/25/7fe09372-6280-4d31-88a8-78342770c373/RON_4120.JPG?width=780&height=439", "match.summary": "", "umpire.name.1": "Richard Illingworth", "umpire.name.2": "KN Ananthapadmanbhan", "umpire.name.3": "K Srinivasan", "umpire.name.4": "Vineet Kulkarni", "result.playerofthematch": "Prithvi Shaw", "report.link": "https://www.iplt20.com/news/208873/dream11-ipl-2020-match-7-csk-vs-dc-match-report", "toss.elected": "Chennai Super Kings, who chose to field", "notes.1.1": "Powerplay: 36 runs, 0 wickets", "notes.1.2": "DC: 50 runs in 7.1 overs", "notes.2.1": "Powerplay: 34 runs, 2 wickets", "notes.1.3": "1st Wicket: 50 runs in 43 balls (Prithvi Shaw 38, Shikhar Dhawan 15)", "notes.2.2": "CSK: 50 runs in 10.3 overs", "notes.1.4": "Prithvi Shaw: 50 off 35 balls (8 x fours)", "notes.2.3": "4th Wicket: 50 runs in 33 balls (Faf du Plessis 23, Kedar Jadhav 25)", "notes.1.5": "DC: 100 runs in 11.4 overs", "notes.2.4": "CSK: 100 runs in 15.6 overs", "notes.1.6": "DC: 150 runs in 17.2 overs", "notes.1.7": "3rd Wicket: 50 runs in 32 balls (Rishabh Pant 25, Shreyas Iyer 23)", "notes.1.8": "nnings Break: DC - 175/3 in 20 overs", "highlights.link": "https://www.iplt20.com/video/208922/m07-csk-vs-dc-match-highlights", "match.video.id": "208922", "toss.winner": "Chennai Super Kings"}, "teams": [{"id": 30022, "team": {"id": 1, "fullName": "Chennai Super Kings", "shortName": "Super Kings", "abbreviation": "CSK", "type": "m", "primaryColor": "FDB913", "secondaryColor": "0081E5"}, "players": [{"id": 227, "fullName": "Shane Watson", "shortName": "S Watson", "nationality": "Australian", "dateOfBirth": "1981-06-17", "rightArmedBowl": true, "rightHandedBat": true, "bowlingStyle": "MEDIUM_SEAM"}, {"id": 7, "fullName": "Murali Vijay", "shortName": "M Vijay", "nationality": "Indian", "dateOfBirth": "1984-04-01", "rightArmedBowl": false, "rightHandedBat": false}, {"id": 24, "fullName": "Faf du Plessis", "shortName": "F du Plessis", "nationality": "South African", "dateOfBirth": "1984-07-13", "rightArmedBowl": true, "rightHandedBat": true, "bowlingStyle": "LEG_SPIN"}, {"id": 2939, "fullName": "Sam Curran", "shortName": "S Curran", "nationality": "English", "dateOfBirth": "1998-06-03", "rightArmedBowl": false, "rightHandedBat": false, "bowlingStyle": "MEDIUM_SEAM"}, {"id": 5443, "fullName": "Ruturaj Gaikwad", "shortName": "R Gaikwad", "nationality": "Indian", "dateOfBirth": "1997-01-31", "rightArmedBowl": true, "rightHandedBat": true, "bowlingStyle": "OFF_SPIN"}, {"id": 297, "fullName": "Kedar Jadhav", "shortName": "K Jadhav", "nationality": "Indian", "dateOfBirth": "1985-03-26", "rightArmedBowl": true, "rightHandedBat": true, "bowlingStyle": "OFF_SPIN"}, {"id": 1, "fullName": "MS Dhoni", "shortName": "MS Dhoni", "nationality": "Indian", "dateOfBirth": "1981-07-07", "rightArmedBowl": true, "rightHandedBat": true, "bowlingStyle": "MEDIUM_SEAM"}, {"id": 9, "fullName": "Ravindra Jadeja", "shortName": "R Jadeja", "nationality": "Indian", "dateOfBirth": "1988-12-06", "rightArmedBowl": false, "rightHandedBat": false, "bowlingStyle": "ORTHODOX"}, {"id": 76, "fullName": "Piyush Chawla", "shortName": "P Chawla", "nationality": "Indian", "dateOfBirth": "1988-12-24", "rightArmedBowl": true, "rightHandedBat": false, "bowlingStyle": "LEG_SPIN"}, {"id": 140, "fullName": "Deepak Chahar", "shortName": "D Chahar", "nationality": "Indian", "dateOfBirth": "1992-08-07", "rightArmedBowl": true, "rightHandedBat": true, "bowlingStyle": "MEDIUM_SEAM"}, {"id": 857, "fullName": "Josh Hazlewood", "shortName": "J Hazlewood", "nationality": "Australian", "dateOfBirth": "1991-01-08", "rightArmedBowl": true, "rightHandedBat": false, "bowlingStyle": "FAST_SEAM"}], "wicketKeeper": {"id": 1, "fullName": "MS Dhoni", "shortName": "MS Dhoni", "nationality": "Indian", "dateOfBirth": "1981-07-07", "rightArmedBowl": true, "rightHandedBat": true, "bowlingStyle": "MEDIUM_SEAM"}, "captain": {"id": 1, "fullName": "MS Dhoni", "shortName": "MS Dhoni", "nationality": "Indian", "dateOfBirth": "1981-07-07", "rightArmedBowl": true, "rightHandedBat": true, "bowlingStyle": "MEDIUM_SEAM"}}, {"id": 30023, "team": {"id": 3, "fullName": "Delhi Capitals", "shortName": "Delhi", "abbreviation": "DC", "type": "m", "primaryColor": "004C93", "secondaryColor": "F83430"}, "players": [{"id": 3764, "fullName": "Prithvi Shaw", "shortName": "P Shaw", "nationality": "Indian", "dateOfBirth": "1999-11-09", "rightArmedBowl": true, "rightHandedBat": true, "bowlingStyle": "OFF_SPIN"}, {"id": 41, "fullName": "Shikhar Dhawan", "shortName": "S Dhawan", "nationality": "Indian", "dateOfBirth": "1985-12-05", "rightArmedBowl": true, "rightHandedBat": false, "bowlingStyle": "OFF_SPIN"}, {"id": 1705, "fullName": "Shimron Hetmyer", "shortName": "S Hetmyer", "nationality": "West Indian", "dateOfBirth": "1996-12-26", "rightArmedBowl": false, "rightHandedBat": false}, {"id": 1563, "fullName": "Shreyas Iyer", "shortName": "S Iyer", "nationality": "Indian", "dateOfBirth": "1994-12-06", "rightArmedBowl": true, "rightHandedBat": true, "bowlingStyle": "LEG_SPIN"}, {"id": 2972, "fullName": "Rishabh Pant", "shortName": "R Pant", "nationality": "Indian", "dateOfBirth": "1997-10-04", "rightArmedBowl": false, "rightHandedBat": false}, {"id": 964, "fullName": "Marcus Stoinis", "shortName": "M Stoinis", "nationality": "Australian", "dateOfBirth": "1989-08-16", "rightArmedBowl": true, "rightHandedBat": true, "bowlingStyle": "MEDIUM_SEAM"}, {"id": 1113, "fullName": "Axar Patel", "shortName": "A Patel", "nationality": "Indian", "dateOfBirth": "1994-01-20", "rightArmedBowl": false, "rightHandedBat": false, "bowlingStyle": "ORTHODOX"}, {"id": 30, "fullName": "Amit Mishra", "shortName": "A Mishra", "nationality": "Indian", "dateOfBirth": "1982-11-24", "rightArmedBowl": true, "rightHandedBat": true, "bowlingStyle": "LEG_SPIN"}, {"id": 1561, "fullName": "Avesh Khan", "shortName": "A Khan", "nationality": "Indian", "dateOfBirth": "1996-12-13", "rightArmedBowl": true, "rightHandedBat": true, "bowlingStyle": "FAST_SEAM"}, {"id": 5433, "fullName": "Anrich Nortje", "shortName": "A Nortje", "nationality": "South African", "dateOfBirth": "1993-11-16", "rightArmedBowl": true, "rightHandedBat": true, "bowlingStyle": "FAST_SEAM"}, {"id": 1664, "fullName": "Kagiso Rabada", "shortName": "K Rabada", "nationality": "South African", "dateOfBirth": "1995-05-25", "rightArmedBowl": true, "rightHandedBat": false, "bowlingStyle": "FAST_SEAM"}], "wicketKeeper": {"id": 2972, "fullName": "Rishabh Pant", "shortName": "R Pant", "nationality": "Indian", "dateOfBirth": "1997-10-04", "rightArmedBowl": false, "rightHandedBat": false}, "captain": {"id": 1563, "fullName": "Shreyas Iyer", "shortName": "S Iyer", "nationality": "Indian", "dateOfBirth": "1994-12-06", "rightArmedBowl": true, "rightHandedBat": true, "bowlingStyle": "LEG_SPIN"}}], "venue": {"id": 37, "fullName": "Dubai International Stadium", "shortName": "Dubai International Stadium", "city": "Dubai", "country": "UAE"}, "matchDate": "2020-09-25T18:00:00+0400", "matchEndDate": "2020-09-25T23:00:00+0400", "matchDateMs": 1601042400000, "matchEndDateMs": 1601060400000, "isLimitedOvers": true, "battingOrder": [1, 0], "matchBroadcast": false, "matchState": "C", "matchStatus": {"outcome": "B", "text": "Delhi Capitals won by 44 runs"}, "description": "Match 7", "matchSummary": "", "matchType": "IPLT20", "tournamentLabel": "IPL 2020", "oversLimit": 20, "groupName": ""}, "matchId": {"id": 22242, "name": "ipl2020-07", "tournamentId": {"id": 18790, "name": "ipl2020", "provisional": false}}, "currentState": {"inProgress": false, "phase": "C", "currentInningsIndex": 1, "currentBatsmen": [2939, -1], "facingBatsman": 2939, "nonFacingBatsman": -1, "currentBowler": -1, "previousBowler": 5433, "previousBowlerCurrentSpell": {"playerId": 5433, "ov": "1", "r": 6, "w": 0, "d": 2, "maid": 0, "e": "6.00", "wd": 2, "nb": 0}, "currentPartnership": 1, "partnership": {"runs": 1, "balls": 3, "runRate": "2.00"}, "recentOvers": [{"ovNo": 15, "ovBalls": ["4", "1Lb", "4", "1", ".", "1"]}, {"ovNo": 16, "ovBalls": ["1", "1", "1", "W", ".", "3"]}, {"ovNo": 17, "ovBalls": ["4", ".", ".", "4", "1", "1"]}, {"ovNo": 18, "ovBalls": ["2", "W", "2", "4", "1", "1"]}, {"ovNo": 19, "ovBalls": ["1", "1", ".", "1", "1Wd", "1Wd", ".", "1"]}, {"ovNo": 20, "ovBalls": ["2", "1", "W", ".", "1", "W"]}]}, "innings": [{"inningsNumber": 1, "runRate": "8.75", "overProgress": "20", "declared": false, "scorecard": {"runs": 175, "wkts": 3, "allOut": false, "battingStats": [{"playerId": 3764, "r": 64, "b": 43, "sr": "148.83", "4s": 9, "6s": 1, "mod": {"dismissedBp": {"innings": 1, "over": 13, "ball": 2}, "countingBp": {"innings": 1, "over": 13, "ball": 2}, "text": "st MS Dhoni b Piyush Chawla", "bowlerId": 76, "additionalPlayerIds": [1], "dismissedMethod": "st", "isOut": true}}, {"playerId": 41, "r": 35, "b": 27, "sr": "129.62", "4s": 3, "6s": 1, "mod": {"dismissedBp": {"innings": 1, "over": 11, "ball": 4}, "countingBp": {"innings": 1, "over": 11, "ball": 4}, "text": "lbw Piyush Chawla", "bowlerId": 76, "dismissedMethod": "lbw", "isOut": true}}, {"playerId": 2972, "r": 37, "b": 25, "sr": "148.00", "4s": 5, "6s": 0}, {"playerId": 1563, "r": 26, "b": 22, "sr": "118.18", "4s": 1, "6s": 0, "mod": {"dismissedBp": {"innings": 1, "over": 19, "ball": 6}, "countingBp": {"innings": 1, "over": 19, "ball": 6}, "text": "c MS Dhoni b Sam Curran", "bowlerId": 2939, "additionalPlayerIds": [1], "dismissedMethod": "ct", "isOut": true}}, {"playerId": 964, "r": 5, "b": 3, "sr": "166.66", "4s": 1, "6s": 0}], "bowlingStats": [{"playerId": 140, "ov": "4", "r": 38, "w": 0, "d": 4, "maid": 0, "e": "9.50", "wd": 1, "nb": 0}, {"playerId": 2939, "ov": "4", "r": 27, "w": 1, "d": 10, "maid": 0, "e": "6.75", "wd": 1, "nb": 0}, {"playerId": 857, "ov": "4", "r": 28, "w": 0, "d": 10, "maid": 0, "e": "7.00", "wd": 1, "nb": 0}, {"playerId": 76, "ov": "4", "r": 33, "w": 2, "d": 8, "maid": 0, "e": "8.25", "wd": 0, "nb": 0}, {"playerId": 9, "ov": "4", "r": 44, "w": 0, "d": 4, "maid": 0, "e": "11.00", "wd": 0, "nb": 0}], "fow": [{"bp": {"innings": 1, "over": 11, "ball": 4}, "playerId": 41, "ret": false, "w": 1, "r": 94}, {"bp": {"innings": 1, "over": 13, "ball": 2}, "playerId": 3764, "ret": false, "w": 2, "r": 103}, {"bp": {"innings": 1, "over": 19, "ball": 6}, "playerId": 1563, "ret": false, "w": 3, "r": 161}], "extras": {"noBallRuns": 0, "wideRuns": 3, "byeRuns": 0, "legByeRuns": 5, "penaltyRuns": 0}, "declared": false}, "overHistory": [{"ovNo": 1, "ovBalls": [".", ".", "4", "4", ".", "1"]}, {"ovNo": 2, "ovBalls": [".", "1Lb", ".", "1", ".", "."]}, {"ovNo": 3, "ovBalls": [".", ".", "1", "1", "1", "1"]}, {"ovNo": 4, "ovBalls": ["4", ".", ".", "4", "1Wd", "2", "1"]}, {"ovNo": 5, "ovBalls": [".", "2", "1", ".", ".", "."]}, {"ovNo": 6, "ovBalls": ["1", "2", "1", "1", ".", "1"]}, {"ovNo": 7, "ovBalls": ["1", "1", "1", "4", "2", "4"]}, {"ovNo": 8, "ovBalls": ["6", "1", "1", "4", "1", "."]}, {"ovNo": 9, "ovBalls": ["1", "4", ".", "4", "2", "."]}, {"ovNo": 10, "ovBalls": ["2", "1", "1", "4", "1", "6"]}, {"ovNo": 11, "ovBalls": ["1", "1", "4", "W", ".", "."]}, {"ovNo": 12, "ovBalls": ["1", "1", "2", "4", ".", "."]}, {"ovNo": 13, "ovBalls": ["1", "W", ".", ".", "1", "1"]}, {"ovNo": 14, "ovBalls": ["4", "1", "1", ".", "1", "1"]}, {"ovNo": 15, "ovBalls": ["1", "1", "1", "4", "1", "1Wd", "2"]}, {"ovNo": 16, "ovBalls": ["4", "1", "2", "1", "1", "1"]}, {"ovNo": 17, "ovBalls": ["1", "1", "2", "4", "2", "2"]}, {"ovNo": 18, "ovBalls": [".", "1Wd", "4", "1", "1", "4", "."]}, {"ovNo": 19, "ovBalls": [".", ".", "1", "1", "2", "W"]}, {"ovNo": 20, "ovBalls": [".", "4", "1", "4", "4Lb", "1"]}]}, {"inningsNumber": 2, "runRate": "6.55", "overProgress": "20", "declared": false, "scorecard": {"runs": 131, "wkts": 7, "allOut": false, "battingStats": [{"playerId": 7, "r": 10, "b": 15, "sr": "66.66", "4s": 1, "6s": 0, "mod": {"dismissedBp": {"innings": 2, "over": 6, "ball": 7}, "countingBp": {"innings": 2, "over": 6, "ball": 6}, "text": "c Kagiso Rabada b Anrich Nortje", "bowlerId": 5433, "additionalPlayerIds": [1664], "dismissedMethod": "ct", "isOut": true}}, {"playerId": 227, "r": 14, "b": 16, "sr": "87.50", "4s": 1, "6s": 1, "mod": {"dismissedBp": {"innings": 2, "over": 5, "ball": 2}, "countingBp": {"innings": 2, "over": 5, "ball": 2}, "text": "c Shimron Hetmyer b Axar Patel", "bowlerId": 1113, "additionalPlayerIds": [1705], "dismissedMethod": "ct", "isOut": true}}, {"playerId": 24, "r": 43, "b": 35, "sr": "122.85", "4s": 4, "6s": 0, "mod": {"dismissedBp": {"innings": 2, "over": 18, "ball": 2}, "countingBp": {"innings": 2, "over": 18, "ball": 2}, "text": "c Rishabh Pant b Kagiso Rabada", "bowlerId": 1664, "additionalPlayerIds": [2972], "dismissedMethod": "ct", "isOut": true}}, {"playerId": 5443, "r": 5, "b": 10, "sr": "50.00", "4s": 0, "6s": 0, "mod": {"dismissedBp": {"innings": 2, "over": 10, "ball": 1}, "countingBp": {"innings": 2, "over": 10, "ball": 1}, "text": "run out (Rishabh Pant)", "bowlerId": 1113, "additionalPlayerIds": [2972], "dismissedMethod": "ro", "isOut": true}}, {"playerId": 297, "r": 26, "b": 21, "sr": "123.80", "4s": 3, "6s": 0, "mod": {"dismissedBp": {"innings": 2, "over": 16, "ball": 4}, "countingBp": {"innings": 2, "over": 16, "ball": 4}, "text": "lbw Anrich Nortje", "bowlerId": 5433, "dismissedMethod": "lbw", "isOut": true}}, {"playerId": 1, "r": 15, "b": 12, "sr": "125.00", "4s": 2, "6s": 0, "mod": {"dismissedBp": {"innings": 2, "over": 20, "ball": 3}, "countingBp": {"innings": 2, "over": 20, "ball": 3}, "text": "c Rishabh Pant b Kagiso Rabada", "bowlerId": 1664, "additionalPlayerIds": [2972], "dismissedMethod": "ct", "isOut": true}}, {"playerId": 9, "r": 12, "b": 9, "sr": "133.33", "4s": 1, "6s": 0, "mod": {"dismissedBp": {"innings": 2, "over": 20, "ball": 6}, "countingBp": {"innings": 2, "over": 20, "ball": 6}, "text": "c Amit Mishra b Kagiso Rabada", "bowlerId": 1664, "additionalPlayerIds": [30], "dismissedMethod": "ct", "isOut": true}}, {"playerId": 2939, "r": 1, "b": 2, "sr": "50.00", "4s": 0, "6s": 0}], "bowlingStats": [{"playerId": 1664, "ov": "4", "r": 26, "w": 3, "d": 11, "maid": 0, "e": "6.50", "wd": 0, "nb": 0}, {"playerId": 1113, "ov": "4", "r": 18, "w": 1, "d": 10, "maid": 0, "e": "4.50", "wd": 0, "nb": 0}, {"playerId": 5433, "ov": "4", "r": 21, "w": 2, "d": 12, "maid": 0, "e": "5.25", "wd": 3, "nb": 0}, {"playerId": 1561, "ov": "4", "r": 42, "w": 0, "d": 7, "maid": 0, "e": "10.50", "wd": 1, "nb": 0}, {"playerId": 30, "ov": "4", "r": 23, "w": 0, "d": 6, "maid": 0, "e": "5.75", "wd": 0, "nb": 0}], "fow": [{"bp": {"innings": 2, "over": 5, "ball": 2}, "playerId": 227, "ret": false, "w": 1, "r": 23}, {"bp": {"innings": 2, "over": 6, "ball": 6}, "playerId": 7, "ret": false, "w": 2, "r": 34}, {"bp": {"innings": 2, "over": 10, "ball": 1}, "playerId": 5443, "ret": false, "w": 3, "r": 44}, {"bp": {"innings": 2, "over": 16, "ball": 4}, "playerId": 297, "ret": false, "w": 4, "r": 98}, {"bp": {"innings": 2, "over": 18, "ball": 2}, "playerId": 24, "ret": false, "w": 5, "r": 113}, {"bp": {"innings": 2, "over": 20, "ball": 3}, "playerId": 1, "ret": false, "w": 6, "r": 130}, {"bp": {"innings": 2, "over": 20, "ball": 6}, "playerId": 9, "ret": false, "w": 7, "r": 131}], "extras": {"noBallRuns": 0, "wideRuns": 4, "byeRuns": 0, "legByeRuns": 1, "penaltyRuns": 0}, "declared": false}, "overHistory": [{"ovNo": 1, "ovBalls": [".", ".", ".", ".", ".", "2"]}, {"ovNo": 2, "ovBalls": [".", "1", "1", ".", "1", "4"]}, {"ovNo": 3, "ovBalls": [".", ".", ".", ".", ".", "1"]}, {"ovNo": 4, "ovBalls": ["4", ".", "1", "1", "6", "."]}, {"ovNo": 5, "ovBalls": ["1", "W", "1", "1", "1", "."]}, {"ovNo": 6, "ovBalls": ["1Wd", "4", "2", "1", ".", ".", "W"]}, {"ovNo": 7, "ovBalls": ["1", ".", "1", ".", "1", "."]}, {"ovNo": 8, "ovBalls": ["1", "1", ".", ".", "1", "1"]}, {"ovNo": 9, "ovBalls": ["1", ".", "1", ".", "1", "."]}, {"ovNo": 10, "ovBalls": ["W", "1", ".", ".", ".", "2"]}, {"ovNo": 11, "ovBalls": ["1", "1", "1", "1", "1", "1"]}, {"ovNo": 12, "ovBalls": ["1", ".", "4", "1", ".", "1"]}, {"ovNo": 13, "ovBalls": ["1", "4", "2", "1", "1", "2"]}, {"ovNo": 14, "ovBalls": ["4", ".", "4", "2", "1Wd", "1", "1"]}, {"ovNo": 15, "ovBalls": ["4", "1Lb", "4", "1", ".", "1"]}, {"ovNo": 16, "ovBalls": ["1", "1", "1", "W", ".", "3"]}, {"ovNo": 17, "ovBalls": ["4", ".", ".", "4", "1", "1"]}, {"ovNo": 18, "ovBalls": ["2", "W", "2", "4", "1", "1"]}, {"ovNo": 19, "ovBalls": ["1", "1", ".", "1", "1Wd", "1Wd", ".", "1"]}, {"ovNo": 20, "ovBalls": ["2", "1", "W", ".", "1", "W"]}]}]}