{"matchInfo": {"additionalInfo": {"toss.elected": "Chennai Super Kings, who chose to field", "notes.1.1": "Powerplay - 27 runs, 4 wickets", "notes.1.2": "DD: 50 runs in 9.2 overs", "notes.2.1": "Powerplay - 45 runs, 0 wicket", "notes.1.3": "DD: 100 runs in 18.4 overs", "notes.2.2": "CSK: 50 runs in 6.3 overs", "notes.1.4": "Innings Break: Delhi Daredevils - 114/5 in 20.0 overs (Yo Nagar 43, Irfan Pathan 13)", "notes.2.3": "1st Wicket: 50 runs in 39 balls (Michael Hussey 30, Murali Vijay 19)", "notes.2.4": "CSK: 100 runs in 13.5 overs", "highlights.link": "http://iplt20.com/videos/media/id/6d987175eab448c6980612f667e88e2b/ipl-2012-match-59-csk-vs-dd-highlights", "referee.name": "Graeme Labrooy", "match.summary": "", "umpire.name.1": "Subrat Das", "photostream.link": "http://iplt20.com/photos/82/ipl-2012-match-59-chennai-super-kings-v-delhi-daredevils", "umpire.name.2": "Billy Doctrove", "toss.winner": "Chennai Super Kings", "umpire.name.3": "Sudhir Asnani", "umpire.name.4": "K Srinivasan", "result.playerofthematch": "Ben Hilfenhaus"}, "teams": [{"id": 503, "team": {"id": 1, "fullName": "Chennai Super Kings", "shortName": "Super Kings", "abbreviation": "CSK", "type": "m", "primaryColor": "FDB913", "secondaryColor": "0081E5"}, "players": [{"id": 20, "fullName": "Michael Hussey", "shortName": "M Hussey", "nationality": "Australian", "dateOfBirth": "1975-05-27", "rightArmedBowl": true, "rightHandedBat": false, "bowlingStyle": "MEDIUM_SEAM"}, {"id": 7, "fullName": "Murali Vijay", "shortName": "M Vijay", "nationality": "Indian", "dateOfBirth": "1984-04-01", "rightArmedBowl": false, "rightHandedBat": false}, {"id": 14, "fullName": "Suresh Raina", "shortName": "S Raina", "nationality": "Indian", "dateOfBirth": "1986-11-27", "rightArmedBowl": true, "rightHandedBat": false, "bowlingStyle": "OFF_SPIN"}, {"id": 1, "fullName": "MS Dhoni", "shortName": "MS Dhoni", "nationality": "Indian", "dateOfBirth": "1981-07-07", "rightArmedBowl": true, "rightHandedBat": true, "bowlingStyle": "MEDIUM_SEAM"}, {"id": 9, "fullName": "Ravindra Jadeja", "shortName": "R Jadeja", "nationality": "Indian", "dateOfBirth": "1988-12-06", "rightArmedBowl": false, "rightHandedBat": false, "bowlingStyle": "ORTHODOX"}, {"id": 11, "fullName": "Srikkanth Anirudha", "shortName": "S Anirudha", "nationality": "Indian", "dateOfBirth": "1987-04-14", "rightArmedBowl": false, "rightHandedBat": false}, {"id": 25, "fullName": "Dwayne Bravo", "shortName": "DJ Bravo", "nationality": "West Indian", "dateOfBirth": "1983-10-07", "rightArmedBowl": true, "rightHandedBat": true, "bowlingStyle": "MEDIUM_SEAM"}, {"id": 26, "fullName": "Albie Morkel", "shortName": "A Morkel", "nationality": "South African", "dateOfBirth": "1981-06-10", "rightArmedBowl": false, "rightHandedBat": false}, {"id": 8, "fullName": "Ravichandran Ashwin", "shortName": "R Ashwin", "nationality": "Indian", "dateOfBirth": "1986-09-17", "rightArmedBowl": true, "rightHandedBat": true, "bowlingStyle": "OFF_SPIN"}, {"id": 17, "fullName": "Ben Hilfenhaus", "shortName": "B Hilfenhaus", "nationality": "Australian", "dateOfBirth": "1983-03-15", "rightArmedBowl": true, "rightHandedBat": true}, {"id": 10, "fullName": "Shadab Jakati", "shortName": "S Jakati", "nationality": "Indian", "dateOfBirth": "1980-11-27", "rightArmedBowl": false, "rightHandedBat": false}], "wicketKeeper": {"id": 1, "fullName": "MS Dhoni", "shortName": "MS Dhoni", "nationality": "Indian", "dateOfBirth": "1981-07-07", "rightArmedBowl": true, "rightHandedBat": true, "bowlingStyle": "MEDIUM_SEAM"}, "captain": {"id": 1, "fullName": "MS Dhoni", "shortName": "MS Dhoni", "nationality": "Indian", "dateOfBirth": "1981-07-07", "rightArmedBowl": true, "rightHandedBat": true, "bowlingStyle": "MEDIUM_SEAM"}}, {"id": 504, "team": {"id": 3, "fullName": "Delhi Capitals", "shortName": "Delhi", "abbreviation": "DC", "type": "m", "primaryColor": "004C93", "secondaryColor": "F83430"}, "players": [{"id": 170, "fullName": "David Warner", "shortName": "D Warner", "nationality": "Australian", "dateOfBirth": "1986-10-27", "rightArmedBowl": true, "rightHandedBat": false, "bowlingStyle": "LEG_SPIN"}, {"id": 45, "fullName": "Virender Sehwag", "shortName": "V Sehwag", "nationality": "Indian", "dateOfBirth": "1978-10-20", "rightArmedBowl": true, "rightHandedBat": true, "bowlingStyle": "OFF_SPIN"}, {"id": 175, "fullName": "Mahela Jayawardene", "shortName": "M Jayawardene", "nationality": "Sri Lankan", "dateOfBirth": "1977-05-27", "rightArmedBowl": true, "rightHandedBat": true, "bowlingStyle": "MEDIUM_SEAM"}, {"id": 52, "fullName": "Naman Ojha", "shortName": "N Ojha", "nationality": "Indian", "dateOfBirth": "1983-07-20", "rightArmedBowl": true, "rightHandedBat": true}, {"id": 64, "fullName": "Yogesh Nagar", "shortName": "Y Nagar", "nationality": "Indian", "dateOfBirth": "1990-01-06", "rightArmedBowl": false, "rightHandedBat": false}, {"id": 62, "fullName": "Venugopal Rao", "shortName": "V Rao", "nationality": "Indian", "dateOfBirth": "1982-02-26", "rightArmedBowl": false, "rightHandedBat": false}, {"id": 49, "fullName": "Irfan Pathan", "shortName": "I Pathan", "nationality": "Indian", "dateOfBirth": "1984-10-27", "rightArmedBowl": false, "rightHandedBat": false, "bowlingStyle": "MEDIUM_SEAM"}, {"id": 173, "fullName": "Roelof van der Merwe", "shortName": "R van der Merwe", "nationality": "Dutch", "dateOfBirth": "1984-12-31", "rightArmedBowl": false, "rightHandedBat": false, "bowlingStyle": "ORTHODOX"}, {"id": 169, "fullName": "Morne Morkel", "shortName": "M Morkel", "nationality": "South African", "dateOfBirth": "1984-10-06", "rightArmedBowl": true, "rightHandedBat": false, "bowlingStyle": "FAST_SEAM"}, {"id": 61, "fullName": "Varun Aaron", "shortName": "V Aaron", "nationality": "Indian", "dateOfBirth": "1989-10-29", "rightArmedBowl": true, "rightHandedBat": true}, {"id": 59, "fullName": "Umesh Yadav", "shortName": "U Yadav", "nationality": "Indian", "dateOfBirth": "1987-10-25", "rightArmedBowl": true, "rightHandedBat": true, "bowlingStyle": "FAST_SEAM"}], "wicketKeeper": {"id": 52, "fullName": "Naman Ojha", "shortName": "N Ojha", "nationality": "Indian", "dateOfBirth": "1983-07-20", "rightArmedBowl": true, "rightHandedBat": true}, "captain": {"id": 45, "fullName": "Virender Sehwag", "shortName": "V Sehwag", "nationality": "Indian", "dateOfBirth": "1978-10-20", "rightArmedBowl": true, "rightHandedBat": true, "bowlingStyle": "OFF_SPIN"}}], "venue": {"id": 1, "fullName": "M. A. Chidambaram Stadium", "shortName": "Chidambaram", "city": "Chennai", "country": "India"}, "matchDate": "2012-05-12T20:00:00+0530", "matchEndDate": "2012-05-12T23:00:00+0530", "matchDateMs": 1336833000000, "matchEndDateMs": 1336843800000, "isLimitedOvers": true, "battingOrder": [1, 0], "matchBroadcast": true, "matchState": "C", "matchStatus": {"outcome": "A", "text": "Chennai Super Kings won by 9 wickets"}, "description": "Match 59", "matchSummary": "", "matchType": "IPLT20", "tournamentLabel": "IPL 2012", "oversLimit": 20, "groupName": ""}, "matchId": {"id": 60, "name": "ipl2012-59", "tournamentId": {"id": 1, "name": "ipl2012", "provisional": false}}, "currentState": {"inProgress": false, "phase": "C", "currentInningsIndex": 1, "currentBatsmen": [7, 14], "facingBatsman": 7, "nonFacingBatsman": 14, "currentBowler": 61, "currentBowlerCurrentSpell": {"playerId": 61, "ov": "1.2", "r": 11, "w": 0, "d": 4, "maid": 0, "e": "8.25", "wd": 0, "nb": 0}, "previousBowler": 169, "previousBowlerCurrentSpell": {"playerId": 169, "ov": "1", "r": 11, "w": 0, "d": 1, "maid": 0, "e": "11.00", "wd": 0, "nb": 0}, "currentPartnership": 40, "partnership": {"runs": 40, "balls": 31, "runRate": "7.74"}, "recentOvers": [{"ovNo": 11, "ovBalls": ["W", "1", "1", ".", ".", "6"]}, {"ovNo": 12, "ovBalls": ["1", "1", "1", ".", "1", "."]}, {"ovNo": 13, "ovBalls": [".", ".", "4", "1", "1", "."]}, {"ovNo": 14, "ovBalls": [".", "1", ".", "1", "6", "."]}, {"ovNo": 15, "ovBalls": ["6", "1", "1", "2", "1", "."]}, {"ovNo": 16, "ovBalls": [".", "3"]}]}, "innings": [{"inningsNumber": 1, "runRate": "5.70", "overProgress": "20", "declared": false, "scorecard": {"runs": 114, "wkts": 5, "allOut": false, "battingStats": [{"playerId": 170, "r": 8, "b": 9, "sr": "88.88", "4s": 1, "6s": 0, "mod": {"dismissedBp": {"innings": 1, "over": 3, "ball": 1}, "countingBp": {"innings": 1, "over": 3, "ball": 1}, "text": "c Ravichandran Ashwin b Ben Hilfenhaus", "bowlerId": 17, "additionalPlayerIds": [8], "dismissedMethod": "ct", "isOut": true}}, {"playerId": 45, "r": 4, "b": 2, "sr": "200.00", "4s": 1, "6s": 0, "mod": {"dismissedBp": {"innings": 1, "over": 1, "ball": 5}, "countingBp": {"innings": 1, "over": 1, "ball": 5}, "text": "b Ben Hilfenhaus", "bowlerId": 17, "dismissedMethod": "b", "isOut": true}}, {"playerId": 52, "r": 3, "b": 11, "sr": "27.27", "4s": 0, "6s": 0, "mod": {"dismissedBp": {"innings": 1, "over": 5, "ball": 7}, "countingBp": {"innings": 1, "over": 5, "ball": 6}, "text": "c MS Dhoni b Ben Hilfenhaus", "bowlerId": 17, "additionalPlayerIds": [1], "dismissedMethod": "ct", "isOut": true}}, {"playerId": 175, "r": 8, "b": 10, "sr": "80.00", "4s": 1, "6s": 0, "mod": {"dismissedBp": {"innings": 1, "over": 6, "ball": 2}, "countingBp": {"innings": 1, "over": 6, "ball": 2}, "text": "c Michael Hussey b Albie Morkel", "bowlerId": 26, "additionalPlayerIds": [20], "dismissedMethod": "ct", "isOut": true}}, {"playerId": 62, "r": 27, "b": 24, "sr": "112.50", "4s": 0, "6s": 2, "mod": {"dismissedBp": {"innings": 1, "over": 14, "ball": 2}, "countingBp": {"innings": 1, "over": 14, "ball": 2}, "text": "c Albie Morkel b Ravichandran Ashwin", "bowlerId": 8, "additionalPlayerIds": [26], "dismissedMethod": "ct", "isOut": true}}, {"playerId": 64, "r": 43, "b": 47, "sr": "91.48", "4s": 1, "6s": 1}, {"playerId": 49, "r": 13, "b": 17, "sr": "76.47", "4s": 0, "6s": 0}], "bowlingStats": [{"playerId": 17, "ov": "4", "r": 27, "w": 3, "d": 14, "maid": 0, "e": "6.75", "wd": 2, "nb": 0}, {"playerId": 26, "ov": "4", "r": 15, "w": 1, "d": 15, "maid": 0, "e": "3.75", "wd": 1, "nb": 0}, {"playerId": 25, "ov": "4", "r": 22, "w": 0, "d": 8, "maid": 0, "e": "5.50", "wd": 2, "nb": 0}, {"playerId": 10, "ov": "3", "r": 19, "w": 0, "d": 5, "maid": 0, "e": "6.33", "wd": 0, "nb": 0}, {"playerId": 9, "ov": "1", "r": 11, "w": 0, "d": 0, "maid": 0, "e": "11.00", "wd": 0, "nb": 0}, {"playerId": 8, "ov": "4", "r": 17, "w": 1, "d": 9, "maid": 0, "e": "4.25", "wd": 0, "nb": 0}], "fow": [{"bp": {"innings": 1, "over": 1, "ball": 5}, "playerId": 45, "ret": false, "w": 1, "r": 5}, {"bp": {"innings": 1, "over": 3, "ball": 1}, "playerId": 170, "ret": false, "w": 2, "r": 12}, {"bp": {"innings": 1, "over": 5, "ball": 6}, "playerId": 52, "ret": false, "w": 3, "r": 24}, {"bp": {"innings": 1, "over": 6, "ball": 2}, "playerId": 175, "ret": false, "w": 4, "r": 24}, {"bp": {"innings": 1, "over": 14, "ball": 2}, "playerId": 62, "ret": false, "w": 5, "r": 72}], "extras": {"noBallRuns": 0, "wideRuns": 5, "byeRuns": 0, "legByeRuns": 3, "penaltyRuns": 0}, "declared": false}, "overHistory": [{"ovNo": 1, "ovBalls": [".", ".", "1", "4", "W", "."]}, {"ovNo": 2, "ovBalls": [".", "4", ".", ".", "3", "."]}, {"ovNo": 3, "ovBalls": ["W", ".", ".", "4", "2", "."]}, {"ovNo": 4, "ovBalls": [".", ".", "1", "1", "1", "."]}, {"ovNo": 5, "ovBalls": ["1Wd", ".", ".", ".", "1", "1", "W"]}, {"ovNo": 6, "ovBalls": [".", "W", "1", ".", "1Lb", "1"]}, {"ovNo": 7, "ovBalls": [".", ".", "1", "1", "1", "1Wd", "1"]}, {"ovNo": 8, "ovBalls": ["1", ".", "1Lb", "1", "1", "1"]}, {"ovNo": 9, "ovBalls": ["6", "1", "1", "1", "1", "1"]}, {"ovNo": 10, "ovBalls": ["1", "1", ".", "1", ".", "1"]}, {"ovNo": 11, "ovBalls": ["1", "1", "1", ".", "1", "."]}, {"ovNo": 12, "ovBalls": ["1", "1", ".", "1", ".", "1"]}, {"ovNo": 13, "ovBalls": ["1", "6", "1", "2", "1", "."]}, {"ovNo": 14, "ovBalls": ["1", "W", ".", "1", ".", "1"]}, {"ovNo": 15, "ovBalls": [".", "1", ".", "2", ".", "1"]}, {"ovNo": 16, "ovBalls": ["1", ".", "2", "2", ".", "1"]}, {"ovNo": 17, "ovBalls": ["1", ".", "1Lb", ".", "1", "1Wd", "."]}, {"ovNo": 18, "ovBalls": [".", "1", "1Wd", "2", "1", "1", "."]}, {"ovNo": 19, "ovBalls": [".", "1", "1Wd", "1", "4", ".", "6"]}, {"ovNo": 20, "ovBalls": ["2", "1", "1", "1", "2", "."]}]}, {"inningsNumber": 2, "runRate": "7.50", "overProgress": "15.2", "declared": false, "scorecard": {"runs": 115, "wkts": 1, "allOut": false, "battingStats": [{"playerId": 20, "r": 38, "b": 32, "sr": "118.75", "4s": 5, "6s": 1, "mod": {"dismissedBp": {"innings": 2, "over": 11, "ball": 1}, "countingBp": {"innings": 2, "over": 11, "ball": 1}, "text": "c Mahela Jayawardene b Irfan Pathan", "bowlerId": 49, "additionalPlayerIds": [175], "dismissedMethod": "ct", "isOut": true}}, {"playerId": 7, "r": 48, "b": 40, "sr": "120.00", "4s": 5, "6s": 1}, {"playerId": 14, "r": 28, "b": 20, "sr": "140.00", "4s": 1, "6s": 2}], "bowlingStats": [{"playerId": 169, "ov": "4", "r": 31, "w": 0, "d": 12, "maid": 0, "e": "7.75", "wd": 0, "nb": 0}, {"playerId": 59, "ov": "3", "r": 24, "w": 0, "d": 8, "maid": 0, "e": "8.00", "wd": 1, "nb": 0}, {"playerId": 61, "ov": "3.2", "r": 28, "w": 0, "d": 10, "maid": 0, "e": "8.40", "wd": 0, "nb": 0}, {"playerId": 173, "ov": "3", "r": 17, "w": 0, "d": 7, "maid": 0, "e": "5.66", "wd": 0, "nb": 0}, {"playerId": 49, "ov": "2", "r": 15, "w": 1, "d": 5, "maid": 0, "e": "7.50", "wd": 0, "nb": 0}], "fow": [{"bp": {"innings": 2, "over": 11, "ball": 1}, "playerId": 20, "ret": false, "w": 1, "r": 75}], "extras": {"noBallRuns": 0, "wideRuns": 1, "byeRuns": 0, "legByeRuns": 0, "penaltyRuns": 0}, "declared": false}, "overHistory": [{"ovNo": 1, "ovBalls": [".", ".", "2", ".", ".", "."]}, {"ovNo": 2, "ovBalls": [".", "4", "1Wd", ".", "2", "1", "."]}, {"ovNo": 3, "ovBalls": [".", "1", ".", ".", "4", "."]}, {"ovNo": 4, "ovBalls": ["2", ".", ".", "1", "4", "3"]}, {"ovNo": 5, "ovBalls": ["4", "4", ".", "1", "4", "."]}, {"ovNo": 6, "ovBalls": ["6", ".", ".", ".", "1", "."]}, {"ovNo": 7, "ovBalls": ["1", ".", "4", "4", ".", "1"]}, {"ovNo": 8, "ovBalls": ["1", "4", ".", ".", "1", "2"]}, {"ovNo": 9, "ovBalls": [".", "1", "1", "1", "4", "."]}, {"ovNo": 10, "ovBalls": ["1", ".", ".", ".", "2", "2"]}, {"ovNo": 11, "ovBalls": ["W", "1", "1", ".", ".", "6"]}, {"ovNo": 12, "ovBalls": ["1", "1", "1", ".", "1", "."]}, {"ovNo": 13, "ovBalls": [".", ".", "4", "1", "1", "."]}, {"ovNo": 14, "ovBalls": [".", "1", ".", "1", "6", "."]}, {"ovNo": 15, "ovBalls": ["6", "1", "1", "2", "1", "."]}, {"ovNo": 16, "ovBalls": [".", "3"]}]}]}