{"matchInfo": {"additionalInfo": {"sixes.video.thumb": "https://iplplatform-static-files.s3.amazonaws.com/IPL/photo/2018/04/19/7c8c65b1-3df8-4e63-aebd-474fdfaec789/pZEqOyWi.jpg", "sixes.video.id": "122668", "match.video.thumb": "https://iplplatform-static-files.s3.amazonaws.com/IPL/photo/2018/04/19/77b6b314-419c-4195-b5c6-595f6573f429/HIgh-kcipsrh.jpg", "mom.video.thumb": "https://iplplatform-static-files.s3.amazonaws.com/IPL/photo/2018/04/19/c408dc33-724c-48dc-8ea2-4efe65b3981a/wnbNjhCs.jpg", "mom.video.id": "122698", "referee.name": "Sunil Chaturvedi", "report.thumb": "https://iplplatform-static-files.s3.amazonaws.com/IPL/photo/2018/04/19/e2fae3d4-933d-4cda-ac8b-dec9b84b3d93/VRP_4200.jpg", "match.summary": "", "umpire.name.1": "Nigel Llong", "umpire.name.2": "Anil Chaudhary", "umpire.name.3": "Vineet Kulkarni", "interview.thumb": "https://iplplatform-static-files.s3.amazonaws.com/IPL/photo/2018/04/19/30c63d61-e0a8-4da9-8f44-3d3d89153382/Gayle-int.jpg", "umpire.name.4": "Rohan Pandit", "result.playerofthematch": "Chris Gayle", "report.link": "https://www.iplt20.com/news/122696/report-m16-kxip-vs-srh", "toss.elected": "Kings XI Punjab, who chose to bat", "notes.1.1": "Powerplay - 49 runs, 0 wickets", "notes.1.2": "Kings XI Punjab: 50 runs in 6.2 overs", "notes.2.1": "Powerplay: 40 runs, 2 wickets", "notes.1.3": "1st Wicket: 50 runs in 38 balls (KL Rahul 16, Chris Gayle 30)", "notes.2.2": "Sunrisers Hyderabad: 50 runs in 6.5 overs", "notes.1.4": "Kings XI Punjab: 100 runs in 11.6 overs", "notes.2.3": "3rd Wicket: 50 runs in 44 balls (Kane Williamson 31, Manish Pandey 17)", "notes.1.5": "Chris Gayle: 50 off 39 balls (1 x four, 5 x sixes)", "notes.2.4": "Sunrisers Hyderabad: 100 runs in 13.2 overs", "notes.1.6": "3rd Wicket: 50 runs in 23 balls (Chris Gayle 36, Karun Nair 14)", "notes.2.5": "Kane Williamson: 50 off 39 balls (2 x fours, 2 x sixes)", "notes.1.7": "Kings XI Punjab: 150 runs in 15.5 overs", "notes.2.6": "Sunrisers Hyderabad: 150 runs in 18.2 overs", "notes.1.8": "Chris Gayle: 100 off 58 balls (1 x four, 11 x sixes)", "notes.2.7": "Manish Pandey: 50 off 37 balls (3 x fours, 1 x six)", "highlights.link": "https://www.iplt20.com/video/122730/m16-kxip-vs-srh-match-highlights", "notes.1.9": "Innings Break: Kings XI Punjab - 193/3 in 20 overs", "match.video.id": "122730", "stats.link": "https://www.iplt20.com/news/122694/quick-stats-m16-kxip-vs-srh", "toss.winner": "Kings XI Punjab", "interview.link": "https://www.iplt20.com/video/122744/-want-the-bowlers-to-know-who-is-incharge-says-the-universe-boss", "stats.thumb": "https://iplplatform-static-files.s3.amazonaws.com/IPL/photo/2018/04/19/cafe9e12-ca03-477e-801a-0337ac3daa4e/gayle100.jpg"}, "teams": [{"id": 9643, "team": {"id": 4, "fullName": "Punjab Kings", "shortName": "Punjab Kings", "abbreviation": "PBKS", "type": "m", "primaryColor": "DA1F3D", "secondaryColor": "FFFFFF"}, "players": [{"id": 1125, "fullName": "KL Rahul", "shortName": "KL Rahul", "nationality": "Indian", "dateOfBirth": "1992-04-18", "rightArmedBowl": true, "rightHandedBat": true}, {"id": 236, "fullName": "Chris Gayle", "shortName": "C Gayle", "nationality": "West Indian", "dateOfBirth": "1979-09-21", "rightArmedBowl": true, "rightHandedBat": false, "bowlingStyle": "OFF_SPIN"}, {"id": 158, "fullName": "Mayank Agarwal", "shortName": "M Agarwal", "nationality": "Indian", "dateOfBirth": "1991-02-18", "rightArmedBowl": true, "rightHandedBat": true}, {"id": 167, "fullName": "Aaron Finch", "shortName": "A Finch", "nationality": "Australian", "dateOfBirth": "1986-11-17", "rightArmedBowl": false, "rightHandedBat": true, "bowlingStyle": "ORTHODOX"}, {"id": 113, "fullName": "Yuvraj Singh", "shortName": "Y Singh", "nationality": "Indian", "dateOfBirth": "1981-12-12", "rightArmedBowl": false, "rightHandedBat": false, "bowlingStyle": "ORTHODOX"}, {"id": 276, "fullName": "Karun Nair", "shortName": "K Nair", "nationality": "Indian", "dateOfBirth": "1991-12-06", "rightArmedBowl": true, "rightHandedBat": true, "bowlingStyle": "OFF_SPIN"}, {"id": 8, "fullName": "Ravichandran Ashwin", "shortName": "R Ashwin", "nationality": "Indian", "dateOfBirth": "1986-09-17", "rightArmedBowl": true, "rightHandedBat": true, "bowlingStyle": "OFF_SPIN"}, {"id": 1480, "fullName": "Andrew Tye", "shortName": "A Tye", "nationality": "Australian", "dateOfBirth": "1986-12-12", "rightArmedBowl": true, "rightHandedBat": true, "bowlingStyle": "MEDIUM_SEAM"}, {"id": 2746, "fullName": "Barinder Sran", "shortName": "B Sran", "nationality": "Indian", "dateOfBirth": "1992-12-10", "rightArmedBowl": false, "rightHandedBat": false}, {"id": 1107, "fullName": "Mohit Sharma", "shortName": "M Sharma", "nationality": "Indian", "dateOfBirth": "1991-12-19", "rightArmedBowl": false, "rightHandedBat": true}, {"id": 4572, "fullName": "Mujeeb Ur Rahman", "shortName": "M Ur Rahman", "nationality": "Afghan", "dateOfBirth": "2001-03-28", "rightArmedBowl": true, "rightHandedBat": true, "bowlingStyle": "OFF_SPIN"}], "wicketKeeper": {"id": 1125, "fullName": "KL Rahul", "shortName": "KL Rahul", "nationality": "Indian", "dateOfBirth": "1992-04-18", "rightArmedBowl": true, "rightHandedBat": true}, "captain": {"id": 8, "fullName": "Ravichandran Ashwin", "shortName": "R Ashwin", "nationality": "Indian", "dateOfBirth": "1986-09-17", "rightArmedBowl": true, "rightHandedBat": true, "bowlingStyle": "OFF_SPIN"}}, {"id": 9642, "team": {"id": 62, "fullName": "Sunrisers Hyderabad", "shortName": "Sunrisers", "abbreviation": "SRH", "type": "m", "primaryColor": "FF9C00", "secondaryColor": "FFFFFF"}, "players": [{"id": 16, "fullName": "Wriddhiman Saha", "shortName": "W Saha", "nationality": "Indian", "dateOfBirth": "1984-10-24", "rightArmedBowl": true, "rightHandedBat": true}, {"id": 41, "fullName": "Shikhar Dhawan", "shortName": "S Dhawan", "nationality": "Indian", "dateOfBirth": "1985-12-05", "rightArmedBowl": true, "rightHandedBat": false, "bowlingStyle": "OFF_SPIN"}, {"id": 440, "fullName": "Kane Williamson", "shortName": "K Williamson", "nationality": "New Zealander", "dateOfBirth": "1990-08-08", "rightArmedBowl": true, "rightHandedBat": true, "bowlingStyle": "OFF_SPIN"}, {"id": 123, "fullName": "Manish Pandey", "shortName": "M Pandey", "nationality": "Indian", "dateOfBirth": "1989-09-10", "rightArmedBowl": true, "rightHandedBat": true, "bowlingStyle": "MEDIUM_SEAM"}, {"id": 201, "fullName": "Shakib Al Hasan", "shortName": "S Al Hasan", "nationality": "Bangladeshi", "dateOfBirth": "1987-03-24", "rightArmedBowl": false, "rightHandedBat": false, "bowlingStyle": "ORTHODOX"}, {"id": 1556, "fullName": "Deepak Hooda", "shortName": "D Hooda", "nationality": "Indian", "dateOfBirth": "1995-04-19", "rightArmedBowl": true, "rightHandedBat": true, "bowlingStyle": "OFF_SPIN"}, {"id": 96, "fullName": "Yusuf Pathan", "shortName": "Y Pathan", "nationality": "Indian", "dateOfBirth": "1982-11-17", "rightArmedBowl": false, "rightHandedBat": true}, {"id": 1299, "fullName": "Chris Jordan", "shortName": "C Jordan", "nationality": "English", "dateOfBirth": "1988-10-04", "rightArmedBowl": true, "rightHandedBat": true, "bowlingStyle": "FAST_SEAM"}, {"id": 116, "fullName": "Bhuvneshwar Kumar", "shortName": "B Kumar", "nationality": "Indian", "dateOfBirth": "1990-02-05", "rightArmedBowl": true, "rightHandedBat": true, "bowlingStyle": "MEDIUM_SEAM"}, {"id": 2885, "fullName": "Rashid Khan", "shortName": "R Khan", "nationality": "Afghan", "dateOfBirth": "1998-09-20", "rightArmedBowl": true, "rightHandedBat": true, "bowlingStyle": "LEG_SPIN"}, {"id": 1086, "fullName": "Siddarth Kaul", "shortName": "S Kaul", "nationality": "Indian", "dateOfBirth": "1990-05-19", "rightArmedBowl": true, "rightHandedBat": true, "bowlingStyle": "MEDIUM_SEAM"}], "wicketKeeper": {"id": 16, "fullName": "Wriddhiman Saha", "shortName": "W Saha", "nationality": "Indian", "dateOfBirth": "1984-10-24", "rightArmedBowl": true, "rightHandedBat": true}, "captain": {"id": 440, "fullName": "Kane Williamson", "shortName": "K Williamson", "nationality": "New Zealander", "dateOfBirth": "1990-08-08", "rightArmedBowl": true, "rightHandedBat": true, "bowlingStyle": "OFF_SPIN"}}], "venue": {"id": 9, "fullName": "IS Bindra Stadium", "shortName": "IS Bindra Stadium", "city": "Mohali", "country": "India"}, "matchDate": "2018-04-19T20:00:00+0530", "matchEndDate": "2018-04-19T23:00:00+0530", "matchDateMs": 1524148200000, "matchEndDateMs": 1524159000000, "isLimitedOvers": true, "battingOrder": [0, 1], "matchBroadcast": false, "matchState": "C", "matchStatus": {"outcome": "A", "text": "Punjab Kings won by 15 runs"}, "description": "Match 16", "matchSummary": "", "matchType": "IPLT20", "tournamentLabel": "IPL 2018", "oversLimit": 20, "groupName": ""}, "matchId": {"id": 7909, "name": "ipl2018-16", "tournamentId": {"id": 7749, "name": "ipl2018", "provisional": false}}, "currentState": {"inProgress": false, "phase": "C", "currentInningsIndex": 1, "currentBatsmen": [123, 201], "facingBatsman": 123, "nonFacingBatsman": 201, "currentBowler": -1, "previousBowler": 1107, "previousBowlerCurrentSpell": {"playerId": 1107, "ov": "1", "r": 14, "w": 0, "d": 0, "maid": 0, "e": "14.00", "wd": 1, "nb": 0}, "currentPartnership": 45, "partnership": {"runs": 45, "balls": 20, "runRate": "13.50"}, "recentOvers": [{"ovNo": 15, "ovBalls": ["4", "W", "1", "2", "2", "."]}, {"ovNo": 16, "ovBalls": ["2", "1", "1", "4", "2", "1Wd", "1"]}, {"ovNo": 17, "ovBalls": [".", "2", "1", "W", "1", "."]}, {"ovNo": 18, "ovBalls": ["1", "5Nb", "1Wd", ".", "2", "1", "1Wd", "1", "1"]}, {"ovNo": 19, "ovBalls": ["1", "6", "1", "1Wd", "1", "2", "2"]}, {"ovNo": 20, "ovBalls": ["1", "1", "1Wd", "6", "6", "1", "1"]}]}, "innings": [{"inningsNumber": 1, "runRate": "9.65", "overProgress": "20", "declared": false, "scorecard": {"runs": 193, "wkts": 3, "allOut": false, "battingStats": [{"playerId": 1125, "r": 18, "b": 21, "sr": "85.71", "4s": 3, "6s": 0, "mod": {"dismissedBp": {"innings": 1, "over": 8, "ball": 5}, "countingBp": {"innings": 1, "over": 8, "ball": 5}, "text": "lbw Rashid Khan", "bowlerId": 2885, "dismissedMethod": "lbw", "isOut": true}}, {"playerId": 236, "r": 104, "b": 63, "sr": "165.07", "4s": 1, "6s": 11}, {"playerId": 158, "r": 18, "b": 9, "sr": "200.00", "4s": 2, "6s": 1, "mod": {"dismissedBp": {"innings": 1, "over": 11, "ball": 2}, "countingBp": {"innings": 1, "over": 11, "ball": 2}, "text": "c Deepak Hooda b Siddarth Kaul", "bowlerId": 1086, "additionalPlayerIds": [1556], "dismissedMethod": "ct", "isOut": true}}, {"playerId": 276, "r": 31, "b": 21, "sr": "147.61", "4s": 3, "6s": 1, "mod": {"dismissedBp": {"innings": 1, "over": 18, "ball": 5}, "countingBp": {"innings": 1, "over": 18, "ball": 4}, "text": "c Shikhar Dhawan b Bhuvneshwar Kumar", "bowlerId": 116, "additionalPlayerIds": [41], "dismissedMethod": "ct", "isOut": true}}, {"playerId": 167, "r": 14, "b": 6, "sr": "233.33", "4s": 1, "6s": 1}], "bowlingStats": [{"playerId": 116, "ov": "4", "r": 25, "w": 1, "d": 10, "maid": 0, "e": "6.25", "wd": 1, "nb": 0}, {"playerId": 1299, "ov": "4", "r": 31, "w": 0, "d": 11, "maid": 0, "e": "7.75", "wd": 1, "nb": 0}, {"playerId": 2885, "ov": "4", "r": 55, "w": 1, "d": 8, "maid": 0, "e": "13.75", "wd": 0, "nb": 0}, {"playerId": 1086, "ov": "4", "r": 33, "w": 1, "d": 4, "maid": 0, "e": "8.25", "wd": 0, "nb": 0}, {"playerId": 1556, "ov": "2", "r": 16, "w": 0, "d": 5, "maid": 0, "e": "8.00", "wd": 1, "nb": 0}, {"playerId": 201, "ov": "2", "r": 28, "w": 0, "d": 2, "maid": 0, "e": "14.00", "wd": 0, "nb": 0}], "fow": [{"bp": {"innings": 1, "over": 8, "ball": 5}, "playerId": 1125, "ret": false, "w": 1, "r": 53}, {"bp": {"innings": 1, "over": 11, "ball": 2}, "playerId": 158, "ret": false, "w": 2, "r": 83}, {"bp": {"innings": 1, "over": 18, "ball": 4}, "playerId": 276, "ret": false, "w": 3, "r": 168}], "extras": {"noBallRuns": 0, "wideRuns": 3, "byeRuns": 0, "legByeRuns": 5, "penaltyRuns": 0}, "declared": false}, "overHistory": [{"ovNo": 1, "ovBalls": [".", ".", ".", ".", "1", "1"]}, {"ovNo": 2, "ovBalls": [".", "4Lb", ".", ".", "2", "."]}, {"ovNo": 3, "ovBalls": ["4", ".", ".", ".", "1", "."]}, {"ovNo": 4, "ovBalls": [".", "1", "6", "4", "1", "."]}, {"ovNo": 5, "ovBalls": [".", "6", ".", ".", "6", "1"]}, {"ovNo": 6, "ovBalls": ["1", ".", "1", "1", "4", "4"]}, {"ovNo": 7, "ovBalls": [".", "1", "1", ".", ".", "."]}, {"ovNo": 8, "ovBalls": ["1", ".", "1", ".", "W", "."]}, {"ovNo": 9, "ovBalls": ["1Wd", "6", "1Lb", "4", "1", "1", "1"]}, {"ovNo": 10, "ovBalls": ["4", "1", "1", "6", "1", "1"]}, {"ovNo": 11, "ovBalls": ["1", "W", "1", ".", "1", "1"]}, {"ovNo": 12, "ovBalls": ["6", "1", ".", ".", "6", "1"]}, {"ovNo": 13, "ovBalls": ["1", "1", "1", ".", ".", "1"]}, {"ovNo": 14, "ovBalls": ["1", "6", "6", "6", "6", "2"]}, {"ovNo": 15, "ovBalls": ["2", "4", "4", "1", ".", "1"]}, {"ovNo": 16, "ovBalls": ["2", "2", "1", "1", "1", "1"]}, {"ovNo": 17, "ovBalls": ["1Wd", "1", "6", "1", "4", ".", "."]}, {"ovNo": 18, "ovBalls": ["1", "1", "1Wd", "1", "W", ".", "6"]}, {"ovNo": 19, "ovBalls": ["1", "1", "1", "1", "1", "1"]}, {"ovNo": 20, "ovBalls": [".", "1", "4", "6", "1", "1"]}]}, {"inningsNumber": 2, "runRate": "8.90", "overProgress": "20", "declared": false, "scorecard": {"runs": 178, "wkts": 4, "allOut": false, "battingStats": [{"playerId": 16, "r": 6, "b": 7, "sr": "85.71", "4s": 1, "6s": 0, "mod": {"dismissedBp": {"innings": 2, "over": 2, "ball": 5}, "countingBp": {"innings": 2, "over": 2, "ball": 5}, "text": "b Mohit Sharma", "bowlerId": 1107, "dismissedMethod": "b", "isOut": true}}, {"playerId": 41, "r": 0, "b": 1, "sr": "0.00", "4s": 0, "6s": 0, "mod": {"dismissedBp": {"innings": 2, "over": 1, "ball": 6}, "countingBp": {"innings": 2, "over": 1, "ball": 5}, "text": "retired hurt", "bowlerId": 2746, "dismissedMethod": "ret", "isOut": false}}, {"playerId": 440, "r": 54, "b": 41, "sr": "131.70", "4s": 3, "6s": 2, "mod": {"dismissedBp": {"innings": 2, "over": 15, "ball": 2}, "countingBp": {"innings": 2, "over": 15, "ball": 2}, "text": "c Aaron Finch b Andrew Tye", "bowlerId": 1480, "additionalPlayerIds": [167], "dismissedMethod": "ct", "isOut": true}}, {"playerId": 96, "r": 19, "b": 13, "sr": "146.15", "4s": 3, "6s": 0, "mod": {"dismissedBp": {"innings": 2, "over": 5, "ball": 6}, "countingBp": {"innings": 2, "over": 5, "ball": 6}, "text": "b Mohit Sharma", "bowlerId": 1107, "dismissedMethod": "b", "isOut": true}}, {"playerId": 123, "r": 57, "b": 42, "sr": "135.71", "4s": 3, "6s": 1}, {"playerId": 1556, "r": 5, "b": 5, "sr": "100.00", "4s": 0, "6s": 0, "mod": {"dismissedBp": {"innings": 2, "over": 17, "ball": 4}, "countingBp": {"innings": 2, "over": 17, "ball": 4}, "text": "c sub (Manoj Tiwary) b Andrew Tye", "bowlerId": 1480, "dismissedMethod": "ct", "isOut": true}}, {"playerId": 201, "r": 24, "b": 12, "sr": "200.00", "4s": 1, "6s": 2}], "bowlingStats": [{"playerId": 2746, "ov": "4", "r": 22, "w": 0, "d": 11, "maid": 0, "e": "5.50", "wd": 3, "nb": 1}, {"playerId": 1107, "ov": "4", "r": 51, "w": 2, "d": 4, "maid": 0, "e": "12.75", "wd": 1, "nb": 0}, {"playerId": 1480, "ov": "4", "r": 23, "w": 2, "d": 10, "maid": 0, "e": "5.75", "wd": 0, "nb": 0}, {"playerId": 8, "ov": "4", "r": 53, "w": 0, "d": 1, "maid": 0, "e": "13.25", "wd": 4, "nb": 0}, {"playerId": 4572, "ov": "4", "r": 27, "w": 0, "d": 5, "maid": 0, "e": "6.75", "wd": 1, "nb": 0}], "fow": [{"bp": {"innings": 2, "over": 1, "ball": 5}, "playerId": 41, "ret": true, "w": 0, "r": 2}, {"bp": {"innings": 2, "over": 2, "ball": 5}, "playerId": 16, "ret": false, "w": 1, "r": 14}, {"bp": {"innings": 2, "over": 5, "ball": 6}, "playerId": 96, "ret": false, "w": 2, "r": 37}, {"bp": {"innings": 2, "over": 15, "ball": 2}, "playerId": 440, "ret": false, "w": 3, "r": 113}, {"bp": {"innings": 2, "over": 17, "ball": 4}, "playerId": 1556, "ret": false, "w": 4, "r": 133}], "extras": {"noBallRuns": 1, "wideRuns": 10, "byeRuns": 0, "legByeRuns": 2, "penaltyRuns": 0}, "declared": false}, "overHistory": [{"ovNo": 1, "ovBalls": ["1Wd", ".", ".", ".", "1", "W", "."]}, {"ovNo": 2, "ovBalls": ["1", "4", "3", "4", "W", "4"]}, {"ovNo": 3, "ovBalls": ["1", ".", "1", "1", "1", "."]}, {"ovNo": 4, "ovBalls": [".", "1", "1", "4", "1", "."]}, {"ovNo": 5, "ovBalls": ["4", "1", "1Lb", ".", "2", "W"]}, {"ovNo": 6, "ovBalls": [".", "1", "1", "1", ".", "."]}, {"ovNo": 7, "ovBalls": ["1", "1", "1", "2Wd", "2", "4", "1"]}, {"ovNo": 8, "ovBalls": ["1", "1", "1", "1", "1", "."]}, {"ovNo": 9, "ovBalls": ["6", "1", "1", "1", "1", "1"]}, {"ovNo": 10, "ovBalls": [".", "2", "1", ".", "1", "."]}, {"ovNo": 11, "ovBalls": [".", "1", ".", "1Lb", "1", "1"]}, {"ovNo": 12, "ovBalls": ["1", "1", "2", ".", "1", "1"]}, {"ovNo": 13, "ovBalls": ["2", "4", "2", "1", "1", "4"]}, {"ovNo": 14, "ovBalls": ["1", "2", "1Wd", "1", "6", "1", "1Wd", "."]}, {"ovNo": 15, "ovBalls": ["4", "W", "1", "2", "2", "."]}, {"ovNo": 16, "ovBalls": ["2", "1", "1", "4", "2", "1Wd", "1"]}, {"ovNo": 17, "ovBalls": [".", "2", "1", "W", "1", "."]}, {"ovNo": 18, "ovBalls": ["1", "5Nb", "1Wd", ".", "2", "1", "1Wd", "1", "1"]}, {"ovNo": 19, "ovBalls": ["1", "6", "1", "1Wd", "1", "2", "2"]}, {"ovNo": 20, "ovBalls": ["1", "1", "1Wd", "6", "6", "1", "1"]}]}]}