{"matchInfo": {"additionalInfo": {"sixes.video.thumb": "http://brightcove.vo.llnwd.net/v1/unsecured/media/3588749423001/201505/171/3588749423001_4218449420001_video-still-for-video-4218269624001.jpg?pubId=3588749423001", "sixes.video.id": "4218269624001", "match.video.thumb": "http://brightcove.vo.llnwd.net/v1/unsecured/media/3588749423001/201505/131/3588749423001_4218679783001_video-still-for-video-4218742283001.jpg?pubId=3588749423001", "mom.video.thumb": "http://brightcove.vo.llnwd.net/v1/unsecured/media/3588749423001/201505/1131/3588749423001_4218679772001_video-still-for-video-4218742282001.jpg?pubId=3588749423001", "mom.video.id": "4218742282001", "referee.name": "Roshan Mahanama", "report.thumb": "http://static2.iplt20.com/cms/media/images/320x213/40784.jpg", "match.summary": "", "umpire.name.1": "Kumar Dharmasena", "umpire.name.2": "Chris Gaffaney", "umpire.name.3": "O Nandan", "interview.thumb": "http://static2.iplt20.com/cms/media/images/320x213/40789.jpg", "umpire.name.4": "Nitin Menon", "away.team.fan.total": "6310", "result.playerofthematch": "Harbhajan Singh", "toss.elected": "Delhi Daredevils, who chose to bat", "notes.1.1": "Powerplay 1 - 44 runs, 2 wickets", "notes.1.2": "DD: 50 runs in 6.3 overs", "notes.2.1": "Powerplay 1 - 41 runs, 4 wickets", "notes.1.3": "DD: 100 runs in 15.3 overs", "notes.2.2": "MI: 50 runs in 7.6 overs", "notes.1.4": "Yuvraj Singh: 50 off 40 balls (7 x fours, 2 x sixes)", "notes.2.3": "5th Wicket: 50 runs in 51 balls (Rohit Sharma 25, Ambati Rayudu 21)", "notes.1.5": "DD: 150 runs in 19.5 overs", "notes.2.4": "MI: 100 runs in 15.1 overs", "notes.1.6": "Innings Break: Delhi Daredevils - 152/6 in 20 overs", "notes.2.5": "MI: 150 runs in 19.2 overs", "notes.2.6": "6th Wicket: 50 runs in 24 balls (Ambati Rayudu 25, Kieron Pollard 25)", "highlights.link": "http://www.iplt20.com/videos/media/id/4218742283001/m39-mi-vs-dd-match-highlights", "match.video.id": "4218742283001", "stats.link": "http://www.iplt20.com/news/2015/more-news/6556/quick-stats-m39-mi-vs-dd", "home.team.fan.total": "8906", "photostream.link": "http://www.iplt20.com/photos/287/ipl-2015-match-39-mi-v-dd", "toss.winner": "Delhi Daredevils", "interview.link": "http://www.iplt20.com/news/2015/features/6547/pressure-brings-the-best-out-of-me-rayudu", "stats.thumb": "http://static2.iplt20.com/cms/media/images/320x213/40790.jpg"}, "teams": [{"id": 3735, "team": {"id": 6, "fullName": "Mumbai Indians", "shortName": "Mumbai", "abbreviation": "MI", "type": "m", "primaryColor": "00AEEF", "secondaryColor": "FFFFFF"}, "players": [{"id": 595, "fullName": "Lendl Simmons", "shortName": "L Simmons", "nationality": "West Indian", "dateOfBirth": "1985-01-25", "rightArmedBowl": true, "rightHandedBat": true}, {"id": 44, "fullName": "Parthiv Patel", "shortName": "P Patel", "nationality": "Indian", "dateOfBirth": "1985-03-09", "rightArmedBowl": false, "rightHandedBat": false}, {"id": 2740, "fullName": "Hardik Pandya", "shortName": "H Pandya", "nationality": "Indian", "dateOfBirth": "1993-10-11", "rightArmedBowl": true, "rightHandedBat": true, "bowlingStyle": "MEDIUM_SEAM"}, {"id": 107, "fullName": "Rohit Sharma", "shortName": "R Sharma", "nationality": "Indian", "dateOfBirth": "1987-04-30", "rightArmedBowl": true, "rightHandedBat": true, "bowlingStyle": "OFF_SPIN"}, {"id": 210, "fullName": "Kieron Pollard", "shortName": "K Pollard", "nationality": "West Indian", "dateOfBirth": "1987-05-12", "rightArmedBowl": true, "rightHandedBat": true, "bowlingStyle": "MEDIUM_SEAM"}, {"id": 100, "fullName": "Ambati Rayudu", "shortName": "A Rayudu", "nationality": "Indian", "dateOfBirth": "1985-09-23", "rightArmedBowl": true, "rightHandedBat": true, "bowlingStyle": "OFF_SPIN"}, {"id": 103, "fullName": "Harbhajan Singh", "shortName": "H Singh", "nationality": "Indian", "dateOfBirth": "1980-07-03", "rightArmedBowl": true, "rightHandedBat": true, "bowlingStyle": "OFF_SPIN"}, {"id": 2741, "fullName": "Jagadeesha Suchith", "shortName": "J Suchith", "nationality": "Indian", "dateOfBirth": "1994-01-16", "rightArmedBowl": false, "rightHandedBat": false, "bowlingStyle": "ORTHODOX"}, {"id": 166, "fullName": "Vinay Kumar", "shortName": "V Kumar", "nationality": "Indian", "dateOfBirth": "1984-02-12", "rightArmedBowl": true, "rightHandedBat": true}, {"id": 730, "fullName": "Mitchell McClenaghan", "shortName": "M McClenaghan", "nationality": "New Zealander", "dateOfBirth": "1986-06-11", "rightArmedBowl": false, "rightHandedBat": false}, {"id": 211, "fullName": "Lasith Malinga", "shortName": "L Malinga", "nationality": "Sri Lankan", "dateOfBirth": "1983-08-28", "rightArmedBowl": true, "rightHandedBat": true, "bowlingStyle": "FAST_SEAM"}], "wicketKeeper": {"id": 44, "fullName": "Parthiv Patel", "shortName": "P Patel", "nationality": "Indian", "dateOfBirth": "1985-03-09", "rightArmedBowl": false, "rightHandedBat": false}, "captain": {"id": 107, "fullName": "Rohit Sharma", "shortName": "R Sharma", "nationality": "Indian", "dateOfBirth": "1987-04-30", "rightArmedBowl": true, "rightHandedBat": true, "bowlingStyle": "OFF_SPIN"}}, {"id": 3734, "team": {"id": 3, "fullName": "Delhi Capitals", "shortName": "Delhi", "abbreviation": "DC", "type": "m", "primaryColor": "004C93", "secondaryColor": "F83430"}, "players": [{"id": 158, "fullName": "Mayank Agarwal", "shortName": "M Agarwal", "nationality": "Indian", "dateOfBirth": "1991-02-18", "rightArmedBowl": true, "rightHandedBat": true}, {"id": 1563, "fullName": "Shreyas Iyer", "shortName": "S Iyer", "nationality": "Indian", "dateOfBirth": "1994-12-06", "rightArmedBowl": true, "rightHandedBat": true, "bowlingStyle": "LEG_SPIN"}, {"id": 182, "fullName": "JP Duminy", "shortName": "JP Duminy", "nationality": "South African", "dateOfBirth": "1984-04-14", "rightArmedBowl": false, "rightHandedBat": false}, {"id": 113, "fullName": "Yuvraj Singh", "shortName": "Y Singh", "nationality": "Indian", "dateOfBirth": "1981-12-12", "rightArmedBowl": false, "rightHandedBat": false, "bowlingStyle": "ORTHODOX"}, {"id": 217, "fullName": "Angelo Mathews", "shortName": "A Mathews", "nationality": "Sri Lankan", "dateOfBirth": "1987-06-02", "rightArmedBowl": true, "rightHandedBat": true, "bowlingStyle": "MEDIUM_SEAM"}, {"id": 297, "fullName": "Kedar Jadhav", "shortName": "K Jadhav", "nationality": "Indian", "dateOfBirth": "1985-03-26", "rightArmedBowl": true, "rightHandedBat": true, "bowlingStyle": "OFF_SPIN"}, {"id": 163, "fullName": "Saurabh Tiwary", "shortName": "S Tiwary", "nationality": "Indian", "dateOfBirth": "1989-12-30", "rightArmedBowl": true, "rightHandedBat": false}, {"id": 840, "fullName": "Nathan Coulter-Nile", "shortName": "N Coulter-Nile", "nationality": "Australian", "dateOfBirth": "1987-10-11", "rightArmedBowl": true, "rightHandedBat": true, "bowlingStyle": "FAST_SEAM"}, {"id": 30, "fullName": "Amit Mishra", "shortName": "A Mishra", "nationality": "Indian", "dateOfBirth": "1982-11-24", "rightArmedBowl": true, "rightHandedBat": true, "bowlingStyle": "LEG_SPIN"}, {"id": 165, "fullName": "Zaheer Khan", "shortName": "Z Khan", "nationality": "Indian", "dateOfBirth": "1978-10-07", "rightArmedBowl": false, "rightHandedBat": true, "bowlingStyle": "FAST_SEAM"}, {"id": 898, "fullName": "Imran Tahir", "shortName": "I Tahir", "nationality": "South African", "dateOfBirth": "1979-03-27", "rightArmedBowl": true, "rightHandedBat": true, "bowlingStyle": "LEG_SPIN"}], "wicketKeeper": {"id": 297, "fullName": "Kedar Jadhav", "shortName": "K Jadhav", "nationality": "Indian", "dateOfBirth": "1985-03-26", "rightArmedBowl": true, "rightHandedBat": true, "bowlingStyle": "OFF_SPIN"}, "captain": {"id": 182, "fullName": "JP Duminy", "shortName": "JP Duminy", "nationality": "South African", "dateOfBirth": "1984-04-14", "rightArmedBowl": false, "rightHandedBat": false}}], "venue": {"id": 4, "fullName": "Wankhede Stadium", "shortName": "Wankhede Stadium", "city": "Mumbai", "country": "India"}, "matchDate": "2015-05-05T20:00:00+0530", "matchEndDate": "2015-05-05T23:00:00+0530", "matchDateMs": 1430836200000, "matchEndDateMs": 1430847000000, "isLimitedOvers": true, "battingOrder": [1, 0], "matchBroadcast": false, "matchState": "C", "matchStatus": {"outcome": "A", "text": "Mumbai Indians won by 5 wickets"}, "description": "Match 39", "matchSummary": "", "matchType": "IPLT20", "tournamentLabel": "IPL 2015", "oversLimit": 20, "groupName": ""}, "matchId": {"id": 3264, "name": "ipl2015-39", "tournamentId": {"id": 2785, "name": "ipl2015", "provisional": false}}, "currentState": {"inProgress": false, "phase": "C", "currentInningsIndex": 1, "currentBatsmen": [210, 100], "facingBatsman": 100, "nonFacingBatsman": 210, "currentBowler": 898, "currentBowlerCurrentSpell": {"playerId": 898, "ov": "0.3", "r": 8, "w": 0, "d": 0, "maid": 0, "e": "16.00", "wd": 0, "nb": 0}, "previousBowler": 840, "previousBowlerCurrentSpell": {"playerId": 840, "ov": "1", "r": 14, "w": 0, "d": 1, "maid": 0, "e": "14.00", "wd": 0, "nb": 0}, "currentPartnership": 53, "partnership": {"runs": 53, "balls": 25, "runRate": "12.72"}, "recentOvers": [{"ovNo": 15, "ovBalls": ["1", "1", ".", "1", "1", "4"]}, {"ovNo": 16, "ovBalls": ["1", "W", ".", "6", "1Wd", "1Wd", "1", "1"]}, {"ovNo": 17, "ovBalls": ["6", "1", "1", "1", "1", "1"]}, {"ovNo": 18, "ovBalls": ["4", "1", ".", ".", "1", "4"]}, {"ovNo": 19, "ovBalls": ["6", ".", "1", "4", "1", "2"]}, {"ovNo": 20, "ovBalls": ["1", "6", "1"]}]}, "innings": [{"inningsNumber": 1, "runRate": "7.60", "overProgress": "20", "declared": false, "scorecard": {"runs": 152, "wkts": 6, "allOut": false, "battingStats": [{"playerId": 158, "r": 0, "b": 1, "sr": "0.00", "4s": 0, "6s": 0, "mod": {"dismissedBp": {"innings": 1, "over": 1, "ball": 1}, "countingBp": {"innings": 1, "over": 1, "ball": 1}, "text": "c Parthiv Patel b Lasith Malinga", "bowlerId": 211, "additionalPlayerIds": [44], "dismissedMethod": "ct", "isOut": true}}, {"playerId": 1563, "r": 19, "b": 18, "sr": "105.55", "4s": 3, "6s": 0, "mod": {"dismissedBp": {"innings": 1, "over": 6, "ball": 1}, "countingBp": {"innings": 1, "over": 6, "ball": 1}, "text": "c Vinay Kumar b Harbhajan Singh", "bowlerId": 103, "additionalPlayerIds": [166], "dismissedMethod": "ct", "isOut": true}}, {"playerId": 182, "r": 28, "b": 19, "sr": "147.36", "4s": 3, "6s": 2, "mod": {"dismissedBp": {"innings": 1, "over": 7, "ball": 4}, "countingBp": {"innings": 1, "over": 7, "ball": 4}, "text": "c & b Jagadeesha Suchith", "bowlerId": 2741, "additionalPlayerIds": [2741], "dismissedMethod": "ct", "isOut": true}}, {"playerId": 297, "r": 16, "b": 15, "sr": "106.66", "4s": 0, "6s": 1, "mod": {"dismissedBp": {"innings": 1, "over": 12, "ball": 2}, "countingBp": {"innings": 1, "over": 12, "ball": 2}, "text": "st Parthiv Patel b Harbhajan Singh", "bowlerId": 103, "additionalPlayerIds": [44], "dismissedMethod": "st", "isOut": true}}, {"playerId": 113, "r": 57, "b": 44, "sr": "129.54", "4s": 7, "6s": 2, "mod": {"dismissedBp": {"innings": 1, "over": 19, "ball": 6}, "countingBp": {"innings": 1, "over": 19, "ball": 6}, "text": "c Lendl Simmons b Lasith Malinga", "bowlerId": 211, "additionalPlayerIds": [595], "dismissedMethod": "ct", "isOut": true}}, {"playerId": 217, "r": 12, "b": 10, "sr": "120.00", "4s": 0, "6s": 1, "mod": {"dismissedBp": {"innings": 1, "over": 16, "ball": 4}, "countingBp": {"innings": 1, "over": 16, "ball": 4}, "text": "c Jagadeesha Suchith b Hardik Pandya", "bowlerId": 2740, "additionalPlayerIds": [2741], "dismissedMethod": "ct", "isOut": true}}, {"playerId": 163, "r": 13, "b": 11, "sr": "118.18", "4s": 2, "6s": 0}, {"playerId": 840, "r": 3, "b": 2, "sr": "150.00", "4s": 0, "6s": 0}], "bowlingStats": [{"playerId": 211, "ov": "4", "r": 33, "w": 2, "d": 12, "maid": 0, "e": "8.25", "wd": 0, "nb": 0}, {"playerId": 730, "ov": "4", "r": 37, "w": 0, "d": 8, "maid": 0, "e": "9.25", "wd": 1, "nb": 0}, {"playerId": 166, "ov": "3", "r": 31, "w": 0, "d": 5, "maid": 0, "e": "10.33", "wd": 0, "nb": 0}, {"playerId": 103, "ov": "4", "r": 11, "w": 2, "d": 16, "maid": 1, "e": "2.75", "wd": 0, "nb": 0}, {"playerId": 2741, "ov": "3", "r": 24, "w": 1, "d": 6, "maid": 0, "e": "8.00", "wd": 0, "nb": 0}, {"playerId": 2740, "ov": "2", "r": 13, "w": 1, "d": 7, "maid": 0, "e": "6.50", "wd": 0, "nb": 0}], "fow": [{"bp": {"innings": 1, "over": 1, "ball": 1}, "playerId": 158, "ret": false, "w": 1, "r": 0}, {"bp": {"innings": 1, "over": 6, "ball": 1}, "playerId": 1563, "ret": false, "w": 2, "r": 43}, {"bp": {"innings": 1, "over": 7, "ball": 4}, "playerId": 182, "ret": false, "w": 3, "r": 50}, {"bp": {"innings": 1, "over": 12, "ball": 2}, "playerId": 297, "ret": false, "w": 4, "r": 78}, {"bp": {"innings": 1, "over": 16, "ball": 4}, "playerId": 217, "ret": false, "w": 5, "r": 102}, {"bp": {"innings": 1, "over": 19, "ball": 6}, "playerId": 113, "ret": false, "w": 6, "r": 143}], "extras": {"noBallRuns": 0, "wideRuns": 1, "byeRuns": 1, "legByeRuns": 2, "penaltyRuns": 0}, "declared": false}, "overHistory": [{"ovNo": 1, "ovBalls": ["W", ".", ".", "4", ".", "."]}, {"ovNo": 2, "ovBalls": ["1", "1", ".", ".", ".", "1Wd", "."]}, {"ovNo": 3, "ovBalls": [".", "1", ".", ".", "1", "6"]}, {"ovNo": 4, "ovBalls": ["4", "4", ".", "2", ".", "4"]}, {"ovNo": 5, "ovBalls": ["1", ".", "2", "1", "6", "4"]}, {"ovNo": 6, "ovBalls": ["W", ".", ".", ".", "1Lb", "."]}, {"ovNo": 7, "ovBalls": ["4", "1", "1", "W", "1", "1"]}, {"ovNo": 8, "ovBalls": [".", "1", ".", ".", "1", "3"]}, {"ovNo": 9, "ovBalls": ["1", ".", ".", ".", "4", "4"]}, {"ovNo": 10, "ovBalls": ["1", ".", ".", ".", ".", "2"]}, {"ovNo": 11, "ovBalls": ["6", ".", ".", ".", "2", "."]}, {"ovNo": 12, "ovBalls": ["1", "W", "1", ".", ".", "1"]}, {"ovNo": 13, "ovBalls": ["1", "1", "4", "1", ".", "1"]}, {"ovNo": 14, "ovBalls": [".", "1", ".", ".", ".", "1"]}, {"ovNo": 15, "ovBalls": [".", "1", "1", "1", "1", "1"]}, {"ovNo": 16, "ovBalls": [".", "1", "6", "W", ".", "4"]}, {"ovNo": 17, "ovBalls": ["1", "4", "4", "4", "1", "1"]}, {"ovNo": 18, "ovBalls": ["1Lb", "1", "1", "6", "6", "1"]}, {"ovNo": 19, "ovBalls": ["1", "4", ".", "1B", ".", "W"]}, {"ovNo": 20, "ovBalls": [".", "4", "1", "1", "1", "2"]}]}, {"inningsNumber": 2, "runRate": "7.84", "overProgress": "19.3", "declared": false, "scorecard": {"runs": 153, "wkts": 5, "allOut": false, "battingStats": [{"playerId": 595, "r": 0, "b": 1, "sr": "0.00", "4s": 0, "6s": 0, "mod": {"dismissedBp": {"innings": 2, "over": 1, "ball": 2}, "countingBp": {"innings": 2, "over": 1, "ball": 1}, "text": "lbw Zaheer Khan", "bowlerId": 165, "dismissedMethod": "lbw", "isOut": true}}, {"playerId": 44, "r": 13, "b": 13, "sr": "100.00", "4s": 1, "6s": 0, "mod": {"dismissedBp": {"innings": 2, "over": 5, "ball": 2}, "countingBp": {"innings": 2, "over": 5, "ball": 2}, "text": "c Amit Mishra b Angelo Mathews", "bowlerId": 217, "additionalPlayerIds": [30], "dismissedMethod": "ct", "isOut": true}}, {"playerId": 2740, "r": 5, "b": 8, "sr": "62.50", "4s": 1, "6s": 0, "mod": {"dismissedBp": {"innings": 2, "over": 2, "ball": 5}, "countingBp": {"innings": 2, "over": 2, "ball": 5}, "text": "c Imran Tahir b Nathan Coulter-Nile", "bowlerId": 840, "additionalPlayerIds": [898], "dismissedMethod": "ct", "isOut": true}}, {"playerId": 107, "r": 46, "b": 37, "sr": "124.32", "4s": 2, "6s": 3, "mod": {"dismissedBp": {"innings": 2, "over": 16, "ball": 2}, "countingBp": {"innings": 2, "over": 16, "ball": 2}, "text": "b Amit Mishra", "bowlerId": 30, "dismissedMethod": "b", "isOut": true}}, {"playerId": 103, "r": 5, "b": 4, "sr": "125.00", "4s": 1, "6s": 0, "mod": {"dismissedBp": {"innings": 2, "over": 6, "ball": 2}, "countingBp": {"innings": 2, "over": 6, "ball": 2}, "text": "b Nathan Coulter-Nile", "bowlerId": 840, "dismissedMethod": "b", "isOut": true}}, {"playerId": 100, "r": 49, "b": 40, "sr": "122.50", "4s": 4, "6s": 1}, {"playerId": 210, "r": 26, "b": 14, "sr": "185.71", "4s": 0, "6s": 3}], "bowlingStats": [{"playerId": 165, "ov": "4", "r": 32, "w": 1, "d": 9, "maid": 0, "e": "8.00", "wd": 3, "nb": 0}, {"playerId": 840, "ov": "4", "r": 30, "w": 2, "d": 12, "maid": 1, "e": "7.50", "wd": 0, "nb": 0}, {"playerId": 217, "ov": "4", "r": 33, "w": 1, "d": 8, "maid": 0, "e": "8.25", "wd": 0, "nb": 0}, {"playerId": 113, "ov": "1", "r": 5, "w": 0, "d": 2, "maid": 0, "e": "5.00", "wd": 0, "nb": 0}, {"playerId": 30, "ov": "4", "r": 25, "w": 1, "d": 7, "maid": 0, "e": "6.25", "wd": 2, "nb": 0}, {"playerId": 898, "ov": "2.3", "r": 27, "w": 0, "d": 4, "maid": 0, "e": "10.80", "wd": 1, "nb": 0}], "fow": [{"bp": {"innings": 2, "over": 1, "ball": 1}, "playerId": 595, "ret": false, "w": 1, "r": 1}, {"bp": {"innings": 2, "over": 2, "ball": 5}, "playerId": 2740, "ret": false, "w": 2, "r": 8}, {"bp": {"innings": 2, "over": 5, "ball": 2}, "playerId": 44, "ret": false, "w": 3, "r": 29}, {"bp": {"innings": 2, "over": 6, "ball": 2}, "playerId": 103, "ret": false, "w": 4, "r": 40}, {"bp": {"innings": 2, "over": 16, "ball": 2}, "playerId": 107, "ret": false, "w": 5, "r": 100}], "extras": {"noBallRuns": 0, "wideRuns": 8, "byeRuns": 0, "legByeRuns": 1, "penaltyRuns": 0}, "declared": false}, "overHistory": [{"ovNo": 1, "ovBalls": ["1Wd", "W", ".", "4", "1Wd", "1Wd", "1", ".", "."]}, {"ovNo": 2, "ovBalls": [".", ".", ".", ".", "W", "."]}, {"ovNo": 3, "ovBalls": ["1", ".", ".", "2", ".", "3"]}, {"ovNo": 4, "ovBalls": ["2", "1", ".", "6", "1", "1"]}, {"ovNo": 5, "ovBalls": ["4", "W", ".", "1", ".", "6"]}, {"ovNo": 6, "ovBalls": ["4", "W", ".", ".", ".", "1"]}, {"ovNo": 7, "ovBalls": [".", "1", "1", "1", ".", "2"]}, {"ovNo": 8, "ovBalls": [".", "1", ".", "1", "1", "1"]}, {"ovNo": 9, "ovBalls": [".", "6", ".", "1", ".", "."]}, {"ovNo": 10, "ovBalls": [".", "1", "1", ".", "1", "1"]}, {"ovNo": 11, "ovBalls": [".", "1", ".", "1", "1", "1"]}, {"ovNo": 12, "ovBalls": ["1", "1", "1", "1", "3Wd", "4", "1"]}, {"ovNo": 13, "ovBalls": ["1", "1", ".", "1Lb", "4", "1"]}, {"ovNo": 14, "ovBalls": [".", "1", "1", "2", "1", "1"]}, {"ovNo": 15, "ovBalls": ["1", "1", ".", "1", "1", "4"]}, {"ovNo": 16, "ovBalls": ["1", "W", ".", "6", "1Wd", "1Wd", "1", "1"]}, {"ovNo": 17, "ovBalls": ["6", "1", "1", "1", "1", "1"]}, {"ovNo": 18, "ovBalls": ["4", "1", ".", ".", "1", "4"]}, {"ovNo": 19, "ovBalls": ["6", ".", "1", "4", "1", "2"]}, {"ovNo": 20, "ovBalls": ["1", "6", "1"]}]}]}