{"matchInfo": {"additionalInfo": {"referee.name": "Javagal Srinath", "toss.elected": "Mumbai Indians, who chose to bat", "report.link": "https://www.iplt20.com/news/191654/match-report-final-mi-vs-csk", "match.summary": "", "umpire.name.1": "Nitin Menon", "umpire.name.2": "Ian Gould", "toss.winner": "Mumbai Indians", "umpire.name.3": "Nigel Llong", "umpire.name.4": "CK Nandan", "result.playerofthematch": "Jasprit Bumrah"}, "teams": [{"id": 11934, "team": {"id": 6, "fullName": "Mumbai Indians", "shortName": "Mumbai", "abbreviation": "MI", "type": "m", "primaryColor": "00AEEF", "secondaryColor": "FFFFFF"}, "players": [{"id": 834, "fullName": "Quinton de Kock", "shortName": "Q de Kock", "nationality": "South African", "dateOfBirth": "1992-12-17", "rightArmedBowl": false, "rightHandedBat": false}, {"id": 107, "fullName": "Rohit Sharma", "shortName": "R Sharma", "nationality": "Indian", "dateOfBirth": "1987-04-30", "rightArmedBowl": true, "rightHandedBat": true, "bowlingStyle": "OFF_SPIN"}, {"id": 108, "fullName": "Suryakumar Yadav", "shortName": "S Yadav", "nationality": "Indian", "dateOfBirth": "1990-09-14", "rightArmedBowl": true, "rightHandedBat": true}, {"id": 2975, "fullName": "Ishan Kishan", "shortName": "I Kishan", "nationality": "Indian", "dateOfBirth": "1998-07-18", "rightArmedBowl": false, "rightHandedBat": false}, {"id": 2740, "fullName": "Hardik Pandya", "shortName": "H Pandya", "nationality": "Indian", "dateOfBirth": "1993-10-11", "rightArmedBowl": true, "rightHandedBat": true, "bowlingStyle": "MEDIUM_SEAM"}, {"id": 210, "fullName": "Kieron Pollard", "shortName": "K Pollard", "nationality": "West Indian", "dateOfBirth": "1987-05-12", "rightArmedBowl": true, "rightHandedBat": true, "bowlingStyle": "MEDIUM_SEAM"}, {"id": 3183, "fullName": "Krunal Pandya", "shortName": "K Pandya", "nationality": "Indian", "dateOfBirth": "1991-03-24", "rightArmedBowl": false, "rightHandedBat": false, "bowlingStyle": "ORTHODOX"}, {"id": 730, "fullName": "Mitchell McClenaghan", "shortName": "M McClenaghan", "nationality": "New Zealander", "dateOfBirth": "1986-06-11", "rightArmedBowl": false, "rightHandedBat": false}, {"id": 3763, "fullName": "Rahul Chahar", "shortName": "R Chahar", "nationality": "Indian", "dateOfBirth": "1999-08-04", "rightArmedBowl": true, "rightHandedBat": true, "bowlingStyle": "LEG_SPIN"}, {"id": 211, "fullName": "Lasith Malinga", "shortName": "L Malinga", "nationality": "Sri Lankan", "dateOfBirth": "1983-08-28", "rightArmedBowl": true, "rightHandedBat": true, "bowlingStyle": "FAST_SEAM"}, {"id": 1124, "fullName": "Jasprit Bumrah", "shortName": "J Bumrah", "nationality": "Indian", "dateOfBirth": "1993-12-06", "rightArmedBowl": true, "rightHandedBat": true, "bowlingStyle": "FAST_SEAM"}], "wicketKeeper": {"id": 834, "fullName": "Quinton de Kock", "shortName": "Q de Kock", "nationality": "South African", "dateOfBirth": "1992-12-17", "rightArmedBowl": false, "rightHandedBat": false}, "captain": {"id": 107, "fullName": "Rohit Sharma", "shortName": "R Sharma", "nationality": "Indian", "dateOfBirth": "1987-04-30", "rightArmedBowl": true, "rightHandedBat": true, "bowlingStyle": "OFF_SPIN"}}, {"id": 11935, "team": {"id": 1, "fullName": "Chennai Super Kings", "shortName": "Super Kings", "abbreviation": "CSK", "type": "m", "primaryColor": "FDB913", "secondaryColor": "0081E5"}, "players": [{"id": 24, "fullName": "Faf du Plessis", "shortName": "F du Plessis", "nationality": "South African", "dateOfBirth": "1984-07-13", "rightArmedBowl": true, "rightHandedBat": true, "bowlingStyle": "LEG_SPIN"}, {"id": 227, "fullName": "Shane Watson", "shortName": "S Watson", "nationality": "Australian", "dateOfBirth": "1981-06-17", "rightArmedBowl": true, "rightHandedBat": true, "bowlingStyle": "MEDIUM_SEAM"}, {"id": 14, "fullName": "Suresh Raina", "shortName": "S Raina", "nationality": "Indian", "dateOfBirth": "1986-11-27", "rightArmedBowl": true, "rightHandedBat": false, "bowlingStyle": "OFF_SPIN"}, {"id": 100, "fullName": "Ambati Rayudu", "shortName": "A Rayudu", "nationality": "Indian", "dateOfBirth": "1985-09-23", "rightArmedBowl": true, "rightHandedBat": true, "bowlingStyle": "OFF_SPIN"}, {"id": 1, "fullName": "MS Dhoni", "shortName": "MS Dhoni", "nationality": "Indian", "dateOfBirth": "1981-07-07", "rightArmedBowl": true, "rightHandedBat": true, "bowlingStyle": "MEDIUM_SEAM"}, {"id": 9, "fullName": "Ravindra Jadeja", "shortName": "R Jadeja", "nationality": "Indian", "dateOfBirth": "1988-12-06", "rightArmedBowl": false, "rightHandedBat": false, "bowlingStyle": "ORTHODOX"}, {"id": 25, "fullName": "Dwayne Bravo", "shortName": "DJ Bravo", "nationality": "West Indian", "dateOfBirth": "1983-10-07", "rightArmedBowl": true, "rightHandedBat": true, "bowlingStyle": "MEDIUM_SEAM"}, {"id": 140, "fullName": "Deepak Chahar", "shortName": "D Chahar", "nationality": "Indian", "dateOfBirth": "1992-08-07", "rightArmedBowl": true, "rightHandedBat": true, "bowlingStyle": "MEDIUM_SEAM"}, {"id": 1745, "fullName": "Shardul Thakur", "shortName": "S Thakur", "nationality": "Indian", "dateOfBirth": "1991-10-16", "rightArmedBowl": true, "rightHandedBat": true, "bowlingStyle": "MEDIUM_SEAM"}, {"id": 103, "fullName": "Harbhajan Singh", "shortName": "H Singh", "nationality": "Indian", "dateOfBirth": "1980-07-03", "rightArmedBowl": true, "rightHandedBat": true, "bowlingStyle": "OFF_SPIN"}, {"id": 898, "fullName": "Imran Tahir", "shortName": "I Tahir", "nationality": "South African", "dateOfBirth": "1979-03-27", "rightArmedBowl": true, "rightHandedBat": true, "bowlingStyle": "LEG_SPIN"}], "wicketKeeper": {"id": 1, "fullName": "MS Dhoni", "shortName": "MS Dhoni", "nationality": "Indian", "dateOfBirth": "1981-07-07", "rightArmedBowl": true, "rightHandedBat": true, "bowlingStyle": "MEDIUM_SEAM"}, "captain": {"id": 1, "fullName": "MS Dhoni", "shortName": "MS Dhoni", "nationality": "Indian", "dateOfBirth": "1981-07-07", "rightArmedBowl": true, "rightHandedBat": true, "bowlingStyle": "MEDIUM_SEAM"}}], "venue": {"id": 10, "fullName": "Rajiv Gandhi Intl. Cricket Stadium", "shortName": "Rajiv Gandhi Intl. Cricket Stadium", "city": "Hyderabad", "country": "India"}, "matchDate": "2019-05-12T19:30:00+0530", "matchEndDate": "2019-05-12T23:00:00+0530", "matchDateMs": 1557669600000, "matchEndDateMs": 1557682200000, "isLimitedOvers": true, "battingOrder": [0, 1], "matchBroadcast": false, "matchState": "C", "matchStatus": {"outcome": "A", "text": "Mumbai Indians won by 1 run"}, "description": "Final", "matchSummary": "", "matchType": "IPLT20", "tournamentLabel": "IPL 2019", "oversLimit": 20, "groupName": "Knockouts"}, "matchId": {"id": 11415, "name": "ipl2019-60", "tournamentId": {"id": 10192, "name": "ipl2019", "provisional": false}}, "currentState": {"inProgress": false, "phase": "C", "currentInningsIndex": 1, "currentBatsmen": [9, -1], "facingBatsman": 9, "nonFacingBatsman": -1, "currentBowler": -1, "previousBowler": 1124, "previousBowlerCurrentSpell": {"playerId": 1124, "ov": "2", "r": 8, "w": 1, "d": 6, "maid": 0, "e": "4.00", "wd": 0, "nb": 0}, "currentPartnership": 2, "partnership": {"runs": 2, "balls": 2, "runRate": "6.00"}, "recentOvers": [{"ovNo": 15, "ovBalls": [".", ".", ".", "2", ".", "1"]}, {"ovNo": 16, "ovBalls": ["6", "1", "4", "4", "4", "1"]}, {"ovNo": 17, "ovBalls": ["1", "1", ".", ".", "1B", "1"]}, {"ovNo": 18, "ovBalls": ["1", "6", "6", "6", ".", "1"]}, {"ovNo": 19, "ovBalls": ["1", "W", "2", ".", "2", "4B"]}, {"ovNo": 20, "ovBalls": ["1", "1", "2", "1W", "2", "W"]}]}, "innings": [{"inningsNumber": 1, "runRate": "7.45", "overProgress": "20", "declared": false, "scorecard": {"runs": 149, "wkts": 8, "allOut": false, "battingStats": [{"playerId": 834, "r": 29, "b": 17, "sr": "170.58", "4s": 0, "6s": 4, "mod": {"dismissedBp": {"innings": 1, "over": 5, "ball": 5}, "countingBp": {"innings": 1, "over": 5, "ball": 5}, "text": "c MS Dhoni b Shardul Thakur", "bowlerId": 1745, "additionalPlayerIds": [1], "dismissedMethod": "ct", "isOut": true}}, {"playerId": 107, "r": 15, "b": 14, "sr": "107.14", "4s": 1, "6s": 1, "mod": {"dismissedBp": {"innings": 1, "over": 6, "ball": 2}, "countingBp": {"innings": 1, "over": 6, "ball": 2}, "text": "c MS Dhoni b Deepak Chahar", "bowlerId": 140, "additionalPlayerIds": [1], "dismissedMethod": "ct", "isOut": true}}, {"playerId": 108, "r": 15, "b": 17, "sr": "88.23", "4s": 1, "6s": 0, "mod": {"dismissedBp": {"innings": 1, "over": 12, "ball": 2}, "countingBp": {"innings": 1, "over": 12, "ball": 2}, "text": "b Imran Tahir", "bowlerId": 898, "dismissedMethod": "b", "isOut": true}}, {"playerId": 2975, "r": 23, "b": 26, "sr": "88.46", "4s": 3, "6s": 0, "mod": {"dismissedBp": {"innings": 1, "over": 15, "ball": 4}, "countingBp": {"innings": 1, "over": 15, "ball": 4}, "text": "c Suresh Raina b Imran Tahir", "bowlerId": 898, "additionalPlayerIds": [14], "dismissedMethod": "ct", "isOut": true}}, {"playerId": 3183, "r": 7, "b": 7, "sr": "100.00", "4s": 0, "6s": 0, "mod": {"dismissedBp": {"innings": 1, "over": 13, "ball": 3}, "countingBp": {"innings": 1, "over": 13, "ball": 3}, "text": "c & b Shardul Thakur", "bowlerId": 1745, "additionalPlayerIds": [1745], "dismissedMethod": "ct", "isOut": true}}, {"playerId": 210, "r": 41, "b": 25, "sr": "164.00", "4s": 3, "6s": 3}, {"playerId": 2740, "r": 16, "b": 10, "sr": "160.00", "4s": 1, "6s": 1, "mod": {"dismissedBp": {"innings": 1, "over": 19, "ball": 2}, "countingBp": {"innings": 1, "over": 19, "ball": 2}, "text": "lbw Deepak Chahar", "bowlerId": 140, "dismissedMethod": "lbw", "isOut": true}}, {"playerId": 3763, "r": 0, "b": 2, "sr": "0.00", "4s": 0, "6s": 0, "mod": {"dismissedBp": {"innings": 1, "over": 19, "ball": 4}, "countingBp": {"innings": 1, "over": 19, "ball": 4}, "text": "c Faf du Plessis b Deepak Chahar", "bowlerId": 140, "additionalPlayerIds": [24], "dismissedMethod": "ct", "isOut": true}}, {"playerId": 730, "r": 0, "b": 2, "sr": "0.00", "4s": 0, "6s": 0, "mod": {"dismissedBp": {"innings": 1, "over": 20, "ball": 4}, "countingBp": {"innings": 1, "over": 20, "ball": 4}, "text": "run out (Faf du Plessis)", "bowlerId": 25, "additionalPlayerIds": [24], "dismissedMethod": "ro", "isOut": true}}, {"playerId": 1124, "r": 0, "b": 0, "4s": 0, "6s": 0}], "bowlingStats": [{"playerId": 140, "ov": "4", "r": 26, "w": 3, "d": 17, "maid": 1, "e": "6.50", "wd": 1, "nb": 0}, {"playerId": 1745, "ov": "4", "r": 37, "w": 2, "d": 10, "maid": 0, "e": "9.25", "wd": 0, "nb": 0}, {"playerId": 103, "ov": "4", "r": 27, "w": 0, "d": 7, "maid": 0, "e": "6.75", "wd": 1, "nb": 0}, {"playerId": 25, "ov": "3", "r": 24, "w": 0, "d": 7, "maid": 0, "e": "8.00", "wd": 1, "nb": 0}, {"playerId": 898, "ov": "3", "r": 23, "w": 2, "d": 7, "maid": 0, "e": "7.66", "wd": 0, "nb": 0}, {"playerId": 9, "ov": "2", "r": 12, "w": 0, "d": 3, "maid": 0, "e": "6.00", "wd": 0, "nb": 0}], "fow": [{"bp": {"innings": 1, "over": 5, "ball": 5}, "playerId": 834, "ret": false, "w": 1, "r": 45}, {"bp": {"innings": 1, "over": 6, "ball": 2}, "playerId": 107, "ret": false, "w": 2, "r": 45}, {"bp": {"innings": 1, "over": 12, "ball": 2}, "playerId": 108, "ret": false, "w": 3, "r": 82}, {"bp": {"innings": 1, "over": 13, "ball": 3}, "playerId": 3183, "ret": false, "w": 4, "r": 89}, {"bp": {"innings": 1, "over": 15, "ball": 4}, "playerId": 2975, "ret": false, "w": 5, "r": 101}, {"bp": {"innings": 1, "over": 19, "ball": 2}, "playerId": 2740, "ret": false, "w": 6, "r": 140}, {"bp": {"innings": 1, "over": 19, "ball": 4}, "playerId": 3763, "ret": false, "w": 7, "r": 140}, {"bp": {"innings": 1, "over": 20, "ball": 4}, "playerId": 730, "ret": false, "w": 8, "r": 141}], "extras": {"noBallRuns": 0, "wideRuns": 3, "byeRuns": 0, "legByeRuns": 0, "penaltyRuns": 0}, "declared": false}, "overHistory": [{"ovNo": 1, "ovBalls": ["1", "1", ".", ".", ".", "."]}, {"ovNo": 2, "ovBalls": ["2", ".", ".", ".", "6", "."]}, {"ovNo": 3, "ovBalls": ["6", "1Wd", ".", "6", ".", "6", "1"]}, {"ovNo": 4, "ovBalls": ["1", "1", "1", ".", ".", "4"]}, {"ovNo": 5, "ovBalls": ["1", "1", ".", "6", "W", "."]}, {"ovNo": 6, "ovBalls": [".", "W", ".", ".", ".", "."]}, {"ovNo": 7, "ovBalls": ["1", "1", "1", "1", ".", "1"]}, {"ovNo": 8, "ovBalls": [".", "1", "1", "1", ".", "."]}, {"ovNo": 9, "ovBalls": ["1", "1Wd", ".", "1", "1", ".", "1"]}, {"ovNo": 10, "ovBalls": ["4", "1Wd", "1", ".", "1", "4", "1"]}, {"ovNo": 11, "ovBalls": [".", "1", "4", ".", "1", "4"]}, {"ovNo": 12, "ovBalls": ["2", "W", ".", "2", ".", "1"]}, {"ovNo": 13, "ovBalls": ["2", "2", "W", "1", ".", "."]}, {"ovNo": 14, "ovBalls": [".", ".", "1", "1", "1", "1"]}, {"ovNo": 15, "ovBalls": ["6", ".", "1", "W", ".", "1"]}, {"ovNo": 16, "ovBalls": ["1", ".", "1", "4", "1", "1"]}, {"ovNo": 17, "ovBalls": ["1", "1", "1", ".", "6", "1"]}, {"ovNo": 18, "ovBalls": ["1", "1", "6", "1", "6", "1"]}, {"ovNo": 19, "ovBalls": ["4", "W", ".", "W", ".", "."]}, {"ovNo": 20, "ovBalls": [".", ".", ".", "1W", "4", "4"]}]}, {"inningsNumber": 2, "runRate": "7.40", "overProgress": "20", "declared": false, "scorecard": {"runs": 148, "wkts": 7, "allOut": false, "battingStats": [{"playerId": 24, "r": 26, "b": 13, "sr": "200.00", "4s": 4, "6s": 1, "mod": {"dismissedBp": {"innings": 2, "over": 4, "ball": 6}, "countingBp": {"innings": 2, "over": 4, "ball": 6}, "text": "st Quinton de Kock b Krunal Pandya", "bowlerId": 3183, "additionalPlayerIds": [834], "dismissedMethod": "st", "isOut": true}}, {"playerId": 227, "r": 80, "b": 59, "sr": "135.59", "4s": 8, "6s": 4, "mod": {"dismissedBp": {"innings": 2, "over": 20, "ball": 4}, "countingBp": {"innings": 2, "over": 20, "ball": 4}, "text": "run out (Krunal Pandya)", "bowlerId": 211, "additionalPlayerIds": [3183], "dismissedMethod": "ro", "isOut": true}}, {"playerId": 14, "r": 8, "b": 14, "sr": "57.14", "4s": 0, "6s": 0, "mod": {"dismissedBp": {"innings": 2, "over": 10, "ball": 2}, "countingBp": {"innings": 2, "over": 10, "ball": 2}, "text": "lbw Rahul Chahar", "bowlerId": 3763, "dismissedMethod": "lbw", "isOut": true}}, {"playerId": 100, "r": 1, "b": 4, "sr": "25.00", "4s": 0, "6s": 0, "mod": {"dismissedBp": {"innings": 2, "over": 11, "ball": 3}, "countingBp": {"innings": 2, "over": 11, "ball": 3}, "text": "c Quinton de Kock b Jasprit Bumrah", "bowlerId": 1124, "additionalPlayerIds": [834], "dismissedMethod": "ct", "isOut": true}}, {"playerId": 1, "r": 2, "b": 8, "sr": "25.00", "4s": 0, "6s": 0, "mod": {"dismissedBp": {"innings": 2, "over": 13, "ball": 5}, "countingBp": {"innings": 2, "over": 13, "ball": 4}, "text": "run out (Ishan Kishan)", "bowlerId": 2740, "additionalPlayerIds": [2975], "dismissedMethod": "ro", "isOut": true}}, {"playerId": 25, "r": 15, "b": 15, "sr": "100.00", "4s": 0, "6s": 1, "mod": {"dismissedBp": {"innings": 2, "over": 19, "ball": 2}, "countingBp": {"innings": 2, "over": 19, "ball": 2}, "text": "c Quinton de Kock b Jasprit Bumrah", "bowlerId": 1124, "additionalPlayerIds": [834], "dismissedMethod": "ct", "isOut": true}}, {"playerId": 9, "r": 5, "b": 5, "sr": "100.00", "4s": 0, "6s": 0}, {"playerId": 1745, "r": 2, "b": 2, "sr": "100.00", "4s": 0, "6s": 0, "mod": {"dismissedBp": {"innings": 2, "over": 20, "ball": 6}, "countingBp": {"innings": 2, "over": 20, "ball": 6}, "text": "lbw Lasith Malinga", "bowlerId": 211, "dismissedMethod": "lbw", "isOut": true}}], "bowlingStats": [{"playerId": 730, "ov": "4", "r": 24, "w": 0, "d": 12, "maid": 0, "e": "6.00", "wd": 2, "nb": 0}, {"playerId": 3183, "ov": "3", "r": 39, "w": 1, "d": 8, "maid": 0, "e": "13.00", "wd": 0, "nb": 0}, {"playerId": 211, "ov": "4", "r": 49, "w": 1, "d": 7, "maid": 0, "e": "12.25", "wd": 1, "nb": 0}, {"playerId": 1124, "ov": "4", "r": 14, "w": 2, "d": 13, "maid": 0, "e": "3.50", "wd": 0, "nb": 0}, {"playerId": 3763, "ov": "4", "r": 14, "w": 1, "d": 13, "maid": 0, "e": "3.50", "wd": 0, "nb": 0}, {"playerId": 2740, "ov": "1", "r": 3, "w": 0, "d": 4, "maid": 0, "e": "3.00", "wd": 1, "nb": 0}], "fow": [{"bp": {"innings": 2, "over": 4, "ball": 6}, "playerId": 24, "ret": false, "w": 1, "r": 33}, {"bp": {"innings": 2, "over": 10, "ball": 2}, "playerId": 14, "ret": false, "w": 2, "r": 70}, {"bp": {"innings": 2, "over": 11, "ball": 3}, "playerId": 100, "ret": false, "w": 3, "r": 73}, {"bp": {"innings": 2, "over": 13, "ball": 4}, "playerId": 1, "ret": false, "w": 4, "r": 82}, {"bp": {"innings": 2, "over": 19, "ball": 2}, "playerId": 25, "ret": false, "w": 5, "r": 133}, {"bp": {"innings": 2, "over": 20, "ball": 4}, "playerId": 227, "ret": false, "w": 6, "r": 146}, {"bp": {"innings": 2, "over": 20, "ball": 6}, "playerId": 1745, "ret": false, "w": 7, "r": 148}], "extras": {"noBallRuns": 0, "wideRuns": 4, "byeRuns": 5, "legByeRuns": 0, "penaltyRuns": 0}, "declared": false}, "overHistory": [{"ovNo": 1, "ovBalls": [".", ".", "4", "1", ".", "2"]}, {"ovNo": 2, "ovBalls": ["1", ".", ".", "4", ".", "."]}, {"ovNo": 3, "ovBalls": ["1", ".", ".", ".", "1", "5"]}, {"ovNo": 4, "ovBalls": [".", "4", "6", "4", ".", "W"]}, {"ovNo": 5, "ovBalls": ["1", ".", "1", "1", "2", "."]}, {"ovNo": 6, "ovBalls": [".", "4", ".", "6", "1Wd", "4", "."]}, {"ovNo": 7, "ovBalls": ["1", "1", "1Wd", ".", "1", ".", "."]}, {"ovNo": 8, "ovBalls": ["1", ".", "1", ".", ".", "1"]}, {"ovNo": 9, "ovBalls": ["1", "4", "1Wd", "2", "2", ".", "."]}, {"ovNo": 10, "ovBalls": [".", "W", "1", "1", ".", "."]}, {"ovNo": 11, "ovBalls": [".", "1", "W", ".", ".", "."]}, {"ovNo": 12, "ovBalls": ["1", ".", ".", ".", "1", "4"]}, {"ovNo": 13, "ovBalls": ["1", ".", "1Wd", ".", "1W", ".", "."]}, {"ovNo": 14, "ovBalls": [".", "1", "1", "1", ".", "."]}, {"ovNo": 15, "ovBalls": [".", ".", ".", "2", ".", "1"]}, {"ovNo": 16, "ovBalls": ["6", "1", "4", "4", "4", "1"]}, {"ovNo": 17, "ovBalls": ["1", "1", ".", ".", "1B", "1"]}, {"ovNo": 18, "ovBalls": ["1", "6", "6", "6", ".", "1"]}, {"ovNo": 19, "ovBalls": ["1", "W", "2", ".", "2", "4B"]}, {"ovNo": 20, "ovBalls": ["1", "1", "2", "1W", "2", "W"]}]}]}