{"matchInfo": {"additionalInfo": {"referee.name": "Javagal Srinath", "match.photo.id": "17293", "match.summary": "", "umpire.name.1": "Asad Rauf ", "umpire.name.2": "Sudhir Asnani", "umpire.name.3": "Anil Chaudhary", "umpire.name.4": "Rajesh Deshpande", "away.team.fan.total": "13000", "result.playerofthematch": "Dwayne Smith", "toss.elected": "Mumbai Indians, who chose to bat", "notes.1.1": "Powerplay: 52 runs, 1 wicket", "notes.1.2": "MI: 50 runs in 5.6 overs", "notes.2.1": "Powerplay: 35 runs, 1 wicket", "notes.1.3": "2nd Wicket: 50 runs in 30 balls (Dwayne Smith 38, Dinesh Karthik 12)", "notes.2.2": "RCB: 50 runs in 8.2 overs", "notes.1.4": "Dwayne Smith: 50 off 35 balls (4 x fours, 3 x sixes)", "notes.2.3": "RCB: 100 runs in 15.5 overs", "notes.1.5": "MI: 100 runs in 10.2 overs", "notes.2.4": "8th Wicket: 50 runs in 37 balls (Ravi Rampaul 22, Vinay Kumar 26)", "notes.1.6": "MI: 150 runs in 15.2 overs ", "notes.1.7": "4th Wicket: 50 runs in 25 balls (Dinesh Karthik 14, Kieron Pollard 33)", "notes.1.8": "Innings Break: MI - 194/7 in 20 overs", "highlights.link": "http://iplt20.com/videos/media/id/88e90292ce054a51ba6ec6485482ee03/m37-mi-vs-rcb-match-highlights", "match.video.id": "88e90292ce054a51ba6ec6485482ee03", "home.team.fan.total": "17433", "photostream.link": "http://www.iplt20.com/photos/141/ipl-2013-match-37-mi-v-rcb", "toss.winner": "Mumbai Indians"}, "teams": [{"id": 1461, "team": {"id": 6, "fullName": "Mumbai Indians", "shortName": "Mumbai", "abbreviation": "MI", "type": "m", "primaryColor": "00AEEF", "secondaryColor": "FFFFFF"}, "players": [{"id": 97, "fullName": "Sachin Tendulkar", "shortName": "S Tendulkar", "nationality": "Indian", "dateOfBirth": "1973-04-24", "rightArmedBowl": true, "rightHandedBat": true, "bowlingStyle": "OFF_SPIN"}, {"id": 413, "fullName": "Dwayne Smith", "shortName": "DR Smith", "nationality": "West Indian", "dateOfBirth": "1983-04-12", "rightArmedBowl": true, "rightHandedBat": true}, {"id": 102, "fullName": "Dinesh Karthik", "shortName": "D Karthik", "nationality": "Indian", "dateOfBirth": "1985-06-01", "rightArmedBowl": true, "rightHandedBat": true, "bowlingStyle": "OFF_SPIN"}, {"id": 107, "fullName": "Rohit Sharma", "shortName": "R Sharma", "nationality": "Indian", "dateOfBirth": "1987-04-30", "rightArmedBowl": true, "rightHandedBat": true, "bowlingStyle": "OFF_SPIN"}, {"id": 210, "fullName": "Kieron Pollard", "shortName": "K Pollard", "nationality": "West Indian", "dateOfBirth": "1987-05-12", "rightArmedBowl": true, "rightHandedBat": true, "bowlingStyle": "MEDIUM_SEAM"}, {"id": 100, "fullName": "Ambati Rayudu", "shortName": "A Rayudu", "nationality": "Indian", "dateOfBirth": "1985-09-23", "rightArmedBowl": true, "rightHandedBat": true, "bowlingStyle": "OFF_SPIN"}, {"id": 103, "fullName": "Harbhajan Singh", "shortName": "H Singh", "nationality": "Indian", "dateOfBirth": "1980-07-03", "rightArmedBowl": true, "rightHandedBat": true, "bowlingStyle": "OFF_SPIN"}, {"id": 213, "fullName": "Mitchell Johnson", "shortName": "M Johnson", "nationality": "Australian", "dateOfBirth": "1981-11-02", "rightArmedBowl": false, "rightHandedBat": false, "bowlingStyle": "FAST_SEAM"}, {"id": 211, "fullName": "Lasith Malinga", "shortName": "L Malinga", "nationality": "Sri Lankan", "dateOfBirth": "1983-08-28", "rightArmedBowl": true, "rightHandedBat": true, "bowlingStyle": "FAST_SEAM"}, {"id": 106, "fullName": "Pragyan Ojha", "shortName": "P Ojha", "nationality": "Indian", "dateOfBirth": "1986-09-05", "rightArmedBowl": false, "rightHandedBat": false, "bowlingStyle": "ORTHODOX"}, {"id": 101, "fullName": "Dhawal Kulkarni", "shortName": "D Kulkarni", "nationality": "Indian", "dateOfBirth": "1988-12-10", "rightArmedBowl": true, "rightHandedBat": true, "bowlingStyle": "MEDIUM_SEAM"}], "wicketKeeper": {"id": 102, "fullName": "Dinesh Karthik", "shortName": "D Karthik", "nationality": "Indian", "dateOfBirth": "1985-06-01", "rightArmedBowl": true, "rightHandedBat": true, "bowlingStyle": "OFF_SPIN"}, "captain": {"id": 107, "fullName": "Rohit Sharma", "shortName": "R Sharma", "nationality": "Indian", "dateOfBirth": "1987-04-30", "rightArmedBowl": true, "rightHandedBat": true, "bowlingStyle": "OFF_SPIN"}}, {"id": 1462, "team": {"id": 9, "fullName": "Royal Challengers Bangalore", "shortName": "Challengers", "abbreviation": "RCB", "type": "m", "primaryColor": "000000", "secondaryColor": "FF3245"}, "players": [{"id": 240, "fullName": "Tillakaratne Dilshan", "shortName": "T Dilshan", "nationality": "Sri Lankan", "dateOfBirth": "1976-10-14", "rightArmedBowl": true, "rightHandedBat": true, "bowlingStyle": "OFF_SPIN"}, {"id": 236, "fullName": "Chris Gayle", "shortName": "C Gayle", "nationality": "West Indian", "dateOfBirth": "1979-09-21", "rightArmedBowl": true, "rightHandedBat": false, "bowlingStyle": "OFF_SPIN"}, {"id": 164, "fullName": "Virat Kohli", "shortName": "V Kohli", "nationality": "Indian", "dateOfBirth": "1988-11-05", "rightArmedBowl": true, "rightHandedBat": true, "bowlingStyle": "MEDIUM_SEAM"}, {"id": 233, "fullName": "AB de Villiers", "shortName": "AB de Villiers", "nationality": "South African", "dateOfBirth": "1984-02-17", "rightArmedBowl": true, "rightHandedBat": true, "bowlingStyle": "MEDIUM_SEAM"}, {"id": 163, "fullName": "Saurabh Tiwary", "shortName": "S Tiwary", "nationality": "Indian", "dateOfBirth": "1989-12-30", "rightArmedBowl": true, "rightHandedBat": false}, {"id": 153, "fullName": "Arun Karthik", "shortName": "A Karthik", "nationality": "Indian", "dateOfBirth": "1986-02-15", "rightArmedBowl": false, "rightHandedBat": false}, {"id": 594, "fullName": "Ravi Rampaul", "shortName": "R Rampaul", "nationality": "West Indian", "dateOfBirth": "1984-10-15", "rightArmedBowl": true, "rightHandedBat": true, "bowlingStyle": "FAST_SEAM"}, {"id": 166, "fullName": "Vinay Kumar", "shortName": "V Kumar", "nationality": "Indian", "dateOfBirth": "1984-02-12", "rightArmedBowl": true, "rightHandedBat": true}, {"id": 281, "fullName": "Syed Mohammad", "shortName": "S Mohammad", "nationality": "Indian", "dateOfBirth": "2012-01-01", "rightArmedBowl": false, "rightHandedBat": false}, {"id": 112, "fullName": "RP Singh", "shortName": "RP Singh", "nationality": "Indian", "dateOfBirth": "1985-12-06", "rightArmedBowl": false, "rightHandedBat": true}, {"id": 86, "fullName": "Jaydev Unadkat", "shortName": "J Unadkat", "nationality": "Indian", "dateOfBirth": "1991-10-18", "rightArmedBowl": false, "rightHandedBat": true, "bowlingStyle": "MEDIUM_SEAM"}], "wicketKeeper": {"id": 153, "fullName": "Arun Karthik", "shortName": "A Karthik", "nationality": "Indian", "dateOfBirth": "1986-02-15", "rightArmedBowl": false, "rightHandedBat": false}, "captain": {"id": 164, "fullName": "Virat Kohli", "shortName": "V Kohli", "nationality": "Indian", "dateOfBirth": "1988-11-05", "rightArmedBowl": true, "rightHandedBat": true, "bowlingStyle": "MEDIUM_SEAM"}}], "venue": {"id": 4, "fullName": "Wankhede Stadium", "shortName": "Wankhede Stadium", "city": "Mumbai", "country": "India"}, "matchDate": "2013-04-27T20:00:00+0530", "matchEndDate": "2013-04-27T23:00:00+0530", "matchDateMs": 1367073000000, "matchEndDateMs": 1367083800000, "isLimitedOvers": true, "battingOrder": [0, 1], "matchBroadcast": false, "matchState": "C", "matchStatus": {"outcome": "A", "text": "Mumbai Indians won by 58 runs"}, "description": "Match 37", "matchSummary": "", "matchType": "IPLT20", "tournamentLabel": "IPL 2013", "oversLimit": 20, "groupName": ""}, "matchId": {"id": 652, "name": "ipl2013-37", "tournamentId": {"id": 605, "name": "ipl2013", "provisional": false}}, "currentState": {"inProgress": false, "phase": "C", "currentInningsIndex": 1, "currentBatsmen": [594, 166], "facingBatsman": 594, "nonFacingBatsman": 166, "currentBowler": -1, "previousBowler": 210, "previousBowlerCurrentSpell": {"playerId": 210, "ov": "1", "r": 14, "w": 0, "d": 0, "maid": 0, "e": "14.00", "wd": 0, "nb": 0}, "currentPartnership": 51, "partnership": {"runs": 51, "balls": 37, "runRate": "8.27"}, "recentOvers": [{"ovNo": 15, "ovBalls": [".", "1", "1", "1", "2", "."]}, {"ovNo": 16, "ovBalls": ["2", "1", "1", ".", "4", "."]}, {"ovNo": 17, "ovBalls": ["1", "1Lb", ".", ".", ".", "4"]}, {"ovNo": 18, "ovBalls": ["1", ".", ".", "1", ".", "."]}, {"ovNo": 19, "ovBalls": ["1", "2", "4", "1", "2", "4"]}, {"ovNo": 20, "ovBalls": ["4", "1", "1", "2Nb", ".", "4", "."]}]}, "innings": [{"inningsNumber": 1, "runRate": "9.70", "overProgress": "20", "declared": false, "scorecard": {"runs": 194, "wkts": 7, "allOut": false, "battingStats": [{"playerId": 413, "r": 50, "b": 36, "sr": "138.88", "4s": 4, "6s": 3, "mod": {"dismissedBp": {"innings": 1, "over": 11, "ball": 1}, "countingBp": {"innings": 1, "over": 11, "ball": 1}, "text": "b Syed Mohammad", "bowlerId": 281, "dismissedMethod": "b", "isOut": true}}, {"playerId": 97, "r": 23, "b": 13, "sr": "176.92", "4s": 5, "6s": 0, "mod": {"dismissedBp": {"innings": 1, "over": 4, "ball": 4}, "countingBp": {"innings": 1, "over": 4, "ball": 4}, "text": "lbw RP Singh", "bowlerId": 112, "dismissedMethod": "lbw", "isOut": true}}, {"playerId": 102, "r": 43, "b": 33, "sr": "130.30", "4s": 3, "6s": 1, "mod": {"dismissedBp": {"innings": 1, "over": 18, "ball": 2}, "countingBp": {"innings": 1, "over": 18, "ball": 2}, "text": "run out (Virat Kohli)", "bowlerId": 166, "additionalPlayerIds": [164], "dismissedMethod": "ro", "isOut": true}}, {"playerId": 107, "r": 10, "b": 8, "sr": "125.00", "4s": 1, "6s": 0, "mod": {"dismissedBp": {"innings": 1, "over": 13, "ball": 5}, "countingBp": {"innings": 1, "over": 13, "ball": 5}, "text": "run out (AB de Villiers)", "bowlerId": 281, "additionalPlayerIds": [233], "dismissedMethod": "ro", "isOut": true}}, {"playerId": 210, "r": 34, "b": 16, "sr": "212.50", "4s": 2, "6s": 3, "mod": {"dismissedBp": {"innings": 1, "over": 18, "ball": 4}, "countingBp": {"innings": 1, "over": 18, "ball": 4}, "text": "c Ravi Rampaul b Vinay Kumar", "bowlerId": 166, "additionalPlayerIds": [594], "dismissedMethod": "ct", "isOut": true}}, {"playerId": 100, "r": 0, "b": 0, "4s": 0, "6s": 0, "mod": {"dismissedBp": {"innings": 1, "over": 18, "ball": 3}, "countingBp": {"innings": 1, "over": 18, "ball": 3}, "text": "run out (Virat Kohli)", "bowlerId": 166, "additionalPlayerIds": [164], "dismissedMethod": "ro", "isOut": true}}, {"playerId": 103, "r": 16, "b": 8, "sr": "200.00", "4s": 3, "6s": 0, "mod": {"dismissedBp": {"innings": 1, "over": 20, "ball": 2}, "countingBp": {"innings": 1, "over": 20, "ball": 2}, "text": "c Saurabh Tiwary b Ravi Rampaul", "bowlerId": 594, "additionalPlayerIds": [163], "dismissedMethod": "ct", "isOut": true}}, {"playerId": 213, "r": 9, "b": 5, "sr": "180.00", "4s": 0, "6s": 1}, {"playerId": 211, "r": 0, "b": 1, "sr": "0.00", "4s": 0, "6s": 0}], "bowlingStats": [{"playerId": 594, "ov": "4", "r": 35, "w": 1, "d": 10, "maid": 0, "e": "8.75", "wd": 0, "nb": 0}, {"playerId": 112, "ov": "4", "r": 40, "w": 1, "d": 8, "maid": 0, "e": "10.00", "wd": 2, "nb": 0}, {"playerId": 86, "ov": "4", "r": 32, "w": 0, "d": 9, "maid": 0, "e": "8.00", "wd": 0, "nb": 0}, {"playerId": 166, "ov": "4", "r": 38, "w": 1, "d": 12, "maid": 0, "e": "9.50", "wd": 1, "nb": 0}, {"playerId": 281, "ov": "4", "r": 43, "w": 1, "d": 1, "maid": 0, "e": "10.75", "wd": 0, "nb": 0}], "fow": [{"bp": {"innings": 1, "over": 4, "ball": 4}, "playerId": 97, "ret": false, "w": 1, "r": 29}, {"bp": {"innings": 1, "over": 11, "ball": 1}, "playerId": 413, "ret": false, "w": 2, "r": 97}, {"bp": {"innings": 1, "over": 13, "ball": 5}, "playerId": 107, "ret": false, "w": 3, "r": 118}, {"bp": {"innings": 1, "over": 18, "ball": 2}, "playerId": 102, "ret": false, "w": 4, "r": 169}, {"bp": {"innings": 1, "over": 18, "ball": 3}, "playerId": 100, "ret": false, "w": 5, "r": 169}, {"bp": {"innings": 1, "over": 18, "ball": 4}, "playerId": 210, "ret": false, "w": 6, "r": 169}, {"bp": {"innings": 1, "over": 20, "ball": 2}, "playerId": 103, "ret": false, "w": 7, "r": 187}], "extras": {"noBallRuns": 0, "wideRuns": 3, "byeRuns": 4, "legByeRuns": 2, "penaltyRuns": 0}, "declared": false}, "overHistory": [{"ovNo": 1, "ovBalls": [".", ".", "1", "2", "4", "."]}, {"ovNo": 2, "ovBalls": [".", "1Wd", "1Lb", "1", ".", "2", "."]}, {"ovNo": 3, "ovBalls": ["4", ".", ".", "4", "4", "4"]}, {"ovNo": 4, "ovBalls": ["1", ".", ".", "W", "1", "1"]}, {"ovNo": 5, "ovBalls": ["1", ".", "1", "4", ".", "1"]}, {"ovNo": 6, "ovBalls": [".", "4", "4B", ".", "2", "4"]}, {"ovNo": 7, "ovBalls": ["1", "1", "1", "1", "1", "2"]}, {"ovNo": 8, "ovBalls": ["6", "1", ".", ".", ".", "1"]}, {"ovNo": 9, "ovBalls": ["6", "4", ".", "6", "1Lb", "2"]}, {"ovNo": 10, "ovBalls": ["6", "1", ".", "1", "1", "2"]}, {"ovNo": 11, "ovBalls": ["W", "4", "1", "1", "1", "2"]}, {"ovNo": 12, "ovBalls": ["1", ".", "1", ".", "1", "1"]}, {"ovNo": 13, "ovBalls": ["1", "1", "4", "1", "1W", "1"]}, {"ovNo": 14, "ovBalls": [".", "1", ".", ".", "1", "4"]}, {"ovNo": 15, "ovBalls": ["6", "2", "2", "1", "1", "6"]}, {"ovNo": 16, "ovBalls": ["4", "1Wd", "2", ".", ".", ".", "1"]}, {"ovNo": 17, "ovBalls": ["1", "1Wd", "4", "6", ".", "4", "1"]}, {"ovNo": 18, "ovBalls": ["1", "W", "W", "W", ".", "1"]}, {"ovNo": 19, "ovBalls": ["2", "4", "1", "1", "4", "4"]}, {"ovNo": 20, "ovBalls": ["1", "W", ".", "6", "1", "."]}]}, {"inningsNumber": 2, "runRate": "6.80", "overProgress": "20", "declared": false, "scorecard": {"runs": 136, "wkts": 7, "allOut": false, "battingStats": [{"playerId": 236, "r": 18, "b": 20, "sr": "90.00", "4s": 2, "6s": 1, "mod": {"dismissedBp": {"innings": 2, "over": 7, "ball": 5}, "countingBp": {"innings": 2, "over": 7, "ball": 5}, "text": "c Ambati Rayudu b Harbhajan Singh", "bowlerId": 103, "additionalPlayerIds": [100], "dismissedMethod": "ct", "isOut": true}}, {"playerId": 240, "r": 13, "b": 18, "sr": "72.22", "4s": 2, "6s": 0, "mod": {"dismissedBp": {"innings": 2, "over": 6, "ball": 5}, "countingBp": {"innings": 2, "over": 6, "ball": 4}, "text": "c Mitchell Johnson b Dhawal Kulkarni", "bowlerId": 101, "additionalPlayerIds": [213], "dismissedMethod": "ct", "isOut": true}}, {"playerId": 164, "r": 1, "b": 4, "sr": "25.00", "4s": 0, "6s": 0, "mod": {"dismissedBp": {"innings": 2, "over": 8, "ball": 2}, "countingBp": {"innings": 2, "over": 8, "ball": 2}, "text": "c Dinesh Karthik b Dhawal Kulkarni", "bowlerId": 101, "additionalPlayerIds": [102], "dismissedMethod": "ct", "isOut": true}}, {"playerId": 233, "r": 2, "b": 3, "sr": "66.66", "4s": 0, "6s": 0, "mod": {"dismissedBp": {"innings": 2, "over": 8, "ball": 5}, "countingBp": {"innings": 2, "over": 8, "ball": 4}, "text": "c Dinesh Karthik b Dhawal Kulkarni", "bowlerId": 101, "additionalPlayerIds": [102], "dismissedMethod": "ct", "isOut": true}}, {"playerId": 163, "r": 21, "b": 19, "sr": "110.52", "4s": 0, "6s": 1, "mod": {"dismissedBp": {"innings": 2, "over": 14, "ball": 2}, "countingBp": {"innings": 2, "over": 14, "ball": 2}, "text": "c Harbhajan Singh b Dwayne Smith", "bowlerId": 413, "additionalPlayerIds": [103], "dismissedMethod": "ct", "isOut": true}}, {"playerId": 153, "r": 12, "b": 8, "sr": "150.00", "4s": 0, "6s": 1, "mod": {"dismissedBp": {"innings": 2, "over": 11, "ball": 3}, "countingBp": {"innings": 2, "over": 11, "ball": 3}, "text": "st Dinesh Karthik b Harbhajan Singh", "bowlerId": 103, "additionalPlayerIds": [102], "dismissedMethod": "st", "isOut": true}}, {"playerId": 281, "r": 9, "b": 11, "sr": "81.81", "4s": 1, "6s": 0, "mod": {"dismissedBp": {"innings": 2, "over": 14, "ball": 5}, "countingBp": {"innings": 2, "over": 14, "ball": 5}, "text": "c Mitchell Johnson b Dwayne Smith", "bowlerId": 413, "additionalPlayerIds": [213], "dismissedMethod": "ct", "isOut": true}}, {"playerId": 594, "r": 23, "b": 18, "sr": "127.77", "4s": 3, "6s": 0}, {"playerId": 166, "r": 26, "b": 20, "sr": "130.00", "4s": 4, "6s": 0}], "bowlingStats": [{"playerId": 213, "ov": "4", "r": 27, "w": 0, "d": 14, "maid": 0, "e": "6.75", "wd": 0, "nb": 0}, {"playerId": 211, "ov": "4", "r": 25, "w": 0, "d": 11, "maid": 0, "e": "6.25", "wd": 0, "nb": 0}, {"playerId": 101, "ov": "4", "r": 19, "w": 3, "d": 15, "maid": 0, "e": "4.75", "wd": 3, "nb": 0}, {"playerId": 103, "ov": "4", "r": 21, "w": 2, "d": 10, "maid": 0, "e": "5.25", "wd": 0, "nb": 0}, {"playerId": 413, "ov": "2", "r": 20, "w": 2, "d": 5, "maid": 0, "e": "10.00", "wd": 0, "nb": 1}, {"playerId": 210, "ov": "2", "r": 19, "w": 0, "d": 2, "maid": 0, "e": "9.50", "wd": 0, "nb": 0}], "fow": [{"bp": {"innings": 2, "over": 6, "ball": 4}, "playerId": 240, "ret": false, "w": 1, "r": 35}, {"bp": {"innings": 2, "over": 7, "ball": 5}, "playerId": 236, "ret": false, "w": 2, "r": 37}, {"bp": {"innings": 2, "over": 8, "ball": 2}, "playerId": 164, "ret": false, "w": 3, "r": 39}, {"bp": {"innings": 2, "over": 8, "ball": 4}, "playerId": 233, "ret": false, "w": 4, "r": 43}, {"bp": {"innings": 2, "over": 11, "ball": 3}, "playerId": 153, "ret": false, "w": 5, "r": 67}, {"bp": {"innings": 2, "over": 14, "ball": 2}, "playerId": 163, "ret": false, "w": 6, "r": 83}, {"bp": {"innings": 2, "over": 14, "ball": 5}, "playerId": 281, "ret": false, "w": 7, "r": 85}], "extras": {"noBallRuns": 1, "wideRuns": 5, "byeRuns": 4, "legByeRuns": 1, "penaltyRuns": 0}, "declared": false}, "overHistory": [{"ovNo": 1, "ovBalls": [".", "1", ".", ".", "4", "."]}, {"ovNo": 2, "ovBalls": ["1", ".", ".", ".", ".", "4"]}, {"ovNo": 3, "ovBalls": ["6", ".", "1", "1", ".", "4B"]}, {"ovNo": 4, "ovBalls": ["2", "1", ".", ".", ".", "."]}, {"ovNo": 5, "ovBalls": [".", "1", ".", "4", ".", "4"]}, {"ovNo": 6, "ovBalls": [".", ".", ".", "1Wd", "W", ".", "."]}, {"ovNo": 7, "ovBalls": [".", ".", "1", "1", "W", "1"]}, {"ovNo": 8, "ovBalls": ["1", "W", "3Wd", "1", "W", ".", "1"]}, {"ovNo": 9, "ovBalls": ["1", "6", "1", "3", ".", "1"]}, {"ovNo": 10, "ovBalls": [".", ".", "1", "1", "1Wd", "1", "6"]}, {"ovNo": 11, "ovBalls": ["1", ".", "W", "1", "1", "."]}, {"ovNo": 12, "ovBalls": ["1", "4", "1", "2", "1", "."]}, {"ovNo": 13, "ovBalls": [".", "1", ".", ".", "1", "1"]}, {"ovNo": 14, "ovBalls": ["2", "W", "2", ".", "W", "4"]}, {"ovNo": 15, "ovBalls": [".", "1", "1", "1", "2", "."]}, {"ovNo": 16, "ovBalls": ["2", "1", "1", ".", "4", "."]}, {"ovNo": 17, "ovBalls": ["1", "1Lb", ".", ".", ".", "4"]}, {"ovNo": 18, "ovBalls": ["1", ".", ".", "1", ".", "."]}, {"ovNo": 19, "ovBalls": ["1", "2", "4", "1", "2", "4"]}, {"ovNo": 20, "ovBalls": ["4", "1", "1", "2Nb", ".", "4", "."]}]}]}