{"matchInfo": {"additionalInfo": {"toss.elected": "Royal Challengers Bangalore, who chose to field", "notes.1.1": "Powerplay - 60 runs, 0 wickets", "notes.1.2": "KKR: 50 runs in 5.1 overs", "notes.2.1": "Powerplay - 20 runs, 3 wickets", "notes.1.3": "1st Wicket: 50 runs in 31 balls (Jacques Kallis 20, Gautam Gambhir 30)", "notes.2.2": "RCB: 50 runs in 10.3 overs ", "notes.1.4": "KKR: 100 runs in 10.3 overs", "notes.1.5": "2nd Wicket: 50 runs in 31 balls (Gautam Gambhir 10, Mavinder Bisla 39)", "notes.1.6": "Gautam Gambhir: 50 off 28 balls (8 fours, 1 six)", "notes.1.7": "KKR: 150 runs in 17.6 overs", "notes.1.8": "Innings Break: KKR - 165/8 in 20.0 overs", "highlights.link": "http://iplt20.com/videos?mid=95887502fcb04ca9ae3c72134a132c60", "referee.name": "Raju Mukherjee", "match.summary": "", "umpire.name.1": "S Ravi", "photostream.link": "http://iplt20.com/photos/33/ipl-2012-match-10-royal-challengers-bangalore-v-kolkata-knight-riders", "umpire.name.2": "Rod Tucker", "toss.winner": "Royal Challengers Bangalore", "umpire.name.3": "Sudhir Asnani", "umpire.name.4": "Belur Ravi", "result.playerofthematch": "Lakshmipathy Balaji"}, "teams": [{"id": 19, "team": {"id": 9, "fullName": "Royal Challengers Bangalore", "shortName": "Challengers", "abbreviation": "RCB", "type": "m", "primaryColor": "000000", "secondaryColor": "FF3245"}, "players": [{"id": 236, "fullName": "Chris Gayle", "shortName": "C Gayle", "nationality": "West Indian", "dateOfBirth": "1979-09-21", "rightArmedBowl": true, "rightHandedBat": false, "bowlingStyle": "OFF_SPIN"}, {"id": 156, "fullName": "Cheteshwar Pujara", "shortName": "C Pujara", "nationality": "Indian", "dateOfBirth": "1988-01-25", "rightArmedBowl": true, "rightHandedBat": true, "bowlingStyle": "LEG_SPIN"}, {"id": 164, "fullName": "Virat Kohli", "shortName": "V Kohli", "nationality": "Indian", "dateOfBirth": "1988-11-05", "rightArmedBowl": true, "rightHandedBat": true, "bowlingStyle": "MEDIUM_SEAM"}, {"id": 163, "fullName": "Saurabh Tiwary", "shortName": "S Tiwary", "nationality": "Indian", "dateOfBirth": "1989-12-30", "rightArmedBowl": true, "rightHandedBat": false}, {"id": 158, "fullName": "Mayank Agarwal", "shortName": "M Agarwal", "nationality": "Indian", "dateOfBirth": "1991-02-18", "rightArmedBowl": true, "rightHandedBat": true}, {"id": 243, "fullName": "Daniel Vettori", "shortName": "D Vettori", "nationality": "New Zealander", "dateOfBirth": "1979-01-27", "rightArmedBowl": false, "rightHandedBat": false, "bowlingStyle": "ORTHODOX"}, {"id": 233, "fullName": "AB de Villiers", "shortName": "AB de Villiers", "nationality": "South African", "dateOfBirth": "1984-02-17", "rightArmedBowl": true, "rightHandedBat": true, "bowlingStyle": "MEDIUM_SEAM"}, {"id": 166, "fullName": "Vinay Kumar", "shortName": "V Kumar", "nationality": "Indian", "dateOfBirth": "1984-02-12", "rightArmedBowl": true, "rightHandedBat": true}, {"id": 165, "fullName": "Zaheer Khan", "shortName": "Z Khan", "nationality": "Indian", "dateOfBirth": "1978-10-07", "rightArmedBowl": false, "rightHandedBat": true, "bowlingStyle": "FAST_SEAM"}, {"id": 157, "fullName": "Harshal Patel", "shortName": "H Patel", "nationality": "Indian", "dateOfBirth": "1990-11-23", "rightArmedBowl": true, "rightHandedBat": true, "bowlingStyle": "MEDIUM_SEAM"}, {"id": 241, "fullName": "Muttiah Muralitharan", "shortName": "M Muralitharan", "nationality": "Sri Lankan", "dateOfBirth": "1972-04-17", "rightArmedBowl": true, "rightHandedBat": true, "bowlingStyle": "OFF_SPIN"}], "wicketKeeper": {"id": 233, "fullName": "AB de Villiers", "shortName": "AB de Villiers", "nationality": "South African", "dateOfBirth": "1984-02-17", "rightArmedBowl": true, "rightHandedBat": true, "bowlingStyle": "MEDIUM_SEAM"}, "captain": {"id": 243, "fullName": "Daniel Vettori", "shortName": "D Vettori", "nationality": "New Zealander", "dateOfBirth": "1979-01-27", "rightArmedBowl": false, "rightHandedBat": false, "bowlingStyle": "ORTHODOX"}}, {"id": 20, "team": {"id": 5, "fullName": "Kolkata Knight Riders", "shortName": "Knight Riders", "abbreviation": "KKR", "type": "m", "primaryColor": "6F2C91", "secondaryColor": "FFFFFF"}, "players": [{"id": 90, "fullName": "Manvinder Bisla", "shortName": "M Bisla", "nationality": "Indian", "dateOfBirth": "1984-12-27", "rightArmedBowl": false, "rightHandedBat": false}, {"id": 84, "fullName": "Gautam Gambhir", "shortName": "G Gambhir", "nationality": "Indian", "dateOfBirth": "1981-10-14", "rightArmedBowl": true, "rightHandedBat": false, "bowlingStyle": "LEG_SPIN"}, {"id": 198, "fullName": "Jacques Kallis", "shortName": "J Kallis", "nationality": "South African", "dateOfBirth": "1975-10-16", "rightArmedBowl": true, "rightHandedBat": true, "bowlingStyle": "FAST_SEAM"}, {"id": 89, "fullName": "Manoj Tiwary", "shortName": "M Tiwary", "nationality": "Indian", "dateOfBirth": "1985-11-14", "rightArmedBowl": true, "rightHandedBat": true}, {"id": 96, "fullName": "Yusuf Pathan", "shortName": "Y Pathan", "nationality": "Indian", "dateOfBirth": "1982-11-17", "rightArmedBowl": false, "rightHandedBat": true}, {"id": 200, "fullName": "Ryan ten Doeschate", "shortName": "R ten Doeschate", "nationality": "Dutch", "dateOfBirth": "1980-06-30", "rightArmedBowl": false, "rightHandedBat": false}, {"id": 201, "fullName": "Shakib Al Hasan", "shortName": "S Al Hasan", "nationality": "Bangladeshi", "dateOfBirth": "1987-03-24", "rightArmedBowl": false, "rightHandedBat": false, "bowlingStyle": "ORTHODOX"}, {"id": 88, "fullName": "Laxmi Ratan Shukla", "shortName": "L Ratan Shukla", "nationality": "Indian", "dateOfBirth": "1981-05-06", "rightArmedBowl": false, "rightHandedBat": false}, {"id": 92, "fullName": "Rajat Bhatia", "shortName": "R Bhatia", "nationality": "Indian", "dateOfBirth": "1979-10-22", "rightArmedBowl": true, "rightHandedBat": true}, {"id": 196, "fullName": "Brett Lee", "shortName": "B Lee", "nationality": "Australian", "dateOfBirth": "1976-11-08", "rightArmedBowl": true, "rightHandedBat": true, "bowlingStyle": "FAST_SEAM"}, {"id": 87, "fullName": "Lakshmipathy Balaji", "shortName": "L Balaji", "nationality": "Indian", "dateOfBirth": "1981-09-27", "rightArmedBowl": false, "rightHandedBat": false}], "wicketKeeper": {"id": 90, "fullName": "Manvinder Bisla", "shortName": "M Bisla", "nationality": "Indian", "dateOfBirth": "1984-12-27", "rightArmedBowl": false, "rightHandedBat": false}, "captain": {"id": 84, "fullName": "Gautam Gambhir", "shortName": "G Gambhir", "nationality": "Indian", "dateOfBirth": "1981-10-14", "rightArmedBowl": true, "rightHandedBat": false, "bowlingStyle": "LEG_SPIN"}}], "venue": {"id": 5, "fullName": "M. Chinnaswamy Stadium", "shortName": "M. Chinnaswamy Stadium", "city": "Bengaluru", "country": "India"}, "matchDate": "2012-04-10T16:00:00+0530", "matchEndDate": "2012-04-10T23:00:00+0530", "matchDateMs": 1334053800000, "matchEndDateMs": 1334079000000, "isLimitedOvers": true, "battingOrder": [1, 0], "matchBroadcast": false, "matchState": "C", "matchStatus": {"outcome": "B", "text": "Kolkata Knight Riders won by 42 runs"}, "description": "Match 10", "matchSummary": "", "matchType": "IPLT20", "tournamentLabel": "IPL 2012", "oversLimit": 20, "groupName": ""}, "matchId": {"id": 11, "name": "ipl2012-10", "tournamentId": {"id": 1, "name": "ipl2012", "provisional": false}}, "currentState": {"inProgress": false, "phase": "C", "currentInningsIndex": 1, "currentBatsmen": [-1, 165], "facingBatsman": 165, "nonFacingBatsman": -1, "currentBowler": -1, "previousBowler": 200, "previousBowlerCurrentSpell": {"playerId": 200, "ov": "1", "r": 12, "w": 0, "d": 0, "maid": 0, "e": "12.00", "wd": 1, "nb": 0}, "currentPartnership": 17, "partnership": {"runs": 17, "balls": 12, "runRate": "8.50"}, "recentOvers": [{"ovNo": 15, "ovBalls": ["1", "1Wd", "W", ".", "1", "1", "1"]}, {"ovNo": 16, "ovBalls": ["1Wd", "4", "1Wd", "1", "1", "1", ".", "1Lb"]}, {"ovNo": 17, "ovBalls": [".", ".", "2", ".", ".", "6"]}, {"ovNo": 18, "ovBalls": ["1", "2", "1Wd", "1", "1", "1", "W"]}, {"ovNo": 19, "ovBalls": ["2Wd", "1", "1", "4", "1", "1", "2"]}, {"ovNo": 20, "ovBalls": ["1", "1", "1", "1", "1", "W"]}]}, "innings": [{"inningsNumber": 1, "runRate": "8.25", "overProgress": "20", "declared": false, "scorecard": {"runs": 165, "wkts": 8, "allOut": false, "battingStats": [{"playerId": 198, "r": 22, "b": 23, "sr": "95.65", "4s": 3, "6s": 1, "mod": {"dismissedBp": {"innings": 1, "over": 7, "ball": 2}, "countingBp": {"innings": 1, "over": 7, "ball": 2}, "text": "c AB de Villiers b Daniel Vettori", "bowlerId": 243, "additionalPlayerIds": [233], "dismissedMethod": "ct", "isOut": true}}, {"playerId": 84, "r": 64, "b": 39, "sr": "164.10", "4s": 9, "6s": 1, "mod": {"dismissedBp": {"innings": 1, "over": 17, "ball": 2}, "countingBp": {"innings": 1, "over": 17, "ball": 2}, "text": "c Harshal Patel b Zaheer Khan", "bowlerId": 165, "additionalPlayerIds": [157], "dismissedMethod": "ct", "isOut": true}}, {"playerId": 90, "r": 46, "b": 29, "sr": "158.62", "4s": 2, "6s": 3, "mod": {"dismissedBp": {"innings": 1, "over": 14, "ball": 3}, "countingBp": {"innings": 1, "over": 14, "ball": 3}, "text": "st AB de Villiers b Muttiah Muralitharan", "bowlerId": 241, "additionalPlayerIds": [233], "dismissedMethod": "st", "isOut": true}}, {"playerId": 96, "r": 1, "b": 3, "sr": "33.33", "4s": 0, "6s": 0, "mod": {"dismissedBp": {"innings": 1, "over": 15, "ball": 1}, "countingBp": {"innings": 1, "over": 15, "ball": 1}, "text": "c Chris Gayle b Vinay Kumar", "bowlerId": 166, "additionalPlayerIds": [236], "dismissedMethod": "ct", "isOut": true}}, {"playerId": 89, "r": 2, "b": 5, "sr": "40.00", "4s": 0, "6s": 0, "mod": {"dismissedBp": {"innings": 1, "over": 17, "ball": 5}, "countingBp": {"innings": 1, "over": 17, "ball": 5}, "text": "c Mayank Agarwal b Zaheer Khan", "bowlerId": 165, "additionalPlayerIds": [158], "dismissedMethod": "ct", "isOut": true}}, {"playerId": 200, "r": 3, "b": 4, "sr": "75.00", "4s": 0, "6s": 0, "mod": {"dismissedBp": {"innings": 1, "over": 18, "ball": 2}, "countingBp": {"innings": 1, "over": 18, "ball": 2}, "text": "c Daniel Vettori b Muttiah Muralitharan", "bowlerId": 241, "additionalPlayerIds": [243], "dismissedMethod": "ct", "isOut": true}}, {"playerId": 201, "r": 4, "b": 4, "sr": "100.00", "4s": 0, "6s": 0, "mod": {"dismissedBp": {"innings": 1, "over": 19, "ball": 3}, "countingBp": {"innings": 1, "over": 19, "ball": 3}, "text": "c Cheteshwar Pujara b Vinay Kumar", "bowlerId": 166, "additionalPlayerIds": [156], "dismissedMethod": "ct", "isOut": true}}, {"playerId": 88, "r": 5, "b": 8, "sr": "62.50", "4s": 0, "6s": 0, "mod": {"dismissedBp": {"innings": 1, "over": 20, "ball": 3}, "countingBp": {"innings": 1, "over": 20, "ball": 3}, "text": "c Zaheer Khan b Harshal Patel", "bowlerId": 157, "additionalPlayerIds": [165], "dismissedMethod": "ct", "isOut": true}}, {"playerId": 196, "r": 8, "b": 4, "sr": "200.00", "4s": 0, "6s": 1}, {"playerId": 92, "r": 4, "b": 1, "sr": "400.00", "4s": 1, "6s": 0}], "bowlingStats": [{"playerId": 165, "ov": "4", "r": 31, "w": 2, "d": 12, "maid": 0, "e": "7.75", "wd": 0, "nb": 0}, {"playerId": 166, "ov": "4", "r": 18, "w": 2, "d": 13, "maid": 0, "e": "4.50", "wd": 0, "nb": 0}, {"playerId": 157, "ov": "4", "r": 46, "w": 1, "d": 6, "maid": 0, "e": "11.50", "wd": 0, "nb": 0}, {"playerId": 241, "ov": "4", "r": 31, "w": 2, "d": 7, "maid": 0, "e": "7.75", "wd": 2, "nb": 0}, {"playerId": 243, "ov": "3", "r": 22, "w": 1, "d": 6, "maid": 0, "e": "7.33", "wd": 0, "nb": 0}, {"playerId": 164, "ov": "1", "r": 13, "w": 0, "d": 1, "maid": 0, "e": "13.00", "wd": 0, "nb": 0}], "fow": [{"bp": {"innings": 1, "over": 7, "ball": 2}, "playerId": 198, "ret": false, "w": 1, "r": 60}, {"bp": {"innings": 1, "over": 14, "ball": 3}, "playerId": 90, "ret": false, "w": 2, "r": 125}, {"bp": {"innings": 1, "over": 15, "ball": 1}, "playerId": 96, "ret": false, "w": 3, "r": 126}, {"bp": {"innings": 1, "over": 17, "ball": 2}, "playerId": 84, "ret": false, "w": 4, "r": 139}, {"bp": {"innings": 1, "over": 17, "ball": 5}, "playerId": 89, "ret": false, "w": 5, "r": 140}, {"bp": {"innings": 1, "over": 18, "ball": 2}, "playerId": 200, "ret": false, "w": 6, "r": 143}, {"bp": {"innings": 1, "over": 19, "ball": 3}, "playerId": 201, "ret": false, "w": 7, "r": 151}, {"bp": {"innings": 1, "over": 20, "ball": 3}, "playerId": 88, "ret": false, "w": 8, "r": 154}], "extras": {"noBallRuns": 0, "wideRuns": 2, "byeRuns": 0, "legByeRuns": 4, "penaltyRuns": 0}, "declared": false}, "overHistory": [{"ovNo": 1, "ovBalls": [".", ".", ".", ".", "4", "."]}, {"ovNo": 2, "ovBalls": ["1", ".", ".", "3Lb", ".", "4"]}, {"ovNo": 3, "ovBalls": ["4", ".", "4", ".", ".", "."]}, {"ovNo": 4, "ovBalls": ["4", ".", "4", "6", "1", "."]}, {"ovNo": 5, "ovBalls": ["4", "4", "1", "1", "1", "1"]}, {"ovNo": 6, "ovBalls": ["6", "1", ".", "1", "1", "4"]}, {"ovNo": 7, "ovBalls": [".", "W", ".", "1", "1", "1"]}, {"ovNo": 8, "ovBalls": ["6", ".", "1", "1", "4", "1"]}, {"ovNo": 9, "ovBalls": ["1", "1", ".", "2", "4", "."]}, {"ovNo": 10, "ovBalls": [".", "4", "1", "1Lb", "1", "1"]}, {"ovNo": 11, "ovBalls": ["1", "1", "6", ".", "2", "1"]}, {"ovNo": 12, "ovBalls": [".", "6", "1", "1", "2", "2"]}, {"ovNo": 13, "ovBalls": ["1", "1", ".", "1", "1", "4"]}, {"ovNo": 14, "ovBalls": ["1", "1", "W", ".", "1", "."]}, {"ovNo": 15, "ovBalls": ["W", "1", ".", "1", ".", "."]}, {"ovNo": 16, "ovBalls": ["2", ".", "2", "1", "1", "1"]}, {"ovNo": 17, "ovBalls": ["4", "W", ".", "1", "W", "2"]}, {"ovNo": 18, "ovBalls": ["1", "W", "1", "1Wd", "1Wd", "1", "1", "2"]}, {"ovNo": 19, "ovBalls": [".", "1", "W", ".", ".", "2"]}, {"ovNo": 20, "ovBalls": [".", "1", "W", "6", "1", "4"]}]}, {"inningsNumber": 2, "runRate": "6.15", "overProgress": "20", "declared": false, "scorecard": {"runs": 123, "wkts": 9, "allOut": false, "battingStats": [{"playerId": 156, "r": 6, "b": 9, "sr": "66.66", "4s": 0, "6s": 1, "mod": {"dismissedBp": {"innings": 2, "over": 2, "ball": 4}, "countingBp": {"innings": 2, "over": 2, "ball": 4}, "text": "c Yusuf Pathan b Jacques Kallis", "bowlerId": 198, "additionalPlayerIds": [96], "dismissedMethod": "ct", "isOut": true}}, {"playerId": 236, "r": 2, "b": 8, "sr": "25.00", "4s": 0, "6s": 0, "mod": {"dismissedBp": {"innings": 2, "over": 4, "ball": 3}, "countingBp": {"innings": 2, "over": 4, "ball": 3}, "text": "c Laxmi Ratan Shukla b Jacques Kallis", "bowlerId": 198, "additionalPlayerIds": [88], "dismissedMethod": "ct", "isOut": true}}, {"playerId": 164, "r": 6, "b": 14, "sr": "42.85", "4s": 1, "6s": 0, "mod": {"dismissedBp": {"innings": 2, "over": 6, "ball": 5}, "countingBp": {"innings": 2, "over": 6, "ball": 5}, "text": "c Manoj Tiwary b Lakshmipathy Balaji", "bowlerId": 87, "additionalPlayerIds": [89], "dismissedMethod": "ct", "isOut": true}}, {"playerId": 233, "r": 10, "b": 10, "sr": "100.00", "4s": 1, "6s": 0, "mod": {"dismissedBp": {"innings": 2, "over": 8, "ball": 2}, "countingBp": {"innings": 2, "over": 8, "ball": 2}, "text": "b Lakshmipathy Balaji", "bowlerId": 87, "dismissedMethod": "b", "isOut": true}}, {"playerId": 163, "r": 18, "b": 19, "sr": "94.73", "4s": 1, "6s": 0, "mod": {"dismissedBp": {"innings": 2, "over": 15, "ball": 3}, "countingBp": {"innings": 2, "over": 15, "ball": 2}, "text": "c Laxmi Ratan Shukla b Ryan ten Doeschate", "bowlerId": 200, "additionalPlayerIds": [88], "dismissedMethod": "ct", "isOut": true}}, {"playerId": 158, "r": 5, "b": 6, "sr": "83.33", "4s": 0, "6s": 0, "mod": {"dismissedBp": {"innings": 2, "over": 10, "ball": 1}, "countingBp": {"innings": 2, "over": 10, "ball": 1}, "text": "c Gautam Gambhir b Lakshmipathy Balaji", "bowlerId": 87, "additionalPlayerIds": [84], "dismissedMethod": "ct", "isOut": true}}, {"playerId": 243, "r": 20, "b": 12, "sr": "166.66", "4s": 3, "6s": 1, "mod": {"dismissedBp": {"innings": 2, "over": 12, "ball": 6}, "countingBp": {"innings": 2, "over": 12, "ball": 5}, "text": "b Lakshmipathy Balaji", "bowlerId": 87, "dismissedMethod": "b", "isOut": true}}, {"playerId": 166, "r": 25, "b": 26, "sr": "96.15", "4s": 0, "6s": 1, "mod": {"dismissedBp": {"innings": 2, "over": 20, "ball": 6}, "countingBp": {"innings": 2, "over": 20, "ball": 6}, "text": "c Laxmi Ratan Shukla b Shakib Al Hasan", "bowlerId": 201, "additionalPlayerIds": [88], "dismissedMethod": "ct", "isOut": true}}, {"playerId": 157, "r": 10, "b": 9, "sr": "111.11", "4s": 1, "6s": 0, "mod": {"dismissedBp": {"innings": 2, "over": 18, "ball": 7}, "countingBp": {"innings": 2, "over": 18, "ball": 6}, "text": "b Shakib Al Hasan", "bowlerId": 201, "dismissedMethod": "b", "isOut": true}}, {"playerId": 165, "r": 11, "b": 7, "sr": "157.14", "4s": 1, "6s": 0}], "bowlingStats": [{"playerId": 196, "ov": "4", "r": 21, "w": 0, "d": 17, "maid": 0, "e": "5.25", "wd": 0, "nb": 0}, {"playerId": 198, "ov": "2", "r": 7, "w": 2, "d": 8, "maid": 0, "e": "3.50", "wd": 0, "nb": 0}, {"playerId": 87, "ov": "4", "r": 18, "w": 4, "d": 14, "maid": 1, "e": "4.50", "wd": 1, "nb": 0}, {"playerId": 92, "ov": "4", "r": 30, "w": 0, "d": 6, "maid": 0, "e": "7.50", "wd": 0, "nb": 0}, {"playerId": 200, "ov": "3", "r": 24, "w": 1, "d": 2, "maid": 0, "e": "8.00", "wd": 3, "nb": 0}, {"playerId": 201, "ov": "3", "r": 21, "w": 2, "d": 4, "maid": 0, "e": "7.00", "wd": 3, "nb": 0}], "fow": [{"bp": {"innings": 2, "over": 2, "ball": 4}, "playerId": 156, "ret": false, "w": 1, "r": 7}, {"bp": {"innings": 2, "over": 4, "ball": 3}, "playerId": 236, "ret": false, "w": 2, "r": 8}, {"bp": {"innings": 2, "over": 6, "ball": 5}, "playerId": 164, "ret": false, "w": 3, "r": 20}, {"bp": {"innings": 2, "over": 8, "ball": 2}, "playerId": 233, "ret": false, "w": 4, "r": 25}, {"bp": {"innings": 2, "over": 10, "ball": 1}, "playerId": 158, "ret": false, "w": 5, "r": 33}, {"bp": {"innings": 2, "over": 12, "ball": 5}, "playerId": 243, "ret": false, "w": 6, "r": 60}, {"bp": {"innings": 2, "over": 15, "ball": 2}, "playerId": 163, "ret": false, "w": 7, "r": 78}, {"bp": {"innings": 2, "over": 18, "ball": 6}, "playerId": 157, "ret": false, "w": 8, "r": 106}, {"bp": {"innings": 2, "over": 20, "ball": 6}, "playerId": 166, "ret": false, "w": 9, "r": 123}], "extras": {"noBallRuns": 0, "wideRuns": 8, "byeRuns": 1, "legByeRuns": 1, "penaltyRuns": 0}, "declared": false}, "overHistory": [{"ovNo": 1, "ovBalls": [".", ".", "6", ".", ".", "."]}, {"ovNo": 2, "ovBalls": ["1", ".", ".", "W", ".", "."]}, {"ovNo": 3, "ovBalls": [".", ".", ".", "1", ".", "."]}, {"ovNo": 4, "ovBalls": [".", ".", "W", "1", "1", "4"]}, {"ovNo": 5, "ovBalls": ["4", ".", "1", ".", ".", "1"]}, {"ovNo": 6, "ovBalls": [".", ".", ".", ".", "W", "."]}, {"ovNo": 7, "ovBalls": [".", ".", "1", ".", "1", "1"]}, {"ovNo": 8, "ovBalls": ["2", "W", "1", "1", "1", "."]}, {"ovNo": 9, "ovBalls": ["1", ".", "1", "1", "1", "1"]}, {"ovNo": 10, "ovBalls": ["W", "4", ".", "4", "1", "1"]}, {"ovNo": 11, "ovBalls": ["1", ".", "6", "4", "1", "2"]}, {"ovNo": 12, "ovBalls": [".", "1Wd", "1B", "1", ".", "W", "1"]}, {"ovNo": 13, "ovBalls": ["1", "1", "1Wd", "1", "1", "1", "1"]}, {"ovNo": 14, "ovBalls": ["1", "1", "4", "1", ".", "1"]}, {"ovNo": 15, "ovBalls": ["1", "1Wd", "W", ".", "1", "1", "1"]}, {"ovNo": 16, "ovBalls": ["1Wd", "4", "1Wd", "1", "1", "1", ".", "1Lb"]}, {"ovNo": 17, "ovBalls": [".", ".", "2", ".", ".", "6"]}, {"ovNo": 18, "ovBalls": ["1", "2", "1Wd", "1", "1", "1", "W"]}, {"ovNo": 19, "ovBalls": ["2Wd", "1", "1", "4", "1", "1", "2"]}, {"ovNo": 20, "ovBalls": ["1", "1", "1", "1", "1", "W"]}]}]}