{"matchInfo": {"additionalInfo": {"sixes.video.thumb": "https://resources.platform.iplt20.com/photo-resources/2019/04/06/6bc5fff6-b669-4a70-a80d-d02b3f605924/lwMvzdSl.jpg?width=390&height=219", "sixes.video.id": "163858", "match.video.thumb": "https://resources.platform.iplt20.com/photo-resources/2019/04/06/91c6c203-9828-4e63-8d0f-410b49d20f38/XwwgdNYe.jpg?width=390&height=219", "mom.video.thumb": "https://resources.platform.iplt20.com/photo-resources/2019/04/06/b9710d9c-d18c-4a41-bf2a-703e1aab5cdf/hktGTUsL.jpg?width=390&height=219", "mom.video.id": "164030", "referee.name": "Col. Chinmaya Sharma", "report.thumb": "https://resources.platform.iplt20.com/photo-resources/2019/04/06/e75f2779-858b-4f76-942d-e00a09cb3d65/SA-i-KAT_-70581.JPG?width=390&height=219", "match.summary": "", "umpire.name.1": "KN Ananthapadmanabhan", "umpire.name.2": "Rod Tucker", "umpire.name.3": "C Shamshuddin", "umpire.name.4": "K Srinath", "interview.thumb": "https://resources.platform.iplt20.com/photo-resources/2019/04/06/e4bd366b-7046-4b35-b9cf-358047e47514/bhajji-int.jpg?width=390&height=219", "result.playerofthematch": "Harbhajan Singh", "toss.elected": "Chennai Super Kings, who chose to bat", "report.link": "https://www.iplt20.com/news/164296/match-report-m18-csk-v-kxip", "notes.1.1": "Powerplay: 54 runs, 0 wickets", "notes.1.2": "CSK: 50 runs in 5.3 overs", "notes.2.1": "Powerplay: 46 runs, 2 wickets", "notes.1.3": "1st Wicket: 50 runs in 33 balls (Shane Watson 22, Faf du Plessis 27)", "notes.2.2": "KXIP: 50 runs in 7.3 overs", "notes.1.4": "Faf du Plessis: 50 off 33 balls (2 x fours, 4 x sixes)", "notes.2.3": "3rd Wicket: 50 runs in 38 balls (KL Rahul 28, Sarfaraz Khan 25)", "notes.1.5": "CSK: 100 runs in 13.2 overs", "notes.2.4": "KXIP: 100 runs in 13.6 overs", "notes.1.6": "CSK: 150 runs in 19.1 overs", "notes.2.5": "Sarfaraz Khan: 50 off 42 balls (3 x fours, 2 x sixes)", "notes.1.7": "4th Wicket: 50 runs in 33 balls (MS Dhoni 31, Ambati Rayudu 19)", "notes.2.6": "3rd Wicket: 100 runs in 80 balls (KL Rahul 48, Sarfaraz Khan 51)", "notes.1.8": "Innings Break: CSK - 160/3 in 20 overs", "notes.2.7": "KL Rahul: 50 off 41 balls (3 x fours, 1 x six)", "highlights.link": "https://www.iplt20.com/video/163891", "match.video.id": "163891", "stats.link": "", "toss.winner": "Chennai Super Kings", "interview.link": "https://www.iplt20.com/video/164258", "stats.thumb": ""}, "teams": [{"id": 11635, "team": {"id": 1, "fullName": "Chennai Super Kings", "shortName": "Super Kings", "abbreviation": "CSK", "type": "m", "primaryColor": "FDB913", "secondaryColor": "0081E5"}, "players": [{"id": 227, "fullName": "Shane Watson", "shortName": "S Watson", "nationality": "Australian", "dateOfBirth": "1981-06-17", "rightArmedBowl": true, "rightHandedBat": true, "bowlingStyle": "MEDIUM_SEAM"}, {"id": 100, "fullName": "Ambati Rayudu", "shortName": "A Rayudu", "nationality": "Indian", "dateOfBirth": "1985-09-23", "rightArmedBowl": true, "rightHandedBat": true, "bowlingStyle": "OFF_SPIN"}, {"id": 14, "fullName": "Suresh Raina", "shortName": "S Raina", "nationality": "Indian", "dateOfBirth": "1986-11-27", "rightArmedBowl": true, "rightHandedBat": false, "bowlingStyle": "OFF_SPIN"}, {"id": 24, "fullName": "Faf du Plessis", "shortName": "F du Plessis", "nationality": "South African", "dateOfBirth": "1984-07-13", "rightArmedBowl": true, "rightHandedBat": true, "bowlingStyle": "LEG_SPIN"}, {"id": 297, "fullName": "Kedar Jadhav", "shortName": "K Jadhav", "nationality": "Indian", "dateOfBirth": "1985-03-26", "rightArmedBowl": true, "rightHandedBat": true, "bowlingStyle": "OFF_SPIN"}, {"id": 1, "fullName": "MS Dhoni", "shortName": "MS Dhoni", "nationality": "Indian", "dateOfBirth": "1981-07-07", "rightArmedBowl": true, "rightHandedBat": true, "bowlingStyle": "MEDIUM_SEAM"}, {"id": 9, "fullName": "Ravindra Jadeja", "shortName": "R Jadeja", "nationality": "Indian", "dateOfBirth": "1988-12-06", "rightArmedBowl": false, "rightHandedBat": false, "bowlingStyle": "ORTHODOX"}, {"id": 1859, "fullName": "Scott Kuggeleijn", "shortName": "S Kuggeleijn", "nationality": "New Zealander", "dateOfBirth": "1992-01-03", "rightArmedBowl": true, "rightHandedBat": true, "bowlingStyle": "FAST_SEAM"}, {"id": 140, "fullName": "Deepak Chahar", "shortName": "D Chahar", "nationality": "Indian", "dateOfBirth": "1992-08-07", "rightArmedBowl": true, "rightHandedBat": true, "bowlingStyle": "MEDIUM_SEAM"}, {"id": 103, "fullName": "Harbhajan Singh", "shortName": "H Singh", "nationality": "Indian", "dateOfBirth": "1980-07-03", "rightArmedBowl": true, "rightHandedBat": true, "bowlingStyle": "OFF_SPIN"}, {"id": 898, "fullName": "Imran Tahir", "shortName": "I Tahir", "nationality": "South African", "dateOfBirth": "1979-03-27", "rightArmedBowl": true, "rightHandedBat": true, "bowlingStyle": "LEG_SPIN"}], "wicketKeeper": {"id": 1, "fullName": "MS Dhoni", "shortName": "MS Dhoni", "nationality": "Indian", "dateOfBirth": "1981-07-07", "rightArmedBowl": true, "rightHandedBat": true, "bowlingStyle": "MEDIUM_SEAM"}, "captain": {"id": 1, "fullName": "MS Dhoni", "shortName": "MS Dhoni", "nationality": "Indian", "dateOfBirth": "1981-07-07", "rightArmedBowl": true, "rightHandedBat": true, "bowlingStyle": "MEDIUM_SEAM"}}, {"id": 11634, "team": {"id": 4, "fullName": "Punjab Kings", "shortName": "Punjab Kings", "abbreviation": "PBKS", "type": "m", "primaryColor": "DA1F3D", "secondaryColor": "FFFFFF"}, "players": [{"id": 1125, "fullName": "KL Rahul", "shortName": "KL Rahul", "nationality": "Indian", "dateOfBirth": "1992-04-18", "rightArmedBowl": true, "rightHandedBat": true}, {"id": 236, "fullName": "Chris Gayle", "shortName": "C Gayle", "nationality": "West Indian", "dateOfBirth": "1979-09-21", "rightArmedBowl": true, "rightHandedBat": false, "bowlingStyle": "OFF_SPIN"}, {"id": 158, "fullName": "Mayank Agarwal", "shortName": "M Agarwal", "nationality": "Indian", "dateOfBirth": "1991-02-18", "rightArmedBowl": true, "rightHandedBat": true}, {"id": 187, "fullName": "David Miller", "shortName": "D Miller", "nationality": "South African", "dateOfBirth": "1989-06-10", "rightArmedBowl": true, "rightHandedBat": false, "bowlingStyle": "OFF_SPIN"}, {"id": 1564, "fullName": "Sarfaraz Khan", "shortName": "SN Khan", "nationality": "Indian", "dateOfBirth": "1997-10-22", "rightArmedBowl": true, "rightHandedBat": true, "bowlingStyle": "LEG_SPIN"}, {"id": 72, "fullName": "Mandeep Singh", "shortName": "M Singh", "nationality": "Indian", "dateOfBirth": "1991-12-18", "rightArmedBowl": true, "rightHandedBat": true}, {"id": 2939, "fullName": "Sam Curran", "shortName": "S Curran", "nationality": "English", "dateOfBirth": "1998-06-03", "rightArmedBowl": false, "rightHandedBat": false, "bowlingStyle": "MEDIUM_SEAM"}, {"id": 8, "fullName": "Ravichandran Ashwin", "shortName": "R Ashwin", "nationality": "Indian", "dateOfBirth": "1986-09-17", "rightArmedBowl": true, "rightHandedBat": true, "bowlingStyle": "OFF_SPIN"}, {"id": 3187, "fullName": "Murugan Ashwin", "shortName": "M Ashwin", "nationality": "Indian", "dateOfBirth": "1990-09-08", "rightArmedBowl": true, "rightHandedBat": true, "bowlingStyle": "LEG_SPIN"}, {"id": 1480, "fullName": "Andrew Tye", "shortName": "A Tye", "nationality": "Australian", "dateOfBirth": "1986-12-12", "rightArmedBowl": true, "rightHandedBat": true, "bowlingStyle": "MEDIUM_SEAM"}, {"id": 94, "fullName": "Mohammad Shami", "shortName": "M Shami", "nationality": "Indian", "dateOfBirth": "1990-09-03", "rightArmedBowl": true, "rightHandedBat": true, "bowlingStyle": "FAST_SEAM"}], "wicketKeeper": {"id": 1125, "fullName": "KL Rahul", "shortName": "KL Rahul", "nationality": "Indian", "dateOfBirth": "1992-04-18", "rightArmedBowl": true, "rightHandedBat": true}, "captain": {"id": 8, "fullName": "Ravichandran Ashwin", "shortName": "R Ashwin", "nationality": "Indian", "dateOfBirth": "1986-09-17", "rightArmedBowl": true, "rightHandedBat": true, "bowlingStyle": "OFF_SPIN"}}], "venue": {"id": 1, "fullName": "M. A. Chidambaram Stadium", "shortName": "Chidambaram", "city": "Chennai", "country": "India"}, "matchDate": "2019-04-06T16:00:00+0530", "matchEndDate": "2019-04-06T23:00:00+0530", "matchDateMs": 1554546600000, "matchEndDateMs": 1554571800000, "isLimitedOvers": true, "battingOrder": [0, 1], "matchBroadcast": false, "matchState": "C", "matchStatus": {"outcome": "A", "text": "Chennai Super Kings won by 22 runs"}, "description": "Match 18", "matchSummary": "", "matchType": "IPLT20", "tournamentLabel": "IPL 2019", "oversLimit": 20, "groupName": ""}, "matchId": {"id": 11309, "name": "ipl2019-18", "tournamentId": {"id": 10192, "name": "ipl2019", "provisional": false}}, "currentState": {"inProgress": false, "phase": "C", "currentInningsIndex": 1, "currentBatsmen": [72, 2939], "facingBatsman": 72, "nonFacingBatsman": 2939, "currentBowler": -1, "previousBowler": 140, "previousBowlerCurrentSpell": {"playerId": 140, "ov": "1", "r": 13, "w": 1, "d": 1, "maid": 0, "e": "13.00", "wd": 0, "nb": 2}, "currentPartnership": 1, "partnership": {"runs": 1, "balls": 2, "runRate": "3.00"}, "recentOvers": [{"ovNo": 15, "ovBalls": ["1", "1", ".", "1", "1", "1"]}, {"ovNo": 16, "ovBalls": [".", "2", "1", "1", "1", "."]}, {"ovNo": 17, "ovBalls": ["1", "1", "1", ".", "1", "1"]}, {"ovNo": 18, "ovBalls": ["1", "1", "W", "1", "4", "."]}, {"ovNo": 19, "ovBalls": ["5Nb", "3Nb", "1", "1", "1", "1", "1", "W"]}, {"ovNo": 20, "ovBalls": ["2", ".", ".", "W", "1", "."]}]}, "innings": [{"inningsNumber": 1, "runRate": "8.00", "overProgress": "20", "declared": false, "scorecard": {"runs": 160, "wkts": 3, "allOut": false, "battingStats": [{"playerId": 227, "r": 26, "b": 24, "sr": "108.33", "4s": 3, "6s": 1, "mod": {"dismissedBp": {"innings": 1, "over": 8, "ball": 2}, "countingBp": {"innings": 1, "over": 8, "ball": 2}, "text": "c Sam Curran b Ravichandran Ashwin", "bowlerId": 8, "additionalPlayerIds": [2939], "dismissedMethod": "ct", "isOut": true}}, {"playerId": 24, "r": 54, "b": 38, "sr": "142.10", "4s": 2, "6s": 4, "mod": {"dismissedBp": {"innings": 1, "over": 14, "ball": 3}, "countingBp": {"innings": 1, "over": 14, "ball": 3}, "text": "c David Miller b Ravichandran Ashwin", "bowlerId": 8, "additionalPlayerIds": [187], "dismissedMethod": "ct", "isOut": true}}, {"playerId": 14, "r": 17, "b": 20, "sr": "85.00", "4s": 1, "6s": 0, "mod": {"dismissedBp": {"innings": 1, "over": 14, "ball": 4}, "countingBp": {"innings": 1, "over": 14, "ball": 4}, "text": "b Ravichandran Ashwin", "bowlerId": 8, "dismissedMethod": "b", "isOut": true}}, {"playerId": 1, "r": 37, "b": 23, "sr": "160.86", "4s": 4, "6s": 1}, {"playerId": 100, "r": 21, "b": 15, "sr": "140.00", "4s": 1, "6s": 1}], "bowlingStats": [{"playerId": 94, "ov": "4", "r": 41, "w": 0, "d": 6, "maid": 0, "e": "10.25", "wd": 1, "nb": 0}, {"playerId": 8, "ov": "4", "r": 23, "w": 3, "d": 10, "maid": 0, "e": "5.75", "wd": 1, "nb": 0}, {"playerId": 2939, "ov": "4", "r": 35, "w": 0, "d": 6, "maid": 0, "e": "8.75", "wd": 1, "nb": 0}, {"playerId": 1480, "ov": "4", "r": 38, "w": 0, "d": 7, "maid": 0, "e": "9.50", "wd": 1, "nb": 0}, {"playerId": 3187, "ov": "4", "r": 23, "w": 0, "d": 8, "maid": 0, "e": "5.75", "wd": 1, "nb": 0}], "fow": [{"bp": {"innings": 1, "over": 8, "ball": 2}, "playerId": 227, "ret": false, "w": 1, "r": 56}, {"bp": {"innings": 1, "over": 14, "ball": 3}, "playerId": 24, "ret": false, "w": 2, "r": 100}, {"bp": {"innings": 1, "over": 14, "ball": 4}, "playerId": 14, "ret": false, "w": 3, "r": 100}], "extras": {"noBallRuns": 0, "wideRuns": 5, "byeRuns": 0, "legByeRuns": 0, "penaltyRuns": 0}, "declared": false}, "overHistory": [{"ovNo": 1, "ovBalls": ["1Wd", ".", "1", ".", "1", ".", "1"]}, {"ovNo": 2, "ovBalls": ["1", "1", "4", ".", ".", "."]}, {"ovNo": 3, "ovBalls": ["1", "1", "4", "4", ".", "6"]}, {"ovNo": 4, "ovBalls": [".", ".", "1", "1", ".", "1"]}, {"ovNo": 5, "ovBalls": ["4", "6", "1", ".", "6", "1"]}, {"ovNo": 6, "ovBalls": ["1", "1", "1", ".", ".", "4"]}, {"ovNo": 7, "ovBalls": [".", ".", ".", ".", "1", "."]}, {"ovNo": 8, "ovBalls": ["1", "W", "1", "1", "1", "1Wd", "."]}, {"ovNo": 9, "ovBalls": ["1", ".", ".", "1", "1", "1"]}, {"ovNo": 10, "ovBalls": ["1", "1", ".", ".", "4", "1"]}, {"ovNo": 11, "ovBalls": ["1", "1", "1", "1", "1", "2"]}, {"ovNo": 12, "ovBalls": ["1", "6", ".", "1", "1", "."]}, {"ovNo": 13, "ovBalls": ["1", "6", ".", "1Wd", "1", "1", "1"]}, {"ovNo": 14, "ovBalls": ["1", "1", "W", "W", ".", "1"]}, {"ovNo": 15, "ovBalls": ["1", ".", ".", "1", "4", "1"]}, {"ovNo": 16, "ovBalls": ["1", ".", ".", ".", ".", "1"]}, {"ovNo": 17, "ovBalls": ["1", "1", "2", "1", ".", "1"]}, {"ovNo": 18, "ovBalls": ["1", "2", "1Wd", "1", "1", "4", "1"]}, {"ovNo": 19, "ovBalls": ["1Wd", "6", "1", "1", "4", "4", "2"]}, {"ovNo": 20, "ovBalls": ["6", "1", "4", "1", "1", "1"]}]}, {"inningsNumber": 2, "runRate": "6.90", "overProgress": "20", "declared": false, "scorecard": {"runs": 138, "wkts": 5, "allOut": false, "battingStats": [{"playerId": 1125, "r": 55, "b": 47, "sr": "117.02", "4s": 3, "6s": 1, "mod": {"dismissedBp": {"innings": 2, "over": 18, "ball": 3}, "countingBp": {"innings": 2, "over": 18, "ball": 3}, "text": "c Ravindra Jadeja b Scott Kuggeleijn", "bowlerId": 1859, "additionalPlayerIds": [9], "dismissedMethod": "ct", "isOut": true}}, {"playerId": 236, "r": 5, "b": 7, "sr": "71.42", "4s": 1, "6s": 0, "mod": {"dismissedBp": {"innings": 2, "over": 2, "ball": 4}, "countingBp": {"innings": 2, "over": 2, "ball": 4}, "text": "c MS Dhoni b Harbhajan Singh", "bowlerId": 103, "additionalPlayerIds": [1], "dismissedMethod": "ct", "isOut": true}}, {"playerId": 158, "r": 0, "b": 2, "sr": "0.00", "4s": 0, "6s": 0, "mod": {"dismissedBp": {"innings": 2, "over": 2, "ball": 6}, "countingBp": {"innings": 2, "over": 2, "ball": 6}, "text": "c Faf du Plessis b Harbhajan Singh", "bowlerId": 103, "additionalPlayerIds": [24], "dismissedMethod": "ct", "isOut": true}}, {"playerId": 1564, "r": 67, "b": 59, "sr": "113.55", "4s": 4, "6s": 2, "mod": {"dismissedBp": {"innings": 2, "over": 20, "ball": 4}, "countingBp": {"innings": 2, "over": 20, "ball": 4}, "text": "c Faf du Plessis b Scott Kuggeleijn", "bowlerId": 1859, "additionalPlayerIds": [24], "dismissedMethod": "ct", "isOut": true}}, {"playerId": 187, "r": 6, "b": 5, "sr": "120.00", "4s": 1, "6s": 0, "mod": {"dismissedBp": {"innings": 2, "over": 19, "ball": 8}, "countingBp": {"innings": 2, "over": 19, "ball": 6}, "text": "b Deepak Chahar", "bowlerId": 140, "dismissedMethod": "b", "isOut": true}}, {"playerId": 72, "r": 1, "b": 1, "sr": "100.00", "4s": 0, "6s": 0}, {"playerId": 2939, "r": 0, "b": 1, "sr": "0.00", "4s": 0, "6s": 0}], "bowlingStats": [{"playerId": 140, "ov": "4", "r": 40, "w": 1, "d": 8, "maid": 0, "e": "10.00", "wd": 1, "nb": 2}, {"playerId": 103, "ov": "4", "r": 17, "w": 2, "d": 10, "maid": 1, "e": "4.25", "wd": 0, "nb": 0}, {"playerId": 1859, "ov": "4", "r": 37, "w": 2, "d": 7, "maid": 0, "e": "9.25", "wd": 1, "nb": 0}, {"playerId": 9, "ov": "4", "r": 24, "w": 0, "d": 7, "maid": 0, "e": "6.00", "wd": 0, "nb": 0}, {"playerId": 898, "ov": "4", "r": 20, "w": 0, "d": 7, "maid": 0, "e": "5.00", "wd": 0, "nb": 0}], "fow": [{"bp": {"innings": 2, "over": 2, "ball": 4}, "playerId": 236, "ret": false, "w": 1, "r": 7}, {"bp": {"innings": 2, "over": 2, "ball": 6}, "playerId": 158, "ret": false, "w": 2, "r": 7}, {"bp": {"innings": 2, "over": 18, "ball": 3}, "playerId": 1125, "ret": false, "w": 3, "r": 117}, {"bp": {"innings": 2, "over": 19, "ball": 6}, "playerId": 187, "ret": false, "w": 4, "r": 135}, {"bp": {"innings": 2, "over": 20, "ball": 4}, "playerId": 1564, "ret": false, "w": 5, "r": 137}], "extras": {"noBallRuns": 2, "wideRuns": 2, "byeRuns": 0, "legByeRuns": 0, "penaltyRuns": 0}, "declared": false}, "overHistory": [{"ovNo": 1, "ovBalls": [".", "1", "1Wd", "4", ".", "1", "."]}, {"ovNo": 2, "ovBalls": [".", ".", ".", "W", ".", "W"]}, {"ovNo": 3, "ovBalls": [".", ".", "1", "2", ".", "1"]}, {"ovNo": 4, "ovBalls": ["1", "1", "1", "2", "2", "1"]}, {"ovNo": 5, "ovBalls": ["4", "1", ".", "1", "6", "4"]}, {"ovNo": 6, "ovBalls": ["6", "1", "2", "1", ".", "1"]}, {"ovNo": 7, "ovBalls": [".", "1", "1", "1", ".", "."]}, {"ovNo": 8, "ovBalls": [".", ".", "1", "1", ".", "4"]}, {"ovNo": 9, "ovBalls": ["1", "4", "1", "4", "1", "1"]}, {"ovNo": 10, "ovBalls": [".", "1", ".", "1", "1", "1"]}, {"ovNo": 11, "ovBalls": ["1", "1", "1", ".", ".", "1"]}, {"ovNo": 12, "ovBalls": ["2", "4", "1Wd", "1", "1", "6", "1"]}, {"ovNo": 13, "ovBalls": [".", "1", "2", "1", "1", "."]}, {"ovNo": 14, "ovBalls": ["1", "1", ".", ".", "1", "1"]}, {"ovNo": 15, "ovBalls": ["1", "1", ".", "1", "1", "1"]}, {"ovNo": 16, "ovBalls": [".", "2", "1", "1", "1", "."]}, {"ovNo": 17, "ovBalls": ["1", "1", "1", ".", "1", "1"]}, {"ovNo": 18, "ovBalls": ["1", "1", "W", "1", "4", "."]}, {"ovNo": 19, "ovBalls": ["5Nb", "3Nb", "1", "1", "1", "1", "1", "W"]}, {"ovNo": 20, "ovBalls": ["2", ".", ".", "W", "1", "."]}]}]}