{"matchInfo": {"additionalInfo": {"sixes.video.thumb": "http://static2.iplt20.com/cms/media/images/960x640/28030.jpg", "sixes.video.id": "857bd6281e714909b363bc313b137cf0", "match.video.thumb": "http://images.lvp.llnw.net/bec92a81ddd44d1c80669f5061c90861/media/8a20726f85f646cfb0a6508a71d16d07/9os.540x304.jpeg", "mom.video.thumb": "http://images.lvp.llnw.net/bec92a81ddd44d1c80669f5061c90861/media/d9663509b7ab4d69be5241f4bc119829/-Dt.540x304.jpeg", "mom.video.id": "d9663509b7ab4d69be5241f4bc119829", "referee.name": "Andy Pycroft", "report.thumb": "http://static2.iplt20.com/cms/media/images/630x420/28024.jpg", "match.summary": "", "umpire.name.1": "Sanjay Hazare", "umpire.name.2": "S Ravi", "umpire.name.3": "Krishnaraj Srinath", "interview.thumb": "http://static2.iplt20.com/cms/media/images/630x420/28043.jpg", "umpire.name.4": "Navdeep Singh", "away.team.fan.total": "4232", "result.playerofthematch": "Karun Nair", "toss.elected": "Rajasthan Royals, who chose to field", "notes.1.1": "Powerplay - 46 runs, 1 wicket", "notes.1.2": "DD: 50 runs in 6.6 overs", "notes.2.1": "Powerplay - 38 runs, 1 wicket", "notes.1.3": "DD: 100 runs in 15.6 overs ", "notes.2.2": "RR: 50 runs in 7.4 overs ", "notes.1.4": "DD: 150 runs in 19.5 overs", "notes.2.3": "2nd Wicket: 50 runs in 41 balls (Karun Nair 15, Sanju Samson 34)", "notes.1.5": "Innings Break: DD - 152/5 in 20 overs", "notes.2.4": "RR: 100 runs in 12.6 overs", "notes.2.5": "Karun Nair: 50 off 41 balls (5 x fours, 1 x six)", "notes.2.6": "RR: 150 runs in 18.1 overs", "highlights.link": "http://www.iplt20.com/videos/media/id/8a20726f85f646cfb0a6508a71d16d07/m23-dd-vs-rr-match-highlights", "match.video.id": "8a20726f85f646cfb0a6508a71d16d07", "stats.link": "http://www.iplt20.com/news/2014/more-news/4886/quick-stats-match-23-dd-v-rr", "home.team.fan.total": "3751", "photostream.link": "http://www.iplt20.com/photos/210/ipl-2014-match-23-dd-v-rr", "toss.winner": "Rajasthan Royals", "interview.link": "http://www.iplt20.com/news/2014/features/4889/didnt-take-enough-wickets-up-front-duminy", "stats.thumb": "http://static2.iplt20.com/cms/media/images/630x420/28036.jpg"}, "teams": [{"id": 2413, "team": {"id": 3, "fullName": "Delhi Capitals", "shortName": "Delhi", "abbreviation": "DC", "type": "m", "primaryColor": "004C93", "secondaryColor": "F83430"}, "players": [{"id": 834, "fullName": "Quinton de Kock", "shortName": "Q de Kock", "nationality": "South African", "dateOfBirth": "1992-12-17", "rightArmedBowl": false, "rightHandedBat": false}, {"id": 7, "fullName": "Murali Vijay", "shortName": "M Vijay", "nationality": "Indian", "dateOfBirth": "1984-04-01", "rightArmedBowl": false, "rightHandedBat": false}, {"id": 182, "fullName": "JP Duminy", "shortName": "JP Duminy", "nationality": "South African", "dateOfBirth": "1984-04-14", "rightArmedBowl": false, "rightHandedBat": false}, {"id": 172, "fullName": "Kevin Pietersen", "shortName": "K Pietersen", "nationality": "English", "dateOfBirth": "1980-06-27", "rightArmedBowl": true, "rightHandedBat": true, "bowlingStyle": "OFF_SPIN"}, {"id": 102, "fullName": "Dinesh Karthik", "shortName": "D Karthik", "nationality": "Indian", "dateOfBirth": "1985-06-01", "rightArmedBowl": true, "rightHandedBat": true, "bowlingStyle": "OFF_SPIN"}, {"id": 297, "fullName": "Kedar Jadhav", "shortName": "K Jadhav", "nationality": "Indian", "dateOfBirth": "1985-03-26", "rightArmedBowl": true, "rightHandedBat": true, "bowlingStyle": "OFF_SPIN"}, {"id": 223, "fullName": "Wayne Parnell", "shortName": "W Parnell", "nationality": "South African", "dateOfBirth": "1989-07-30", "rightArmedBowl": false, "rightHandedBat": false}, {"id": 57, "fullName": "Shahbaz Nadeem", "shortName": "S Nadeem", "nationality": "Indian", "dateOfBirth": "1989-08-12", "rightArmedBowl": false, "rightHandedBat": true, "bowlingStyle": "ORTHODOX"}, {"id": 94, "fullName": "Mohammad Shami", "shortName": "M Shami", "nationality": "Indian", "dateOfBirth": "1990-09-03", "rightArmedBowl": true, "rightHandedBat": true, "bowlingStyle": "FAST_SEAM"}, {"id": 86, "fullName": "Jaydev Unadkat", "shortName": "J Unadkat", "nationality": "Indian", "dateOfBirth": "1991-10-18", "rightArmedBowl": false, "rightHandedBat": true, "bowlingStyle": "MEDIUM_SEAM"}, {"id": 126, "fullName": "Rahul Sharma", "shortName": "R Sharma", "nationality": "Indian", "dateOfBirth": "1986-11-30", "rightArmedBowl": false, "rightHandedBat": false}], "wicketKeeper": {"id": 102, "fullName": "Dinesh Karthik", "shortName": "D Karthik", "nationality": "Indian", "dateOfBirth": "1985-06-01", "rightArmedBowl": true, "rightHandedBat": true, "bowlingStyle": "OFF_SPIN"}, "captain": {"id": 172, "fullName": "Kevin Pietersen", "shortName": "K Pietersen", "nationality": "English", "dateOfBirth": "1980-06-27", "rightArmedBowl": true, "rightHandedBat": true, "bowlingStyle": "OFF_SPIN"}}, {"id": 2412, "team": {"id": 8, "fullName": "Rajasthan Royals", "shortName": "Royals", "abbreviation": "RR", "type": "m", "primaryColor": "004B8C", "secondaryColor": "FFFFFF"}, "players": [{"id": 135, "fullName": "Ajinkya Rahane", "shortName": "A Rahane", "nationality": "Indian", "dateOfBirth": "1988-06-06", "rightArmedBowl": true, "rightHandedBat": true, "bowlingStyle": "MEDIUM_SEAM"}, {"id": 276, "fullName": "Karun Nair", "shortName": "K Nair", "nationality": "Indian", "dateOfBirth": "1991-12-06", "rightArmedBowl": true, "rightHandedBat": true, "bowlingStyle": "OFF_SPIN"}, {"id": 258, "fullName": "Sanju Samson", "shortName": "S Samson", "nationality": "Indian", "dateOfBirth": "1994-11-11", "rightArmedBowl": true, "rightHandedBat": true}, {"id": 227, "fullName": "Shane Watson", "shortName": "S Watson", "nationality": "Australian", "dateOfBirth": "1981-06-17", "rightArmedBowl": true, "rightHandedBat": true, "bowlingStyle": "MEDIUM_SEAM"}, {"id": 148, "fullName": "Stuart Binny", "shortName": "S Binny", "nationality": "Indian", "dateOfBirth": "1984-06-03", "rightArmedBowl": true, "rightHandedBat": true}, {"id": 271, "fullName": "Steve Smith", "shortName": "S Smith", "nationality": "Australian", "dateOfBirth": "1989-06-02", "rightArmedBowl": true, "rightHandedBat": true, "bowlingStyle": "LEG_SPIN"}, {"id": 193, "fullName": "James Faulkner", "shortName": "J Faulkner", "nationality": "Australian", "dateOfBirth": "1990-04-29", "rightArmedBowl": false, "rightHandedBat": true}, {"id": 101, "fullName": "Dhawal Kulkarni", "shortName": "D Kulkarni", "nationality": "Indian", "dateOfBirth": "1988-12-10", "rightArmedBowl": true, "rightHandedBat": true, "bowlingStyle": "MEDIUM_SEAM"}, {"id": 92, "fullName": "Rajat Bhatia", "shortName": "R Bhatia", "nationality": "Indian", "dateOfBirth": "1979-10-22", "rightArmedBowl": true, "rightHandedBat": true}, {"id": 798, "fullName": "Kane Richardson", "shortName": "K Richardson", "nationality": "Australian", "dateOfBirth": "1991-02-12", "rightArmedBowl": true, "rightHandedBat": true, "bowlingStyle": "FAST_SEAM"}, {"id": 1114, "fullName": "Pravin Tambe", "shortName": "P Tambe", "nationality": "Indian", "dateOfBirth": "1971-10-08", "rightArmedBowl": true, "rightHandedBat": true, "bowlingStyle": "LEG_SPIN"}], "wicketKeeper": {"id": 258, "fullName": "Sanju Samson", "shortName": "S Samson", "nationality": "Indian", "dateOfBirth": "1994-11-11", "rightArmedBowl": true, "rightHandedBat": true}, "captain": {"id": 227, "fullName": "Shane Watson", "shortName": "S Watson", "nationality": "Australian", "dateOfBirth": "1981-06-17", "rightArmedBowl": true, "rightHandedBat": true, "bowlingStyle": "MEDIUM_SEAM"}}], "venue": {"id": 8, "fullName": "Arun Jaitley Stadium", "shortName": "Arun Jaitley Stadium", "city": "Delhi", "country": "India"}, "matchDate": "2014-05-03T20:00:00+0530", "matchEndDate": "2014-05-03T23:00:00+0530", "matchDateMs": 1399127400000, "matchEndDateMs": 1399138200000, "isLimitedOvers": true, "battingOrder": [0, 1], "matchBroadcast": false, "matchState": "C", "matchStatus": {"outcome": "B", "text": "Rajasthan Royals won by 7 wickets"}, "description": "Match 23", "matchSummary": "", "matchType": "IPLT20", "tournamentLabel": "IPL 2014", "oversLimit": 20, "groupName": ""}, "matchId": {"id": 2446, "name": "ipl2014-23", "tournamentId": {"id": 2374, "name": "ipl2014", "provisional": false}}, "currentState": {"inProgress": false, "phase": "C", "currentInningsIndex": 1, "currentBatsmen": [276, 227], "facingBatsman": 276, "nonFacingBatsman": 227, "currentBowler": 86, "currentBowlerCurrentSpell": {"playerId": 86, "ov": "1.3", "r": 20, "w": 0, "d": 2, "maid": 0, "e": "13.33", "wd": 0, "nb": 0}, "previousBowler": 223, "previousBowlerCurrentSpell": {"playerId": 223, "ov": "1", "r": 12, "w": 0, "d": 2, "maid": 0, "e": "12.00", "wd": 0, "nb": 0}, "currentPartnership": 41, "partnership": {"runs": 41, "balls": 21, "runRate": "11.71"}, "recentOvers": [{"ovNo": 14, "ovBalls": ["1Wd", "1", ".", "1", "1", "4", "2"]}, {"ovNo": 15, "ovBalls": ["1", "1", "1", ".", "1", "W"]}, {"ovNo": 16, "ovBalls": ["1", "2", "6", ".", ".", "."]}, {"ovNo": 17, "ovBalls": ["2", ".", "1", "1", "6", "2"]}, {"ovNo": 18, "ovBalls": ["1", "4", "1", ".", ".", "6"]}, {"ovNo": 19, "ovBalls": ["4", ".", "4"]}]}, "innings": [{"inningsNumber": 1, "runRate": "7.60", "overProgress": "20", "declared": false, "scorecard": {"runs": 152, "wkts": 5, "allOut": false, "battingStats": [{"playerId": 834, "r": 42, "b": 33, "sr": "127.27", "4s": 5, "6s": 1, "mod": {"dismissedBp": {"innings": 1, "over": 10, "ball": 6}, "countingBp": {"innings": 1, "over": 10, "ball": 6}, "text": "c & b Pravin Tambe", "bowlerId": 1114, "additionalPlayerIds": [1114], "dismissedMethod": "ct", "isOut": true}}, {"playerId": 7, "r": 13, "b": 11, "sr": "118.18", "4s": 1, "6s": 0, "mod": {"dismissedBp": {"innings": 1, "over": 5, "ball": 1}, "countingBp": {"innings": 1, "over": 5, "ball": 1}, "text": "c Shane Watson b James Faulkner", "bowlerId": 193, "additionalPlayerIds": [227], "dismissedMethod": "ct", "isOut": true}}, {"playerId": 172, "r": 14, "b": 15, "sr": "93.33", "4s": 2, "6s": 0, "mod": {"dismissedBp": {"innings": 1, "over": 10, "ball": 3}, "countingBp": {"innings": 1, "over": 10, "ball": 3}, "text": "c Steve Smith b Pravin Tambe", "bowlerId": 1114, "additionalPlayerIds": [271], "dismissedMethod": "ct", "isOut": true}}, {"playerId": 102, "r": 12, "b": 16, "sr": "75.00", "4s": 0, "6s": 0, "mod": {"dismissedBp": {"innings": 1, "over": 16, "ball": 2}, "countingBp": {"innings": 1, "over": 16, "ball": 2}, "text": "c Stuart Binny b James Faulkner", "bowlerId": 193, "additionalPlayerIds": [148], "dismissedMethod": "ct", "isOut": true}}, {"playerId": 182, "r": 39, "b": 31, "sr": "125.80", "4s": 4, "6s": 1, "mod": {"dismissedBp": {"innings": 1, "over": 20, "ball": 3}, "countingBp": {"innings": 1, "over": 20, "ball": 3}, "text": "c Rajat Bhatia b Kane Richardson", "bowlerId": 798, "additionalPlayerIds": [92], "dismissedMethod": "ct", "isOut": true}}, {"playerId": 297, "r": 28, "b": 14, "sr": "200.00", "4s": 2, "6s": 2}, {"playerId": 223, "r": 0, "b": 0, "4s": 0, "6s": 0}], "bowlingStats": [{"playerId": 148, "ov": "1", "r": 9, "w": 0, "d": 1, "maid": 0, "e": "9.00", "wd": 0, "nb": 0}, {"playerId": 798, "ov": "4", "r": 39, "w": 1, "d": 8, "maid": 0, "e": "9.75", "wd": 1, "nb": 0}, {"playerId": 101, "ov": "3", "r": 18, "w": 0, "d": 6, "maid": 0, "e": "6.00", "wd": 0, "nb": 0}, {"playerId": 227, "ov": "1", "r": 11, "w": 0, "d": 2, "maid": 0, "e": "11.00", "wd": 0, "nb": 0}, {"playerId": 193, "ov": "4", "r": 26, "w": 2, "d": 9, "maid": 0, "e": "6.50", "wd": 0, "nb": 0}, {"playerId": 1114, "ov": "4", "r": 25, "w": 2, "d": 9, "maid": 0, "e": "6.25", "wd": 0, "nb": 0}, {"playerId": 92, "ov": "3", "r": 21, "w": 0, "d": 4, "maid": 0, "e": "7.00", "wd": 0, "nb": 0}], "fow": [{"bp": {"innings": 1, "over": 5, "ball": 1}, "playerId": 7, "ret": false, "w": 1, "r": 33}, {"bp": {"innings": 1, "over": 10, "ball": 3}, "playerId": 172, "ret": false, "w": 2, "r": 69}, {"bp": {"innings": 1, "over": 10, "ball": 6}, "playerId": 834, "ret": false, "w": 3, "r": 71}, {"bp": {"innings": 1, "over": 16, "ball": 2}, "playerId": 102, "ret": false, "w": 4, "r": 95}, {"bp": {"innings": 1, "over": 20, "ball": 3}, "playerId": 182, "ret": false, "w": 5, "r": 141}], "extras": {"noBallRuns": 0, "wideRuns": 1, "byeRuns": 0, "legByeRuns": 3, "penaltyRuns": 0}, "declared": false}, "overHistory": [{"ovNo": 1, "ovBalls": [".", "4", "1", "2", "1", "1"]}, {"ovNo": 2, "ovBalls": ["1", "4", "1", ".", "1", "."]}, {"ovNo": 3, "ovBalls": ["1", ".", ".", "1", ".", "4"]}, {"ovNo": 4, "ovBalls": ["3", ".", "1", "1", "6", "."]}, {"ovNo": 5, "ovBalls": ["W", ".", ".", "1", ".", "1"]}, {"ovNo": 6, "ovBalls": ["1", ".", "4", "4", ".", "2"]}, {"ovNo": 7, "ovBalls": [".", ".", "1", "1", "1", "1"]}, {"ovNo": 8, "ovBalls": ["1", "1", "1", ".", "4", "."]}, {"ovNo": 9, "ovBalls": ["1", "1", "4", ".", "1", "4"]}, {"ovNo": 10, "ovBalls": ["1", ".", "W", "1Lb", "1", "W"]}, {"ovNo": 11, "ovBalls": ["1", "1", ".", "2Lb", "1", "1"]}, {"ovNo": 12, "ovBalls": ["1", "1", ".", ".", "1", "."]}, {"ovNo": 13, "ovBalls": ["1", "1", "1", "2", ".", "1"]}, {"ovNo": 14, "ovBalls": ["1", ".", "1", "1", ".", "."]}, {"ovNo": 15, "ovBalls": ["1", "1", "1", ".", "1", "1"]}, {"ovNo": 16, "ovBalls": ["1", "W", ".", "1", "1", "6"]}, {"ovNo": 17, "ovBalls": ["4", "1", "1", "1", "1", "1"]}, {"ovNo": 18, "ovBalls": ["4", ".", ".", "1", "1Wd", "1", "4"]}, {"ovNo": 19, "ovBalls": [".", "4", "1", "1", "1", "4"]}, {"ovNo": 20, "ovBalls": ["1", "6", "W", "4", "6", "1"]}]}, {"inningsNumber": 2, "runRate": "8.43", "overProgress": "18.3", "declared": false, "scorecard": {"runs": 156, "wkts": 3, "allOut": false, "battingStats": [{"playerId": 135, "r": 12, "b": 10, "sr": "120.00", "4s": 2, "6s": 0, "mod": {"dismissedBp": {"innings": 2, "over": 3, "ball": 5}, "countingBp": {"innings": 2, "over": 3, "ball": 5}, "text": "c Murali Vijay b Wayne Parnell", "bowlerId": 223, "additionalPlayerIds": [7], "dismissedMethod": "ct", "isOut": true}}, {"playerId": 276, "r": 73, "b": 50, "sr": "146.00", "4s": 8, "6s": 2}, {"playerId": 258, "r": 34, "b": 28, "sr": "121.42", "4s": 2, "6s": 2, "mod": {"dismissedBp": {"innings": 2, "over": 10, "ball": 6}, "countingBp": {"innings": 2, "over": 10, "ball": 6}, "text": "st Dinesh Karthik b Shahbaz Nadeem", "bowlerId": 57, "additionalPlayerIds": [102], "dismissedMethod": "st", "isOut": true}}, {"playerId": 92, "r": 17, "b": 13, "sr": "130.76", "4s": 0, "6s": 1, "mod": {"dismissedBp": {"innings": 2, "over": 15, "ball": 6}, "countingBp": {"innings": 2, "over": 15, "ball": 6}, "text": "b Mohammad Shami", "bowlerId": 94, "dismissedMethod": "b", "isOut": true}}, {"playerId": 227, "r": 16, "b": 10, "sr": "160.00", "4s": 0, "6s": 2}], "bowlingStats": [{"playerId": 57, "ov": "4", "r": 30, "w": 1, "d": 9, "maid": 0, "e": "7.50", "wd": 0, "nb": 0}, {"playerId": 94, "ov": "4", "r": 22, "w": 1, "d": 10, "maid": 0, "e": "5.50", "wd": 0, "nb": 0}, {"playerId": 223, "ov": "4", "r": 35, "w": 1, "d": 11, "maid": 0, "e": "8.75", "wd": 2, "nb": 0}, {"playerId": 86, "ov": "3.3", "r": 36, "w": 0, "d": 7, "maid": 0, "e": "10.28", "wd": 1, "nb": 0}, {"playerId": 126, "ov": "3", "r": 32, "w": 0, "d": 4, "maid": 0, "e": "10.66", "wd": 0, "nb": 0}], "fow": [{"bp": {"innings": 2, "over": 3, "ball": 5}, "playerId": 135, "ret": false, "w": 1, "r": 20}, {"bp": {"innings": 2, "over": 10, "ball": 6}, "playerId": 258, "ret": false, "w": 2, "r": 71}, {"bp": {"innings": 2, "over": 15, "ball": 6}, "playerId": 92, "ret": false, "w": 3, "r": 115}], "extras": {"noBallRuns": 0, "wideRuns": 3, "byeRuns": 0, "legByeRuns": 1, "penaltyRuns": 0}, "declared": false}, "overHistory": [{"ovNo": 1, "ovBalls": ["1", "1", "1", "1", ".", "1"]}, {"ovNo": 2, "ovBalls": ["4", ".", "1", "4", ".", "."]}, {"ovNo": 3, "ovBalls": ["1Lb", ".", "1", "4", "W", "1Wd", "."]}, {"ovNo": 4, "ovBalls": [".", ".", "1Wd", ".", "1", ".", "4"]}, {"ovNo": 5, "ovBalls": [".", "1", "1", ".", "1", "1"]}, {"ovNo": 6, "ovBalls": [".", ".", "6", ".", ".", "1"]}, {"ovNo": 7, "ovBalls": ["2", "1", "4", "1", ".", "1"]}, {"ovNo": 8, "ovBalls": [".", "2", ".", "1", "1", "1"]}, {"ovNo": 9, "ovBalls": [".", "2", "1", "4", "1", "."]}, {"ovNo": 10, "ovBalls": [".", "1", "4", "6", ".", "W"]}, {"ovNo": 11, "ovBalls": [".", ".", "2", ".", "2", "1"]}, {"ovNo": 12, "ovBalls": ["1", "1", "1", ".", "1", "6"]}, {"ovNo": 13, "ovBalls": [".", "2", "6", "2", "1", "4"]}, {"ovNo": 14, "ovBalls": ["1Wd", "1", ".", "1", "1", "4", "2"]}, {"ovNo": 15, "ovBalls": ["1", "1", "1", ".", "1", "W"]}, {"ovNo": 16, "ovBalls": ["1", "2", "6", ".", ".", "."]}, {"ovNo": 17, "ovBalls": ["2", ".", "1", "1", "6", "2"]}, {"ovNo": 18, "ovBalls": ["1", "4", "1", ".", ".", "6"]}, {"ovNo": 19, "ovBalls": ["4", ".", "4"]}]}]}