{"matchInfo": {"additionalInfo": {"sixes.video.thumb": "https://iplplatform-static-files.s3.amazonaws.com/IPL/photo/2017/05/01/3321cd7c-5fb5-41fd-9c56-d6606a7fb782/WVuYQpvs.jpg", "sixes.video.id": "5417599254001", "match.video.thumb": "https://iplplatform-static-files.s3.amazonaws.com/IPL/photo/2017/05/01/2e6a9464-4cc7-4555-8801-616224bf55be/IMG_0098.jpg", "mom.video.thumb": "https://iplplatform-static-files.s3.amazonaws.com/IPL/photo/2017/05/01/62d04be5-c8aa-4362-9619-a32d490c4441/Rohit-Man-of-the-Match.jpg", "mom.video.id": "5417626911001", "referee.name": "Manu Nayar", "report.thumb": "https://iplplatform-static-files.s3.amazonaws.com/IPL/photo/2017/05/01/92239b25-ccd6-44cc-b4ec-1b6da493a583/Match-Report-M38-MI-vs-RCB.jpg", "match.summary": "", "umpire.name.1": "Chris Gaffaney", "umpire.name.2": "Anil Chaudhary", "umpire.name.3": "A.D Deshmukh", "interview.thumb": "https://iplplatform-static-files.s3.amazonaws.com/IPL/photo/2017/05/01/ffdb608e-276c-4853-8a3a-513647202535/hrwtFKUo.jpg", "umpire.name.4": "Nitin Pandit", "away.team.fan.total": "2378", "result.playerofthematch": "Rohit Sharma", "report.link": "http://www.iplt20.com/news/101501/match-report-m-38-mi-v-rcb", "toss.elected": "Royal Challengers Bangalore, who chose to bat", "notes.1.1": "Royal Challengers Bangalore: 50 runs in 5.5 overs", "notes.1.2": "Powerplay 1: 52 runs, 2 wickets", "notes.2.1": "Powerplay 1: 55 runs, 1 wicket", "notes.1.3": "Royal Challengers Bangalore: 100 runs in 12.1 overs", "notes.2.2": "Mumbai Indians: 50 runs in 5.6 overs", "notes.1.4": "Royal Challengers Bangalore: 150 runs in 18.3 overs", "notes.2.3": "2nd Wicket: 50 runs in 35 balls (JC Buttler 30, N Rana 23, Ex 2)", "notes.1.5": "6th Wicket: 50 runs in 33 balls (Kedar Jadhav 18, Pawan Negi 31)", "notes.2.4": "Mumbai Indians: 100 runs in 13.2 overs", "notes.1.6": "Innings Break: Royal Challengers Bangalore - 162/8 in 20 overs", "notes.2.5": "Mumbai Indians: 150 runs in 18.3 overs", "notes.2.6": "Rohit Sharma: 50 off 34 balls (5 x fours, 1 x six)", "highlights.link": "http://www.iplt20.com/video/101248/m38-mi-vs-rcb-match-highlights", "match.video.id": "5417632612001", "stats.link": "http://www.iplt20.com/news/101487/quick-stats-m38-mi-vs-rcb", "home.team.fan.total": "5751", "toss.winner": "Royal Challengers Bangalore", "interview.link": "http://www.iplt20.com/news/101503/when-bowling-coach-shane-bond-turned-cricket-reporter", "stats.thumb": "https://iplplatform-static-files.s3.amazonaws.com/IPL/photo/2017/05/01/5386bb05-a9eb-45c6-973c-ab253fefbe00/stats-MI-vs-rCB.jpg"}, "teams": [{"id": 7334, "team": {"id": 6, "fullName": "Mumbai Indians", "shortName": "Mumbai", "abbreviation": "MI", "type": "m", "primaryColor": "00AEEF", "secondaryColor": "FFFFFF"}, "players": [{"id": 44, "fullName": "Parthiv Patel", "shortName": "P Patel", "nationality": "Indian", "dateOfBirth": "1985-03-09", "rightArmedBowl": false, "rightHandedBat": false}, {"id": 509, "fullName": "Jos Buttler", "shortName": "J Buttler", "nationality": "English", "dateOfBirth": "1990-09-08", "rightArmedBowl": true, "rightHandedBat": true}, {"id": 2738, "fullName": "Nitish Rana", "shortName": "N Rana", "nationality": "Indian", "dateOfBirth": "1993-12-27", "rightArmedBowl": true, "rightHandedBat": false, "bowlingStyle": "OFF_SPIN"}, {"id": 107, "fullName": "Rohit Sharma", "shortName": "R Sharma", "nationality": "Indian", "dateOfBirth": "1987-04-30", "rightArmedBowl": true, "rightHandedBat": true, "bowlingStyle": "OFF_SPIN"}, {"id": 210, "fullName": "Kieron Pollard", "shortName": "K Pollard", "nationality": "West Indian", "dateOfBirth": "1987-05-12", "rightArmedBowl": true, "rightHandedBat": true, "bowlingStyle": "MEDIUM_SEAM"}, {"id": 3183, "fullName": "Krunal Pandya", "shortName": "K Pandya", "nationality": "Indian", "dateOfBirth": "1991-03-24", "rightArmedBowl": false, "rightHandedBat": false, "bowlingStyle": "ORTHODOX"}, {"id": 2740, "fullName": "Hardik Pandya", "shortName": "H Pandya", "nationality": "Indian", "dateOfBirth": "1993-10-11", "rightArmedBowl": true, "rightHandedBat": true, "bowlingStyle": "MEDIUM_SEAM"}, {"id": 1118, "fullName": "Karn Sharma", "shortName": "K Sharma", "nationality": "Indian", "dateOfBirth": "1987-10-23", "rightArmedBowl": true, "rightHandedBat": false, "bowlingStyle": "LEG_SPIN"}, {"id": 730, "fullName": "Mitchell McClenaghan", "shortName": "M McClenaghan", "nationality": "New Zealander", "dateOfBirth": "1986-06-11", "rightArmedBowl": false, "rightHandedBat": false}, {"id": 1124, "fullName": "Jasprit Bumrah", "shortName": "J Bumrah", "nationality": "Indian", "dateOfBirth": "1993-12-06", "rightArmedBowl": true, "rightHandedBat": true, "bowlingStyle": "FAST_SEAM"}, {"id": 211, "fullName": "Lasith Malinga", "shortName": "L Malinga", "nationality": "Sri Lankan", "dateOfBirth": "1983-08-28", "rightArmedBowl": true, "rightHandedBat": true, "bowlingStyle": "FAST_SEAM"}], "wicketKeeper": {"id": 44, "fullName": "Parthiv Patel", "shortName": "P Patel", "nationality": "Indian", "dateOfBirth": "1985-03-09", "rightArmedBowl": false, "rightHandedBat": false}, "captain": {"id": 107, "fullName": "Rohit Sharma", "shortName": "R Sharma", "nationality": "Indian", "dateOfBirth": "1987-04-30", "rightArmedBowl": true, "rightHandedBat": true, "bowlingStyle": "OFF_SPIN"}}, {"id": 7335, "team": {"id": 9, "fullName": "Royal Challengers Bangalore", "shortName": "Challengers", "abbreviation": "RCB", "type": "m", "primaryColor": "000000", "secondaryColor": "FF3245"}, "players": [{"id": 1020, "fullName": "Travis Head", "shortName": "T Head", "nationality": "Australian", "dateOfBirth": "1993-12-29", "rightArmedBowl": true, "rightHandedBat": false, "bowlingStyle": "OFF_SPIN"}, {"id": 164, "fullName": "Virat Kohli", "shortName": "V Kohli", "nationality": "Indian", "dateOfBirth": "1988-11-05", "rightArmedBowl": true, "rightHandedBat": true, "bowlingStyle": "MEDIUM_SEAM"}, {"id": 233, "fullName": "AB de Villiers", "shortName": "AB de Villiers", "nationality": "South African", "dateOfBirth": "1984-02-17", "rightArmedBowl": true, "rightHandedBat": true, "bowlingStyle": "MEDIUM_SEAM"}, {"id": 227, "fullName": "Shane Watson", "shortName": "S Watson", "nationality": "Australian", "dateOfBirth": "1981-06-17", "rightArmedBowl": true, "rightHandedBat": true, "bowlingStyle": "MEDIUM_SEAM"}, {"id": 297, "fullName": "Kedar Jadhav", "shortName": "K Jadhav", "nationality": "Indian", "dateOfBirth": "1985-03-26", "rightArmedBowl": true, "rightHandedBat": true, "bowlingStyle": "OFF_SPIN"}, {"id": 72, "fullName": "Mandeep Singh", "shortName": "M Singh", "nationality": "Indian", "dateOfBirth": "1991-12-18", "rightArmedBowl": true, "rightHandedBat": true}, {"id": 53, "fullName": "Pawan Negi", "shortName": "P Negi", "nationality": "Indian", "dateOfBirth": "1983-01-06", "rightArmedBowl": false, "rightHandedBat": false, "bowlingStyle": "ORTHODOX"}, {"id": 434, "fullName": "Adam Milne", "shortName": "A Milne", "nationality": "New Zealander", "dateOfBirth": "1992-04-13", "rightArmedBowl": true, "rightHandedBat": true, "bowlingStyle": "FAST_SEAM"}, {"id": 1111, "fullName": "Aniket Choudhary", "shortName": "A Choudhary", "nationality": "Indian", "dateOfBirth": "1990-01-28", "rightArmedBowl": false, "rightHandedBat": true}, {"id": 162, "fullName": "Sreenath Aravind", "shortName": "S Aravind", "nationality": "Indian", "dateOfBirth": "1984-04-08", "rightArmedBowl": false, "rightHandedBat": false, "bowlingStyle": "MEDIUM_SEAM"}, {"id": 111, "fullName": "Yuzvendra Chahal", "shortName": "Y Chahal", "nationality": "Indian", "dateOfBirth": "1990-07-23", "rightArmedBowl": true, "rightHandedBat": true, "bowlingStyle": "LEG_SPIN"}], "wicketKeeper": {"id": 297, "fullName": "Kedar Jadhav", "shortName": "K Jadhav", "nationality": "Indian", "dateOfBirth": "1985-03-26", "rightArmedBowl": true, "rightHandedBat": true, "bowlingStyle": "OFF_SPIN"}, "captain": {"id": 164, "fullName": "Virat Kohli", "shortName": "V Kohli", "nationality": "Indian", "dateOfBirth": "1988-11-05", "rightArmedBowl": true, "rightHandedBat": true, "bowlingStyle": "MEDIUM_SEAM"}}], "venue": {"id": 4, "fullName": "Wankhede Stadium", "shortName": "Wankhede Stadium", "city": "Mumbai", "country": "India"}, "matchDate": "2017-05-01T16:00:00+0530", "matchEndDate": "2017-05-01T23:00:00+0530", "matchDateMs": 1493634600000, "matchEndDateMs": 1493659800000, "isLimitedOvers": true, "battingOrder": [1, 0], "matchBroadcast": false, "matchState": "C", "matchStatus": {"outcome": "A", "text": "Mumbai Indians won by 5 wickets"}, "description": "Match 38", "matchSummary": "", "matchType": "IPLT20", "tournamentLabel": "IPL 2017", "oversLimit": 20, "groupName": ""}, "matchId": {"id": 5876, "name": "ipl2017-38", "tournamentId": {"id": 5815, "name": "ipl2017", "provisional": false}}, "currentState": {"inProgress": false, "phase": "C", "currentInningsIndex": 1, "currentBatsmen": [107, 2740], "facingBatsman": 107, "nonFacingBatsman": 2740, "currentBowler": 227, "currentBowlerCurrentSpell": {"playerId": 227, "ov": "0.5", "r": 9, "w": 0, "d": 0, "maid": 0, "e": "10.80", "wd": 1, "nb": 0}, "previousBowler": 162, "previousBowlerCurrentSpell": {"playerId": 162, "ov": "1", "r": 11, "w": 0, "d": 0, "maid": 0, "e": "11.00", "wd": 0, "nb": 0}, "currentPartnership": 35, "partnership": {"runs": 35, "balls": 20, "runRate": "10.50"}, "recentOvers": [{"ovNo": 15, "ovBalls": [".", "1", ".", "1", "4", "4"]}, {"ovNo": 16, "ovBalls": ["1", "1", "4", "1", "2Wd", "1", "1"]}, {"ovNo": 17, "ovBalls": ["4", "1", "W", "1", "1", "1"]}, {"ovNo": 18, "ovBalls": ["1", "1", "1", "2", ".", "1Wd", "6"]}, {"ovNo": 19, "ovBalls": ["1", "1", "6", "1", "1", "1"]}, {"ovNo": 20, "ovBalls": ["1Wd", "1", "1", "1", "1", "4"]}]}, "innings": [{"inningsNumber": 1, "runRate": "8.10", "overProgress": "20", "declared": false, "scorecard": {"runs": 162, "wkts": 8, "allOut": false, "battingStats": [{"playerId": 164, "r": 20, "b": 14, "sr": "142.85", "4s": 0, "6s": 2, "mod": {"dismissedBp": {"innings": 1, "over": 6, "ball": 1}, "countingBp": {"innings": 1, "over": 6, "ball": 1}, "text": "c Rohit Sharma b Mitchell McClenaghan", "bowlerId": 730, "additionalPlayerIds": [107], "dismissedMethod": "ct", "isOut": true}}, {"playerId": 72, "r": 17, "b": 13, "sr": "130.76", "4s": 3, "6s": 0, "mod": {"dismissedBp": {"innings": 1, "over": 4, "ball": 5}, "countingBp": {"innings": 1, "over": 4, "ball": 4}, "text": "c Hardik Pandya b Karn Sharma", "bowlerId": 1118, "additionalPlayerIds": [2740], "dismissedMethod": "ct", "isOut": true}}, {"playerId": 1020, "r": 12, "b": 15, "sr": "80.00", "4s": 1, "6s": 0, "mod": {"dismissedBp": {"innings": 1, "over": 11, "ball": 3}, "countingBp": {"innings": 1, "over": 11, "ball": 3}, "text": "c Hardik Pandya b Krunal Pandya", "bowlerId": 3183, "additionalPlayerIds": [2740], "dismissedMethod": "ct", "isOut": true}}, {"playerId": 233, "r": 43, "b": 27, "sr": "159.25", "4s": 3, "6s": 3, "mod": {"dismissedBp": {"innings": 1, "over": 13, "ball": 2}, "countingBp": {"innings": 1, "over": 13, "ball": 2}, "text": "c Jasprit Bumrah b Krunal Pandya", "bowlerId": 3183, "additionalPlayerIds": [1124], "dismissedMethod": "ct", "isOut": true}}, {"playerId": 297, "r": 28, "b": 22, "sr": "127.27", "4s": 2, "6s": 0, "mod": {"dismissedBp": {"innings": 1, "over": 20, "ball": 5}, "countingBp": {"innings": 1, "over": 20, "ball": 5}, "text": "c Kieron Pollard b Mitchell McClenaghan", "bowlerId": 730, "additionalPlayerIds": [210], "dismissedMethod": "ct", "isOut": true}}, {"playerId": 227, "r": 3, "b": 5, "sr": "60.00", "4s": 0, "6s": 0, "mod": {"dismissedBp": {"innings": 1, "over": 14, "ball": 4}, "countingBp": {"innings": 1, "over": 14, "ball": 4}, "text": "b Jasprit Bumrah", "bowlerId": 1124, "dismissedMethod": "b", "isOut": true}}, {"playerId": 53, "r": 35, "b": 23, "sr": "152.17", "4s": 1, "6s": 3, "mod": {"dismissedBp": {"innings": 1, "over": 20, "ball": 4}, "countingBp": {"innings": 1, "over": 20, "ball": 4}, "text": "c Kieron Pollard b Mitchell McClenaghan", "bowlerId": 730, "additionalPlayerIds": [210], "dismissedMethod": "ct", "isOut": true}}, {"playerId": 434, "r": 0, "b": 1, "sr": "0.00", "4s": 0, "6s": 0}, {"playerId": 162, "r": 0, "b": 0, "4s": 0, "6s": 0, "mod": {"dismissedBp": {"innings": 1, "over": 20, "ball": 6}, "countingBp": {"innings": 1, "over": 20, "ball": 6}, "text": "run out (Parthiv Patel)", "bowlerId": 730, "additionalPlayerIds": [44], "dismissedMethod": "ro", "isOut": true}}], "bowlingStats": [{"playerId": 730, "ov": "4", "r": 34, "w": 3, "d": 9, "maid": 0, "e": "8.50", "wd": 0, "nb": 0}, {"playerId": 211, "ov": "4", "r": 31, "w": 0, "d": 10, "maid": 0, "e": "7.75", "wd": 0, "nb": 0}, {"playerId": 2740, "ov": "1", "r": 5, "w": 0, "d": 2, "maid": 0, "e": "5.00", "wd": 0, "nb": 0}, {"playerId": 1118, "ov": "3", "r": 23, "w": 1, "d": 5, "maid": 0, "e": "7.66", "wd": 1, "nb": 0}, {"playerId": 1124, "ov": "4", "r": 33, "w": 1, "d": 8, "maid": 0, "e": "8.25", "wd": 0, "nb": 0}, {"playerId": 3183, "ov": "4", "r": 34, "w": 2, "d": 7, "maid": 0, "e": "8.50", "wd": 1, "nb": 0}], "fow": [{"bp": {"innings": 1, "over": 4, "ball": 4}, "playerId": 72, "ret": false, "w": 1, "r": 31}, {"bp": {"innings": 1, "over": 6, "ball": 1}, "playerId": 164, "ret": false, "w": 2, "r": 40}, {"bp": {"innings": 1, "over": 11, "ball": 3}, "playerId": 1020, "ret": false, "w": 3, "r": 85}, {"bp": {"innings": 1, "over": 13, "ball": 2}, "playerId": 233, "ret": false, "w": 4, "r": 102}, {"bp": {"innings": 1, "over": 14, "ball": 4}, "playerId": 227, "ret": false, "w": 5, "r": 108}, {"bp": {"innings": 1, "over": 20, "ball": 4}, "playerId": 53, "ret": false, "w": 6, "r": 162}, {"bp": {"innings": 1, "over": 20, "ball": 5}, "playerId": 297, "ret": false, "w": 7, "r": 162}, {"bp": {"innings": 1, "over": 20, "ball": 6}, "playerId": 162, "ret": false, "w": 8, "r": 162}], "extras": {"noBallRuns": 0, "wideRuns": 2, "byeRuns": 0, "legByeRuns": 2, "penaltyRuns": 0}, "declared": false}, "overHistory": [{"ovNo": 1, "ovBalls": ["1", "4", ".", "4", ".", "1"]}, {"ovNo": 2, "ovBalls": ["1", ".", "1", "4", ".", "."]}, {"ovNo": 3, "ovBalls": [".", "1", "2", "1", "1", "."]}, {"ovNo": 4, "ovBalls": ["1Wd", "2", "6", "1", "W", ".", "."]}, {"ovNo": 5, "ovBalls": [".", "6", ".", "1", "2", "."]}, {"ovNo": 6, "ovBalls": ["W", ".", ".", "4", "6", "2"]}, {"ovNo": 7, "ovBalls": ["1", ".", "1", ".", "1", "1"]}, {"ovNo": 8, "ovBalls": ["1Lb", "1", ".", "4", "1", "."]}, {"ovNo": 9, "ovBalls": [".", "4", "1Wd", "6", "1", ".", "1"]}, {"ovNo": 10, "ovBalls": ["1", ".", ".", "1", "1", "1"]}, {"ovNo": 11, "ovBalls": ["1", "4", "W", ".", "1", "1"]}, {"ovNo": 12, "ovBalls": ["1", "4", "1", "1", "1", "1"]}, {"ovNo": 13, "ovBalls": ["6", "W", "1", "1", "1", "1"]}, {"ovNo": 14, "ovBalls": [".", "1", "1", "W", "1", "2"]}, {"ovNo": 15, "ovBalls": [".", ".", ".", "1", "2", "1"]}, {"ovNo": 16, "ovBalls": ["1", "2", "1", "1", "1", "1"]}, {"ovNo": 17, "ovBalls": ["1Lb", "1", "4", "1", "2", "1"]}, {"ovNo": 18, "ovBalls": ["6", "1", "1", ".", "6", "1"]}, {"ovNo": 19, "ovBalls": [".", ".", "6", "1", "2", "1"]}, {"ovNo": 20, "ovBalls": ["1", ".", "4", "W", "W", "W"]}]}, {"inningsNumber": 2, "runRate": "8.31", "overProgress": "19.5", "declared": false, "scorecard": {"runs": 165, "wkts": 5, "allOut": false, "battingStats": [{"playerId": 44, "r": 0, "b": 1, "sr": "0.00", "4s": 0, "6s": 0, "mod": {"dismissedBp": {"innings": 2, "over": 1, "ball": 1}, "countingBp": {"innings": 2, "over": 1, "ball": 1}, "text": "c Yuzvendra Chahal b Aniket Choudhary", "bowlerId": 1111, "additionalPlayerIds": [111], "dismissedMethod": "ct", "isOut": true}}, {"playerId": 509, "r": 33, "b": 21, "sr": "157.14", "4s": 4, "6s": 1, "mod": {"dismissedBp": {"innings": 2, "over": 8, "ball": 3}, "countingBp": {"innings": 2, "over": 8, "ball": 3}, "text": "c Virat Kohli b Pawan Negi", "bowlerId": 53, "additionalPlayerIds": [164], "dismissedMethod": "ct", "isOut": true}}, {"playerId": 2738, "r": 27, "b": 28, "sr": "96.42", "4s": 4, "6s": 0, "mod": {"dismissedBp": {"innings": 2, "over": 10, "ball": 2}, "countingBp": {"innings": 2, "over": 10, "ball": 2}, "text": "c Travis Head b Pawan Negi", "bowlerId": 53, "additionalPlayerIds": [1020], "dismissedMethod": "ct", "isOut": true}}, {"playerId": 107, "r": 56, "b": 37, "sr": "151.35", "4s": 6, "6s": 1}, {"playerId": 210, "r": 17, "b": 13, "sr": "130.76", "4s": 2, "6s": 0, "mod": {"dismissedBp": {"innings": 2, "over": 13, "ball": 6}, "countingBp": {"innings": 2, "over": 13, "ball": 6}, "text": "c Travis Head b Yuzvendra Chahal", "bowlerId": 111, "additionalPlayerIds": [1020], "dismissedMethod": "ct", "isOut": true}}, {"playerId": 3183, "r": 2, "b": 2, "sr": "100.00", "4s": 0, "6s": 0, "mod": {"dismissedBp": {"innings": 2, "over": 14, "ball": 3}, "countingBp": {"innings": 2, "over": 14, "ball": 3}, "text": "Retired (hurt)", "bowlerId": 53, "dismissedMethod": "ret", "isOut": false}}, {"playerId": 1118, "r": 9, "b": 8, "sr": "112.50", "4s": 1, "6s": 0, "mod": {"dismissedBp": {"innings": 2, "over": 17, "ball": 3}, "countingBp": {"innings": 2, "over": 17, "ball": 3}, "text": "c Adam Milne b Shane Watson", "bowlerId": 227, "additionalPlayerIds": [434], "dismissedMethod": "ct", "isOut": true}}, {"playerId": 2740, "r": 14, "b": 9, "sr": "155.55", "4s": 0, "6s": 1}], "bowlingStats": [{"playerId": 1111, "ov": "4", "r": 32, "w": 1, "d": 9, "maid": 0, "e": "8.00", "wd": 1, "nb": 0}, {"playerId": 111, "ov": "4", "r": 36, "w": 1, "d": 8, "maid": 0, "e": "9.00", "wd": 1, "nb": 0}, {"playerId": 434, "ov": "2", "r": 29, "w": 0, "d": 1, "maid": 0, "e": "14.50", "wd": 1, "nb": 0}, {"playerId": 162, "ov": "2", "r": 21, "w": 0, "d": 2, "maid": 0, "e": "10.50", "wd": 0, "nb": 0}, {"playerId": 227, "ov": "3.5", "r": 28, "w": 1, "d": 6, "maid": 0, "e": "7.30", "wd": 1, "nb": 0}, {"playerId": 53, "ov": "4", "r": 17, "w": 2, "d": 10, "maid": 0, "e": "4.25", "wd": 0, "nb": 0}], "fow": [{"bp": {"innings": 2, "over": 1, "ball": 1}, "playerId": 44, "ret": false, "w": 1, "r": 0}, {"bp": {"innings": 2, "over": 8, "ball": 3}, "playerId": 509, "ret": false, "w": 2, "r": 61}, {"bp": {"innings": 2, "over": 10, "ball": 2}, "playerId": 2738, "ret": false, "w": 3, "r": 70}, {"bp": {"innings": 2, "over": 13, "ball": 6}, "playerId": 210, "ret": false, "w": 4, "r": 98}, {"bp": {"innings": 2, "over": 14, "ball": 3}, "playerId": 3183, "ret": true, "w": 4, "r": 101}, {"bp": {"innings": 2, "over": 17, "ball": 3}, "playerId": 1118, "ret": false, "w": 5, "r": 130}], "extras": {"noBallRuns": 0, "wideRuns": 5, "byeRuns": 0, "legByeRuns": 2, "penaltyRuns": 0}, "declared": false}, "overHistory": [{"ovNo": 1, "ovBalls": ["W", ".", "1", "1", ".", "4"]}, {"ovNo": 2, "ovBalls": [".", "1", ".", "4", ".", "4"]}, {"ovNo": 3, "ovBalls": ["4", "4", "1", "1Wd", "2", "1", "4"]}, {"ovNo": 4, "ovBalls": ["1", "2", ".", ".", "1", "."]}, {"ovNo": 5, "ovBalls": ["1", "4", ".", "1", "4", "1Lb"]}, {"ovNo": 6, "ovBalls": [".", "1", ".", ".", "1", "6"]}, {"ovNo": 7, "ovBalls": [".", "1", "1", ".", "1", "."]}, {"ovNo": 8, "ovBalls": ["1", "2", "W", ".", "1", "."]}, {"ovNo": 9, "ovBalls": ["2", "1", ".", "1", ".", "4"]}, {"ovNo": 10, "ovBalls": [".", "W", "1", "1", "2", "."]}, {"ovNo": 11, "ovBalls": ["1", "4", ".", "1", "2", "4"]}, {"ovNo": 12, "ovBalls": [".", "1", ".", "2", ".", "1Lb"]}, {"ovNo": 13, "ovBalls": ["1", "1", ".", "4", "2", "W"]}, {"ovNo": 14, "ovBalls": ["1", "1", "1W", "1", "1", "1"]}, {"ovNo": 15, "ovBalls": [".", "1", ".", "1", "4", "4"]}, {"ovNo": 16, "ovBalls": ["1", "1", "4", "1", "2Wd", "1", "1"]}, {"ovNo": 17, "ovBalls": ["4", "1", "W", "1", "1", "1"]}, {"ovNo": 18, "ovBalls": ["1", "1", "1", "2", ".", "1Wd", "6"]}, {"ovNo": 19, "ovBalls": ["1", "1", "6", "1", "1", "1"]}, {"ovNo": 20, "ovBalls": ["1Wd", "1", "1", "1", "1", "4"]}]}]}