{"matchInfo": {"additionalInfo": {"toss.elected": "Delhi Daredevils, who chose to field", "notes.1.1": "Powerplay - 46 runs, 2 wickets", "notes.1.2": "RCB: 50 runs in 6.5 overs", "notes.2.1": "Powerplay - 46 runs, 1 wicket", "notes.1.3": "RCB: 100 runs in 13.5 overs", "notes.2.2": "DD: 50 runs in 6.4 overs", "notes.1.4": "AB de Villiers: 50 off 37 balls (3 fours, 2 sixes)", "notes.2.3": "DD: 100 runs in 15.4 overs", "notes.1.5": "RCB: 150 runs in 19.2 overs", "notes.1.6": "7th Wicket: 50 runs in 31 balls (de Villiers 34, Vinay Kumar 14)", "notes.1.7": "Innings Break: RCB - 157/8 in 20.0 overs", "highlights.link": "http://iplt20.com/videos?mid=a07be8977f9f40a0a768f75374391293", "referee.name": "Raju Mukherjee", "match.summary": "", "umpire.name.1": "Sudhir Asnani", "photostream.link": "http://iplt20.com/photos/28/ipl-2012-match-5-royal-challengers-bangalore-v-delhi-daredevils", "umpire.name.2": "S Ravi", "toss.winner": "Delhi Daredevils", "umpire.name.3": "Subrat Das", "umpire.name.4": "Belur Ravi", "result.playerofthematch": "AB de Villiers"}, "teams": [{"id": 9, "team": {"id": 9, "fullName": "Royal Challengers Bangalore", "shortName": "Challengers", "abbreviation": "RCB", "type": "m", "primaryColor": "000000", "secondaryColor": "FF3245"}, "players": [{"id": 234, "fullName": "Andrew McDonald", "shortName": "A McDonald", "nationality": "Australian", "dateOfBirth": "1981-06-05", "rightArmedBowl": false, "rightHandedBat": false}, {"id": 158, "fullName": "Mayank Agarwal", "shortName": "M Agarwal", "nationality": "Indian", "dateOfBirth": "1991-02-18", "rightArmedBowl": true, "rightHandedBat": true}, {"id": 164, "fullName": "Virat Kohli", "shortName": "V Kohli", "nationality": "Indian", "dateOfBirth": "1988-11-05", "rightArmedBowl": true, "rightHandedBat": true, "bowlingStyle": "MEDIUM_SEAM"}, {"id": 163, "fullName": "Saurabh Tiwary", "shortName": "S Tiwary", "nationality": "Indian", "dateOfBirth": "1989-12-30", "rightArmedBowl": true, "rightHandedBat": false}, {"id": 243, "fullName": "Daniel Vettori", "shortName": "D Vettori", "nationality": "New Zealander", "dateOfBirth": "1979-01-27", "rightArmedBowl": false, "rightHandedBat": false, "bowlingStyle": "ORTHODOX"}, {"id": 233, "fullName": "AB de Villiers", "shortName": "AB de Villiers", "nationality": "South African", "dateOfBirth": "1984-02-17", "rightArmedBowl": true, "rightHandedBat": true, "bowlingStyle": "MEDIUM_SEAM"}, {"id": 166, "fullName": "Vinay Kumar", "shortName": "V Kumar", "nationality": "Indian", "dateOfBirth": "1984-02-12", "rightArmedBowl": true, "rightHandedBat": true}, {"id": 156, "fullName": "Cheteshwar Pujara", "shortName": "C Pujara", "nationality": "Indian", "dateOfBirth": "1988-01-25", "rightArmedBowl": true, "rightHandedBat": true, "bowlingStyle": "LEG_SPIN"}, {"id": 165, "fullName": "Zaheer Khan", "shortName": "Z Khan", "nationality": "Indian", "dateOfBirth": "1978-10-07", "rightArmedBowl": false, "rightHandedBat": true, "bowlingStyle": "FAST_SEAM"}, {"id": 157, "fullName": "Harshal Patel", "shortName": "H Patel", "nationality": "Indian", "dateOfBirth": "1990-11-23", "rightArmedBowl": true, "rightHandedBat": true, "bowlingStyle": "MEDIUM_SEAM"}, {"id": 241, "fullName": "Muttiah Muralitharan", "shortName": "M Muralitharan", "nationality": "Sri Lankan", "dateOfBirth": "1972-04-17", "rightArmedBowl": true, "rightHandedBat": true, "bowlingStyle": "OFF_SPIN"}], "wicketKeeper": {"id": 233, "fullName": "AB de Villiers", "shortName": "AB de Villiers", "nationality": "South African", "dateOfBirth": "1984-02-17", "rightArmedBowl": true, "rightHandedBat": true, "bowlingStyle": "MEDIUM_SEAM"}, "captain": {"id": 243, "fullName": "Daniel Vettori", "shortName": "D Vettori", "nationality": "New Zealander", "dateOfBirth": "1979-01-27", "rightArmedBowl": false, "rightHandedBat": false, "bowlingStyle": "ORTHODOX"}}, {"id": 10, "team": {"id": 3, "fullName": "Delhi Capitals", "shortName": "Delhi", "abbreviation": "DC", "type": "m", "primaryColor": "004C93", "secondaryColor": "F83430"}, "players": [{"id": 52, "fullName": "Naman Ojha", "shortName": "N Ojha", "nationality": "Indian", "dateOfBirth": "1983-07-20", "rightArmedBowl": true, "rightHandedBat": true}, {"id": 45, "fullName": "Virender Sehwag", "shortName": "V Sehwag", "nationality": "Indian", "dateOfBirth": "1978-10-20", "rightArmedBowl": true, "rightHandedBat": true, "bowlingStyle": "OFF_SPIN"}, {"id": 167, "fullName": "Aaron Finch", "shortName": "A Finch", "nationality": "Australian", "dateOfBirth": "1986-11-17", "rightArmedBowl": false, "rightHandedBat": true, "bowlingStyle": "ORTHODOX"}, {"id": 62, "fullName": "Venugopal Rao", "shortName": "V Rao", "nationality": "Indian", "dateOfBirth": "1982-02-26", "rightArmedBowl": false, "rightHandedBat": false}, {"id": 282, "fullName": "Glenn Maxwell", "shortName": "G Maxwell", "nationality": "Australian", "dateOfBirth": "1988-10-14", "rightArmedBowl": true, "rightHandedBat": true, "bowlingStyle": "OFF_SPIN"}, {"id": 169, "fullName": "Morne Morkel", "shortName": "M Morkel", "nationality": "South African", "dateOfBirth": "1984-10-06", "rightArmedBowl": true, "rightHandedBat": false, "bowlingStyle": "FAST_SEAM"}, {"id": 49, "fullName": "Irfan Pathan", "shortName": "I Pathan", "nationality": "Indian", "dateOfBirth": "1984-10-27", "rightArmedBowl": false, "rightHandedBat": false, "bowlingStyle": "MEDIUM_SEAM"}, {"id": 64, "fullName": "Yogesh Nagar", "shortName": "Y Nagar", "nationality": "Indian", "dateOfBirth": "1990-01-06", "rightArmedBowl": false, "rightHandedBat": false}, {"id": 176, "fullName": "Doug Bracewell", "shortName": "D Bracewell", "nationality": "New Zealander", "dateOfBirth": "1990-09-28", "rightArmedBowl": false, "rightHandedBat": false}, {"id": 59, "fullName": "Umesh Yadav", "shortName": "U Yadav", "nationality": "Indian", "dateOfBirth": "1987-10-25", "rightArmedBowl": true, "rightHandedBat": true, "bowlingStyle": "FAST_SEAM"}, {"id": 57, "fullName": "Shahbaz Nadeem", "shortName": "S Nadeem", "nationality": "Indian", "dateOfBirth": "1989-08-12", "rightArmedBowl": false, "rightHandedBat": true, "bowlingStyle": "ORTHODOX"}], "wicketKeeper": {"id": 52, "fullName": "Naman Ojha", "shortName": "N Ojha", "nationality": "Indian", "dateOfBirth": "1983-07-20", "rightArmedBowl": true, "rightHandedBat": true}, "captain": {"id": 45, "fullName": "Virender Sehwag", "shortName": "V Sehwag", "nationality": "Indian", "dateOfBirth": "1978-10-20", "rightArmedBowl": true, "rightHandedBat": true, "bowlingStyle": "OFF_SPIN"}}], "venue": {"id": 5, "fullName": "M. Chinnaswamy Stadium", "shortName": "M. Chinnaswamy Stadium", "city": "Bengaluru", "country": "India"}, "matchDate": "2012-04-07T16:00:00+0530", "matchEndDate": "2012-04-07T23:00:00+0530", "matchDateMs": 1333794600000, "matchEndDateMs": 1333819800000, "isLimitedOvers": true, "battingOrder": [0, 1], "matchBroadcast": false, "matchState": "C", "matchStatus": {"outcome": "A", "text": "Royal Challengers Bangalore won by 20 runs"}, "description": "Match 5", "matchSummary": "", "matchType": "IPLT20", "tournamentLabel": "IPL 2012", "oversLimit": 20, "groupName": ""}, "matchId": {"id": 6, "name": "ipl2012-05", "tournamentId": {"id": 1, "name": "ipl2012", "provisional": false}}, "currentState": {"inProgress": false, "phase": "C", "currentInningsIndex": 1, "currentBatsmen": [169, 176], "facingBatsman": 169, "nonFacingBatsman": 176, "currentBowler": -1, "previousBowler": 165, "previousBowlerCurrentSpell": {"playerId": 165, "ov": "1", "r": 8, "w": 0, "d": 1, "maid": 0, "e": "8.00", "wd": 0, "nb": 0}, "currentPartnership": 6, "partnership": {"runs": 6, "balls": 6, "runRate": "6.00"}, "recentOvers": [{"ovNo": 15, "ovBalls": ["1", ".", ".", "4", "1", "."]}, {"ovNo": 16, "ovBalls": [".", "1", "6", "4", "2", "1"]}, {"ovNo": 17, "ovBalls": ["1Wd", "1", "1", "1", "2", "4", "W"]}, {"ovNo": 18, "ovBalls": ["1", ".", "4", "1", "1Lb", "1"]}, {"ovNo": 19, "ovBalls": ["1", "4", "1", "1", ".", "1W"]}, {"ovNo": 20, "ovBalls": ["2", "1", "1", "1", ".", "1"]}]}, "innings": [{"inningsNumber": 1, "runRate": "7.85", "overProgress": "20", "declared": false, "scorecard": {"runs": 157, "wkts": 8, "allOut": false, "battingStats": [{"playerId": 234, "r": 30, "b": 19, "sr": "157.89", "4s": 4, "6s": 2, "mod": {"dismissedBp": {"innings": 1, "over": 6, "ball": 6}, "countingBp": {"innings": 1, "over": 6, "ball": 6}, "text": "c Doug Bracewell b Morne Morkel", "bowlerId": 169, "additionalPlayerIds": [176], "dismissedMethod": "ct", "isOut": true}}, {"playerId": 156, "r": 11, "b": 12, "sr": "91.66", "4s": 1, "6s": 0, "mod": {"dismissedBp": {"innings": 1, "over": 4, "ball": 7}, "countingBp": {"innings": 1, "over": 4, "ball": 6}, "text": "c Irfan Pathan b Morne Morkel", "bowlerId": 169, "additionalPlayerIds": [49], "dismissedMethod": "ct", "isOut": true}}, {"playerId": 164, "r": 8, "b": 8, "sr": "100.00", "4s": 1, "6s": 0, "mod": {"dismissedBp": {"innings": 1, "over": 8, "ball": 2}, "countingBp": {"innings": 1, "over": 8, "ball": 2}, "text": "c Yogesh Nagar b Doug Bracewell", "bowlerId": 176, "additionalPlayerIds": [64], "dismissedMethod": "ct", "isOut": true}}, {"playerId": 233, "r": 64, "b": 42, "sr": "152.38", "4s": 6, "6s": 2}, {"playerId": 163, "r": 1, "b": 3, "sr": "33.33", "4s": 0, "6s": 0, "mod": {"dismissedBp": {"innings": 1, "over": 9, "ball": 1}, "countingBp": {"innings": 1, "over": 9, "ball": 1}, "text": "lbw Glenn Maxwell", "bowlerId": 282, "dismissedMethod": "lbw", "isOut": true}}, {"playerId": 158, "r": 16, "b": 15, "sr": "106.66", "4s": 1, "6s": 1, "mod": {"dismissedBp": {"innings": 1, "over": 13, "ball": 2}, "countingBp": {"innings": 1, "over": 13, "ball": 2}, "text": "c Yogesh Nagar b Shahbaz Nadeem", "bowlerId": 57, "additionalPlayerIds": [64], "dismissedMethod": "ct", "isOut": true}}, {"playerId": 243, "r": 3, "b": 4, "sr": "75.00", "4s": 0, "6s": 0, "mod": {"dismissedBp": {"innings": 1, "over": 15, "ball": 2}, "countingBp": {"innings": 1, "over": 15, "ball": 2}, "text": "run out (Doug Bracewell/Glenn Maxwell)", "bowlerId": 282, "additionalPlayerIds": [176, 282], "dismissedMethod": "ro", "isOut": true}}, {"playerId": 166, "r": 18, "b": 16, "sr": "112.50", "4s": 1, "6s": 0, "mod": {"dismissedBp": {"innings": 1, "over": 20, "ball": 5}, "countingBp": {"innings": 1, "over": 20, "ball": 5}, "text": "c Morne Morkel b Doug Bracewell", "bowlerId": 176, "additionalPlayerIds": [169], "dismissedMethod": "ct", "isOut": true}}, {"playerId": 157, "r": 0, "b": 1, "sr": "0.00", "4s": 0, "6s": 0, "mod": {"dismissedBp": {"innings": 1, "over": 20, "ball": 6}, "countingBp": {"innings": 1, "over": 20, "ball": 6}, "text": "b Doug Bracewell", "bowlerId": 176, "dismissedMethod": "b", "isOut": true}}], "bowlingStats": [{"playerId": 49, "ov": "4", "r": 47, "w": 0, "d": 7, "maid": 0, "e": "11.75", "wd": 0, "nb": 0}, {"playerId": 176, "ov": "4", "r": 32, "w": 3, "d": 10, "maid": 0, "e": "8.00", "wd": 1, "nb": 0}, {"playerId": 169, "ov": "4", "r": 30, "w": 2, "d": 9, "maid": 0, "e": "7.50", "wd": 1, "nb": 0}, {"playerId": 59, "ov": "2", "r": 8, "w": 0, "d": 7, "maid": 0, "e": "4.00", "wd": 0, "nb": 0}, {"playerId": 57, "ov": "4", "r": 26, "w": 1, "d": 8, "maid": 0, "e": "6.50", "wd": 0, "nb": 0}, {"playerId": 282, "ov": "2", "r": 10, "w": 1, "d": 5, "maid": 0, "e": "5.00", "wd": 0, "nb": 0}], "fow": [{"bp": {"innings": 1, "over": 4, "ball": 6}, "playerId": 156, "ret": false, "w": 1, "r": 37}, {"bp": {"innings": 1, "over": 6, "ball": 6}, "playerId": 234, "ret": false, "w": 2, "r": 46}, {"bp": {"innings": 1, "over": 8, "ball": 2}, "playerId": 164, "ret": false, "w": 3, "r": 56}, {"bp": {"innings": 1, "over": 9, "ball": 1}, "playerId": 163, "ret": false, "w": 4, "r": 59}, {"bp": {"innings": 1, "over": 13, "ball": 2}, "playerId": 158, "ret": false, "w": 5, "r": 85}, {"bp": {"innings": 1, "over": 15, "ball": 2}, "playerId": 243, "ret": false, "w": 6, "r": 103}, {"bp": {"innings": 1, "over": 20, "ball": 5}, "playerId": 166, "ret": false, "w": 7, "r": 157}, {"bp": {"innings": 1, "over": 20, "ball": 6}, "playerId": 157, "ret": false, "w": 8, "r": 157}], "extras": {"noBallRuns": 0, "wideRuns": 2, "byeRuns": 0, "legByeRuns": 4, "penaltyRuns": 0}, "declared": false}, "overHistory": [{"ovNo": 1, "ovBalls": [".", "1", ".", ".", "2", "1"]}, {"ovNo": 2, "ovBalls": ["1", ".", ".", "6", ".", "."]}, {"ovNo": 3, "ovBalls": ["1", ".", "4", "4", "6", "4"]}, {"ovNo": 4, "ovBalls": [".", "4", ".", "2", "1Wd", ".", "W"]}, {"ovNo": 5, "ovBalls": [".", "1Lb", "1", "1", "1Lb", "."]}, {"ovNo": 6, "ovBalls": [".", ".", "1", "4", ".", "W"]}, {"ovNo": 7, "ovBalls": ["2", ".", ".", "1", "4", "2"]}, {"ovNo": 8, "ovBalls": ["1", "W", ".", "1", ".", "2"]}, {"ovNo": 9, "ovBalls": ["W", ".", "1", "1", "1", "1"]}, {"ovNo": 10, "ovBalls": ["2", "1", ".", "1", ".", "2"]}, {"ovNo": 11, "ovBalls": [".", ".", "1", "1", "4", "."]}, {"ovNo": 12, "ovBalls": [".", "1", "6", "1", "1", "1"]}, {"ovNo": 13, "ovBalls": [".", "W", ".", "1", "1", "4"]}, {"ovNo": 14, "ovBalls": ["1", ".", "1", "1Wd", "1", "6", "1"]}, {"ovNo": 15, "ovBalls": ["1", "W", ".", "4", "1", "."]}, {"ovNo": 16, "ovBalls": ["1", ".", "1", "1", "1", "1"]}, {"ovNo": 17, "ovBalls": ["1Lb", "1", "1Lb", ".", "1", "4"]}, {"ovNo": 18, "ovBalls": ["2", "1", "1", "1", "1", "2"]}, {"ovNo": 19, "ovBalls": ["6", "4", "4", "1", "2", "1"]}, {"ovNo": 20, "ovBalls": ["1", "4", "1", "4", "W", "W"]}]}, {"inningsNumber": 2, "runRate": "6.85", "overProgress": "20", "declared": false, "scorecard": {"runs": 137, "wkts": 7, "allOut": false, "battingStats": [{"playerId": 167, "r": 25, "b": 24, "sr": "104.16", "4s": 3, "6s": 0, "mod": {"dismissedBp": {"innings": 2, "over": 10, "ball": 5}, "countingBp": {"innings": 2, "over": 10, "ball": 5}, "text": "lbw Muttiah Muralitharan", "bowlerId": 241, "dismissedMethod": "lbw", "isOut": true}}, {"playerId": 45, "r": 0, "b": 1, "sr": "0.00", "4s": 0, "6s": 0, "mod": {"dismissedBp": {"innings": 2, "over": 1, "ball": 5}, "countingBp": {"innings": 2, "over": 1, "ball": 5}, "text": "c Cheteshwar Pujara b Zaheer Khan", "bowlerId": 165, "additionalPlayerIds": [156], "dismissedMethod": "ct", "isOut": true}}, {"playerId": 52, "r": 33, "b": 26, "sr": "126.92", "4s": 4, "6s": 1, "mod": {"dismissedBp": {"innings": 2, "over": 8, "ball": 3}, "countingBp": {"innings": 2, "over": 8, "ball": 3}, "text": "c Virat Kohli b Muttiah Muralitharan", "bowlerId": 241, "additionalPlayerIds": [164], "dismissedMethod": "ct", "isOut": true}}, {"playerId": 62, "r": 18, "b": 23, "sr": "78.26", "4s": 1, "6s": 0, "mod": {"dismissedBp": {"innings": 2, "over": 14, "ball": 4}, "countingBp": {"innings": 2, "over": 14, "ball": 4}, "text": "c Mayank Agarwal b Andrew McDonald", "bowlerId": 234, "additionalPlayerIds": [158], "dismissedMethod": "ct", "isOut": true}}, {"playerId": 282, "r": 3, "b": 4, "sr": "75.00", "4s": 0, "6s": 0, "mod": {"dismissedBp": {"innings": 2, "over": 12, "ball": 4}, "countingBp": {"innings": 2, "over": 12, "ball": 4}, "text": "c Zaheer Khan b Muttiah Muralitharan", "bowlerId": 241, "additionalPlayerIds": [165], "dismissedMethod": "ct", "isOut": true}}, {"playerId": 64, "r": 16, "b": 15, "sr": "106.66", "4s": 2, "6s": 0, "mod": {"dismissedBp": {"innings": 2, "over": 17, "ball": 7}, "countingBp": {"innings": 2, "over": 17, "ball": 6}, "text": "c Harshal Patel b Daniel Vettori", "bowlerId": 243, "additionalPlayerIds": [157], "dismissedMethod": "ct", "isOut": true}}, {"playerId": 49, "r": 24, "b": 15, "sr": "160.00", "4s": 2, "6s": 1, "mod": {"dismissedBp": {"innings": 2, "over": 19, "ball": 6}, "countingBp": {"innings": 2, "over": 19, "ball": 6}, "text": "run out (Harshal Patel)", "bowlerId": 165, "additionalPlayerIds": [157], "dismissedMethod": "ro", "isOut": true}}, {"playerId": 176, "r": 12, "b": 9, "sr": "133.33", "4s": 1, "6s": 0}, {"playerId": 169, "r": 2, "b": 3, "sr": "66.66", "4s": 0, "6s": 0}], "bowlingStats": [{"playerId": 165, "ov": "4", "r": 36, "w": 1, "d": 8, "maid": 0, "e": "9.00", "wd": 1, "nb": 0}, {"playerId": 166, "ov": "4", "r": 25, "w": 0, "d": 11, "maid": 0, "e": "6.25", "wd": 0, "nb": 0}, {"playerId": 234, "ov": "2", "r": 11, "w": 1, "d": 5, "maid": 0, "e": "5.50", "wd": 0, "nb": 0}, {"playerId": 243, "ov": "4", "r": 28, "w": 1, "d": 8, "maid": 0, "e": "7.00", "wd": 1, "nb": 0}, {"playerId": 241, "ov": "4", "r": 25, "w": 3, "d": 9, "maid": 0, "e": "6.25", "wd": 0, "nb": 0}, {"playerId": 157, "ov": "2", "r": 10, "w": 0, "d": 6, "maid": 0, "e": "5.00", "wd": 0, "nb": 0}], "fow": [{"bp": {"innings": 2, "over": 1, "ball": 5}, "playerId": 45, "ret": false, "w": 1, "r": 13}, {"bp": {"innings": 2, "over": 8, "ball": 3}, "playerId": 52, "ret": false, "w": 2, "r": 55}, {"bp": {"innings": 2, "over": 10, "ball": 5}, "playerId": 167, "ret": false, "w": 3, "r": 68}, {"bp": {"innings": 2, "over": 12, "ball": 4}, "playerId": 282, "ret": false, "w": 4, "r": 76}, {"bp": {"innings": 2, "over": 14, "ball": 4}, "playerId": 62, "ret": false, "w": 5, "r": 83}, {"bp": {"innings": 2, "over": 17, "ball": 6}, "playerId": 64, "ret": false, "w": 6, "r": 115}, {"bp": {"innings": 2, "over": 19, "ball": 6}, "playerId": 49, "ret": false, "w": 7, "r": 131}], "extras": {"noBallRuns": 0, "wideRuns": 2, "byeRuns": 0, "legByeRuns": 2, "penaltyRuns": 0}, "declared": false}, "overHistory": [{"ovNo": 1, "ovBalls": ["4", "4", "4", "1", "W", "1"]}, {"ovNo": 2, "ovBalls": [".", ".", ".", "4", "6", "."]}, {"ovNo": 3, "ovBalls": ["1", ".", ".", "1Wd", "2", "1", "1"]}, {"ovNo": 4, "ovBalls": ["1", "1", ".", ".", ".", "."]}, {"ovNo": 5, "ovBalls": [".", ".", "4", ".", "4", "."]}, {"ovNo": 6, "ovBalls": [".", "1", ".", "4", "1", "."]}, {"ovNo": 7, "ovBalls": ["2", "1", ".", "2", "1", "1"]}, {"ovNo": 8, "ovBalls": ["1", "1", "W", "1", "1", "1"]}, {"ovNo": 9, "ovBalls": ["4", "1Lb", "1", "1", "1", "."]}, {"ovNo": 10, "ovBalls": ["1", ".", "1", ".", "W", "."]}, {"ovNo": 11, "ovBalls": [".", ".", ".", ".", "2", "2"]}, {"ovNo": 12, "ovBalls": ["2", "1", "1", "W", ".", "."]}, {"ovNo": 13, "ovBalls": ["2", "1", "1", ".", ".", "."]}, {"ovNo": 14, "ovBalls": ["1", ".", "2", "W", "1", "1"]}, {"ovNo": 15, "ovBalls": ["1", ".", ".", "4", "1", "."]}, {"ovNo": 16, "ovBalls": [".", "1", "6", "4", "2", "1"]}, {"ovNo": 17, "ovBalls": ["1Wd", "1", "1", "1", "2", "4", "W"]}, {"ovNo": 18, "ovBalls": ["1", ".", "4", "1", "1Lb", "1"]}, {"ovNo": 19, "ovBalls": ["1", "4", "1", "1", ".", "1W"]}, {"ovNo": 20, "ovBalls": ["2", "1", "1", "1", ".", "1"]}]}]}