{"matchInfo": {"additionalInfo": {"sixes.video.thumb": "http://brightcove.vo.llnwd.net/v1/unsecured/media/3588749423001/201504/3990/3588749423001_4207008057001_video-still-for-video-4206842483001.jpg?pubId=3588749423001", "sixes.video.id": "4206842483001", "match.video.thumb": "http://brightcove.vo.llnwd.net/v1/unsecured/media/3588749423001/201504/2002/3588749423001_4207075920001_video-still-for-video-4207024615001.jpg?pubId=3588749423001", "mom.video.thumb": "http://brightcove.vo.llnwd.net/v1/unsecured/media/3588749423001/201504/2938/3588749423001_4207075991001_video-still-for-video-4207076860001.jpg?pubId=3588749423001", "mom.video.id": "4207076860001", "referee.name": "Rajendra Jadeja", "report.thumb": "http://static2.iplt20.com/cms/media/images/320x213/39285.jpg", "match.summary": "", "umpire.name.1": "Marais Erasmus", "umpire.name.2": "Anil Chaudhary", "umpire.name.3": "Rajesh Deshpande", "interview.thumb": "http://static2.iplt20.com/cms/media/images/320x213/39304.jpg", "umpire.name.4": "A Nanda Kishore", "away.team.fan.total": "18227", "result.playerofthematch": "Andre Russell", "toss.elected": "Kolkata Knight Riders, who chose to field", "notes.1.1": "Powerplay - 69 runs, 4 wickets", "notes.1.2": "CSK: 50 runs in 3.6 overs", "notes.2.1": "KKR: 50 runs in 7.3 overs", "notes.1.3": "CSK: 100 runs in 11.4 overs", "notes.2.2": "KKR: 100 runs in 13.3 overs", "notes.1.4": "6th Wicket: 50 runs in 50 balls (Dwayne Bravo 24, Ravindra Jadeja 21)", "notes.2.3": "Robin Uthappa: 50 off 40 balls (4 x fours, 1 x six)", "notes.1.5": "CSK: 150 runs in 17.5 overs", "notes.2.4": "4th Wicket: 50 runs in 30 balls (Robin Uthappa 24, Andre Russell 27)", "notes.1.6": "Innings Break: CSK - 165/9 in 20 overs", "notes.2.5": "Andre Russell: 50 off 25 balls (4 x fours, 4 x sixes)", "notes.2.6": "KKR: 150 runs in 17.2 overs", "notes.2.7": "4th Wicket: 100 runs in 55 balls (Robin Uthappa 47, Andre Russell 54)", "highlights.link": "http://www.iplt20.com/videos/media/id/4207024615001/m30-kkr-vs-csk-match-highlights", "match.video.id": "4207024615001", "stats.link": "http://www.iplt20.com/news/2015/more-news/6420/quick-stats-m30-kk-vs-csk", "home.team.fan.total": "13621", "photostream.link": "http://www.iplt20.com/photos/278/ipl-2015-match-30-kkr-v-csk", "toss.winner": "Kolkata Knight Riders", "interview.link": "http://www.iplt20.com/news/2015/features/6415/hogging-the-limelight", "stats.thumb": "http://static2.iplt20.com/cms/media/images/320x213/39307.jpg"}, "teams": [{"id": 3715, "team": {"id": 5, "fullName": "Kolkata Knight Riders", "shortName": "Knight Riders", "abbreviation": "KKR", "type": "m", "primaryColor": "6F2C91", "secondaryColor": "FFFFFF"}, "players": [{"id": 127, "fullName": "Robin Uthappa", "shortName": "R Uthappa", "nationality": "Indian", "dateOfBirth": "1985-11-11", "rightArmedBowl": true, "rightHandedBat": true}, {"id": 84, "fullName": "Gautam Gambhir", "shortName": "G Gambhir", "nationality": "Indian", "dateOfBirth": "1981-10-14", "rightArmedBowl": true, "rightHandedBat": false, "bowlingStyle": "LEG_SPIN"}, {"id": 123, "fullName": "Manish Pandey", "shortName": "M Pandey", "nationality": "Indian", "dateOfBirth": "1989-09-10", "rightArmedBowl": true, "rightHandedBat": true, "bowlingStyle": "MEDIUM_SEAM"}, {"id": 108, "fullName": "Suryakumar Yadav", "shortName": "S Yadav", "nationality": "Indian", "dateOfBirth": "1990-09-14", "rightArmedBowl": true, "rightHandedBat": true}, {"id": 96, "fullName": "Yusuf Pathan", "shortName": "Y Pathan", "nationality": "Indian", "dateOfBirth": "1982-11-17", "rightArmedBowl": false, "rightHandedBat": true}, {"id": 200, "fullName": "Ryan ten Doeschate", "shortName": "R ten Doeschate", "nationality": "Dutch", "dateOfBirth": "1980-06-30", "rightArmedBowl": false, "rightHandedBat": false}, {"id": 177, "fullName": "Andre Russell", "shortName": "A Russell", "nationality": "West Indian", "dateOfBirth": "1988-04-29", "rightArmedBowl": true, "rightHandedBat": true, "bowlingStyle": "FAST_SEAM"}, {"id": 76, "fullName": "Piyush Chawla", "shortName": "P Chawla", "nationality": "Indian", "dateOfBirth": "1988-12-24", "rightArmedBowl": true, "rightHandedBat": false, "bowlingStyle": "LEG_SPIN"}, {"id": 488, "fullName": "Pat Cummins", "shortName": "P Cummins", "nationality": "Australian", "dateOfBirth": "1993-05-08", "rightArmedBowl": true, "rightHandedBat": true, "bowlingStyle": "FAST_SEAM"}, {"id": 231, "fullName": "Brad Hogg", "shortName": "B Hogg", "nationality": "Australian", "dateOfBirth": "1971-02-06", "rightArmedBowl": false, "rightHandedBat": false}, {"id": 59, "fullName": "Umesh Yadav", "shortName": "U Yadav", "nationality": "Indian", "dateOfBirth": "1987-10-25", "rightArmedBowl": true, "rightHandedBat": true, "bowlingStyle": "FAST_SEAM"}], "wicketKeeper": {"id": 127, "fullName": "Robin Uthappa", "shortName": "R Uthappa", "nationality": "Indian", "dateOfBirth": "1985-11-11", "rightArmedBowl": true, "rightHandedBat": true}, "captain": {"id": 84, "fullName": "Gautam Gambhir", "shortName": "G Gambhir", "nationality": "Indian", "dateOfBirth": "1981-10-14", "rightArmedBowl": true, "rightHandedBat": false, "bowlingStyle": "LEG_SPIN"}}, {"id": 3714, "team": {"id": 1, "fullName": "Chennai Super Kings", "shortName": "Super Kings", "abbreviation": "CSK", "type": "m", "primaryColor": "FDB913", "secondaryColor": "0081E5"}, "players": [{"id": 413, "fullName": "Dwayne Smith", "shortName": "DR Smith", "nationality": "West Indian", "dateOfBirth": "1983-04-12", "rightArmedBowl": true, "rightHandedBat": true}, {"id": 202, "fullName": "Brendon McCullum", "shortName": "B McCullum", "nationality": "New Zealander", "dateOfBirth": "1981-09-27", "rightArmedBowl": true, "rightHandedBat": true, "bowlingStyle": "MEDIUM_SEAM"}, {"id": 14, "fullName": "Suresh Raina", "shortName": "S Raina", "nationality": "Indian", "dateOfBirth": "1986-11-27", "rightArmedBowl": true, "rightHandedBat": false, "bowlingStyle": "OFF_SPIN"}, {"id": 24, "fullName": "Faf du Plessis", "shortName": "F du Plessis", "nationality": "South African", "dateOfBirth": "1984-07-13", "rightArmedBowl": true, "rightHandedBat": true, "bowlingStyle": "LEG_SPIN"}, {"id": 1, "fullName": "MS Dhoni", "shortName": "MS Dhoni", "nationality": "Indian", "dateOfBirth": "1981-07-07", "rightArmedBowl": true, "rightHandedBat": true, "bowlingStyle": "MEDIUM_SEAM"}, {"id": 25, "fullName": "Dwayne Bravo", "shortName": "DJ Bravo", "nationality": "West Indian", "dateOfBirth": "1983-10-07", "rightArmedBowl": true, "rightHandedBat": true, "bowlingStyle": "MEDIUM_SEAM"}, {"id": 9, "fullName": "Ravindra Jadeja", "shortName": "R Jadeja", "nationality": "Indian", "dateOfBirth": "1988-12-06", "rightArmedBowl": false, "rightHandedBat": false, "bowlingStyle": "ORTHODOX"}, {"id": 53, "fullName": "Pawan Negi", "shortName": "P Negi", "nationality": "Indian", "dateOfBirth": "1983-01-06", "rightArmedBowl": false, "rightHandedBat": false, "bowlingStyle": "ORTHODOX"}, {"id": 1107, "fullName": "Mohit Sharma", "shortName": "M Sharma", "nationality": "Indian", "dateOfBirth": "1991-12-19", "rightArmedBowl": false, "rightHandedBat": true}, {"id": 277, "fullName": "Ronit More", "shortName": "R More", "nationality": "Indian", "dateOfBirth": "1992-02-11", "rightArmedBowl": false, "rightHandedBat": false}, {"id": 115, "fullName": "Ashish Nehra", "shortName": "A Nehra", "nationality": "Indian", "dateOfBirth": "1979-04-29", "rightArmedBowl": false, "rightHandedBat": true, "bowlingStyle": "MEDIUM_SEAM"}], "wicketKeeper": {"id": 1, "fullName": "MS Dhoni", "shortName": "MS Dhoni", "nationality": "Indian", "dateOfBirth": "1981-07-07", "rightArmedBowl": true, "rightHandedBat": true, "bowlingStyle": "MEDIUM_SEAM"}, "captain": {"id": 1, "fullName": "MS Dhoni", "shortName": "MS Dhoni", "nationality": "Indian", "dateOfBirth": "1981-07-07", "rightArmedBowl": true, "rightHandedBat": true, "bowlingStyle": "MEDIUM_SEAM"}}], "venue": {"id": 2, "fullName": "Eden Gardens", "shortName": "Eden Gardens", "city": "Kolkata", "country": "India"}, "matchDate": "2015-04-30T20:00:00+0530", "matchEndDate": "2015-04-30T23:00:00+0530", "matchDateMs": 1430404200000, "matchEndDateMs": 1430415000000, "isLimitedOvers": true, "battingOrder": [1, 0], "matchBroadcast": false, "matchState": "C", "matchStatus": {"outcome": "A", "text": "Kolkata Knight Riders won by 7 wickets"}, "description": "Match 30", "matchSummary": "", "matchType": "IPLT20", "tournamentLabel": "IPL 2015", "oversLimit": 20, "groupName": ""}, "matchId": {"id": 3255, "name": "ipl2015-30", "tournamentId": {"id": 2785, "name": "ipl2015", "provisional": false}}, "currentState": {"inProgress": false, "phase": "C", "currentInningsIndex": 1, "currentBatsmen": [127, 177], "facingBatsman": 177, "nonFacingBatsman": 127, "currentBowler": 277, "currentBowlerCurrentSpell": {"playerId": 277, "ov": "1.5", "r": 13, "w": 0, "d": 2, "maid": 0, "e": "7.09", "wd": 0, "nb": 0}, "previousBowler": 1107, "previousBowlerCurrentSpell": {"playerId": 1107, "ov": "1", "r": 5, "w": 0, "d": 4, "maid": 0, "e": "5.00", "wd": 0, "nb": 0}, "currentPartnership": 112, "partnership": {"runs": 112, "balls": 64, "runRate": "10.50"}, "recentOvers": [{"ovNo": 15, "ovBalls": ["6", "4", "4", ".", "1", "."]}, {"ovNo": 16, "ovBalls": ["1", "4", "6", "1", "1", "1"]}, {"ovNo": 17, "ovBalls": ["1", "1", ".", "6", "6", "1"]}, {"ovNo": 18, "ovBalls": ["1", "2", "2", ".", "2", "1"]}, {"ovNo": 19, "ovBalls": [".", "4", "1", ".", ".", "."]}, {"ovNo": 20, "ovBalls": ["1", "1", "2", "1", "4Lb"]}]}, "innings": [{"inningsNumber": 1, "runRate": "8.25", "overProgress": "20", "declared": false, "scorecard": {"runs": 165, "wkts": 9, "allOut": false, "battingStats": [{"playerId": 413, "r": 0, "b": 1, "sr": "0.00", "4s": 0, "6s": 0, "mod": {"dismissedBp": {"innings": 1, "over": 1, "ball": 1}, "countingBp": {"innings": 1, "over": 1, "ball": 1}, "text": "c Ryan ten Doeschate b Pat Cummins", "bowlerId": 488, "additionalPlayerIds": [200], "dismissedMethod": "ct", "isOut": true}}, {"playerId": 202, "r": 32, "b": 12, "sr": "266.66", "4s": 3, "6s": 3, "mod": {"dismissedBp": {"innings": 1, "over": 6, "ball": 1}, "countingBp": {"innings": 1, "over": 6, "ball": 1}, "text": "lbw Brad Hogg", "bowlerId": 231, "dismissedMethod": "lbw", "isOut": true}}, {"playerId": 14, "r": 8, "b": 10, "sr": "80.00", "4s": 2, "6s": 0, "mod": {"dismissedBp": {"innings": 1, "over": 4, "ball": 3}, "countingBp": {"innings": 1, "over": 4, "ball": 3}, "text": "c Piyush Chawla b Umesh Yadav", "bowlerId": 59, "additionalPlayerIds": [76], "dismissedMethod": "ct", "isOut": true}}, {"playerId": 24, "r": 20, "b": 11, "sr": "181.81", "4s": 5, "6s": 0, "mod": {"dismissedBp": {"innings": 1, "over": 6, "ball": 5}, "countingBp": {"innings": 1, "over": 6, "ball": 5}, "text": "st Robin Uthappa b Brad Hogg", "bowlerId": 231, "additionalPlayerIds": [127], "dismissedMethod": "st", "isOut": true}}, {"playerId": 25, "r": 30, "b": 32, "sr": "93.75", "4s": 4, "6s": 0, "mod": {"dismissedBp": {"innings": 1, "over": 17, "ball": 3}, "countingBp": {"innings": 1, "over": 17, "ball": 3}, "text": "b Andre Russell", "bowlerId": 177, "dismissedMethod": "b", "isOut": true}}, {"playerId": 1, "r": 1, "b": 4, "sr": "25.00", "4s": 0, "6s": 0, "mod": {"dismissedBp": {"innings": 1, "over": 7, "ball": 5}, "countingBp": {"innings": 1, "over": 7, "ball": 5}, "text": "b Piyush Chawla", "bowlerId": 76, "dismissedMethod": "b", "isOut": true}}, {"playerId": 9, "r": 24, "b": 30, "sr": "80.00", "4s": 1, "6s": 1, "mod": {"dismissedBp": {"innings": 1, "over": 19, "ball": 3}, "countingBp": {"innings": 1, "over": 19, "ball": 3}, "text": "c Pat Cummins b Brad Hogg", "bowlerId": 231, "additionalPlayerIds": [488], "dismissedMethod": "ct", "isOut": true}}, {"playerId": 53, "r": 27, "b": 13, "sr": "207.69", "4s": 4, "6s": 1, "mod": {"dismissedBp": {"innings": 1, "over": 19, "ball": 5}, "countingBp": {"innings": 1, "over": 19, "ball": 5}, "text": "b Brad Hogg", "bowlerId": 231, "dismissedMethod": "b", "isOut": true}}, {"playerId": 1107, "r": 0, "b": 1, "sr": "0.00", "4s": 0, "6s": 0, "mod": {"dismissedBp": {"innings": 1, "over": 20, "ball": 1}, "countingBp": {"innings": 1, "over": 20, "ball": 1}, "text": "c Robin Uthappa b Andre Russell", "bowlerId": 177, "additionalPlayerIds": [127], "dismissedMethod": "ct", "isOut": true}}, {"playerId": 115, "r": 1, "b": 4, "sr": "25.00", "4s": 0, "6s": 0}, {"playerId": 277, "r": 2, "b": 2, "sr": "100.00", "4s": 0, "6s": 0}], "bowlingStats": [{"playerId": 488, "ov": "4", "r": 54, "w": 1, "d": 8, "maid": 0, "e": "13.50", "wd": 2, "nb": 0}, {"playerId": 59, "ov": "2", "r": 16, "w": 1, "d": 8, "maid": 0, "e": "8.00", "wd": 0, "nb": 0}, {"playerId": 76, "ov": "4", "r": 21, "w": 1, "d": 15, "maid": 0, "e": "5.25", "wd": 0, "nb": 0}, {"playerId": 231, "ov": "4", "r": 29, "w": 4, "d": 14, "maid": 0, "e": "7.25", "wd": 0, "nb": 0}, {"playerId": 96, "ov": "2", "r": 11, "w": 0, "d": 4, "maid": 0, "e": "5.50", "wd": 0, "nb": 0}, {"playerId": 177, "ov": "4", "r": 20, "w": 2, "d": 11, "maid": 0, "e": "5.00", "wd": 0, "nb": 0}], "fow": [{"bp": {"innings": 1, "over": 1, "ball": 1}, "playerId": 413, "ret": false, "w": 1, "r": 0}, {"bp": {"innings": 1, "over": 4, "ball": 3}, "playerId": 14, "ret": false, "w": 2, "r": 43}, {"bp": {"innings": 1, "over": 6, "ball": 1}, "playerId": 202, "ret": false, "w": 3, "r": 64}, {"bp": {"innings": 1, "over": 6, "ball": 5}, "playerId": 24, "ret": false, "w": 4, "r": 69}, {"bp": {"innings": 1, "over": 7, "ball": 5}, "playerId": 1, "ret": false, "w": 5, "r": 72}, {"bp": {"innings": 1, "over": 17, "ball": 3}, "playerId": 25, "ret": false, "w": 6, "r": 129}, {"bp": {"innings": 1, "over": 19, "ball": 3}, "playerId": 9, "ret": false, "w": 7, "r": 154}, {"bp": {"innings": 1, "over": 19, "ball": 5}, "playerId": 53, "ret": false, "w": 8, "r": 160}, {"bp": {"innings": 1, "over": 20, "ball": 1}, "playerId": 1107, "ret": false, "w": 9, "r": 160}], "extras": {"noBallRuns": 0, "wideRuns": 6, "byeRuns": 1, "legByeRuns": 13, "penaltyRuns": 0}, "declared": false}, "overHistory": [{"ovNo": 1, "ovBalls": ["W", "1Lb", ".", "6", "5Wd", "6", "1Wd", "."]}, {"ovNo": 2, "ovBalls": ["4", ".", ".", ".", ".", "."]}, {"ovNo": 3, "ovBalls": [".", "4", "4", ".", "6", "2"]}, {"ovNo": 4, "ovBalls": ["4", ".", "W", "4", "1Lb", "4"]}, {"ovNo": 5, "ovBalls": ["4", "4", ".", "4", ".", "."]}, {"ovNo": 6, "ovBalls": ["W", "1", ".", "4", "W", "."]}, {"ovNo": 7, "ovBalls": ["1Lb", ".", "1", "1", "W", "1"]}, {"ovNo": 8, "ovBalls": ["1Lb", "1", ".", "4", "1", "."]}, {"ovNo": 9, "ovBalls": [".", ".", ".", ".", ".", "1"]}, {"ovNo": 10, "ovBalls": ["1", ".", "4", "1", ".", "1"]}, {"ovNo": 11, "ovBalls": ["1", "4", ".", ".", "4Lb", "."]}, {"ovNo": 12, "ovBalls": ["1", ".", "1", "1", ".", "1"]}, {"ovNo": 13, "ovBalls": ["1", ".", "1", "1", ".", "."]}, {"ovNo": 14, "ovBalls": [".", ".", "4", "1", ".", "6"]}, {"ovNo": 15, "ovBalls": [".", ".", ".", "1", "1", "4"]}, {"ovNo": 16, "ovBalls": ["1", "2", "1", "1", "1", "1"]}, {"ovNo": 17, "ovBalls": [".", "1", "W", "4", "2", "1"]}, {"ovNo": 18, "ovBalls": [".", "4", "4Lb", "4", "4", "1"]}, {"ovNo": 19, "ovBalls": [".", "1", "W", "6", "W", "."]}, {"ovNo": 20, "ovBalls": ["W", "1Lb", "1", "1", "1", "1B"]}]}, {"inningsNumber": 2, "runRate": "8.52", "overProgress": "19.5", "declared": false, "scorecard": {"runs": 169, "wkts": 3, "allOut": false, "battingStats": [{"playerId": 127, "r": 80, "b": 58, "sr": "137.93", "4s": 7, "6s": 1}, {"playerId": 84, "r": 19, "b": 16, "sr": "118.75", "4s": 0, "6s": 2, "mod": {"dismissedBp": {"innings": 2, "over": 5, "ball": 2}, "countingBp": {"innings": 2, "over": 5, "ball": 2}, "text": "c Ronit More b Mohit Sharma", "bowlerId": 1107, "additionalPlayerIds": [277], "dismissedMethod": "ct", "isOut": true}}, {"playerId": 123, "r": 3, "b": 10, "sr": "30.00", "4s": 0, "6s": 0, "mod": {"dismissedBp": {"innings": 2, "over": 9, "ball": 2}, "countingBp": {"innings": 2, "over": 9, "ball": 2}, "text": "c Ravindra Jadeja b Pawan Negi", "bowlerId": 53, "additionalPlayerIds": [9], "dismissedMethod": "ct", "isOut": true}}, {"playerId": 108, "r": 2, "b": 3, "sr": "66.66", "4s": 0, "6s": 0, "mod": {"dismissedBp": {"innings": 2, "over": 10, "ball": 1}, "countingBp": {"innings": 2, "over": 10, "ball": 1}, "text": "c Dwayne Bravo b Ronit More", "bowlerId": 277, "additionalPlayerIds": [25], "dismissedMethod": "ct", "isOut": true}}, {"playerId": 177, "r": 55, "b": 32, "sr": "171.87", "4s": 4, "6s": 4}], "bowlingStats": [{"playerId": 1107, "ov": "4", "r": 22, "w": 1, "d": 14, "maid": 0, "e": "5.50", "wd": 0, "nb": 0}, {"playerId": 115, "ov": "4", "r": 36, "w": 0, "d": 11, "maid": 0, "e": "9.00", "wd": 3, "nb": 0}, {"playerId": 53, "ov": "4", "r": 23, "w": 1, "d": 8, "maid": 0, "e": "5.75", "wd": 1, "nb": 0}, {"playerId": 277, "ov": "3.5", "r": 31, "w": 1, "d": 3, "maid": 0, "e": "8.08", "wd": 1, "nb": 0}, {"playerId": 9, "ov": "2", "r": 25, "w": 0, "d": 1, "maid": 0, "e": "12.50", "wd": 0, "nb": 0}, {"playerId": 25, "ov": "2", "r": 27, "w": 0, "d": 2, "maid": 0, "e": "13.50", "wd": 0, "nb": 0}], "fow": [{"bp": {"innings": 2, "over": 5, "ball": 2}, "playerId": 84, "ret": false, "w": 1, "r": 33}, {"bp": {"innings": 2, "over": 9, "ball": 2}, "playerId": 123, "ret": false, "w": 2, "r": 54}, {"bp": {"innings": 2, "over": 10, "ball": 1}, "playerId": 108, "ret": false, "w": 3, "r": 57}], "extras": {"noBallRuns": 0, "wideRuns": 5, "byeRuns": 0, "legByeRuns": 5, "penaltyRuns": 0}, "declared": false}, "overHistory": [{"ovNo": 1, "ovBalls": [".", ".", "4", "1", ".", "1"]}, {"ovNo": 2, "ovBalls": ["1Wd", ".", ".", "2", "1", "1Wd", "1", "1"]}, {"ovNo": 3, "ovBalls": [".", "1", ".", "1", ".", "6"]}, {"ovNo": 4, "ovBalls": [".", "4", "1", ".", "6", "1"]}, {"ovNo": 5, "ovBalls": [".", "W", "2", ".", ".", "1"]}, {"ovNo": 6, "ovBalls": [".", "1", ".", ".", "1Wd", ".", "."]}, {"ovNo": 7, "ovBalls": ["1Wd", "2", "1", ".", "1", "1Lb", "."]}, {"ovNo": 8, "ovBalls": ["4", "1", "1", "1", "1", "1"]}, {"ovNo": 9, "ovBalls": ["1", "W", "1", "1", "1", "."]}, {"ovNo": 10, "ovBalls": ["W", "2", "2", "2", "1", "1Wd", "1"]}, {"ovNo": 11, "ovBalls": [".", "1", "1", "6", ".", "1"]}, {"ovNo": 12, "ovBalls": ["4", "1", ".", "4", "1", "1"]}, {"ovNo": 13, "ovBalls": ["1", "1", "1", "1", ".", "1"]}, {"ovNo": 14, "ovBalls": ["4", "4", "1", ".", "2", "1"]}, {"ovNo": 15, "ovBalls": ["6", "4", "4", ".", "1", "."]}, {"ovNo": 16, "ovBalls": ["1", "4", "6", "1", "1", "1"]}, {"ovNo": 17, "ovBalls": ["1", "1", ".", "6", "6", "1"]}, {"ovNo": 18, "ovBalls": ["1", "2", "2", ".", "2", "1"]}, {"ovNo": 19, "ovBalls": [".", "4", "1", ".", ".", "."]}, {"ovNo": 20, "ovBalls": ["1", "1", "2", "1", "4Lb"]}]}]}