{"matchInfo": {"additionalInfo": {"referee.name": "Prakash Bhatt", "report.link": "https://www.iplt20.com/news/169936", "toss.elected": "Royal Challengers Bangalore, who chose to field", "match.summary": "", "umpire.name.1": "S Ravi", "umpire.name.2": "Ulhas Gandhe", "toss.winner": "Royal Challengers Bangalore", "umpire.name.3": "Nigel Llong", "umpire.name.4": "K Srinath", "highlights.link": "https://www.iplt20.com/video/169903"}, "teams": [{"id": 11678, "team": {"id": 4, "fullName": "Punjab Kings", "shortName": "Punjab Kings", "abbreviation": "PBKS", "type": "m", "primaryColor": "DA1F3D", "secondaryColor": "FFFFFF"}, "players": [{"id": 1125, "fullName": "KL Rahul", "shortName": "KL Rahul", "nationality": "Indian", "dateOfBirth": "1992-04-18", "rightArmedBowl": true, "rightHandedBat": true}, {"id": 236, "fullName": "Chris Gayle", "shortName": "C Gayle", "nationality": "West Indian", "dateOfBirth": "1979-09-21", "rightArmedBowl": true, "rightHandedBat": false, "bowlingStyle": "OFF_SPIN"}, {"id": 158, "fullName": "Mayank Agarwal", "shortName": "M Agarwal", "nationality": "Indian", "dateOfBirth": "1991-02-18", "rightArmedBowl": true, "rightHandedBat": true}, {"id": 1564, "fullName": "Sarfaraz Khan", "shortName": "SN Khan", "nationality": "Indian", "dateOfBirth": "1997-10-22", "rightArmedBowl": true, "rightHandedBat": true, "bowlingStyle": "LEG_SPIN"}, {"id": 1703, "fullName": "Nicholas Pooran", "shortName": "N Pooran", "nationality": "West Indian", "dateOfBirth": "1995-10-02", "rightArmedBowl": false, "rightHandedBat": false}, {"id": 72, "fullName": "Mandeep Singh", "shortName": "M Singh", "nationality": "Indian", "dateOfBirth": "1991-12-18", "rightArmedBowl": true, "rightHandedBat": true}, {"id": 2939, "fullName": "Sam Curran", "shortName": "S Curran", "nationality": "English", "dateOfBirth": "1998-06-03", "rightArmedBowl": false, "rightHandedBat": false, "bowlingStyle": "MEDIUM_SEAM"}, {"id": 1480, "fullName": "Andrew Tye", "shortName": "A Tye", "nationality": "Australian", "dateOfBirth": "1986-12-12", "rightArmedBowl": true, "rightHandedBat": true, "bowlingStyle": "MEDIUM_SEAM"}, {"id": 8, "fullName": "Ravichandran Ashwin", "shortName": "R Ashwin", "nationality": "Indian", "dateOfBirth": "1986-09-17", "rightArmedBowl": true, "rightHandedBat": true, "bowlingStyle": "OFF_SPIN"}, {"id": 94, "fullName": "Mohammad Shami", "shortName": "M Shami", "nationality": "Indian", "dateOfBirth": "1990-09-03", "rightArmedBowl": true, "rightHandedBat": true, "bowlingStyle": "FAST_SEAM"}, {"id": 3187, "fullName": "Murugan Ashwin", "shortName": "M Ashwin", "nationality": "Indian", "dateOfBirth": "1990-09-08", "rightArmedBowl": true, "rightHandedBat": true, "bowlingStyle": "LEG_SPIN"}], "wicketKeeper": {"id": 1703, "fullName": "Nicholas Pooran", "shortName": "N Pooran", "nationality": "West Indian", "dateOfBirth": "1995-10-02", "rightArmedBowl": false, "rightHandedBat": false}, "captain": {"id": 8, "fullName": "Ravichandran Ashwin", "shortName": "R Ashwin", "nationality": "Indian", "dateOfBirth": "1986-09-17", "rightArmedBowl": true, "rightHandedBat": true, "bowlingStyle": "OFF_SPIN"}}, {"id": 11679, "team": {"id": 9, "fullName": "Royal Challengers Bangalore", "shortName": "Challengers", "abbreviation": "RCB", "type": "m", "primaryColor": "000000", "secondaryColor": "FF3245"}, "players": [{"id": 44, "fullName": "Parthiv Patel", "shortName": "P Patel", "nationality": "Indian", "dateOfBirth": "1985-03-09", "rightArmedBowl": false, "rightHandedBat": false}, {"id": 164, "fullName": "Virat Kohli", "shortName": "V Kohli", "nationality": "Indian", "dateOfBirth": "1988-11-05", "rightArmedBowl": true, "rightHandedBat": true, "bowlingStyle": "MEDIUM_SEAM"}, {"id": 233, "fullName": "AB de Villiers", "shortName": "AB de Villiers", "nationality": "South African", "dateOfBirth": "1984-02-17", "rightArmedBowl": true, "rightHandedBat": true, "bowlingStyle": "MEDIUM_SEAM"}, {"id": 964, "fullName": "Marcus Stoinis", "shortName": "M Stoinis", "nationality": "Australian", "dateOfBirth": "1989-08-16", "rightArmedBowl": true, "rightHandedBat": true, "bowlingStyle": "MEDIUM_SEAM"}, {"id": 1735, "fullName": "Moeen Ali", "shortName": "M Ali", "nationality": "English", "dateOfBirth": "1987-06-18", "rightArmedBowl": true, "rightHandedBat": false, "bowlingStyle": "OFF_SPIN"}, {"id": 3177, "fullName": "Akshdeep Nath", "shortName": "A Nath", "nationality": "Indian", "dateOfBirth": "1993-05-10", "rightArmedBowl": true, "rightHandedBat": true}, {"id": 53, "fullName": "Pawan Negi", "shortName": "P Negi", "nationality": "Indian", "dateOfBirth": "1983-01-06", "rightArmedBowl": false, "rightHandedBat": false, "bowlingStyle": "ORTHODOX"}, {"id": 59, "fullName": "Umesh Yadav", "shortName": "U Yadav", "nationality": "Indian", "dateOfBirth": "1987-10-25", "rightArmedBowl": true, "rightHandedBat": true, "bowlingStyle": "FAST_SEAM"}, {"id": 3840, "fullName": "Mohammed Siraj", "shortName": "M Siraj", "nationality": "Indian", "dateOfBirth": "1994-03-13", "rightArmedBowl": true, "rightHandedBat": true, "bowlingStyle": "MEDIUM_SEAM"}, {"id": 111, "fullName": "Yuzvendra Chahal", "shortName": "Y Chahal", "nationality": "Indian", "dateOfBirth": "1990-07-23", "rightArmedBowl": true, "rightHandedBat": true, "bowlingStyle": "LEG_SPIN"}, {"id": 3824, "fullName": "Navdeep Saini", "shortName": "N Saini", "nationality": "Indian", "dateOfBirth": "1992-11-23", "rightArmedBowl": true, "rightHandedBat": true, "bowlingStyle": "FAST_SEAM"}], "wicketKeeper": {"id": 44, "fullName": "Parthiv Patel", "shortName": "P Patel", "nationality": "Indian", "dateOfBirth": "1985-03-09", "rightArmedBowl": false, "rightHandedBat": false}, "captain": {"id": 164, "fullName": "Virat Kohli", "shortName": "V Kohli", "nationality": "Indian", "dateOfBirth": "1988-11-05", "rightArmedBowl": true, "rightHandedBat": true, "bowlingStyle": "MEDIUM_SEAM"}}], "venue": {"id": 9, "fullName": "IS Bindra Stadium", "shortName": "IS Bindra Stadium", "city": "Mohali", "country": "India"}, "matchDate": "2019-04-13T20:00:00+0530", "matchEndDate": "2019-04-13T23:00:00+0530", "matchDateMs": 1555165800000, "matchEndDateMs": 1555176600000, "isLimitedOvers": true, "battingOrder": [0, 1], "matchBroadcast": true, "matchState": "C", "matchStatus": {"outcome": "B", "text": "Royal Challengers Bangalore won by 8 wickets"}, "description": "Match 28", "matchSummary": "", "matchType": "IPLT20", "tournamentLabel": "IPL 2019", "oversLimit": 20, "groupName": ""}, "matchId": {"id": 11319, "name": "ipl2019-28", "tournamentId": {"id": 10192, "name": "ipl2019", "provisional": false}}, "currentState": {"inProgress": false, "phase": "C", "currentInningsIndex": 1, "currentBatsmen": [233, 964], "facingBatsman": 964, "nonFacingBatsman": 233, "currentBowler": 1564, "currentBowlerCurrentSpell": {"playerId": 1564, "ov": "0.2", "r": 6, "w": 0, "d": 0, "maid": 0, "e": "18.00", "wd": 0, "nb": 0}, "previousBowler": 94, "previousBowlerCurrentSpell": {"playerId": 94, "ov": "1", "r": 14, "w": 0, "d": 1, "maid": 0, "e": "14.00", "wd": 0, "nb": 0}, "currentPartnership": 46, "partnership": {"runs": 46, "balls": 23, "runRate": "12.00"}, "recentOvers": [{"ovNo": 15, "ovBalls": ["1", ".", "1", ".", "1", "1"]}, {"ovNo": 16, "ovBalls": ["1", "1", "W", ".", "1", "1"]}, {"ovNo": 17, "ovBalls": ["1", ".", "2", ".", "2", "1"]}, {"ovNo": 18, "ovBalls": ["4", "4", "1", "6", "1", "2"]}, {"ovNo": 19, "ovBalls": ["2", "1", ".", "4", "1", "6"]}, {"ovNo": 20, "ovBalls": ["4", "2"]}]}, "innings": [{"inningsNumber": 1, "runRate": "8.65", "overProgress": "20", "declared": false, "scorecard": {"runs": 173, "wkts": 4, "allOut": false, "battingStats": [{"playerId": 1125, "r": 18, "b": 15, "sr": "120.00", "4s": 2, "6s": 1, "mod": {"dismissedBp": {"innings": 1, "over": 7, "ball": 2}, "countingBp": {"innings": 1, "over": 7, "ball": 2}, "text": "st Parthiv Patel b Yuzvendra Chahal", "bowlerId": 111, "additionalPlayerIds": [44], "dismissedMethod": "st", "isOut": true}}, {"playerId": 236, "r": 99, "b": 64, "sr": "154.68", "4s": 10, "6s": 5}, {"playerId": 158, "r": 15, "b": 9, "sr": "166.66", "4s": 1, "6s": 1, "mod": {"dismissedBp": {"innings": 1, "over": 9, "ball": 5}, "countingBp": {"innings": 1, "over": 9, "ball": 5}, "text": "b Yuzvendra Chahal", "bowlerId": 111, "dismissedMethod": "b", "isOut": true}}, {"playerId": 1564, "r": 15, "b": 13, "sr": "115.38", "4s": 1, "6s": 1, "mod": {"dismissedBp": {"innings": 1, "over": 13, "ball": 6}, "countingBp": {"innings": 1, "over": 13, "ball": 6}, "text": "c Parthiv Patel b Mohammed Siraj", "bowlerId": 3840, "additionalPlayerIds": [44], "dismissedMethod": "ct", "isOut": true}}, {"playerId": 2939, "r": 1, "b": 3, "sr": "33.33", "4s": 0, "6s": 0, "mod": {"dismissedBp": {"innings": 1, "over": 14, "ball": 5}, "countingBp": {"innings": 1, "over": 14, "ball": 5}, "text": "lbw Moeen Ali", "bowlerId": 1735, "dismissedMethod": "lbw", "isOut": true}}, {"playerId": 72, "r": 18, "b": 16, "sr": "112.50", "4s": 1, "6s": 0}], "bowlingStats": [{"playerId": 59, "ov": "4", "r": 42, "w": 0, "d": 7, "maid": 0, "e": "10.50", "wd": 2, "nb": 0}, {"playerId": 3824, "ov": "4", "r": 23, "w": 0, "d": 13, "maid": 0, "e": "5.75", "wd": 1, "nb": 0}, {"playerId": 3840, "ov": "4", "r": 54, "w": 1, "d": 5, "maid": 0, "e": "13.50", "wd": 0, "nb": 0}, {"playerId": 111, "ov": "4", "r": 33, "w": 2, "d": 9, "maid": 0, "e": "8.25", "wd": 1, "nb": 0}, {"playerId": 1735, "ov": "4", "r": 19, "w": 1, "d": 10, "maid": 0, "e": "4.75", "wd": 1, "nb": 0}], "fow": [{"bp": {"innings": 1, "over": 7, "ball": 2}, "playerId": 1125, "ret": false, "w": 1, "r": 66}, {"bp": {"innings": 1, "over": 9, "ball": 5}, "playerId": 158, "ret": false, "w": 2, "r": 86}, {"bp": {"innings": 1, "over": 13, "ball": 6}, "playerId": 1564, "ret": false, "w": 3, "r": 110}, {"bp": {"innings": 1, "over": 14, "ball": 5}, "playerId": 2939, "ret": false, "w": 4, "r": 113}], "extras": {"noBallRuns": 0, "wideRuns": 5, "byeRuns": 0, "legByeRuns": 2, "penaltyRuns": 0}, "declared": false}, "overHistory": [{"ovNo": 1, "ovBalls": ["1", ".", ".", ".", ".", "1"]}, {"ovNo": 2, "ovBalls": [".", ".", ".", "4", "1", "."]}, {"ovNo": 3, "ovBalls": ["4", "6", "2", "1", ".", "1"]}, {"ovNo": 4, "ovBalls": [".", ".", ".", "1", ".", "4"]}, {"ovNo": 5, "ovBalls": ["4", "4", "1", "1", ".", "."]}, {"ovNo": 6, "ovBalls": ["4", "6", "4", ".", "6", "4"]}, {"ovNo": 7, "ovBalls": ["6", "W", "1", "2Lb", ".", "."]}, {"ovNo": 8, "ovBalls": ["1", "1", ".", ".", "4", "2"]}, {"ovNo": 9, "ovBalls": ["1", "1", "1", "6", "W", "."]}, {"ovNo": 10, "ovBalls": [".", ".", ".", "1Wd", "1", "1", "1"]}, {"ovNo": 11, "ovBalls": ["2", ".", "1Wd", "1", "4", "1", "."]}, {"ovNo": 12, "ovBalls": [".", ".", ".", "1", "1", "1"]}, {"ovNo": 13, "ovBalls": ["1", ".", "1", ".", "6", "W"]}, {"ovNo": 14, "ovBalls": ["1", "1", "1", ".", "W", "1"]}, {"ovNo": 15, "ovBalls": ["1", "1", "1", "4", "1", "."]}, {"ovNo": 16, "ovBalls": [".", "1", "1", ".", "1", "2"]}, {"ovNo": 17, "ovBalls": ["1", "1", "6", "1", "1", "1"]}, {"ovNo": 18, "ovBalls": ["1Wd", ".", "1", ".", "4", ".", "2"]}, {"ovNo": 19, "ovBalls": ["4", "1", "1Wd", "1", "1", "1", "1Wd", "6"]}, {"ovNo": 20, "ovBalls": ["1", "1", "1", "4", ".", "4"]}]}, {"inningsNumber": 2, "runRate": "9.00", "overProgress": "19.2", "declared": false, "scorecard": {"runs": 174, "wkts": 2, "allOut": false, "battingStats": [{"playerId": 44, "r": 19, "b": 9, "sr": "211.11", "4s": 4, "6s": 0, "mod": {"dismissedBp": {"innings": 2, "over": 4, "ball": 5}, "countingBp": {"innings": 2, "over": 4, "ball": 5}, "text": "c Mayank Agarwal b Ravichandran Ashwin", "bowlerId": 8, "additionalPlayerIds": [158], "dismissedMethod": "ct", "isOut": true}}, {"playerId": 164, "r": 67, "b": 53, "sr": "126.41", "4s": 8, "6s": 0, "mod": {"dismissedBp": {"innings": 2, "over": 16, "ball": 3}, "countingBp": {"innings": 2, "over": 16, "ball": 3}, "text": "c Murugan Ashwin b Mohammad Shami", "bowlerId": 94, "additionalPlayerIds": [3187], "dismissedMethod": "ct", "isOut": true}}, {"playerId": 233, "r": 59, "b": 38, "sr": "155.26", "4s": 5, "6s": 2}, {"playerId": 964, "r": 28, "b": 16, "sr": "175.00", "4s": 4, "6s": 0}], "bowlingStats": [{"playerId": 2939, "ov": "3", "r": 31, "w": 0, "d": 4, "maid": 0, "e": "10.33", "wd": 0, "nb": 0}, {"playerId": 94, "ov": "4", "r": 43, "w": 1, "d": 5, "maid": 0, "e": "10.75", "wd": 0, "nb": 0}, {"playerId": 8, "ov": "4", "r": 30, "w": 1, "d": 3, "maid": 0, "e": "7.50", "wd": 1, "nb": 0}, {"playerId": 3187, "ov": "4", "r": 24, "w": 0, "d": 10, "maid": 0, "e": "6.00", "wd": 0, "nb": 0}, {"playerId": 1480, "ov": "4", "r": 40, "w": 0, "d": 6, "maid": 0, "e": "10.00", "wd": 0, "nb": 0}, {"playerId": 1564, "ov": "0.2", "r": 6, "w": 0, "d": 0, "maid": 0, "e": "18.00", "wd": 0, "nb": 0}], "fow": [{"bp": {"innings": 2, "over": 4, "ball": 5}, "playerId": 44, "ret": false, "w": 1, "r": 43}, {"bp": {"innings": 2, "over": 16, "ball": 3}, "playerId": 164, "ret": false, "w": 2, "r": 128}], "extras": {"noBallRuns": 0, "wideRuns": 1, "byeRuns": 0, "legByeRuns": 0, "penaltyRuns": 0}, "declared": false}, "overHistory": [{"ovNo": 1, "ovBalls": ["4", "1", ".", ".", "1", "."]}, {"ovNo": 2, "ovBalls": ["4", "4", "1", "4", "1", "1"]}, {"ovNo": 3, "ovBalls": ["4", ".", "2", "1", "4", "4"]}, {"ovNo": 4, "ovBalls": ["1", "1", "4", "1", "W", "1"]}, {"ovNo": 5, "ovBalls": ["1", "4", ".", "4", ".", "1"]}, {"ovNo": 6, "ovBalls": [".", "1", ".", "4", "4", "."]}, {"ovNo": 7, "ovBalls": [".", "1", "1", ".", "2", "4"]}, {"ovNo": 8, "ovBalls": [".", ".", "1", "1", ".", "1"]}, {"ovNo": 9, "ovBalls": ["1", "1", "1", "1", "1", "1"]}, {"ovNo": 10, "ovBalls": ["4", "1", "2", ".", ".", "1"]}, {"ovNo": 11, "ovBalls": ["1Wd", "4", "1", "1", "1", "1", "1"]}, {"ovNo": 12, "ovBalls": ["2", ".", "4", "2", "1", "."]}, {"ovNo": 13, "ovBalls": ["2", "1", "1", "1", "4", "1"]}, {"ovNo": 14, "ovBalls": ["2", "1", "1", "1", ".", "."]}, {"ovNo": 15, "ovBalls": ["1", ".", "1", ".", "1", "1"]}, {"ovNo": 16, "ovBalls": ["1", "1", "W", ".", "1", "1"]}, {"ovNo": 17, "ovBalls": ["1", ".", "2", ".", "2", "1"]}, {"ovNo": 18, "ovBalls": ["4", "4", "1", "6", "1", "2"]}, {"ovNo": 19, "ovBalls": ["2", "1", ".", "4", "1", "6"]}, {"ovNo": 20, "ovBalls": ["4", "2"]}]}]}