{"matchInfo": {"additionalInfo": {"sixes.video.thumb": "http://brightcove.vo.llnwd.net/v1/unsecured/media/3588749423001/201605/3531/3588749423001_4873169560001_4873146387001-vs.jpg?pubId=3588749423001", "sixes.video.id": "4873146387001", "match.video.thumb": "http://brightcove.vo.llnwd.net/v1/unsecured/media/3588749423001/201605/1531/3588749423001_4873179667001_4873146389001-vs.jpg?pubId=3588749423001", "mom.video.thumb": "http://brightcove.vo.llnwd.net/v1/unsecured/media/3588749423001/201605/1531/3588749423001_4873179360001_4873146393001-vs.jpg?pubId=3588749423001", "mom.video.id": "4873146393001", "referee.name": "Manu Nayyar", "report.thumb": "http://static2.iplt20.com/cms/media/images/630x420/49442.jpg", "match.summary": "", "umpire.name.1": "Chris Gaffaney", "umpire.name.2": "Bruce Oxenford", "umpire.name.3": "Virender Sharma", "interview.thumb": "http://static2.iplt20.com/cms/media/images/320x213/49601.jpg", "umpire.name.4": "Yeshwant Barde", "away.team.fan.total": "3291", "result.playerofthematch": "Axar Patel", "toss.elected": "Gujarat Lions, who chose to field", "notes.1.1": "Powerplay - 59 runs, 0 wickets", "notes.1.2": "KXIP: 50 runs in 4.6 overs", "notes.2.1": "Powerplay - 36 runs, 2 wickets", "notes.1.3": "1st Wicket: 50 runs in 30 balls (Murali Vijay 32, Marcus Stoinis 17)", "notes.2.2": "Gujarat Lions: 50 runs in 9.0 overs", "notes.1.4": "Murali Vijay: 50 off 36 balls (6 x fours)", "notes.2.3": "Gujarat Lions: 100 runs in 16.2 overs", "notes.1.5": "KXIP: 100 runs in 12.6 overs", "notes.1.6": "KXIP: 150 runs in 18.4 overs", "notes.1.7": "Innings Break: KXIP - 154/10 in 19.5 overs", "highlights.link": "http://www.iplt20.com/videos/media/id/4873146389001/m28-gl-vs-kxip-match-highlights", "match.video.id": "4873146389001", "stats.link": "http://www.iplt20.com/news/2016/more-news/7541/quick-stats-m28-gl-vs-kxip", "home.team.fan.total": "4019", "photostream.link": "http://www.iplt20.com/photos/339/match-28-gl-v-kxip", "toss.winner": "Gujarat Lions", "interview.link": "http://www.iplt20.com/news/2016/features/7550/ive-worked-on-bowling-slower-through-the-air-axar", "stats.thumb": "http://static2.iplt20.com/cms/media/images/320x213/49586.jpg"}, "teams": [{"id": 4779, "team": {"id": 433, "fullName": "Gujarat Lions", "shortName": "Gujarat Lions", "abbreviation": "GL", "type": "m", "primaryColor": "E5BA0F", "secondaryColor": "383838"}, "players": [{"id": 413, "fullName": "Dwayne Smith", "shortName": "DR Smith", "nationality": "West Indian", "dateOfBirth": "1983-04-12", "rightArmedBowl": true, "rightHandedBat": true}, {"id": 202, "fullName": "Brendon McCullum", "shortName": "B McCullum", "nationality": "New Zealander", "dateOfBirth": "1981-09-27", "rightArmedBowl": true, "rightHandedBat": true, "bowlingStyle": "MEDIUM_SEAM"}, {"id": 14, "fullName": "Suresh Raina", "shortName": "S Raina", "nationality": "Indian", "dateOfBirth": "1986-11-27", "rightArmedBowl": true, "rightHandedBat": false, "bowlingStyle": "OFF_SPIN"}, {"id": 102, "fullName": "Dinesh Karthik", "shortName": "D Karthik", "nationality": "Indian", "dateOfBirth": "1985-06-01", "rightArmedBowl": true, "rightHandedBat": true, "bowlingStyle": "OFF_SPIN"}, {"id": 25, "fullName": "Dwayne Bravo", "shortName": "DJ Bravo", "nationality": "West Indian", "dateOfBirth": "1983-10-07", "rightArmedBowl": true, "rightHandedBat": true, "bowlingStyle": "MEDIUM_SEAM"}, {"id": 9, "fullName": "Ravindra Jadeja", "shortName": "R Jadeja", "nationality": "Indian", "dateOfBirth": "1988-12-06", "rightArmedBowl": false, "rightHandedBat": false, "bowlingStyle": "ORTHODOX"}, {"id": 2975, "fullName": "Ishan Kishan", "shortName": "I Kishan", "nationality": "Indian", "dateOfBirth": "1998-07-18", "rightArmedBowl": false, "rightHandedBat": false}, {"id": 193, "fullName": "James Faulkner", "shortName": "J Faulkner", "nationality": "Australian", "dateOfBirth": "1990-04-29", "rightArmedBowl": false, "rightHandedBat": true}, {"id": 77, "fullName": "Praveen Kumar", "shortName": "P Kumar", "nationality": "Indian", "dateOfBirth": "1986-10-02", "rightArmedBowl": true, "rightHandedBat": true}, {"id": 101, "fullName": "Dhawal Kulkarni", "shortName": "D Kulkarni", "nationality": "Indian", "dateOfBirth": "1988-12-10", "rightArmedBowl": true, "rightHandedBat": true, "bowlingStyle": "MEDIUM_SEAM"}, {"id": 3178, "fullName": "Shivil Kaushik", "shortName": "S Kaushik", "nationality": "Indian", "dateOfBirth": "1995-07-09", "rightArmedBowl": false, "rightHandedBat": true, "bowlingStyle": "UNORTHODOX"}], "wicketKeeper": {"id": 102, "fullName": "Dinesh Karthik", "shortName": "D Karthik", "nationality": "Indian", "dateOfBirth": "1985-06-01", "rightArmedBowl": true, "rightHandedBat": true, "bowlingStyle": "OFF_SPIN"}, "captain": {"id": 14, "fullName": "Suresh Raina", "shortName": "S Raina", "nationality": "Indian", "dateOfBirth": "1986-11-27", "rightArmedBowl": true, "rightHandedBat": false, "bowlingStyle": "OFF_SPIN"}}, {"id": 4778, "team": {"id": 4, "fullName": "Punjab Kings", "shortName": "Punjab Kings", "abbreviation": "PBKS", "type": "m", "primaryColor": "DA1F3D", "secondaryColor": "FFFFFF"}, "players": [{"id": 7, "fullName": "Murali Vijay", "shortName": "M Vijay", "nationality": "Indian", "dateOfBirth": "1984-04-01", "rightArmedBowl": false, "rightHandedBat": false}, {"id": 191, "fullName": "Shaun Marsh", "shortName": "S Marsh", "nationality": "Australian", "dateOfBirth": "1983-07-09", "rightArmedBowl": false, "rightHandedBat": false, "bowlingStyle": "ORTHODOX"}, {"id": 187, "fullName": "David Miller", "shortName": "D Miller", "nationality": "South African", "dateOfBirth": "1989-06-10", "rightArmedBowl": true, "rightHandedBat": false, "bowlingStyle": "OFF_SPIN"}, {"id": 282, "fullName": "Glenn Maxwell", "shortName": "G Maxwell", "nationality": "Australian", "dateOfBirth": "1988-10-14", "rightArmedBowl": true, "rightHandedBat": true, "bowlingStyle": "OFF_SPIN"}, {"id": 253, "fullName": "Gurkeerat Mann Singh", "shortName": "GM Singh", "nationality": "Indian", "dateOfBirth": "1990-06-29", "rightArmedBowl": true, "rightHandedBat": true, "bowlingStyle": "OFF_SPIN"}, {"id": 16, "fullName": "Wriddhiman Saha", "shortName": "W Saha", "nationality": "Indian", "dateOfBirth": "1984-10-24", "rightArmedBowl": true, "rightHandedBat": true}, {"id": 1113, "fullName": "Axar Patel", "shortName": "A Patel", "nationality": "Indian", "dateOfBirth": "1994-01-20", "rightArmedBowl": false, "rightHandedBat": false, "bowlingStyle": "ORTHODOX"}, {"id": 964, "fullName": "Marcus Stoinis", "shortName": "M Stoinis", "nationality": "Australian", "dateOfBirth": "1989-08-16", "rightArmedBowl": true, "rightHandedBat": true, "bowlingStyle": "MEDIUM_SEAM"}, {"id": 2743, "fullName": "KC Cariappa", "shortName": "KC Cariappa", "nationality": "Indian", "dateOfBirth": "1994-04-13", "rightArmedBowl": true, "rightHandedBat": true, "bowlingStyle": "LEG_SPIN"}, {"id": 1107, "fullName": "Mohit Sharma", "shortName": "M Sharma", "nationality": "Indian", "dateOfBirth": "1991-12-19", "rightArmedBowl": false, "rightHandedBat": true}, {"id": 1112, "fullName": "Sandeep Sharma", "shortName": "S Sharma", "nationality": "Indian", "dateOfBirth": "1993-05-18", "rightArmedBowl": true, "rightHandedBat": true, "bowlingStyle": "MEDIUM_SEAM"}], "wicketKeeper": {"id": 16, "fullName": "Wriddhiman Saha", "shortName": "W Saha", "nationality": "Indian", "dateOfBirth": "1984-10-24", "rightArmedBowl": true, "rightHandedBat": true}, "captain": {"id": 7, "fullName": "Murali Vijay", "shortName": "M Vijay", "nationality": "Indian", "dateOfBirth": "1984-04-01", "rightArmedBowl": false, "rightHandedBat": false}}], "venue": {"id": 44, "fullName": "Saurashtra Cricket Association Stadium", "shortName": "Saurashtra Cricket Association Stadium", "city": "Rajkot", "country": "India"}, "matchDate": "2016-05-01T16:00:00+0530", "matchEndDate": "2016-05-01T23:00:00+0530", "matchDateMs": 1462098600000, "matchEndDateMs": 1462123800000, "isLimitedOvers": true, "battingOrder": [1, 0], "matchBroadcast": false, "matchState": "C", "matchStatus": {"outcome": "B", "text": "Punjab Kings won by 23 runs"}, "description": "Match 28", "matchSummary": "", "matchType": "IPLT20", "tournamentLabel": "IPL 2016", "oversLimit": 20, "groupName": ""}, "matchId": {"id": 4069, "name": "ipl2016-28", "tournamentId": {"id": 3957, "name": "ipl2016", "provisional": false}}, "currentState": {"inProgress": false, "phase": "C", "currentInningsIndex": 1, "currentBatsmen": [101, 3178], "facingBatsman": 3178, "nonFacingBatsman": 101, "currentBowler": -1, "previousBowler": 1107, "previousBowlerCurrentSpell": {"playerId": 1107, "ov": "1", "r": 7, "w": 1, "d": 3, "maid": 0, "e": "7.00", "wd": 0, "nb": 0}, "currentPartnership": 6, "partnership": {"runs": 6, "balls": 4, "runRate": "9.00"}, "recentOvers": [{"ovNo": 15, "ovBalls": ["1", "1", "1", "1", "W", "1"]}, {"ovNo": 16, "ovBalls": ["4", "2", "2", "1", "1", "2"]}, {"ovNo": 17, "ovBalls": [".", "1", "1", ".", "1", "4"]}, {"ovNo": 18, "ovBalls": ["1", "4", "1", "4", "1", "1B"]}, {"ovNo": 19, "ovBalls": ["1", ".", "4", "2", ".", "W"]}, {"ovNo": 20, "ovBalls": [".", "W", ".", "2", "2", "2"]}]}, "innings": [{"inningsNumber": 1, "runRate": "7.76", "overProgress": "19.5", "declared": false, "scorecard": {"runs": 154, "wkts": 10, "allOut": true, "battingStats": [{"playerId": 7, "r": 55, "b": 41, "sr": "134.14", "4s": 6, "6s": 0, "mod": {"dismissedBp": {"innings": 1, "over": 14, "ball": 1}, "countingBp": {"innings": 1, "over": 14, "ball": 1}, "text": "c Dwayne Bravo b Shivil Kaushik", "bowlerId": 3178, "additionalPlayerIds": [25], "dismissedMethod": "ct", "isOut": true}}, {"playerId": 964, "r": 27, "b": 17, "sr": "158.82", "4s": 3, "6s": 1, "mod": {"dismissedBp": {"innings": 1, "over": 7, "ball": 4}, "countingBp": {"innings": 1, "over": 7, "ball": 4}, "text": "st Dinesh Karthik b Ravindra Jadeja", "bowlerId": 9, "additionalPlayerIds": [102], "dismissedMethod": "st", "isOut": true}}, {"playerId": 191, "r": 1, "b": 3, "sr": "33.33", "4s": 0, "6s": 0, "mod": {"dismissedBp": {"innings": 1, "over": 8, "ball": 5}, "countingBp": {"innings": 1, "over": 8, "ball": 5}, "text": "c Suresh Raina b Shivil Kaushik", "bowlerId": 3178, "additionalPlayerIds": [14], "dismissedMethod": "ct", "isOut": true}}, {"playerId": 282, "r": 0, "b": 1, "sr": "0.00", "4s": 0, "6s": 0, "mod": {"dismissedBp": {"innings": 1, "over": 8, "ball": 6}, "countingBp": {"innings": 1, "over": 8, "ball": 6}, "text": "c Dinesh Karthik b Shivil Kaushik", "bowlerId": 3178, "additionalPlayerIds": [102], "dismissedMethod": "ct", "isOut": true}}, {"playerId": 253, "r": 0, "b": 3, "sr": "0.00", "4s": 0, "6s": 0, "mod": {"dismissedBp": {"innings": 1, "over": 9, "ball": 5}, "countingBp": {"innings": 1, "over": 9, "ball": 5}, "text": "run out (James Faulkner/Dinesh Karthik)", "bowlerId": 9, "additionalPlayerIds": [193, 102], "dismissedMethod": "ro", "isOut": true}}, {"playerId": 187, "r": 31, "b": 27, "sr": "114.81", "4s": 2, "6s": 0, "mod": {"dismissedBp": {"innings": 1, "over": 18, "ball": 2}, "countingBp": {"innings": 1, "over": 18, "ball": 2}, "text": "c Dwayne Smith b Dhawal Kulkarni", "bowlerId": 101, "additionalPlayerIds": [413], "dismissedMethod": "ct", "isOut": true}}, {"playerId": 16, "r": 33, "b": 19, "sr": "173.68", "4s": 4, "6s": 0, "mod": {"dismissedBp": {"innings": 1, "over": 19, "ball": 5}, "countingBp": {"innings": 1, "over": 19, "ball": 5}, "text": "b Dwayne Bravo", "bowlerId": 25, "dismissedMethod": "b", "isOut": true}}, {"playerId": 1113, "r": 0, "b": 2, "sr": "0.00", "4s": 0, "6s": 0, "mod": {"dismissedBp": {"innings": 1, "over": 19, "ball": 2}, "countingBp": {"innings": 1, "over": 19, "ball": 2}, "text": "c Ishan Kishan b Dwayne Bravo", "bowlerId": 25, "additionalPlayerIds": [2975], "dismissedMethod": "ct", "isOut": true}}, {"playerId": 1107, "r": 1, "b": 2, "sr": "50.00", "4s": 0, "6s": 0, "mod": {"dismissedBp": {"innings": 1, "over": 20, "ball": 3}, "countingBp": {"innings": 1, "over": 20, "ball": 3}, "text": "b Praveen Kumar", "bowlerId": 77, "dismissedMethod": "b", "isOut": true}}, {"playerId": 2743, "r": 1, "b": 3, "sr": "33.33", "4s": 0, "6s": 0, "mod": {"dismissedBp": {"innings": 1, "over": 20, "ball": 5}, "countingBp": {"innings": 1, "over": 20, "ball": 5}, "text": "b Praveen Kumar", "bowlerId": 77, "dismissedMethod": "b", "isOut": true}}, {"playerId": 1112, "r": 1, "b": 1, "sr": "100.00", "4s": 0, "6s": 0}], "bowlingStats": [{"playerId": 77, "ov": "2.5", "r": 25, "w": 2, "d": 7, "maid": 0, "e": "8.82", "wd": 0, "nb": 0}, {"playerId": 101, "ov": "4", "r": 28, "w": 1, "d": 9, "maid": 0, "e": "7.00", "wd": 0, "nb": 0}, {"playerId": 9, "ov": "3", "r": 28, "w": 1, "d": 6, "maid": 0, "e": "9.33", "wd": 2, "nb": 0}, {"playerId": 3178, "ov": "4", "r": 20, "w": 3, "d": 10, "maid": 0, "e": "5.00", "wd": 1, "nb": 0}, {"playerId": 25, "ov": "4", "r": 33, "w": 2, "d": 6, "maid": 0, "e": "8.25", "wd": 0, "nb": 0}, {"playerId": 193, "ov": "2", "r": 19, "w": 0, "d": 1, "maid": 0, "e": "9.50", "wd": 0, "nb": 0}], "fow": [{"bp": {"innings": 1, "over": 7, "ball": 4}, "playerId": 964, "ret": false, "w": 1, "r": 65}, {"bp": {"innings": 1, "over": 8, "ball": 5}, "playerId": 191, "ret": false, "w": 2, "r": 70}, {"bp": {"innings": 1, "over": 8, "ball": 6}, "playerId": 282, "ret": false, "w": 3, "r": 70}, {"bp": {"innings": 1, "over": 9, "ball": 5}, "playerId": 253, "ret": false, "w": 4, "r": 73}, {"bp": {"innings": 1, "over": 14, "ball": 1}, "playerId": 7, "ret": false, "w": 5, "r": 100}, {"bp": {"innings": 1, "over": 18, "ball": 2}, "playerId": 187, "ret": false, "w": 6, "r": 139}, {"bp": {"innings": 1, "over": 19, "ball": 2}, "playerId": 1113, "ret": false, "w": 7, "r": 145}, {"bp": {"innings": 1, "over": 19, "ball": 5}, "playerId": 16, "ret": false, "w": 8, "r": 151}, {"bp": {"innings": 1, "over": 20, "ball": 3}, "playerId": 1107, "ret": false, "w": 9, "r": 153}, {"bp": {"innings": 1, "over": 20, "ball": 5}, "playerId": 2743, "ret": false, "w": 10, "r": 154}], "extras": {"noBallRuns": 0, "wideRuns": 3, "byeRuns": 0, "legByeRuns": 1, "penaltyRuns": 0}, "declared": false}, "overHistory": [{"ovNo": 1, "ovBalls": [".", ".", "4", "2", "3", "."]}, {"ovNo": 2, "ovBalls": ["1", ".", "1", ".", ".", "2"]}, {"ovNo": 3, "ovBalls": ["1", ".", "4", ".", "4", "4"]}, {"ovNo": 4, "ovBalls": [".", "1", "4", "2", "1", "."]}, {"ovNo": 5, "ovBalls": ["1", "6", "2", "2", "1Wd", "1Wd", ".", "4"]}, {"ovNo": 6, "ovBalls": [".", "1", "4", "1", ".", "2"]}, {"ovNo": 7, "ovBalls": ["4", "1", "1", "W", "1Lb", "1"]}, {"ovNo": 8, "ovBalls": [".", "1", "1", "1", "W", "W"]}, {"ovNo": 9, "ovBalls": ["2", "1", ".", ".", "W", "1"]}, {"ovNo": 10, "ovBalls": [".", "1", "1", ".", "1", "1"]}, {"ovNo": 11, "ovBalls": ["1", ".", "1", "1", "4", "1"]}, {"ovNo": 12, "ovBalls": ["1", "1Wd", ".", "1", ".", "1", "4"]}, {"ovNo": 13, "ovBalls": ["1", "2", ".", "1", "1", "1"]}, {"ovNo": 14, "ovBalls": ["W", "1", "2", ".", ".", "2"]}, {"ovNo": 15, "ovBalls": ["1", "1", ".", "1", "1", "1"]}, {"ovNo": 16, "ovBalls": ["1", "4", "1", "4", "1", "2"]}, {"ovNo": 17, "ovBalls": ["4", "1", "2", "1", "4", "2"]}, {"ovNo": 18, "ovBalls": ["2", "W", ".", "2", "2", "2"]}, {"ovNo": 19, "ovBalls": [".", "W", "4", "2", "W", "."]}, {"ovNo": 20, "ovBalls": ["1", "1", "W", "1", "W"]}]}, {"inningsNumber": 2, "runRate": "6.55", "overProgress": "20", "declared": false, "scorecard": {"runs": 131, "wkts": 9, "allOut": false, "battingStats": [{"playerId": 413, "r": 15, "b": 18, "sr": "83.33", "4s": 1, "6s": 1, "mod": {"dismissedBp": {"innings": 2, "over": 7, "ball": 4}, "countingBp": {"innings": 2, "over": 7, "ball": 3}, "text": "c Gurkeerat Mann Singh b Axar Patel", "bowlerId": 1113, "additionalPlayerIds": [253], "dismissedMethod": "ct", "isOut": true}}, {"playerId": 202, "r": 1, "b": 3, "sr": "33.33", "4s": 0, "6s": 0, "mod": {"dismissedBp": {"innings": 2, "over": 2, "ball": 4}, "countingBp": {"innings": 2, "over": 2, "ball": 4}, "text": "b Mohit Sharma", "bowlerId": 1107, "dismissedMethod": "b", "isOut": true}}, {"playerId": 14, "r": 18, "b": 15, "sr": "120.00", "4s": 2, "6s": 1, "mod": {"dismissedBp": {"innings": 2, "over": 5, "ball": 6}, "countingBp": {"innings": 2, "over": 5, "ball": 6}, "text": "b Mohit Sharma", "bowlerId": 1107, "dismissedMethod": "b", "isOut": true}}, {"playerId": 102, "r": 2, "b": 4, "sr": "50.00", "4s": 0, "6s": 0, "mod": {"dismissedBp": {"innings": 2, "over": 7, "ball": 6}, "countingBp": {"innings": 2, "over": 7, "ball": 5}, "text": "b Axar Patel", "bowlerId": 1113, "dismissedMethod": "b", "isOut": true}}, {"playerId": 9, "r": 11, "b": 11, "sr": "100.00", "4s": 0, "6s": 0, "mod": {"dismissedBp": {"innings": 2, "over": 11, "ball": 1}, "countingBp": {"innings": 2, "over": 11, "ball": 1}, "text": "c Wriddhiman Saha b Axar Patel", "bowlerId": 1113, "additionalPlayerIds": [16], "dismissedMethod": "ct", "isOut": true}}, {"playerId": 25, "r": 0, "b": 1, "sr": "0.00", "4s": 0, "6s": 0, "mod": {"dismissedBp": {"innings": 2, "over": 7, "ball": 7}, "countingBp": {"innings": 2, "over": 7, "ball": 6}, "text": "b Axar Patel", "bowlerId": 1113, "dismissedMethod": "b", "isOut": true}}, {"playerId": 2975, "r": 27, "b": 24, "sr": "112.50", "4s": 3, "6s": 0, "mod": {"dismissedBp": {"innings": 2, "over": 15, "ball": 5}, "countingBp": {"innings": 2, "over": 15, "ball": 5}, "text": "run out (Glenn Maxwell/Marcus Stoinis)", "bowlerId": 964, "additionalPlayerIds": [282, 964], "dismissedMethod": "ro", "isOut": true}}, {"playerId": 193, "r": 32, "b": 27, "sr": "118.51", "4s": 3, "6s": 0, "mod": {"dismissedBp": {"innings": 2, "over": 20, "ball": 2}, "countingBp": {"innings": 2, "over": 20, "ball": 2}, "text": "c David Miller b Sandeep Sharma", "bowlerId": 1112, "additionalPlayerIds": [187], "dismissedMethod": "ct", "isOut": true}}, {"playerId": 77, "r": 15, "b": 13, "sr": "115.38", "4s": 2, "6s": 0, "mod": {"dismissedBp": {"innings": 2, "over": 19, "ball": 6}, "countingBp": {"innings": 2, "over": 19, "ball": 6}, "text": "c KC Cariappa b Mohit Sharma", "bowlerId": 1107, "additionalPlayerIds": [2743], "dismissedMethod": "ct", "isOut": true}}, {"playerId": 101, "r": 6, "b": 4, "sr": "150.00", "4s": 0, "6s": 0}, {"playerId": 3178, "r": 0, "b": 0, "4s": 0, "6s": 0}], "bowlingStats": [{"playerId": 1112, "ov": "4", "r": 31, "w": 1, "d": 11, "maid": 0, "e": "7.75", "wd": 1, "nb": 0}, {"playerId": 1107, "ov": "4", "r": 32, "w": 3, "d": 7, "maid": 0, "e": "8.00", "wd": 0, "nb": 0}, {"playerId": 964, "ov": "4", "r": 23, "w": 0, "d": 10, "maid": 0, "e": "5.75", "wd": 0, "nb": 0}, {"playerId": 1113, "ov": "4", "r": 21, "w": 4, "d": 12, "maid": 0, "e": "5.25", "wd": 1, "nb": 0}, {"playerId": 2743, "ov": "3", "r": 15, "w": 0, "d": 7, "maid": 0, "e": "5.00", "wd": 0, "nb": 0}, {"playerId": 253, "ov": "1", "r": 8, "w": 0, "d": 2, "maid": 0, "e": "8.00", "wd": 1, "nb": 0}], "fow": [{"bp": {"innings": 2, "over": 2, "ball": 4}, "playerId": 202, "ret": false, "w": 1, "r": 13}, {"bp": {"innings": 2, "over": 5, "ball": 6}, "playerId": 14, "ret": false, "w": 2, "r": 34}, {"bp": {"innings": 2, "over": 7, "ball": 3}, "playerId": 413, "ret": false, "w": 3, "r": 38}, {"bp": {"innings": 2, "over": 7, "ball": 5}, "playerId": 102, "ret": false, "w": 4, "r": 39}, {"bp": {"innings": 2, "over": 7, "ball": 6}, "playerId": 25, "ret": false, "w": 5, "r": 39}, {"bp": {"innings": 2, "over": 11, "ball": 1}, "playerId": 9, "ret": false, "w": 6, "r": 57}, {"bp": {"innings": 2, "over": 15, "ball": 5}, "playerId": 2975, "ret": false, "w": 7, "r": 86}, {"bp": {"innings": 2, "over": 19, "ball": 6}, "playerId": 77, "ret": false, "w": 8, "r": 125}, {"bp": {"innings": 2, "over": 20, "ball": 2}, "playerId": 193, "ret": false, "w": 9, "r": 125}], "extras": {"noBallRuns": 0, "wideRuns": 3, "byeRuns": 1, "legByeRuns": 0, "penaltyRuns": 0}, "declared": false}, "overHistory": [{"ovNo": 1, "ovBalls": ["1Wd", ".", "4", ".", ".", ".", "6"]}, {"ovNo": 2, "ovBalls": ["1", "1", ".", "W", "1", "."]}, {"ovNo": 3, "ovBalls": [".", ".", ".", "4", ".", "."]}, {"ovNo": 4, "ovBalls": ["1", ".", "4", ".", "1", "."]}, {"ovNo": 5, "ovBalls": ["1", "1", "6", "1", "1", "W"]}, {"ovNo": 6, "ovBalls": [".", ".", "1", ".", "1", "."]}, {"ovNo": 7, "ovBalls": ["1Wd", "1", ".", "W", "1", "W", "W"]}, {"ovNo": 8, "ovBalls": ["1", "1", "1", ".", ".", "."]}, {"ovNo": 9, "ovBalls": [".", "1", "4", "1", "1", "."]}, {"ovNo": 10, "ovBalls": ["1Wd", "2", ".", "1", ".", "1", "3"]}, {"ovNo": 11, "ovBalls": ["W", "1", "2", "1", ".", "."]}, {"ovNo": 12, "ovBalls": ["1", ".", "1", ".", ".", "1"]}, {"ovNo": 13, "ovBalls": ["1", "1", "4", "1", "2", "1"]}, {"ovNo": 14, "ovBalls": [".", "1", "4", "2", "1", "."]}, {"ovNo": 15, "ovBalls": ["1", "1", "1", "1", "W", "1"]}, {"ovNo": 16, "ovBalls": ["4", "2", "2", "1", "1", "2"]}, {"ovNo": 17, "ovBalls": [".", "1", "1", ".", "1", "4"]}, {"ovNo": 18, "ovBalls": ["1", "4", "1", "4", "1", "1B"]}, {"ovNo": 19, "ovBalls": ["1", ".", "4", "2", ".", "W"]}, {"ovNo": 20, "ovBalls": [".", "W", ".", "2", "2", "2"]}]}]}