{"matchInfo": {"additionalInfo": {"sixes.video.thumb": "http://images.lvp.llnw.net/bec92a81ddd44d1c80669f5061c90861/media/01402ba0343c4c69afc0769f881abe6e/HoN.540x304.jpeg", "sixes.video.id": "01402ba0343c4c69afc0769f881abe6e", "match.video.thumb": "http://images.lvp.llnw.net/bec92a81ddd44d1c80669f5061c90861/media/428415b486994b22ae8f408311e76345/kjg.540x304.jpeg", "mom.video.thumb": "http://images.lvp.llnw.net/bec92a81ddd44d1c80669f5061c90861/media/06ee303a0c6644eab860bb01d61c1759/MXy.540x304.jpeg", "mom.video.id": "06ee303a0c6644eab860bb01d61c1759", "referee.name": "Javagal Srinath", "report.thumb": "http://static2.iplt20.com/cms/media/images/630x420/28472.jpg", "match.summary": "", "umpire.name.1": "Rajesh Deshpande", "umpire.name.2": "Bruce Oxenford", "umpire.name.3": "Chettithody Shamshuddin", "interview.thumb": "http://static2.iplt20.com/cms/media/images/630x420/28491.jpg", "umpire.name.4": "Navdeep Singh", "away.team.fan.total": "6135", "result.playerofthematch": "Dwayne Smith", "toss.elected": "Chennai Super Kings, who chose to field", "notes.1.1": "Powerplay  - 46 runs, 2 wickets", "notes.1.2": "DD: 50 runs in 7.1 overs", "notes.2.1": "Powerplay  - 49 runs, 0 wickets", "notes.1.3": "3rd Wicket: 50 runs in 38 balls (Murali Vijay 14, Dinesh Karthik 36)", "notes.2.2": "CSK: 50 runs in 6.4 overs", "notes.1.4": "DD: 100 runs in 12.1 overs", "notes.2.3": "1st Wicket: 50 runs in 40 balls (Dwayne Smith 24, Brendon McCullum 22)", "notes.1.5": "Dinesh Karthik: 50 off 35 balls (4 x fours, 3 x sixes)", "notes.2.4": "CSK: 100 runs in 12.5 overs", "notes.1.6": "DD: 150 runs in 17.6 overs", "notes.2.5": "Dwayne Smith: 50 off 38 balls (2 x fours, 6 x sixes)", "notes.1.7": "6th Wicket: 50 runs in 33 balls (JP Duminy 27, Kedar Jadhav 25)", "notes.2.6": "2nd Wicket: 50 runs in 26 balls (Dwayne Smith 21, Suresh Raina 28)", "notes.1.8": "Innings Break: DD - 178/5 in 20 overs", "notes.2.7": "CSK: 150 runs in 17.4 overs", "highlights.link": "http://www.iplt20.com/videos/media/id/428415b486994b22ae8f408311e76345/m26-dd-vs-csk-match-highlights", "match.video.id": "428415b486994b22ae8f408311e76345", "stats.link": "http://www.iplt20.com/news/2014/more-news/4950/quick-stats-match-26-dd-v-csk", "home.team.fan.total": "3840", "photostream.link": "http://www.iplt20.com/photos/213/ipl-2014-match-26-dd-v-csk", "toss.winner": "Chennai Super Kings", "interview.link": "http://www.iplt20.com/news/2014/features/4942/bowled-to-my-strengths-jadeja", "stats.thumb": "http://static2.iplt20.com/cms/media/images/630x420/28508.jpg"}, "teams": [{"id": 2419, "team": {"id": 3, "fullName": "Delhi Capitals", "shortName": "Delhi", "abbreviation": "DC", "type": "m", "primaryColor": "004C93", "secondaryColor": "F83430"}, "players": [{"id": 834, "fullName": "Quinton de Kock", "shortName": "Q de Kock", "nationality": "South African", "dateOfBirth": "1992-12-17", "rightArmedBowl": false, "rightHandedBat": false}, {"id": 7, "fullName": "Murali Vijay", "shortName": "M Vijay", "nationality": "Indian", "dateOfBirth": "1984-04-01", "rightArmedBowl": false, "rightHandedBat": false}, {"id": 172, "fullName": "Kevin Pietersen", "shortName": "K Pietersen", "nationality": "English", "dateOfBirth": "1980-06-27", "rightArmedBowl": true, "rightHandedBat": true, "bowlingStyle": "OFF_SPIN"}, {"id": 102, "fullName": "Dinesh Karthik", "shortName": "D Karthik", "nationality": "Indian", "dateOfBirth": "1985-06-01", "rightArmedBowl": true, "rightHandedBat": true, "bowlingStyle": "OFF_SPIN"}, {"id": 182, "fullName": "JP Duminy", "shortName": "JP Duminy", "nationality": "South African", "dateOfBirth": "1984-04-14", "rightArmedBowl": false, "rightHandedBat": false}, {"id": 297, "fullName": "Kedar Jadhav", "shortName": "K Jadhav", "nationality": "Indian", "dateOfBirth": "1985-03-26", "rightArmedBowl": true, "rightHandedBat": true, "bowlingStyle": "OFF_SPIN"}, {"id": 88, "fullName": "Laxmi Ratan Shukla", "shortName": "L Ratan Shukla", "nationality": "Indian", "dateOfBirth": "1981-05-06", "rightArmedBowl": false, "rightHandedBat": false}, {"id": 223, "fullName": "Wayne Parnell", "shortName": "W Parnell", "nationality": "South African", "dateOfBirth": "1989-07-30", "rightArmedBowl": false, "rightHandedBat": false}, {"id": 57, "fullName": "Shahbaz Nadeem", "shortName": "S Nadeem", "nationality": "Indian", "dateOfBirth": "1989-08-12", "rightArmedBowl": false, "rightHandedBat": true, "bowlingStyle": "ORTHODOX"}, {"id": 94, "fullName": "Mohammad Shami", "shortName": "M Shami", "nationality": "Indian", "dateOfBirth": "1990-09-03", "rightArmedBowl": true, "rightHandedBat": true, "bowlingStyle": "FAST_SEAM"}, {"id": 86, "fullName": "Jaydev Unadkat", "shortName": "J Unadkat", "nationality": "Indian", "dateOfBirth": "1991-10-18", "rightArmedBowl": false, "rightHandedBat": true, "bowlingStyle": "MEDIUM_SEAM"}], "wicketKeeper": {"id": 102, "fullName": "Dinesh Karthik", "shortName": "D Karthik", "nationality": "Indian", "dateOfBirth": "1985-06-01", "rightArmedBowl": true, "rightHandedBat": true, "bowlingStyle": "OFF_SPIN"}, "captain": {"id": 172, "fullName": "Kevin Pietersen", "shortName": "K Pietersen", "nationality": "English", "dateOfBirth": "1980-06-27", "rightArmedBowl": true, "rightHandedBat": true, "bowlingStyle": "OFF_SPIN"}}, {"id": 2418, "team": {"id": 1, "fullName": "Chennai Super Kings", "shortName": "Super Kings", "abbreviation": "CSK", "type": "m", "primaryColor": "FDB913", "secondaryColor": "0081E5"}, "players": [{"id": 413, "fullName": "Dwayne Smith", "shortName": "DR Smith", "nationality": "West Indian", "dateOfBirth": "1983-04-12", "rightArmedBowl": true, "rightHandedBat": true}, {"id": 202, "fullName": "Brendon McCullum", "shortName": "B McCullum", "nationality": "New Zealander", "dateOfBirth": "1981-09-27", "rightArmedBowl": true, "rightHandedBat": true, "bowlingStyle": "MEDIUM_SEAM"}, {"id": 14, "fullName": "Suresh Raina", "shortName": "S Raina", "nationality": "Indian", "dateOfBirth": "1986-11-27", "rightArmedBowl": true, "rightHandedBat": false, "bowlingStyle": "OFF_SPIN"}, {"id": 24, "fullName": "Faf du Plessis", "shortName": "F du Plessis", "nationality": "South African", "dateOfBirth": "1984-07-13", "rightArmedBowl": true, "rightHandedBat": true, "bowlingStyle": "LEG_SPIN"}, {"id": 1, "fullName": "MS Dhoni", "shortName": "MS Dhoni", "nationality": "Indian", "dateOfBirth": "1981-07-07", "rightArmedBowl": true, "rightHandedBat": true, "bowlingStyle": "MEDIUM_SEAM"}, {"id": 124, "fullName": "Mithun Manhas", "shortName": "M Manhas", "nationality": "Indian", "dateOfBirth": "1979-10-12", "rightArmedBowl": false, "rightHandedBat": false}, {"id": 9, "fullName": "Ravindra Jadeja", "shortName": "R Jadeja", "nationality": "Indian", "dateOfBirth": "1988-12-06", "rightArmedBowl": false, "rightHandedBat": false, "bowlingStyle": "ORTHODOX"}, {"id": 8, "fullName": "Ravichandran Ashwin", "shortName": "R Ashwin", "nationality": "Indian", "dateOfBirth": "1986-09-17", "rightArmedBowl": true, "rightHandedBat": true, "bowlingStyle": "OFF_SPIN"}, {"id": 1107, "fullName": "Mohit Sharma", "shortName": "M Sharma", "nationality": "Indian", "dateOfBirth": "1991-12-19", "rightArmedBowl": false, "rightHandedBat": true}, {"id": 17, "fullName": "Ben Hilfenhaus", "shortName": "B Hilfenhaus", "nationality": "Australian", "dateOfBirth": "1983-03-15", "rightArmedBowl": true, "rightHandedBat": true}, {"id": 1090, "fullName": "Ishwar Pandey", "shortName": "I Pandey", "nationality": "Indian", "dateOfBirth": "1989-08-15", "rightArmedBowl": true, "rightHandedBat": true}], "wicketKeeper": {"id": 1, "fullName": "MS Dhoni", "shortName": "MS Dhoni", "nationality": "Indian", "dateOfBirth": "1981-07-07", "rightArmedBowl": true, "rightHandedBat": true, "bowlingStyle": "MEDIUM_SEAM"}, "captain": {"id": 1, "fullName": "MS Dhoni", "shortName": "MS Dhoni", "nationality": "Indian", "dateOfBirth": "1981-07-07", "rightArmedBowl": true, "rightHandedBat": true, "bowlingStyle": "MEDIUM_SEAM"}}], "venue": {"id": 8, "fullName": "Arun Jaitley Stadium", "shortName": "Arun Jaitley Stadium", "city": "Delhi", "country": "India"}, "matchDate": "2014-05-05T20:00:00+0530", "matchEndDate": "2014-05-05T23:00:00+0530", "matchDateMs": 1399300200000, "matchEndDateMs": 1399311000000, "isLimitedOvers": true, "battingOrder": [0, 1], "matchBroadcast": false, "matchState": "C", "matchStatus": {"outcome": "B", "text": "Chennai Super Kings won by 8 wickets"}, "description": "Match 26", "matchSummary": "", "matchType": "IPLT20", "tournamentLabel": "IPL 2014", "oversLimit": 20, "groupName": ""}, "matchId": {"id": 2449, "name": "ipl2014-26", "tournamentId": {"id": 2374, "name": "ipl2014", "provisional": false}}, "currentState": {"inProgress": false, "phase": "C", "currentInningsIndex": 1, "currentBatsmen": [14, 1], "facingBatsman": 1, "nonFacingBatsman": 14, "currentBowler": 86, "currentBowlerCurrentSpell": {"playerId": 86, "ov": "0.4", "r": 13, "w": 0, "d": 0, "maid": 0, "e": "19.50", "wd": 0, "nb": 0}, "previousBowler": 223, "previousBowlerCurrentSpell": {"playerId": 223, "ov": "1", "r": 5, "w": 1, "d": 4, "maid": 0, "e": "5.00", "wd": 0, "nb": 0}, "currentPartnership": 13, "partnership": {"runs": 13, "balls": 6, "runRate": "13.00"}, "recentOvers": [{"ovNo": 15, "ovBalls": ["1", "4", "2", ".", "4", "."]}, {"ovNo": 16, "ovBalls": ["1", "1", "1", "4", "6", "1"]}, {"ovNo": 17, "ovBalls": [".", "1", "1", "2", "1", "."]}, {"ovNo": 18, "ovBalls": ["1", "1", "1", "4", "6", "4"]}, {"ovNo": 19, "ovBalls": ["4", "1", ".", "W", ".", "."]}, {"ovNo": 20, "ovBalls": ["1", "6", "2", "4"]}]}, "innings": [{"inningsNumber": 1, "runRate": "8.90", "overProgress": "20", "declared": false, "scorecard": {"runs": 178, "wkts": 5, "allOut": false, "battingStats": [{"playerId": 834, "r": 24, "b": 16, "sr": "150.00", "4s": 3, "6s": 2, "mod": {"dismissedBp": {"innings": 1, "over": 5, "ball": 1}, "countingBp": {"innings": 1, "over": 5, "ball": 1}, "text": "run out (Ravindra Jadeja/Mohit Sharma)", "bowlerId": 1107, "additionalPlayerIds": [9, 1107], "dismissedMethod": "ro", "isOut": true}}, {"playerId": 7, "r": 35, "b": 30, "sr": "116.66", "4s": 2, "6s": 1, "mod": {"dismissedBp": {"innings": 1, "over": 15, "ball": 2}, "countingBp": {"innings": 1, "over": 15, "ball": 2}, "text": "c Faf du Plessis b Ravindra Jadeja", "bowlerId": 9, "additionalPlayerIds": [24], "dismissedMethod": "ct", "isOut": true}}, {"playerId": 172, "r": 0, "b": 1, "sr": "0.00", "4s": 0, "6s": 0, "mod": {"dismissedBp": {"innings": 1, "over": 5, "ball": 3}, "countingBp": {"innings": 1, "over": 5, "ball": 3}, "text": "b Mohit Sharma", "bowlerId": 1107, "dismissedMethod": "b", "isOut": true}}, {"playerId": 102, "r": 51, "b": 36, "sr": "141.66", "4s": 4, "6s": 3, "mod": {"dismissedBp": {"innings": 1, "over": 13, "ball": 6}, "countingBp": {"innings": 1, "over": 13, "ball": 6}, "text": "c Mohit Sharma b Ben Hilfenhaus", "bowlerId": 17, "additionalPlayerIds": [1107], "dismissedMethod": "ct", "isOut": true}}, {"playerId": 88, "r": 0, "b": 2, "sr": "0.00", "4s": 0, "6s": 0, "mod": {"dismissedBp": {"innings": 1, "over": 14, "ball": 6}, "countingBp": {"innings": 1, "over": 14, "ball": 6}, "text": "c Ishwar Pandey b Ravichandran Ashwin", "bowlerId": 8, "additionalPlayerIds": [1090], "dismissedMethod": "ct", "isOut": true}}, {"playerId": 182, "r": 28, "b": 17, "sr": "164.70", "4s": 5, "6s": 0}, {"playerId": 297, "r": 29, "b": 18, "sr": "161.11", "4s": 2, "6s": 2}], "bowlingStats": [{"playerId": 17, "ov": "4", "r": 34, "w": 1, "d": 14, "maid": 0, "e": "8.50", "wd": 1, "nb": 0}, {"playerId": 1090, "ov": "3", "r": 26, "w": 0, "d": 10, "maid": 1, "e": "8.66", "wd": 0, "nb": 0}, {"playerId": 1107, "ov": "4", "r": 51, "w": 1, "d": 7, "maid": 0, "e": "12.75", "wd": 0, "nb": 0}, {"playerId": 9, "ov": "4", "r": 23, "w": 1, "d": 10, "maid": 0, "e": "5.75", "wd": 0, "nb": 0}, {"playerId": 8, "ov": "4", "r": 29, "w": 1, "d": 6, "maid": 0, "e": "7.25", "wd": 3, "nb": 0}, {"playerId": 413, "ov": "1", "r": 9, "w": 0, "d": 1, "maid": 0, "e": "9.00", "wd": 0, "nb": 0}], "fow": [{"bp": {"innings": 1, "over": 5, "ball": 1}, "playerId": 834, "ret": false, "w": 1, "r": 36}, {"bp": {"innings": 1, "over": 5, "ball": 3}, "playerId": 172, "ret": false, "w": 2, "r": 37}, {"bp": {"innings": 1, "over": 13, "ball": 6}, "playerId": 102, "ret": false, "w": 3, "r": 108}, {"bp": {"innings": 1, "over": 14, "ball": 6}, "playerId": 88, "ret": false, "w": 4, "r": 119}, {"bp": {"innings": 1, "over": 15, "ball": 2}, "playerId": 7, "ret": false, "w": 5, "r": 120}], "extras": {"noBallRuns": 0, "wideRuns": 5, "byeRuns": 0, "legByeRuns": 6, "penaltyRuns": 0}, "declared": false}, "overHistory": [{"ovNo": 1, "ovBalls": ["4Lb", ".", ".", ".", ".", "4"]}, {"ovNo": 2, "ovBalls": [".", ".", ".", ".", ".", "."]}, {"ovNo": 3, "ovBalls": [".", ".", "1Wd", ".", "4", "4", "."]}, {"ovNo": 4, "ovBalls": ["4", "1", "6", ".", ".", "6"]}, {"ovNo": 5, "ovBalls": ["2W", "1", "W", ".", ".", "."]}, {"ovNo": 6, "ovBalls": ["1", ".", "4", "3", ".", "1"]}, {"ovNo": 7, "ovBalls": ["1", ".", ".", ".", ".", "2"]}, {"ovNo": 8, "ovBalls": ["1", ".", "1", "1", ".", "1"]}, {"ovNo": 9, "ovBalls": ["6", "4", "1", "1", ".", "1"]}, {"ovNo": 10, "ovBalls": ["1", "2", "4", "1", "1", "."]}, {"ovNo": 11, "ovBalls": ["4", "1", "1", ".", "6", "1"]}, {"ovNo": 12, "ovBalls": ["1", "2Wd", ".", "1", "2", "1", "1"]}, {"ovNo": 13, "ovBalls": ["6", ".", "1", "1", "4", "W"]}, {"ovNo": 14, "ovBalls": ["2", "1Lb", "1Lb", "6", "1", "W"]}, {"ovNo": 15, "ovBalls": ["1", "W", ".", ".", "1", "1"]}, {"ovNo": 16, "ovBalls": ["1Wd", "1", "1", "1", "1", "1Wd", "1", "1"]}, {"ovNo": 17, "ovBalls": ["1", "1", "1", ".", "1", "."]}, {"ovNo": 18, "ovBalls": [".", "1", "4", "4", "4", "4"]}, {"ovNo": 19, "ovBalls": [".", ".", ".", "4", "1", "4"]}, {"ovNo": 20, "ovBalls": ["1", ".", "1", "6", "6", "4"]}]}, {"inningsNumber": 2, "runRate": "9.20", "overProgress": "19.4", "declared": false, "scorecard": {"runs": 181, "wkts": 2, "allOut": false, "battingStats": [{"playerId": 413, "r": 79, "b": 51, "sr": "154.90", "4s": 4, "6s": 8, "mod": {"dismissedBp": {"innings": 2, "over": 19, "ball": 4}, "countingBp": {"innings": 2, "over": 19, "ball": 4}, "text": "c Murali Vijay b Wayne Parnell", "bowlerId": 223, "additionalPlayerIds": [7], "dismissedMethod": "ct", "isOut": true}}, {"playerId": 202, "r": 32, "b": 35, "sr": "91.42", "4s": 5, "6s": 0, "mod": {"dismissedBp": {"innings": 2, "over": 12, "ball": 2}, "countingBp": {"innings": 2, "over": 12, "ball": 2}, "text": "c Murali Vijay b Laxmi Ratan Shukla", "bowlerId": 88, "additionalPlayerIds": [7], "dismissedMethod": "ct", "isOut": true}}, {"playerId": 14, "r": 47, "b": 27, "sr": "174.07", "4s": 6, "6s": 1}, {"playerId": 1, "r": 12, "b": 5, "sr": "240.00", "4s": 1, "6s": 1}], "bowlingStats": [{"playerId": 94, "ov": "4", "r": 42, "w": 0, "d": 9, "maid": 0, "e": "10.50", "wd": 1, "nb": 0}, {"playerId": 223, "ov": "4", "r": 25, "w": 1, "d": 13, "maid": 0, "e": "6.25", "wd": 0, "nb": 0}, {"playerId": 86, "ov": "3.4", "r": 47, "w": 0, "d": 7, "maid": 0, "e": "12.81", "wd": 0, "nb": 0}, {"playerId": 57, "ov": "4", "r": 27, "w": 0, "d": 10, "maid": 0, "e": "6.75", "wd": 0, "nb": 0}, {"playerId": 88, "ov": "4", "r": 31, "w": 1, "d": 12, "maid": 0, "e": "7.75", "wd": 1, "nb": 0}], "fow": [{"bp": {"innings": 2, "over": 12, "ball": 2}, "playerId": 202, "ret": false, "w": 1, "r": 82}, {"bp": {"innings": 2, "over": 19, "ball": 4}, "playerId": 413, "ret": false, "w": 2, "r": 168}], "extras": {"noBallRuns": 0, "wideRuns": 2, "byeRuns": 4, "legByeRuns": 5, "penaltyRuns": 0}, "declared": false}, "overHistory": [{"ovNo": 1, "ovBalls": [".", "4", ".", "1", ".", "2"]}, {"ovNo": 2, "ovBalls": [".", "3Lb", ".", ".", "4", "1"]}, {"ovNo": 3, "ovBalls": ["4", ".", ".", ".", ".", "4"]}, {"ovNo": 4, "ovBalls": [".", ".", "6", "6", "6", "."]}, {"ovNo": 5, "ovBalls": ["4", ".", "1", ".", ".", "1"]}, {"ovNo": 6, "ovBalls": ["1Lb", ".", ".", "1", ".", "."]}, {"ovNo": 7, "ovBalls": [".", ".", ".", "1", "1", "1"]}, {"ovNo": 8, "ovBalls": [".", ".", ".", "1", "4B", "1"]}, {"ovNo": 9, "ovBalls": ["6", ".", ".", "1", "1", "1"]}, {"ovNo": 10, "ovBalls": ["1", ".", "1", ".", ".", "."]}, {"ovNo": 11, "ovBalls": [".", "1", "6", ".", "1", "1"]}, {"ovNo": 12, "ovBalls": ["4", "W", ".", "4", "1Wd", "4", "1"]}, {"ovNo": 13, "ovBalls": ["1", ".", "1Lb", "1Wd", "1", "6", "1"]}, {"ovNo": 14, "ovBalls": ["4", "6", "1", ".", "2", "."]}, {"ovNo": 15, "ovBalls": ["1", "4", "2", ".", "4", "."]}, {"ovNo": 16, "ovBalls": ["1", "1", "1", "4", "6", "1"]}, {"ovNo": 17, "ovBalls": [".", "1", "1", "2", "1", "."]}, {"ovNo": 18, "ovBalls": ["1", "1", "1", "4", "6", "4"]}, {"ovNo": 19, "ovBalls": ["4", "1", ".", "W", ".", "."]}, {"ovNo": 20, "ovBalls": ["1", "6", "2", "4"]}]}]}