{"matchInfo": {"additionalInfo": {"sixes.video.thumb": "http://static2.iplt20.com/cms/media/images/960x640/24979.jpg", "sixes.video.id": "2e422de721fc46eaa4855ec600c636ac", "match.video.thumb": "http://images.lvp.llnw.net/bec92a81ddd44d1c80669f5061c90861/media/72c2d969102c4c5f95412e5c0bd4c391/Wzm.540x304.jpeg", "mom.video.thumb": "http://static2.iplt20.com/cms/media/images/960x640/25022.jpg", "mom.video.id": "e36e0ad8952845bc9597f592f6718e31", "referee.name": "Andy Pycroft", "match.photo.id": "25042", "report.thumb": "http://static2.iplt20.com/cms/media/images/960x640/25061.jpg", "match.summary": "", "umpire.name.1": "Billy Bowden", "umpire.name.2": "Richard Illingworth", "umpire.name.3": "Chettithody Shamshuddin", "interview.thumb": "http://static2.iplt20.com/cms/media/images/960x640/24968.jpg", "umpire.name.4": "Krishnaraj Srinath", "away.team.fan.total": "7025", "result.playerofthematch": "Ajinkya Rahane", "toss.elected": "Rajasthan Royals, who chose to field", "notes.1.1": "Powerplay - 41 runs, 1 wicket", "notes.1.2": "SRH: 50 runs in 7.6 overs", "notes.2.1": "Powerplay - 30 runs, 2 wickets", "notes.1.3": "2nd Wicket: 50 runs in 45 balls (S Dhawan 21, DA Warner 21)", "notes.2.2": "RR: 50 runs in 9.2 overs", "notes.1.4": "Ajinkya Rahane: 50 off 46 balls (5 x fours)", "notes.2.3": "4th Wicket: 50 runs in 40 balls (Ajinkya Rahane 27, Stuart Binny 21)", "notes.1.5": "RR: 100 runs in 14.4 overs", "notes.2.4": "Ajinkya Rahane: 50 off 46 balls (5 x fours)", "notes.2.5": "RR: 100 runs in 14.4 overs", "highlights.link": "http://www.iplt20.com/videos/media/id/72c2d969102c4c5f95412e5c0bd4c391/m04-srh-vs-rr-match-highlights", "match.video.id": "72c2d969102c4c5f95412e5c0bd4c391", "stats.link": "http://www.iplt20.com/news/2014/more-news/4559/quick-stats-match-4-srh-v-rr", "home.team.fan.total": "4651", "photostream.link": "http://www.iplt20.com./photos/191/ipl-2014-match-4-srh-v-rr", "toss.winner": "Rajasthan Royals", "interview.link": "http://www.iplt20.com/news/2014/features/4562/bhatia-relishes-bigger-role-at-rr", "stats.thumb": "http://static2.iplt20.com/cms/media/images/960x640/25065.jpg"}, "teams": [{"id": 2375, "team": {"id": 62, "fullName": "Sunrisers Hyderabad", "shortName": "Sunrisers", "abbreviation": "SRH", "type": "m", "primaryColor": "FF9C00", "secondaryColor": "FFFFFF"}, "players": [{"id": 167, "fullName": "Aaron Finch", "shortName": "A Finch", "nationality": "Australian", "dateOfBirth": "1986-11-17", "rightArmedBowl": false, "rightHandedBat": true, "bowlingStyle": "ORTHODOX"}, {"id": 41, "fullName": "Shikhar Dhawan", "shortName": "S Dhawan", "nationality": "Indian", "dateOfBirth": "1985-12-05", "rightArmedBowl": true, "rightHandedBat": false, "bowlingStyle": "OFF_SPIN"}, {"id": 170, "fullName": "David Warner", "shortName": "D Warner", "nationality": "Australian", "dateOfBirth": "1986-10-27", "rightArmedBowl": true, "rightHandedBat": false, "bowlingStyle": "LEG_SPIN"}, {"id": 62, "fullName": "Venugopal Rao", "shortName": "V Rao", "nationality": "Indian", "dateOfBirth": "1982-02-26", "rightArmedBowl": false, "rightHandedBat": false}, {"id": 1125, "fullName": "KL Rahul", "shortName": "KL Rahul", "nationality": "Indian", "dateOfBirth": "1992-04-18", "rightArmedBowl": true, "rightHandedBat": true}, {"id": 589, "fullName": "Darren Sammy", "shortName": "D Sammy", "nationality": "West Indian", "dateOfBirth": "1983-12-20", "rightArmedBowl": false, "rightHandedBat": true}, {"id": 30, "fullName": "Amit Mishra", "shortName": "A Mishra", "nationality": "Indian", "dateOfBirth": "1982-11-24", "rightArmedBowl": true, "rightHandedBat": true, "bowlingStyle": "LEG_SPIN"}, {"id": 180, "fullName": "Dale Steyn", "shortName": "D Steyn", "nationality": "South African", "dateOfBirth": "1983-06-27", "rightArmedBowl": true, "rightHandedBat": true, "bowlingStyle": "FAST_SEAM"}, {"id": 116, "fullName": "Bhuvneshwar Kumar", "shortName": "B Kumar", "nationality": "Indian", "dateOfBirth": "1990-02-05", "rightArmedBowl": true, "rightHandedBat": true, "bowlingStyle": "MEDIUM_SEAM"}, {"id": 38, "fullName": "Ishant Sharma", "shortName": "I Sharma", "nationality": "Indian", "dateOfBirth": "1988-09-02", "rightArmedBowl": true, "rightHandedBat": true, "bowlingStyle": "FAST_SEAM"}, {"id": 1118, "fullName": "Karn Sharma", "shortName": "K Sharma", "nationality": "Indian", "dateOfBirth": "1987-10-23", "rightArmedBowl": true, "rightHandedBat": false, "bowlingStyle": "LEG_SPIN"}], "wicketKeeper": {"id": 1125, "fullName": "KL Rahul", "shortName": "KL Rahul", "nationality": "Indian", "dateOfBirth": "1992-04-18", "rightArmedBowl": true, "rightHandedBat": true}, "captain": {"id": 41, "fullName": "Shikhar Dhawan", "shortName": "S Dhawan", "nationality": "Indian", "dateOfBirth": "1985-12-05", "rightArmedBowl": true, "rightHandedBat": false, "bowlingStyle": "OFF_SPIN"}}, {"id": 2374, "team": {"id": 8, "fullName": "Rajasthan Royals", "shortName": "Royals", "abbreviation": "RR", "type": "m", "primaryColor": "004B8C", "secondaryColor": "FFFFFF"}, "players": [{"id": 135, "fullName": "Ajinkya Rahane", "shortName": "A Rahane", "nationality": "Indian", "dateOfBirth": "1988-06-06", "rightArmedBowl": true, "rightHandedBat": true, "bowlingStyle": "MEDIUM_SEAM"}, {"id": 227, "fullName": "Shane Watson", "shortName": "S Watson", "nationality": "Australian", "dateOfBirth": "1981-06-17", "rightArmedBowl": true, "rightHandedBat": true, "bowlingStyle": "MEDIUM_SEAM"}, {"id": 258, "fullName": "Sanju Samson", "shortName": "S Samson", "nationality": "Indian", "dateOfBirth": "1994-11-11", "rightArmedBowl": true, "rightHandedBat": true}, {"id": 148, "fullName": "Stuart Binny", "shortName": "S Binny", "nationality": "Indian", "dateOfBirth": "1984-06-03", "rightArmedBowl": true, "rightHandedBat": true}, {"id": 229, "fullName": "Brad Hodge", "shortName": "B Hodge", "nationality": "Australian", "dateOfBirth": "1974-12-29", "rightArmedBowl": false, "rightHandedBat": false}, {"id": 66, "fullName": "Abhishek Nayar", "shortName": "A Nayar", "nationality": "Indian", "dateOfBirth": "1983-10-08", "rightArmedBowl": false, "rightHandedBat": false}, {"id": 193, "fullName": "James Faulkner", "shortName": "J Faulkner", "nationality": "Australian", "dateOfBirth": "1990-04-29", "rightArmedBowl": false, "rightHandedBat": true}, {"id": 92, "fullName": "Rajat Bhatia", "shortName": "R Bhatia", "nationality": "Indian", "dateOfBirth": "1979-10-22", "rightArmedBowl": true, "rightHandedBat": true}, {"id": 798, "fullName": "Kane Richardson", "shortName": "K Richardson", "nationality": "Australian", "dateOfBirth": "1991-02-12", "rightArmedBowl": true, "rightHandedBat": true, "bowlingStyle": "FAST_SEAM"}, {"id": 101, "fullName": "Dhawal Kulkarni", "shortName": "D Kulkarni", "nationality": "Indian", "dateOfBirth": "1988-12-10", "rightArmedBowl": true, "rightHandedBat": true, "bowlingStyle": "MEDIUM_SEAM"}, {"id": 1114, "fullName": "Pravin Tambe", "shortName": "P Tambe", "nationality": "Indian", "dateOfBirth": "1971-10-08", "rightArmedBowl": true, "rightHandedBat": true, "bowlingStyle": "LEG_SPIN"}], "wicketKeeper": {"id": 258, "fullName": "Sanju Samson", "shortName": "S Samson", "nationality": "Indian", "dateOfBirth": "1994-11-11", "rightArmedBowl": true, "rightHandedBat": true}, "captain": {"id": 227, "fullName": "Shane Watson", "shortName": "S Watson", "nationality": "Australian", "dateOfBirth": "1981-06-17", "rightArmedBowl": true, "rightHandedBat": true, "bowlingStyle": "MEDIUM_SEAM"}}], "venue": {"id": 102, "fullName": "Zayed Cricket Stadium", "shortName": "Zayed Cricket Stadium", "city": "Abu Dhabi", "country": "UAE"}, "matchDate": "2014-04-18T18:30:00+0400", "matchEndDate": "2014-04-18T23:00:00+0400", "matchDateMs": 1397831400000, "matchEndDateMs": 1397847600000, "isLimitedOvers": true, "battingOrder": [0, 1], "matchBroadcast": false, "matchState": "C", "matchStatus": {"outcome": "B", "text": "Rajasthan Royals won by 4 wickets"}, "description": "Match 4", "matchSummary": "", "matchType": "IPLT20", "tournamentLabel": "IPL 2014", "oversLimit": 20, "groupName": ""}, "matchId": {"id": 2427, "name": "ipl2014-04", "tournamentId": {"id": 2374, "name": "ipl2014", "provisional": false}}, "currentState": {"inProgress": false, "phase": "C", "currentInningsIndex": 1, "currentBatsmen": [148, 193], "facingBatsman": 193, "nonFacingBatsman": 148, "currentBowler": 116, "currentBowlerCurrentSpell": {"playerId": 116, "ov": "0.3", "r": 9, "w": 0, "d": 0, "maid": 0, "e": "18.00", "wd": 0, "nb": 0}, "previousBowler": 180, "previousBowlerCurrentSpell": {"playerId": 180, "ov": "1", "r": 9, "w": 1, "d": 3, "maid": 0, "e": "9.00", "wd": 0, "nb": 0}, "currentPartnership": 14, "partnership": {"runs": 14, "balls": 6, "runRate": "14.00"}, "recentOvers": [{"ovNo": 15, "ovBalls": ["4", "4", "1", "2", "1", "1"]}, {"ovNo": 16, "ovBalls": ["2", ".", "1", "2", "1", "W"]}, {"ovNo": 17, "ovBalls": [".", ".", "1", "1", ".", "."]}, {"ovNo": 18, "ovBalls": ["1", ".", ".", "W", "4", "2"]}, {"ovNo": 19, "ovBalls": ["4", ".", "W", "4", ".", "1"]}, {"ovNo": 20, "ovBalls": ["1", "4", "4"]}]}, "innings": [{"inningsNumber": 1, "runRate": "6.65", "overProgress": "20", "declared": false, "scorecard": {"runs": 133, "wkts": 6, "allOut": false, "battingStats": [{"playerId": 167, "r": 2, "b": 5, "sr": "40.00", "4s": 0, "6s": 0, "mod": {"dismissedBp": {"innings": 1, "over": 1, "ball": 5}, "countingBp": {"innings": 1, "over": 1, "ball": 5}, "text": "c Kane Richardson b Dhawal Kulkarni", "bowlerId": 101, "additionalPlayerIds": [798], "dismissedMethod": "ct", "isOut": true}}, {"playerId": 41, "r": 38, "b": 34, "sr": "111.76", "4s": 3, "6s": 1, "mod": {"dismissedBp": {"innings": 1, "over": 12, "ball": 3}, "countingBp": {"innings": 1, "over": 12, "ball": 3}, "text": "c Kane Richardson b Rajat Bhatia", "bowlerId": 92, "additionalPlayerIds": [798], "dismissedMethod": "ct", "isOut": true}}, {"playerId": 170, "r": 32, "b": 35, "sr": "91.42", "4s": 1, "6s": 0, "mod": {"dismissedBp": {"innings": 1, "over": 14, "ball": 2}, "countingBp": {"innings": 1, "over": 14, "ball": 2}, "text": "c Kane Richardson b Rajat Bhatia", "bowlerId": 92, "additionalPlayerIds": [798], "dismissedMethod": "ct", "isOut": true}}, {"playerId": 1125, "r": 20, "b": 18, "sr": "111.11", "4s": 1, "6s": 1, "mod": {"dismissedBp": {"innings": 1, "over": 17, "ball": 7}, "countingBp": {"innings": 1, "over": 17, "ball": 6}, "text": "c Ajinkya Rahane b Dhawal Kulkarni", "bowlerId": 101, "additionalPlayerIds": [135], "dismissedMethod": "ct", "isOut": true}}, {"playerId": 589, "r": 6, "b": 11, "sr": "54.54", "4s": 0, "6s": 0, "mod": {"dismissedBp": {"innings": 1, "over": 18, "ball": 3}, "countingBp": {"innings": 1, "over": 18, "ball": 3}, "text": "c Sanju Samson b Kane Richardson", "bowlerId": 798, "additionalPlayerIds": [258], "dismissedMethod": "ct", "isOut": true}}, {"playerId": 62, "r": 16, "b": 12, "sr": "133.33", "4s": 1, "6s": 0}, {"playerId": 1118, "r": 4, "b": 5, "sr": "80.00", "4s": 0, "6s": 0, "mod": {"dismissedBp": {"innings": 1, "over": 20, "ball": 4}, "countingBp": {"innings": 1, "over": 20, "ball": 4}, "text": "c Brad Hodge b Kane Richardson", "bowlerId": 798, "additionalPlayerIds": [229], "dismissedMethod": "ct", "isOut": true}}, {"playerId": 180, "r": 0, "b": 0, "4s": 0, "6s": 0}], "bowlingStats": [{"playerId": 101, "ov": "4", "r": 23, "w": 2, "d": 12, "maid": 0, "e": "5.75", "wd": 1, "nb": 0}, {"playerId": 798, "ov": "4", "r": 25, "w": 2, "d": 10, "maid": 0, "e": "6.25", "wd": 2, "nb": 0}, {"playerId": 193, "ov": "3", "r": 27, "w": 0, "d": 4, "maid": 0, "e": "9.00", "wd": 1, "nb": 0}, {"playerId": 1114, "ov": "4", "r": 23, "w": 0, "d": 8, "maid": 0, "e": "5.75", "wd": 1, "nb": 0}, {"playerId": 92, "ov": "4", "r": 22, "w": 2, "d": 7, "maid": 0, "e": "5.50", "wd": 0, "nb": 0}, {"playerId": 148, "ov": "1", "r": 7, "w": 0, "d": 2, "maid": 0, "e": "7.00", "wd": 0, "nb": 0}], "fow": [{"bp": {"innings": 1, "over": 1, "ball": 5}, "playerId": 167, "ret": false, "w": 1, "r": 2}, {"bp": {"innings": 1, "over": 12, "ball": 3}, "playerId": 41, "ret": false, "w": 2, "r": 77}, {"bp": {"innings": 1, "over": 14, "ball": 2}, "playerId": 170, "ret": false, "w": 3, "r": 82}, {"bp": {"innings": 1, "over": 17, "ball": 6}, "playerId": 1125, "ret": false, "w": 4, "r": 108}, {"bp": {"innings": 1, "over": 18, "ball": 3}, "playerId": 589, "ret": false, "w": 5, "r": 111}, {"bp": {"innings": 1, "over": 20, "ball": 4}, "playerId": 1118, "ret": false, "w": 6, "r": 130}], "extras": {"noBallRuns": 0, "wideRuns": 9, "byeRuns": 1, "legByeRuns": 5, "penaltyRuns": 0}, "declared": false}, "overHistory": [{"ovNo": 1, "ovBalls": [".", ".", "2", ".", "W", "."]}, {"ovNo": 2, "ovBalls": [".", "1Wd", ".", ".", "1", ".", "."]}, {"ovNo": 3, "ovBalls": ["1", "2", "1", "5Wd", "1", "1", "2"]}, {"ovNo": 4, "ovBalls": ["1", ".", "1Lb", "1", ".", "4"]}, {"ovNo": 5, "ovBalls": ["4", "1", "1Wd", ".", "1", "1", "1"]}, {"ovNo": 6, "ovBalls": [".", "1", "1", "4", "1", "1"]}, {"ovNo": 7, "ovBalls": ["1", ".", "1", ".", ".", "1"]}, {"ovNo": 8, "ovBalls": [".", "2", "1", "1", "1", "1"]}, {"ovNo": 9, "ovBalls": ["1", "1", "6", "2", "1", "1"]}, {"ovNo": 10, "ovBalls": ["1", ".", "1", "1", "4", "."]}, {"ovNo": 11, "ovBalls": [".", "1", "1", "1", "1", "2"]}, {"ovNo": 12, "ovBalls": ["1", "1", "W", ".", "1", "1"]}, {"ovNo": 13, "ovBalls": ["1", "1", "1", ".", ".", "."]}, {"ovNo": 14, "ovBalls": [".", "W", "1", "1", ".", "1"]}, {"ovNo": 15, "ovBalls": ["1Wd", ".", ".", "1", "1", "1", "1"]}, {"ovNo": 16, "ovBalls": ["2", "1", ".", "1", "4", "1"]}, {"ovNo": 17, "ovBalls": ["1", "1", ".", "6", "1Wd", ".", "W"]}, {"ovNo": 18, "ovBalls": ["2", "1Lb", "W", "2", "2", "1"]}, {"ovNo": 19, "ovBalls": [".", "4", "1", "1Lb", "1", "2Lb"]}, {"ovNo": 20, "ovBalls": ["1", "2", "2", "W", "2", "1B"]}]}, {"inningsNumber": 2, "runRate": "6.92", "overProgress": "19.3", "declared": false, "scorecard": {"runs": 135, "wkts": 6, "allOut": false, "battingStats": [{"playerId": 66, "r": 4, "b": 3, "sr": "133.33", "4s": 1, "6s": 0, "mod": {"dismissedBp": {"innings": 2, "over": 1, "ball": 3}, "countingBp": {"innings": 2, "over": 1, "ball": 3}, "text": "lbw Dale Steyn", "bowlerId": 180, "dismissedMethod": "lbw", "isOut": true}}, {"playerId": 135, "r": 59, "b": 53, "sr": "111.32", "4s": 6, "6s": 0, "mod": {"dismissedBp": {"innings": 2, "over": 16, "ball": 6}, "countingBp": {"innings": 2, "over": 16, "ball": 6}, "text": "c Aaron Finch b Amit Mishra", "bowlerId": 30, "additionalPlayerIds": [167], "dismissedMethod": "ct", "isOut": true}}, {"playerId": 258, "r": 3, "b": 9, "sr": "33.33", "4s": 0, "6s": 0, "mod": {"dismissedBp": {"innings": 2, "over": 4, "ball": 3}, "countingBp": {"innings": 2, "over": 4, "ball": 3}, "text": "c Shikhar Dhawan b Bhuvneshwar Kumar", "bowlerId": 116, "additionalPlayerIds": [41], "dismissedMethod": "ct", "isOut": true}}, {"playerId": 227, "r": 3, "b": 7, "sr": "42.85", "4s": 0, "6s": 0, "mod": {"dismissedBp": {"innings": 2, "over": 7, "ball": 2}, "countingBp": {"innings": 2, "over": 7, "ball": 2}, "text": "c KL Rahul b Ishant Sharma", "bowlerId": 38, "additionalPlayerIds": [1125], "dismissedMethod": "ct", "isOut": true}}, {"playerId": 148, "r": 48, "b": 32, "sr": "150.00", "4s": 4, "6s": 1}, {"playerId": 229, "r": 1, "b": 8, "sr": "12.50", "4s": 0, "6s": 0, "mod": {"dismissedBp": {"innings": 2, "over": 18, "ball": 4}, "countingBp": {"innings": 2, "over": 18, "ball": 4}, "text": "c Darren Sammy b Amit Mishra", "bowlerId": 30, "additionalPlayerIds": [589], "dismissedMethod": "ct", "isOut": true}}, {"playerId": 92, "r": 4, "b": 3, "sr": "133.33", "4s": 1, "6s": 0, "mod": {"dismissedBp": {"innings": 2, "over": 19, "ball": 3}, "countingBp": {"innings": 2, "over": 19, "ball": 3}, "text": "c Aaron Finch b Dale Steyn", "bowlerId": 180, "additionalPlayerIds": [167], "dismissedMethod": "ct", "isOut": true}}, {"playerId": 193, "r": 8, "b": 2, "sr": "400.00", "4s": 2, "6s": 0}], "bowlingStats": [{"playerId": 180, "ov": "4", "r": 29, "w": 2, "d": 11, "maid": 0, "e": "7.25", "wd": 0, "nb": 0}, {"playerId": 116, "ov": "3.3", "r": 21, "w": 1, "d": 10, "maid": 0, "e": "6.00", "wd": 0, "nb": 0}, {"playerId": 38, "ov": "4", "r": 29, "w": 1, "d": 9, "maid": 0, "e": "7.25", "wd": 1, "nb": 0}, {"playerId": 589, "ov": "2", "r": 19, "w": 0, "d": 3, "maid": 0, "e": "9.50", "wd": 1, "nb": 0}, {"playerId": 30, "ov": "4", "r": 26, "w": 2, "d": 9, "maid": 0, "e": "6.50", "wd": 0, "nb": 0}, {"playerId": 1118, "ov": "2", "r": 8, "w": 0, "d": 5, "maid": 0, "e": "4.00", "wd": 0, "nb": 0}], "fow": [{"bp": {"innings": 2, "over": 1, "ball": 3}, "playerId": 66, "ret": false, "w": 1, "r": 4}, {"bp": {"innings": 2, "over": 4, "ball": 3}, "playerId": 258, "ret": false, "w": 2, "r": 15}, {"bp": {"innings": 2, "over": 7, "ball": 2}, "playerId": 227, "ret": false, "w": 3, "r": 31}, {"bp": {"innings": 2, "over": 16, "ball": 6}, "playerId": 135, "ret": false, "w": 4, "r": 108}, {"bp": {"innings": 2, "over": 18, "ball": 4}, "playerId": 229, "ret": false, "w": 5, "r": 111}, {"bp": {"innings": 2, "over": 19, "ball": 3}, "playerId": 92, "ret": false, "w": 6, "r": 121}], "extras": {"noBallRuns": 0, "wideRuns": 2, "byeRuns": 0, "legByeRuns": 3, "penaltyRuns": 0}, "declared": false}, "overHistory": [{"ovNo": 1, "ovBalls": ["4", ".", "W", ".", ".", "."]}, {"ovNo": 2, "ovBalls": [".", "4", ".", ".", ".", "2"]}, {"ovNo": 3, "ovBalls": [".", "1", ".", "1", ".", "1"]}, {"ovNo": 4, "ovBalls": ["1", "1", "W", "1", "2Lb", "1"]}, {"ovNo": 5, "ovBalls": [".", ".", "2", "4", "1Wd", "1", "1"]}, {"ovNo": 6, "ovBalls": [".", ".", "1", ".", "1", "."]}, {"ovNo": 7, "ovBalls": ["1", "W", "1", ".", ".", "4"]}, {"ovNo": 8, "ovBalls": ["1", "1", "1", "2", ".", "1Wd", "1"]}, {"ovNo": 9, "ovBalls": ["1", "1", "1", "1Lb", "2", "."]}, {"ovNo": 10, "ovBalls": [".", "1", "1", "6", ".", "4"]}, {"ovNo": 11, "ovBalls": [".", "4", ".", "1", "1", "2"]}, {"ovNo": 12, "ovBalls": ["2", "1", ".", ".", "2", "1"]}, {"ovNo": 13, "ovBalls": [".", "2", "1", "1", "1", "1"]}, {"ovNo": 14, "ovBalls": ["1", "1", ".", ".", "2", "4"]}, {"ovNo": 15, "ovBalls": ["4", "4", "1", "2", "1", "1"]}, {"ovNo": 16, "ovBalls": ["2", ".", "1", "2", "1", "W"]}, {"ovNo": 17, "ovBalls": [".", ".", "1", "1", ".", "."]}, {"ovNo": 18, "ovBalls": ["1", ".", ".", "W", "4", "2"]}, {"ovNo": 19, "ovBalls": ["4", ".", "W", "4", ".", "1"]}, {"ovNo": 20, "ovBalls": ["1", "4", "4"]}]}]}