{"matchInfo": {"additionalInfo": {"referee.name": "David Boon", "match.photo.id": "12328", "match.summary": "Mumbai Indians won by 44 runs", "umpire.name.1": "CK Nandan", "umpire.name.2": "Simon Taufel", "umpire.name.3": "S Ravi", "umpire.name.4": "Nitin Menon", "away.team.fan.total": "11836", "result.playerofthematch": "Dinesh Karthik", "toss.elected": "Mumbai Indians, who chose to bat", "notes.1.1": "Powerplay: 38 runs, 2 wickets", "notes.1.2": "MI: 50 runs in 6.6 overs ", "notes.2.1": "Powerplay 46 runs, 2 wickets", "notes.1.3": "3rd Wicket: 50 runs in 34 balls (Dinesh Karthik 34, Rohit Sharma 9)", "notes.2.2": "DD: 50 runs in 6.3 overs", "notes.1.4": "Dinesh Karthik: 50 off 29 balls (8 x fours, 1 x six)", "notes.2.3": "3rd Wicket: 50 runs in 35 balls (David Warner 29, Manpreet Juneja 20)", "notes.1.5": "MI: 100 runs in 11.6 overs ", "notes.2.4": "David Warner: 50 off 34 balls (4 x fours, 3 x sixes)", "notes.1.6": "3rd Wicket: 100 runs in 65 balls (Dinesh Karthik 72, Rohit Sharma 25)", "notes.2.5": "DD: 100 runs in 11.5 overs", "notes.1.7": "MI: 150 runs in 16.1 overs", "notes.2.6": "DD: 150 runs in 18.3 overs", "notes.1.8": "Rohit Sharma: 50 off 42 balls (4 x fours, 2 x sixes)", "highlights.link": "http://iplt20.com/videos/media/id/e9c4bdf9fba54f3da10417be727c025b/m10-mi-vs-dd-match-highlights", "notes.1.9": "MI: 200 runs in 19.3 overs", "match.video.id": "e9c4bdf9fba54f3da10417be727c025b", "home.team.fan.total": "25785", "photostream.link": "http://www.iplt20.com/photos/114/ipl-2013-match-10-mi-v-dd", "toss.winner": "Mumbai Indians ", "notes.1.10": "Innings Break: MI- 209/5 in 20 overs"}, "teams": [{"id": 1407, "team": {"id": 6, "fullName": "Mumbai Indians", "shortName": "Mumbai", "abbreviation": "MI", "type": "m", "primaryColor": "00AEEF", "secondaryColor": "FFFFFF"}, "players": [{"id": 361, "fullName": "Ricky Ponting", "shortName": "R Ponting", "nationality": "Australian", "dateOfBirth": "1974-12-19", "rightArmedBowl": true, "rightHandedBat": true, "bowlingStyle": "MEDIUM_SEAM"}, {"id": 97, "fullName": "Sachin Tendulkar", "shortName": "S Tendulkar", "nationality": "Indian", "dateOfBirth": "1973-04-24", "rightArmedBowl": true, "rightHandedBat": true, "bowlingStyle": "OFF_SPIN"}, {"id": 102, "fullName": "Dinesh Karthik", "shortName": "D Karthik", "nationality": "Indian", "dateOfBirth": "1985-06-01", "rightArmedBowl": true, "rightHandedBat": true, "bowlingStyle": "OFF_SPIN"}, {"id": 107, "fullName": "Rohit Sharma", "shortName": "R Sharma", "nationality": "Indian", "dateOfBirth": "1987-04-30", "rightArmedBowl": true, "rightHandedBat": true, "bowlingStyle": "OFF_SPIN"}, {"id": 100, "fullName": "Ambati Rayudu", "shortName": "A Rayudu", "nationality": "Indian", "dateOfBirth": "1985-09-23", "rightArmedBowl": true, "rightHandedBat": true, "bowlingStyle": "OFF_SPIN"}, {"id": 210, "fullName": "Kieron Pollard", "shortName": "K Pollard", "nationality": "West Indian", "dateOfBirth": "1987-05-12", "rightArmedBowl": true, "rightHandedBat": true, "bowlingStyle": "MEDIUM_SEAM"}, {"id": 1088, "fullName": "Rishi Dhawan", "shortName": "R Dhawan", "nationality": "Indian", "dateOfBirth": "1990-02-19", "rightArmedBowl": false, "rightHandedBat": true}, {"id": 103, "fullName": "Harbhajan Singh", "shortName": "H Singh", "nationality": "Indian", "dateOfBirth": "1980-07-03", "rightArmedBowl": true, "rightHandedBat": true, "bowlingStyle": "OFF_SPIN"}, {"id": 213, "fullName": "Mitchell Johnson", "shortName": "M Johnson", "nationality": "Australian", "dateOfBirth": "1981-11-02", "rightArmedBowl": false, "rightHandedBat": false, "bowlingStyle": "FAST_SEAM"}, {"id": 106, "fullName": "Pragyan Ojha", "shortName": "P Ojha", "nationality": "Indian", "dateOfBirth": "1986-09-05", "rightArmedBowl": false, "rightHandedBat": false, "bowlingStyle": "ORTHODOX"}, {"id": 211, "fullName": "Lasith Malinga", "shortName": "L Malinga", "nationality": "Sri Lankan", "dateOfBirth": "1983-08-28", "rightArmedBowl": true, "rightHandedBat": true, "bowlingStyle": "FAST_SEAM"}], "wicketKeeper": {"id": 102, "fullName": "Dinesh Karthik", "shortName": "D Karthik", "nationality": "Indian", "dateOfBirth": "1985-06-01", "rightArmedBowl": true, "rightHandedBat": true, "bowlingStyle": "OFF_SPIN"}, "captain": {"id": 361, "fullName": "Ricky Ponting", "shortName": "R Ponting", "nationality": "Australian", "dateOfBirth": "1974-12-19", "rightArmedBowl": true, "rightHandedBat": true, "bowlingStyle": "MEDIUM_SEAM"}}, {"id": 1408, "team": {"id": 3, "fullName": "Delhi Capitals", "shortName": "Delhi", "abbreviation": "DC", "type": "m", "primaryColor": "004C93", "secondaryColor": "F83430"}, "players": [{"id": 60, "fullName": "Unmukt Chand", "shortName": "U Chand", "nationality": "Indian", "dateOfBirth": "1993-03-26", "rightArmedBowl": false, "rightHandedBat": false}, {"id": 170, "fullName": "David Warner", "shortName": "D Warner", "nationality": "Australian", "dateOfBirth": "1986-10-27", "rightArmedBowl": true, "rightHandedBat": false, "bowlingStyle": "LEG_SPIN"}, {"id": 175, "fullName": "Mahela Jayawardene", "shortName": "M Jayawardene", "nationality": "Sri Lankan", "dateOfBirth": "1977-05-27", "rightArmedBowl": true, "rightHandedBat": true, "bowlingStyle": "MEDIUM_SEAM"}, {"id": 503, "fullName": "Jeevan Mendis", "shortName": "J Mendis", "nationality": "Sri Lankan", "dateOfBirth": "1983-01-15", "rightArmedBowl": true, "rightHandedBat": false, "bowlingStyle": "LEG_SPIN"}, {"id": 51, "fullName": "Manpreet Juneja", "shortName": "M Juneja", "nationality": "Indian", "dateOfBirth": "1990-09-12", "rightArmedBowl": false, "rightHandedBat": false}, {"id": 297, "fullName": "Kedar Jadhav", "shortName": "K Jadhav", "nationality": "Indian", "dateOfBirth": "1985-03-26", "rightArmedBowl": true, "rightHandedBat": true, "bowlingStyle": "OFF_SPIN"}, {"id": 49, "fullName": "Irfan Pathan", "shortName": "I Pathan", "nationality": "Indian", "dateOfBirth": "1984-10-27", "rightArmedBowl": false, "rightHandedBat": false, "bowlingStyle": "MEDIUM_SEAM"}, {"id": 169, "fullName": "Morne Morkel", "shortName": "M Morkel", "nationality": "South African", "dateOfBirth": "1984-10-06", "rightArmedBowl": true, "rightHandedBat": false, "bowlingStyle": "FAST_SEAM"}, {"id": 115, "fullName": "Ashish Nehra", "shortName": "A Nehra", "nationality": "Indian", "dateOfBirth": "1979-04-29", "rightArmedBowl": false, "rightHandedBat": true, "bowlingStyle": "MEDIUM_SEAM"}, {"id": 57, "fullName": "Shahbaz Nadeem", "shortName": "S Nadeem", "nationality": "Indian", "dateOfBirth": "1989-08-12", "rightArmedBowl": false, "rightHandedBat": true, "bowlingStyle": "ORTHODOX"}, {"id": 59, "fullName": "Umesh Yadav", "shortName": "U Yadav", "nationality": "Indian", "dateOfBirth": "1987-10-25", "rightArmedBowl": true, "rightHandedBat": true, "bowlingStyle": "FAST_SEAM"}], "wicketKeeper": {"id": 297, "fullName": "Kedar Jadhav", "shortName": "K Jadhav", "nationality": "Indian", "dateOfBirth": "1985-03-26", "rightArmedBowl": true, "rightHandedBat": true, "bowlingStyle": "OFF_SPIN"}, "captain": {"id": 175, "fullName": "Mahela Jayawardene", "shortName": "M Jayawardene", "nationality": "Sri Lankan", "dateOfBirth": "1977-05-27", "rightArmedBowl": true, "rightHandedBat": true, "bowlingStyle": "MEDIUM_SEAM"}}], "venue": {"id": 4, "fullName": "Wankhede Stadium", "shortName": "Wankhede Stadium", "city": "Mumbai", "country": "India"}, "matchDate": "2013-04-09T20:00:00+0530", "matchEndDate": "2013-04-09T23:00:00+0530", "matchDateMs": 1365517800000, "matchEndDateMs": 1365528600000, "isLimitedOvers": true, "battingOrder": [0, 1], "matchBroadcast": false, "matchState": "C", "matchStatus": {"outcome": "A", "text": "Mumbai Indians won by 44 runs"}, "description": "Match 10", "matchSummary": "Mumbai Indians won by 44 runs", "matchType": "IPLT20", "tournamentLabel": "IPL 2013", "oversLimit": 20, "groupName": ""}, "matchId": {"id": 624, "name": "ipl2013-10", "tournamentId": {"id": 605, "name": "ipl2013", "provisional": false}}, "currentState": {"inProgress": false, "phase": "C", "currentInningsIndex": 1, "currentBatsmen": [169, 59], "facingBatsman": 59, "nonFacingBatsman": 169, "currentBowler": -1, "previousBowler": 213, "previousBowlerCurrentSpell": {"playerId": 213, "ov": "1", "r": 14, "w": 0, "d": 1, "maid": 0, "e": "14.00", "wd": 0, "nb": 0}, "currentPartnership": 11, "partnership": {"runs": 11, "balls": 5, "runRate": "13.20"}, "recentOvers": [{"ovNo": 15, "ovBalls": ["W", "1", "4", ".", "2", "1"]}, {"ovNo": 16, "ovBalls": ["1", "W", "1", ".", ".", "4"]}, {"ovNo": 17, "ovBalls": ["1", "1", "W", "1", "1", "1"]}, {"ovNo": 18, "ovBalls": ["1", "1", "1", "W", ".", "."]}, {"ovNo": 19, "ovBalls": ["4", "4", "4", "1", ".", "1"]}, {"ovNo": 20, "ovBalls": ["W", ".", "4", ".", "1", "6"]}]}, "innings": [{"inningsNumber": 1, "runRate": "10.45", "overProgress": "20", "declared": false, "scorecard": {"runs": 209, "wkts": 5, "allOut": false, "battingStats": [{"playerId": 361, "r": 0, "b": 6, "sr": "0.00", "4s": 0, "6s": 0, "mod": {"dismissedBp": {"innings": 1, "over": 1, "ball": 6}, "countingBp": {"innings": 1, "over": 1, "ball": 6}, "text": "c Mahela Jayawardene b Irfan Pathan", "bowlerId": 49, "additionalPlayerIds": [175], "dismissedMethod": "ct", "isOut": true}}, {"playerId": 97, "r": 1, "b": 1, "sr": "100.00", "4s": 0, "6s": 0, "mod": {"dismissedBp": {"innings": 1, "over": 2, "ball": 3}, "countingBp": {"innings": 1, "over": 2, "ball": 3}, "text": "run out (Mahela Jayawardene)", "bowlerId": 115, "additionalPlayerIds": [175], "dismissedMethod": "ro", "isOut": true}}, {"playerId": 102, "r": 86, "b": 48, "sr": "179.16", "4s": 14, "6s": 2, "mod": {"dismissedBp": {"innings": 1, "over": 15, "ball": 4}, "countingBp": {"innings": 1, "over": 15, "ball": 4}, "text": "c Jeevan Mendis b Morne Morkel", "bowlerId": 169, "additionalPlayerIds": [503], "dismissedMethod": "ct", "isOut": true}}, {"playerId": 107, "r": 74, "b": 50, "sr": "148.00", "4s": 4, "6s": 5}, {"playerId": 210, "r": 13, "b": 7, "sr": "185.71", "4s": 1, "6s": 1, "mod": {"dismissedBp": {"innings": 1, "over": 18, "ball": 3}, "countingBp": {"innings": 1, "over": 18, "ball": 3}, "text": "c Shahbaz Nadeem b Ashish Nehra", "bowlerId": 115, "additionalPlayerIds": [57], "dismissedMethod": "ct", "isOut": true}}, {"playerId": 100, "r": 24, "b": 8, "sr": "300.00", "4s": 2, "6s": 2, "mod": {"dismissedBp": {"innings": 1, "over": 20, "ball": 1}, "countingBp": {"innings": 1, "over": 20, "ball": 1}, "text": "c & b Ashish Nehra", "bowlerId": 115, "additionalPlayerIds": [115], "dismissedMethod": "ct", "isOut": true}}, {"playerId": 103, "r": 1, "b": 1, "sr": "100.00", "4s": 0, "6s": 0}], "bowlingStats": [{"playerId": 49, "ov": "4", "r": 37, "w": 1, "d": 10, "maid": 1, "e": "9.25", "wd": 0, "nb": 0}, {"playerId": 115, "ov": "4", "r": 49, "w": 2, "d": 6, "maid": 0, "e": "12.25", "wd": 0, "nb": 0}, {"playerId": 169, "ov": "4", "r": 43, "w": 1, "d": 9, "maid": 0, "e": "10.75", "wd": 0, "nb": 1}, {"playerId": 59, "ov": "3", "r": 28, "w": 0, "d": 8, "maid": 0, "e": "9.33", "wd": 3, "nb": 0}, {"playerId": 57, "ov": "3", "r": 26, "w": 0, "d": 3, "maid": 0, "e": "8.66", "wd": 0, "nb": 0}, {"playerId": 503, "ov": "2", "r": 20, "w": 0, "d": 3, "maid": 0, "e": "10.00", "wd": 0, "nb": 0}], "fow": [{"bp": {"innings": 1, "over": 1, "ball": 6}, "playerId": 361, "ret": false, "w": 1, "r": 0}, {"bp": {"innings": 1, "over": 2, "ball": 3}, "playerId": 97, "ret": false, "w": 2, "r": 1}, {"bp": {"innings": 1, "over": 15, "ball": 4}, "playerId": 102, "ret": false, "w": 3, "r": 133}, {"bp": {"innings": 1, "over": 18, "ball": 3}, "playerId": 210, "ret": false, "w": 4, "r": 163}, {"bp": {"innings": 1, "over": 20, "ball": 1}, "playerId": 100, "ret": false, "w": 5, "r": 189}], "extras": {"noBallRuns": 1, "wideRuns": 3, "byeRuns": 0, "legByeRuns": 6, "penaltyRuns": 0}, "declared": false}, "overHistory": [{"ovNo": 1, "ovBalls": [".", ".", ".", ".", ".", "W"]}, {"ovNo": 2, "ovBalls": ["1", ".", "W", ".", "4", "1"]}, {"ovNo": 3, "ovBalls": ["4", ".", ".", ".", ".", "4"]}, {"ovNo": 4, "ovBalls": ["1Lb", "2", "1", ".", "1Lb", "1"]}, {"ovNo": 5, "ovBalls": ["1", ".", ".", ".", ".", "1Wd", "."]}, {"ovNo": 6, "ovBalls": [".", "6", "4", "1", "1", "4"]}, {"ovNo": 7, "ovBalls": [".", "1", "3Lb", "1", ".", "2Nb", "6"]}, {"ovNo": 8, "ovBalls": ["4", "1", "1", "1", ".", "1"]}, {"ovNo": 9, "ovBalls": ["1", "4", "1Wd", "4", "2", "4", "."]}, {"ovNo": 10, "ovBalls": ["1", "1", "1", ".", "1", "1"]}, {"ovNo": 11, "ovBalls": ["1", "1", ".", ".", "1", "4"]}, {"ovNo": 12, "ovBalls": ["1", ".", "6", "1", "1", "4"]}, {"ovNo": 13, "ovBalls": ["6", "1", "4", "1", "1", "."]}, {"ovNo": 14, "ovBalls": ["1", ".", "1", "1", "4", "4"]}, {"ovNo": 15, "ovBalls": ["4", "4", "1", "W", "1", "4"]}, {"ovNo": 16, "ovBalls": ["1Lb", ".", "1", "1Wd", "6", "1", "1"]}, {"ovNo": 17, "ovBalls": ["4", ".", "1", "4", "1", "1"]}, {"ovNo": 18, "ovBalls": ["2", "1", "W", "2", "1", "1"]}, {"ovNo": 19, "ovBalls": ["1", "4", "6", "4", "6", "1"]}, {"ovNo": 20, "ovBalls": ["W", "6", "6", "1", "1", "6"]}]}, {"inningsNumber": 2, "runRate": "8.25", "overProgress": "20", "declared": false, "scorecard": {"runs": 165, "wkts": 9, "allOut": false, "battingStats": [{"playerId": 60, "r": 0, "b": 1, "sr": "0.00", "4s": 0, "6s": 0, "mod": {"dismissedBp": {"innings": 2, "over": 1, "ball": 1}, "countingBp": {"innings": 2, "over": 1, "ball": 1}, "text": "c Ricky Ponting b Harbhajan Singh", "bowlerId": 103, "additionalPlayerIds": [361], "dismissedMethod": "ct", "isOut": true}}, {"playerId": 170, "r": 61, "b": 37, "sr": "164.86", "4s": 5, "6s": 4, "mod": {"dismissedBp": {"innings": 2, "over": 11, "ball": 4}, "countingBp": {"innings": 2, "over": 11, "ball": 4}, "text": "c Ambati Rayudu b Mitchell Johnson", "bowlerId": 213, "additionalPlayerIds": [100], "dismissedMethod": "ct", "isOut": true}}, {"playerId": 175, "r": 3, "b": 6, "sr": "50.00", "4s": 0, "6s": 0, "mod": {"dismissedBp": {"innings": 2, "over": 3, "ball": 5}, "countingBp": {"innings": 2, "over": 3, "ball": 4}, "text": "c Dinesh Karthik b Mitchell Johnson", "bowlerId": 213, "additionalPlayerIds": [102], "dismissedMethod": "ct", "isOut": true}}, {"playerId": 51, "r": 49, "b": 40, "sr": "122.50", "4s": 6, "6s": 0, "mod": {"dismissedBp": {"innings": 2, "over": 18, "ball": 4}, "countingBp": {"innings": 2, "over": 18, "ball": 4}, "text": "run out (Rishi Dhawan)", "bowlerId": 211, "additionalPlayerIds": [1088], "dismissedMethod": "ro", "isOut": true}}, {"playerId": 503, "r": 0, "b": 1, "sr": "0.00", "4s": 0, "6s": 0, "mod": {"dismissedBp": {"innings": 2, "over": 12, "ball": 1}, "countingBp": {"innings": 2, "over": 12, "ball": 1}, "text": "c & b Kieron Pollard", "bowlerId": 210, "additionalPlayerIds": [210], "dismissedMethod": "ct", "isOut": true}}, {"playerId": 49, "r": 10, "b": 12, "sr": "83.33", "4s": 0, "6s": 0, "mod": {"dismissedBp": {"innings": 2, "over": 15, "ball": 1}, "countingBp": {"innings": 2, "over": 15, "ball": 1}, "text": "c Mitchell Johnson b Pragyan Ojha", "bowlerId": 106, "additionalPlayerIds": [213], "dismissedMethod": "ct", "isOut": true}}, {"playerId": 297, "r": 1, "b": 2, "sr": "50.00", "4s": 0, "6s": 0, "mod": {"dismissedBp": {"innings": 2, "over": 16, "ball": 2}, "countingBp": {"innings": 2, "over": 16, "ball": 2}, "text": "c & b Lasith Malinga", "bowlerId": 211, "additionalPlayerIds": [211], "dismissedMethod": "ct", "isOut": true}}, {"playerId": 57, "r": 2, "b": 3, "sr": "66.66", "4s": 0, "6s": 0, "mod": {"dismissedBp": {"innings": 2, "over": 17, "ball": 3}, "countingBp": {"innings": 2, "over": 17, "ball": 3}, "text": "c Rishi Dhawan b Pragyan Ojha", "bowlerId": 106, "additionalPlayerIds": [1088], "dismissedMethod": "ct", "isOut": true}}, {"playerId": 169, "r": 23, "b": 9, "sr": "255.55", "4s": 3, "6s": 1}, {"playerId": 115, "r": 1, "b": 5, "sr": "20.00", "4s": 0, "6s": 0, "mod": {"dismissedBp": {"innings": 2, "over": 20, "ball": 1}, "countingBp": {"innings": 2, "over": 20, "ball": 1}, "text": "c Pragyan Ojha b Kieron Pollard", "bowlerId": 210, "additionalPlayerIds": [106], "dismissedMethod": "ct", "isOut": true}}, {"playerId": 59, "r": 5, "b": 4, "sr": "125.00", "4s": 1, "6s": 0}], "bowlingStats": [{"playerId": 103, "ov": "4", "r": 25, "w": 1, "d": 8, "maid": 0, "e": "6.25", "wd": 0, "nb": 0}, {"playerId": 211, "ov": "4", "r": 20, "w": 1, "d": 13, "maid": 0, "e": "5.00", "wd": 0, "nb": 0}, {"playerId": 213, "ov": "4", "r": 49, "w": 2, "d": 8, "maid": 0, "e": "12.25", "wd": 1, "nb": 0}, {"playerId": 106, "ov": "4", "r": 34, "w": 2, "d": 6, "maid": 0, "e": "8.50", "wd": 1, "nb": 0}, {"playerId": 210, "ov": "4", "r": 35, "w": 2, "d": 7, "maid": 0, "e": "8.75", "wd": 2, "nb": 0}], "fow": [{"bp": {"innings": 2, "over": 1, "ball": 1}, "playerId": 60, "ret": false, "w": 1, "r": 0}, {"bp": {"innings": 2, "over": 3, "ball": 4}, "playerId": 175, "ret": false, "w": 2, "r": 13}, {"bp": {"innings": 2, "over": 11, "ball": 4}, "playerId": 170, "ret": false, "w": 3, "r": 95}, {"bp": {"innings": 2, "over": 12, "ball": 1}, "playerId": 503, "ret": false, "w": 4, "r": 97}, {"bp": {"innings": 2, "over": 15, "ball": 1}, "playerId": 49, "ret": false, "w": 5, "r": 118}, {"bp": {"innings": 2, "over": 16, "ball": 2}, "playerId": 297, "ret": false, "w": 6, "r": 127}, {"bp": {"innings": 2, "over": 17, "ball": 3}, "playerId": 57, "ret": false, "w": 7, "r": 134}, {"bp": {"innings": 2, "over": 18, "ball": 4}, "playerId": 51, "ret": false, "w": 8, "r": 140}, {"bp": {"innings": 2, "over": 20, "ball": 1}, "playerId": 115, "ret": false, "w": 9, "r": 154}], "extras": {"noBallRuns": 0, "wideRuns": 8, "byeRuns": 1, "legByeRuns": 1, "penaltyRuns": 0}, "declared": false}, "overHistory": [{"ovNo": 1, "ovBalls": ["W", ".", "1", ".", ".", "1"]}, {"ovNo": 2, "ovBalls": [".", ".", ".", "4", ".", "4"]}, {"ovNo": 3, "ovBalls": [".", ".", "2", "1Wd", "W", "4", "."]}, {"ovNo": 4, "ovBalls": ["1", "1", "1", "1", ".", "6"]}, {"ovNo": 5, "ovBalls": ["4", "4", "1", "4", "2", "."]}, {"ovNo": 6, "ovBalls": [".", "1", ".", "1", "1B", "1"]}, {"ovNo": 7, "ovBalls": ["2", "1", "1", "6", ".", "1"]}, {"ovNo": 8, "ovBalls": [".", "1", "1", "1", "1", "."]}, {"ovNo": 9, "ovBalls": [".", "1", "1", "4", "1", "1"]}, {"ovNo": 10, "ovBalls": ["1", "1", "6", "1", "1", "1Wd", "4"]}, {"ovNo": 11, "ovBalls": ["1", "4", "6", "W", "2", "."]}, {"ovNo": 12, "ovBalls": ["W", ".", "1", "1", "1", "1Wd", "1"]}, {"ovNo": 13, "ovBalls": ["1Lb", "2", "1", "5Wd", ".", "1", "1"]}, {"ovNo": 14, "ovBalls": ["2", "1", "1", ".", ".", "1"]}, {"ovNo": 15, "ovBalls": ["W", "1", "4", ".", "2", "1"]}, {"ovNo": 16, "ovBalls": ["1", "W", "1", ".", ".", "4"]}, {"ovNo": 17, "ovBalls": ["1", "1", "W", "1", "1", "1"]}, {"ovNo": 18, "ovBalls": ["1", "1", "1", "W", ".", "."]}, {"ovNo": 19, "ovBalls": ["4", "4", "4", "1", ".", "1"]}, {"ovNo": 20, "ovBalls": ["W", ".", "4", ".", "1", "6"]}]}]}