{"matchInfo": {"additionalInfo": {"toss.elected": "Kings XI Punjab, who chose to bat", "notes.1.1": "Powerplay: 36 runs, 1 wicket", "notes.1.2": "KXIP: 50 runs in 9.2 overs", "notes.2.1": "Powerplay: 33 runs, 1 wicket", "notes.1.3": "KXIP: 100 runs in 15.3 overs", "notes.2.2": "SRH: 50 runs in 8.3 overs", "notes.1.4": "Innings Break: KXIP - 123/9 in 20 overs", "notes.2.3": "SRH: 100 runs in 17.1 overs", "highlights.link": "http://iplt20.com/videos/media/id/45603bae54454fc78e11be6457fba319/m25-srh-vs-kxip-match-highlights", "referee.name": "Roshan Mahanama", "match.photo.id": "15020", "match.video.id": "45603bae54454fc78e11be6457fba319", "home.team.fan.total": "6059", "match.summary": "", "umpire.name.1": "Kumar Dharmasena", "photostream.link": "http://www.iplt20.com/photos/129/ipl-2013-match-25-sh-v-kxip", "umpire.name.2": "CK Nandan", "toss.winner": "Kings XI Punjab", "umpire.name.3": "S Ravi", "umpire.name.4": "Ammanabrole Nand Kishore", "away.team.fan.total": "5701", "result.playerofthematch": "Hanuma Vihari"}, "teams": [{"id": 1437, "team": {"id": 62, "fullName": "Sunrisers Hyderabad", "shortName": "Sunrisers", "abbreviation": "SRH", "type": "m", "primaryColor": "FF9C00", "secondaryColor": "FFFFFF"}, "players": [{"id": 29, "fullName": "Akshath Reddy", "shortName": "AP Reddy", "nationality": "Indian", "dateOfBirth": "1991-02-11", "rightArmedBowl": false, "rightHandedBat": false}, {"id": 834, "fullName": "Quinton de Kock", "shortName": "Q de Kock", "nationality": "South African", "dateOfBirth": "1992-12-17", "rightArmedBowl": false, "rightHandedBat": false}, {"id": 1117, "fullName": "Hanuma Vihari", "shortName": "H Vihari", "nationality": "Indian", "dateOfBirth": "1993-10-13", "rightArmedBowl": true, "rightHandedBat": true, "bowlingStyle": "OFF_SPIN"}, {"id": 178, "fullName": "Cameron White", "shortName": "C White", "nationality": "Australian", "dateOfBirth": "1983-08-18", "rightArmedBowl": false, "rightHandedBat": false}, {"id": 249, "fullName": "Biplap Samantray", "shortName": "B Samantray", "nationality": "Indian", "dateOfBirth": "1988-12-14", "rightArmedBowl": false, "rightHandedBat": false}, {"id": 1118, "fullName": "Karn Sharma", "shortName": "K Sharma", "nationality": "Indian", "dateOfBirth": "1987-10-23", "rightArmedBowl": true, "rightHandedBat": false, "bowlingStyle": "LEG_SPIN"}, {"id": 215, "fullName": "Thisara Perera", "shortName": "NTLC Perera", "nationality": "Sri Lankan", "dateOfBirth": "1989-04-03", "rightArmedBowl": true, "rightHandedBat": false, "bowlingStyle": "MEDIUM_SEAM"}, {"id": 34, "fullName": "Ashish Reddy", "shortName": "AA Reddy", "nationality": "Indian", "dateOfBirth": "1981-02-24", "rightArmedBowl": false, "rightHandedBat": false}, {"id": 30, "fullName": "Amit Mishra", "shortName": "A Mishra", "nationality": "Indian", "dateOfBirth": "1982-11-24", "rightArmedBowl": true, "rightHandedBat": true, "bowlingStyle": "LEG_SPIN"}, {"id": 180, "fullName": "Dale Steyn", "shortName": "D Steyn", "nationality": "South African", "dateOfBirth": "1983-06-27", "rightArmedBowl": true, "rightHandedBat": true, "bowlingStyle": "FAST_SEAM"}, {"id": 38, "fullName": "Ishant Sharma", "shortName": "I Sharma", "nationality": "Indian", "dateOfBirth": "1988-09-02", "rightArmedBowl": true, "rightHandedBat": true, "bowlingStyle": "FAST_SEAM"}], "wicketKeeper": {"id": 834, "fullName": "Quinton de Kock", "shortName": "Q de Kock", "nationality": "South African", "dateOfBirth": "1992-12-17", "rightArmedBowl": false, "rightHandedBat": false}, "captain": {"id": 178, "fullName": "Cameron White", "shortName": "C White", "nationality": "Australian", "dateOfBirth": "1983-08-18", "rightArmedBowl": false, "rightHandedBat": false}}, {"id": 1438, "team": {"id": 4, "fullName": "Punjab Kings", "shortName": "Punjab Kings", "abbreviation": "PBKS", "type": "m", "primaryColor": "DA1F3D", "secondaryColor": "FFFFFF"}, "players": [{"id": 65, "fullName": "Adam Gilchrist", "shortName": "A Gilchrist", "nationality": "Australian", "dateOfBirth": "1971-11-14", "rightArmedBowl": true, "rightHandedBat": false, "bowlingStyle": "OFF_SPIN"}, {"id": 72, "fullName": "Mandeep Singh", "shortName": "M Singh", "nationality": "Indian", "dateOfBirth": "1991-12-18", "rightArmedBowl": true, "rightHandedBat": true}, {"id": 1085, "fullName": "Manan Vohra", "shortName": "M Vohra", "nationality": "Indian", "dateOfBirth": "1993-07-18", "rightArmedBowl": false, "rightHandedBat": true}, {"id": 186, "fullName": "David Hussey", "shortName": "D Hussey", "nationality": "Australian", "dateOfBirth": "1977-07-15", "rightArmedBowl": false, "rightHandedBat": false}, {"id": 75, "fullName": "Paul Valthaty", "shortName": "P Valthaty", "nationality": "Indian", "dateOfBirth": "1983-12-07", "rightArmedBowl": false, "rightHandedBat": false}, {"id": 194, "fullName": "Azhar Mahmood", "shortName": "A Mahmood", "nationality": "English", "dateOfBirth": "1975-02-28", "rightArmedBowl": false, "rightHandedBat": false}, {"id": 253, "fullName": "Gurkeerat Mann Singh", "shortName": "GM Singh", "nationality": "Indian", "dateOfBirth": "1990-06-29", "rightArmedBowl": true, "rightHandedBat": true, "bowlingStyle": "OFF_SPIN"}, {"id": 188, "fullName": "Dimitri Mascarenhas", "shortName": "D Mascarenhas", "nationality": "English", "dateOfBirth": "1977-10-30", "rightArmedBowl": false, "rightHandedBat": false}, {"id": 76, "fullName": "Piyush Chawla", "shortName": "P Chawla", "nationality": "Indian", "dateOfBirth": "1988-12-24", "rightArmedBowl": true, "rightHandedBat": false, "bowlingStyle": "LEG_SPIN"}, {"id": 40, "fullName": "Manpreet Gony", "shortName": "M Gony", "nationality": "Indian", "dateOfBirth": "1984-01-01", "rightArmedBowl": true, "rightHandedBat": true}, {"id": 77, "fullName": "Praveen Kumar", "shortName": "P Kumar", "nationality": "Indian", "dateOfBirth": "1986-10-02", "rightArmedBowl": true, "rightHandedBat": true}], "wicketKeeper": {"id": 65, "fullName": "Adam Gilchrist", "shortName": "A Gilchrist", "nationality": "Australian", "dateOfBirth": "1971-11-14", "rightArmedBowl": true, "rightHandedBat": false, "bowlingStyle": "OFF_SPIN"}, "captain": {"id": 65, "fullName": "Adam Gilchrist", "shortName": "A Gilchrist", "nationality": "Australian", "dateOfBirth": "1971-11-14", "rightArmedBowl": true, "rightHandedBat": false, "bowlingStyle": "OFF_SPIN"}}], "venue": {"id": 10, "fullName": "Rajiv Gandhi Intl. Cricket Stadium", "shortName": "Rajiv Gandhi Intl. Cricket Stadium", "city": "Hyderabad", "country": "India"}, "matchDate": "2013-04-19T20:00:00+0530", "matchEndDate": "2013-04-19T23:00:00+0530", "matchDateMs": 1366381800000, "matchEndDateMs": 1366392600000, "isLimitedOvers": true, "battingOrder": [1, 0], "matchBroadcast": false, "matchState": "C", "matchStatus": {"outcome": "A", "text": "Sunrisers Hyderabad won by 5 wickets"}, "description": "Match 25", "matchSummary": "", "matchType": "IPLT20", "tournamentLabel": "IPL 2013", "oversLimit": 20, "groupName": ""}, "matchId": {"id": 639, "name": "ipl2013-25", "tournamentId": {"id": 605, "name": "ipl2013", "provisional": false}}, "currentState": {"inProgress": false, "phase": "C", "currentInningsIndex": 1, "currentBatsmen": [215, 34], "facingBatsman": 215, "nonFacingBatsman": 34, "currentBowler": 194, "currentBowlerCurrentSpell": {"playerId": 194, "ov": "1.5", "r": 23, "w": 1, "d": 4, "maid": 0, "e": "12.54", "wd": 1, "nb": 0}, "previousBowler": 40, "previousBowlerCurrentSpell": {"playerId": 40, "ov": "3", "r": 19, "w": 1, "d": 8, "maid": 0, "e": "6.33", "wd": 0, "nb": 0}, "currentPartnership": 30, "partnership": {"runs": 30, "balls": 16, "runRate": "11.25"}, "recentOvers": [{"ovNo": 14, "ovBalls": [".", ".", "1", "1", "4", "1Lb"]}, {"ovNo": 15, "ovBalls": ["1", "1", ".", "1", "1", "1"]}, {"ovNo": 16, "ovBalls": ["W", "1", "4", ".", "1", "4B"]}, {"ovNo": 17, "ovBalls": ["W", "1", ".", ".", "1", "."]}, {"ovNo": 18, "ovBalls": ["1", "1", "1", ".", "4", "."]}, {"ovNo": 19, "ovBalls": ["6", "1Wd", "1", "1", "6", "6"]}]}, "innings": [{"inningsNumber": 1, "runRate": "6.15", "overProgress": "20", "declared": false, "scorecard": {"runs": 123, "wkts": 9, "allOut": false, "battingStats": [{"playerId": 72, "r": 10, "b": 11, "sr": "90.90", "4s": 1, "6s": 0, "mod": {"dismissedBp": {"innings": 1, "over": 3, "ball": 6}, "countingBp": {"innings": 1, "over": 3, "ball": 5}, "text": "c Quinton de Kock b Ishant Sharma", "bowlerId": 38, "additionalPlayerIds": [834], "dismissedMethod": "ct", "isOut": true}}, {"playerId": 65, "r": 26, "b": 25, "sr": "104.00", "4s": 4, "6s": 0, "mod": {"dismissedBp": {"innings": 1, "over": 9, "ball": 4}, "countingBp": {"innings": 1, "over": 9, "ball": 4}, "text": "c Ishant Sharma b Karn Sharma", "bowlerId": 1118, "additionalPlayerIds": [38], "dismissedMethod": "ct", "isOut": true}}, {"playerId": 75, "r": 6, "b": 17, "sr": "35.29", "4s": 0, "6s": 0, "mod": {"dismissedBp": {"innings": 1, "over": 9, "ball": 6}, "countingBp": {"innings": 1, "over": 9, "ball": 6}, "text": "c Thisara Perera b Karn Sharma", "bowlerId": 1118, "additionalPlayerIds": [215], "dismissedMethod": "ct", "isOut": true}}, {"playerId": 186, "r": 22, "b": 24, "sr": "91.66", "4s": 1, "6s": 1, "mod": {"dismissedBp": {"innings": 1, "over": 17, "ball": 3}, "countingBp": {"innings": 1, "over": 17, "ball": 3}, "text": "c Akshath Reddy b Ishant Sharma", "bowlerId": 38, "additionalPlayerIds": [29], "dismissedMethod": "ct", "isOut": true}}, {"playerId": 76, "r": 23, "b": 15, "sr": "153.33", "4s": 1, "6s": 2, "mod": {"dismissedBp": {"innings": 1, "over": 15, "ball": 1}, "countingBp": {"innings": 1, "over": 15, "ball": 1}, "text": "run out (Akshath Reddy)", "bowlerId": 215, "additionalPlayerIds": [29], "dismissedMethod": "ro", "isOut": true}}, {"playerId": 253, "r": 17, "b": 12, "sr": "141.66", "4s": 1, "6s": 1, "mod": {"dismissedBp": {"innings": 1, "over": 19, "ball": 1}, "countingBp": {"innings": 1, "over": 19, "ball": 1}, "text": "b Dale Steyn", "bowlerId": 180, "dismissedMethod": "b", "isOut": true}}, {"playerId": 194, "r": 4, "b": 4, "sr": "100.00", "4s": 1, "6s": 0, "mod": {"dismissedBp": {"innings": 1, "over": 18, "ball": 4}, "countingBp": {"innings": 1, "over": 18, "ball": 4}, "text": "c Ashish Reddy b Amit Mishra", "bowlerId": 30, "additionalPlayerIds": [34], "dismissedMethod": "ct", "isOut": true}}, {"playerId": 40, "r": 0, "b": 0, "4s": 0, "6s": 0, "mod": {"dismissedBp": {"innings": 1, "over": 18, "ball": 5}, "countingBp": {"innings": 1, "over": 18, "ball": 5}, "text": "run out (Ishant Sharma)", "bowlerId": 30, "additionalPlayerIds": [38], "dismissedMethod": "ro", "isOut": true}}, {"playerId": 1085, "r": 0, "b": 1, "sr": "0.00", "4s": 0, "6s": 0, "mod": {"dismissedBp": {"innings": 1, "over": 18, "ball": 6}, "countingBp": {"innings": 1, "over": 18, "ball": 6}, "text": "c Ishant Sharma b Amit Mishra", "bowlerId": 30, "additionalPlayerIds": [38], "dismissedMethod": "ct", "isOut": true}}, {"playerId": 188, "r": 5, "b": 5, "sr": "100.00", "4s": 0, "6s": 0}, {"playerId": 77, "r": 3, "b": 6, "sr": "50.00", "4s": 0, "6s": 0}], "bowlingStats": [{"playerId": 1117, "ov": "1", "r": 2, "w": 0, "d": 4, "maid": 0, "e": "2.00", "wd": 0, "nb": 0}, {"playerId": 180, "ov": "4", "r": 14, "w": 1, "d": 14, "maid": 0, "e": "3.50", "wd": 0, "nb": 0}, {"playerId": 38, "ov": "4", "r": 29, "w": 2, "d": 10, "maid": 0, "e": "7.25", "wd": 2, "nb": 0}, {"playerId": 215, "ov": "4", "r": 25, "w": 0, "d": 10, "maid": 0, "e": "6.25", "wd": 0, "nb": 0}, {"playerId": 1118, "ov": "3", "r": 19, "w": 2, "d": 10, "maid": 0, "e": "6.33", "wd": 0, "nb": 0}, {"playerId": 30, "ov": "4", "r": 29, "w": 2, "d": 9, "maid": 0, "e": "7.25", "wd": 0, "nb": 0}], "fow": [{"bp": {"innings": 1, "over": 3, "ball": 5}, "playerId": 72, "ret": false, "w": 1, "r": 15}, {"bp": {"innings": 1, "over": 9, "ball": 4}, "playerId": 65, "ret": false, "w": 2, "r": 47}, {"bp": {"innings": 1, "over": 9, "ball": 6}, "playerId": 75, "ret": false, "w": 3, "r": 48}, {"bp": {"innings": 1, "over": 15, "ball": 1}, "playerId": 76, "ret": false, "w": 4, "r": 88}, {"bp": {"innings": 1, "over": 17, "ball": 3}, "playerId": 186, "ret": false, "w": 5, "r": 104}, {"bp": {"innings": 1, "over": 18, "ball": 4}, "playerId": 194, "ret": false, "w": 6, "r": 114}, {"bp": {"innings": 1, "over": 18, "ball": 5}, "playerId": 40, "ret": false, "w": 7, "r": 115}, {"bp": {"innings": 1, "over": 18, "ball": 6}, "playerId": 1085, "ret": false, "w": 8, "r": 115}, {"bp": {"innings": 1, "over": 19, "ball": 1}, "playerId": 253, "ret": false, "w": 9, "r": 115}], "extras": {"noBallRuns": 0, "wideRuns": 2, "byeRuns": 4, "legByeRuns": 1, "penaltyRuns": 0}, "declared": false}, "overHistory": [{"ovNo": 1, "ovBalls": [".", ".", "1", ".", "1", "."]}, {"ovNo": 2, "ovBalls": [".", ".", "1", ".", "1", "2"]}, {"ovNo": 3, "ovBalls": ["4", "1Wd", ".", "2", "2", "W", "1"]}, {"ovNo": 4, "ovBalls": [".", ".", "1", ".", ".", "."]}, {"ovNo": 5, "ovBalls": ["4", ".", "4", "4", ".", "."]}, {"ovNo": 6, "ovBalls": [".", "1", "4", ".", "1", "1"]}, {"ovNo": 7, "ovBalls": [".", ".", ".", ".", "2", "4B"]}, {"ovNo": 8, "ovBalls": [".", "1", ".", ".", "1", "1"]}, {"ovNo": 9, "ovBalls": ["1", "1", ".", "W", "1", "W"]}, {"ovNo": 10, "ovBalls": ["1", "1", "1", "4", ".", "."]}, {"ovNo": 11, "ovBalls": ["6", ".", "6", "1", ".", "1"]}, {"ovNo": 12, "ovBalls": ["1", "1", ".", "1", "4", "."]}, {"ovNo": 13, "ovBalls": [".", ".", "1", ".", ".", "2"]}, {"ovNo": 14, "ovBalls": ["6", "1", ".", "1Wd", "1", ".", "."]}, {"ovNo": 15, "ovBalls": ["W", "1", "1", ".", "1", "1"]}, {"ovNo": 16, "ovBalls": ["1", "1", "6", "1", "1", "."]}, {"ovNo": 17, "ovBalls": ["1", "1", "W", "1", ".", "."]}, {"ovNo": 18, "ovBalls": ["4", "1Lb", "4", "W", "1W", "W"]}, {"ovNo": 19, "ovBalls": ["W", ".", "1", ".", "1", "."]}, {"ovNo": 20, "ovBalls": ["1", "1", "1", ".", "1", "2"]}]}, {"inningsNumber": 2, "runRate": "6.74", "overProgress": "18.5", "declared": false, "scorecard": {"runs": 127, "wkts": 5, "allOut": false, "battingStats": [{"playerId": 834, "r": 0, "b": 4, "sr": "0.00", "4s": 0, "6s": 0, "mod": {"dismissedBp": {"innings": 2, "over": 1, "ball": 4}, "countingBp": {"innings": 2, "over": 1, "ball": 4}, "text": "b Praveen Kumar", "bowlerId": 77, "dismissedMethod": "b", "isOut": true}}, {"playerId": 29, "r": 19, "b": 17, "sr": "111.76", "4s": 2, "6s": 0, "mod": {"dismissedBp": {"innings": 2, "over": 8, "ball": 5}, "countingBp": {"innings": 2, "over": 8, "ball": 5}, "text": "c Azhar Mahmood b Manpreet Gony", "bowlerId": 40, "additionalPlayerIds": [194], "dismissedMethod": "ct", "isOut": true}}, {"playerId": 1117, "r": 46, "b": 39, "sr": "117.94", "4s": 5, "6s": 0, "mod": {"dismissedBp": {"innings": 2, "over": 12, "ball": 4}, "countingBp": {"innings": 2, "over": 12, "ball": 4}, "text": "c David Hussey b Piyush Chawla", "bowlerId": 76, "additionalPlayerIds": [186], "dismissedMethod": "ct", "isOut": true}}, {"playerId": 178, "r": 16, "b": 23, "sr": "69.56", "4s": 1, "6s": 0, "mod": {"dismissedBp": {"innings": 2, "over": 16, "ball": 1}, "countingBp": {"innings": 2, "over": 16, "ball": 1}, "text": "b Manpreet Gony", "bowlerId": 40, "dismissedMethod": "b", "isOut": true}}, {"playerId": 249, "r": 10, "b": 12, "sr": "83.33", "4s": 1, "6s": 0, "mod": {"dismissedBp": {"innings": 2, "over": 17, "ball": 1}, "countingBp": {"innings": 2, "over": 17, "ball": 1}, "text": "lbw Azhar Mahmood", "bowlerId": 194, "dismissedMethod": "lbw", "isOut": true}}, {"playerId": 215, "r": 23, "b": 11, "sr": "209.09", "4s": 0, "6s": 3}, {"playerId": 34, "r": 7, "b": 7, "sr": "100.00", "4s": 1, "6s": 0}], "bowlingStats": [{"playerId": 77, "ov": "3", "r": 12, "w": 1, "d": 11, "maid": 1, "e": "4.00", "wd": 0, "nb": 0}, {"playerId": 188, "ov": "4", "r": 25, "w": 0, "d": 7, "maid": 0, "e": "6.25", "wd": 0, "nb": 0}, {"playerId": 194, "ov": "3.5", "r": 36, "w": 1, "d": 7, "maid": 0, "e": "9.39", "wd": 1, "nb": 0}, {"playerId": 76, "ov": "4", "r": 25, "w": 1, "d": 9, "maid": 0, "e": "6.25", "wd": 0, "nb": 0}, {"playerId": 40, "ov": "4", "r": 24, "w": 2, "d": 12, "maid": 0, "e": "6.00", "wd": 0, "nb": 0}], "fow": [{"bp": {"innings": 2, "over": 1, "ball": 4}, "playerId": 834, "ret": false, "w": 1, "r": 0}, {"bp": {"innings": 2, "over": 8, "ball": 5}, "playerId": 29, "ret": false, "w": 2, "r": 48}, {"bp": {"innings": 2, "over": 12, "ball": 4}, "playerId": 1117, "ret": false, "w": 3, "r": 70}, {"bp": {"innings": 2, "over": 16, "ball": 1}, "playerId": 178, "ret": false, "w": 4, "r": 87}, {"bp": {"innings": 2, "over": 17, "ball": 1}, "playerId": 249, "ret": false, "w": 5, "r": 97}], "extras": {"noBallRuns": 0, "wideRuns": 1, "byeRuns": 4, "legByeRuns": 1, "penaltyRuns": 0}, "declared": false}, "overHistory": [{"ovNo": 1, "ovBalls": [".", ".", ".", "W", ".", "."]}, {"ovNo": 2, "ovBalls": ["1", ".", "1", "1", "1", "4"]}, {"ovNo": 3, "ovBalls": [".", ".", ".", "2", "1", "."]}, {"ovNo": 4, "ovBalls": [".", "1", "1", "2", "1", "."]}, {"ovNo": 5, "ovBalls": ["1", "3", "3", "1", "1", "."]}, {"ovNo": 6, "ovBalls": ["4", ".", "1", ".", "2", "1"]}, {"ovNo": 7, "ovBalls": ["1", ".", ".", "4", "4", "1"]}, {"ovNo": 8, "ovBalls": ["1", ".", "4", ".", "W", "."]}, {"ovNo": 9, "ovBalls": [".", "1", "1", ".", ".", "."]}, {"ovNo": 10, "ovBalls": ["4", ".", "1", ".", "1", "."]}, {"ovNo": 11, "ovBalls": ["1", "4", "2", "1", "1", "1"]}, {"ovNo": 12, "ovBalls": ["2", "1", "1", "W", ".", "."]}, {"ovNo": 13, "ovBalls": ["1", "1", "1", "1", "1", "."]}, {"ovNo": 14, "ovBalls": [".", ".", "1", "1", "4", "1Lb"]}, {"ovNo": 15, "ovBalls": ["1", "1", ".", "1", "1", "1"]}, {"ovNo": 16, "ovBalls": ["W", "1", "4", ".", "1", "4B"]}, {"ovNo": 17, "ovBalls": ["W", "1", ".", ".", "1", "."]}, {"ovNo": 18, "ovBalls": ["1", "1", "1", ".", "4", "."]}, {"ovNo": 19, "ovBalls": ["6", "1Wd", "1", "1", "6", "6"]}]}]}