{"matchInfo": {"additionalInfo": {"toss.elected": "Kolkata Knight Riders, who chose to bat", "notes.1.1": "Powerplay - 48 runs, 1 wicket", "notes.1.2": "KKR: 50 runs in 6.4 overs", "notes.2.1": "Powerplay - 49 runs, 2 wickets", "notes.1.3": "KKR: 100 runs in 15.1 overs", "notes.2.2": "DD: 50 runs in 6.1 overs", "notes.1.4": "KKR: 150 runs in 19.4 overs", "notes.2.3": "3rd Wicket: 50 runs in 43 balls (Naman Ojha 28, Mahela Jayawardene 17)", "notes.1.5": "5th Wicket: 50 runs in 23 balls (Yusuf Pathan 27, Laxmi Ratan Shukla 24)", "notes.2.4": "DD: 100 runs in 12.4 overs", "notes.1.6": "Innings Break: KKR - 162/4 in 20.0 overs", "highlights.link": "http://www.iplt20.com/videos?mid=e989eb0f278e4542bcebecfc4ac90041", "referee.name": "Andy Pycroft", "home.team.fan.total": "7543", "match.summary": "", "umpire.name.1": "Billy Doctrove", "photostream.link": "http://iplt20.com/photos/96/ipl-2012-match-73-qualifier-1", "umpire.name.2": "Simon Taufel", "toss.winner": "Kolkata Knight Rider", "umpire.name.3": "Kumar Dharmasena", "umpire.name.4": "Nikhil Patwardhan", "away.team.fan.total": "10979", "result.playerofthematch": "Yusuf Pathan"}, "teams": [{"id": 767, "team": {"id": 3, "fullName": "Delhi Capitals", "shortName": "Delhi", "abbreviation": "DC", "type": "m", "primaryColor": "004C93", "secondaryColor": "F83430"}, "players": [{"id": 170, "fullName": "David Warner", "shortName": "D Warner", "nationality": "Australian", "dateOfBirth": "1986-10-27", "rightArmedBowl": true, "rightHandedBat": false, "bowlingStyle": "LEG_SPIN"}, {"id": 45, "fullName": "Virender Sehwag", "shortName": "V Sehwag", "nationality": "Indian", "dateOfBirth": "1978-10-20", "rightArmedBowl": true, "rightHandedBat": true, "bowlingStyle": "OFF_SPIN"}, {"id": 52, "fullName": "Naman Ojha", "shortName": "N Ojha", "nationality": "Indian", "dateOfBirth": "1983-07-20", "rightArmedBowl": true, "rightHandedBat": true}, {"id": 62, "fullName": "Venugopal Rao", "shortName": "V Rao", "nationality": "Indian", "dateOfBirth": "1982-02-26", "rightArmedBowl": false, "rightHandedBat": false}, {"id": 175, "fullName": "Mahela Jayawardene", "shortName": "M Jayawardene", "nationality": "Sri Lankan", "dateOfBirth": "1977-05-27", "rightArmedBowl": true, "rightHandedBat": true, "bowlingStyle": "MEDIUM_SEAM"}, {"id": 226, "fullName": "Ross Taylor", "shortName": "R Taylor", "nationality": "New Zealander", "dateOfBirth": "1984-03-08", "rightArmedBowl": true, "rightHandedBat": true, "bowlingStyle": "OFF_SPIN"}, {"id": 49, "fullName": "Irfan Pathan", "shortName": "I Pathan", "nationality": "Indian", "dateOfBirth": "1984-10-27", "rightArmedBowl": false, "rightHandedBat": false, "bowlingStyle": "MEDIUM_SEAM"}, {"id": 53, "fullName": "Pawan Negi", "shortName": "P Negi", "nationality": "Indian", "dateOfBirth": "1983-01-06", "rightArmedBowl": false, "rightHandedBat": false, "bowlingStyle": "ORTHODOX"}, {"id": 169, "fullName": "Morne Morkel", "shortName": "M Morkel", "nationality": "South African", "dateOfBirth": "1984-10-06", "rightArmedBowl": true, "rightHandedBat": false, "bowlingStyle": "FAST_SEAM"}, {"id": 61, "fullName": "Varun Aaron", "shortName": "V Aaron", "nationality": "Indian", "dateOfBirth": "1989-10-29", "rightArmedBowl": true, "rightHandedBat": true}, {"id": 59, "fullName": "Umesh Yadav", "shortName": "U Yadav", "nationality": "Indian", "dateOfBirth": "1987-10-25", "rightArmedBowl": true, "rightHandedBat": true, "bowlingStyle": "FAST_SEAM"}], "wicketKeeper": {"id": 52, "fullName": "Naman Ojha", "shortName": "N Ojha", "nationality": "Indian", "dateOfBirth": "1983-07-20", "rightArmedBowl": true, "rightHandedBat": true}, "captain": {"id": 45, "fullName": "Virender Sehwag", "shortName": "V Sehwag", "nationality": "Indian", "dateOfBirth": "1978-10-20", "rightArmedBowl": true, "rightHandedBat": true, "bowlingStyle": "OFF_SPIN"}}, {"id": 768, "team": {"id": 5, "fullName": "Kolkata Knight Riders", "shortName": "Knight Riders", "abbreviation": "KKR", "type": "m", "primaryColor": "6F2C91", "secondaryColor": "FFFFFF"}, "players": [{"id": 202, "fullName": "Brendon McCullum", "shortName": "B McCullum", "nationality": "New Zealander", "dateOfBirth": "1981-09-27", "rightArmedBowl": true, "rightHandedBat": true, "bowlingStyle": "MEDIUM_SEAM"}, {"id": 84, "fullName": "Gautam Gambhir", "shortName": "G Gambhir", "nationality": "Indian", "dateOfBirth": "1981-10-14", "rightArmedBowl": true, "rightHandedBat": false, "bowlingStyle": "LEG_SPIN"}, {"id": 198, "fullName": "Jacques Kallis", "shortName": "J Kallis", "nationality": "South African", "dateOfBirth": "1975-10-16", "rightArmedBowl": true, "rightHandedBat": true, "bowlingStyle": "FAST_SEAM"}, {"id": 201, "fullName": "Shakib Al Hasan", "shortName": "S Al Hasan", "nationality": "Bangladeshi", "dateOfBirth": "1987-03-24", "rightArmedBowl": false, "rightHandedBat": false, "bowlingStyle": "ORTHODOX"}, {"id": 96, "fullName": "Yusuf Pathan", "shortName": "Y Pathan", "nationality": "Indian", "dateOfBirth": "1982-11-17", "rightArmedBowl": false, "rightHandedBat": true}, {"id": 259, "fullName": "Debabrata Das", "shortName": "D Das", "nationality": "Indian", "dateOfBirth": "1986-09-22", "rightArmedBowl": false, "rightHandedBat": false}, {"id": 92, "fullName": "Rajat Bhatia", "shortName": "R Bhatia", "nationality": "Indian", "dateOfBirth": "1979-10-22", "rightArmedBowl": true, "rightHandedBat": true}, {"id": 88, "fullName": "Laxmi Ratan Shukla", "shortName": "L Ratan Shukla", "nationality": "Indian", "dateOfBirth": "1981-05-06", "rightArmedBowl": false, "rightHandedBat": false}, {"id": 85, "fullName": "Iqbal Abdulla", "shortName": "I Abdulla", "nationality": "Indian", "dateOfBirth": "1989-12-02", "rightArmedBowl": false, "rightHandedBat": false}, {"id": 203, "fullName": "Sunil Narine", "shortName": "S Narine", "nationality": "West Indian", "dateOfBirth": "1988-05-26", "rightArmedBowl": true, "rightHandedBat": false, "bowlingStyle": "OFF_SPIN"}, {"id": 87, "fullName": "Lakshmipathy Balaji", "shortName": "L Balaji", "nationality": "Indian", "dateOfBirth": "1981-09-27", "rightArmedBowl": false, "rightHandedBat": false}], "wicketKeeper": {"id": 202, "fullName": "Brendon McCullum", "shortName": "B McCullum", "nationality": "New Zealander", "dateOfBirth": "1981-09-27", "rightArmedBowl": true, "rightHandedBat": true, "bowlingStyle": "MEDIUM_SEAM"}, "captain": {"id": 84, "fullName": "Gautam Gambhir", "shortName": "G Gambhir", "nationality": "Indian", "dateOfBirth": "1981-10-14", "rightArmedBowl": true, "rightHandedBat": false, "bowlingStyle": "LEG_SPIN"}}], "venue": {"id": 7, "fullName": "Maharashtra Cricket Association's International Stadium", "shortName": "Maharashtra Cricket Association's International Stadium", "city": "Pune", "country": "India"}, "matchDate": "2012-05-22T20:00:00+0530", "matchEndDate": "2012-05-22T23:00:00+0530", "matchDateMs": 1337697000000, "matchEndDateMs": 1337707800000, "isLimitedOvers": true, "battingOrder": [1, 0], "matchBroadcast": false, "matchState": "C", "matchStatus": {"outcome": "B", "text": "Kolkata Knight Riders won by 18 runs"}, "description": "Qualifier 1", "matchSummary": "", "matchType": "IPLT20", "tournamentLabel": "IPL 2012", "oversLimit": 20, "groupName": "knockout"}, "matchId": {"id": 74, "name": "ipl2012-73", "tournamentId": {"id": 1, "name": "ipl2012", "provisional": false}}, "currentState": {"inProgress": false, "phase": "C", "currentInningsIndex": 1, "currentBatsmen": [49, 59], "facingBatsman": 59, "nonFacingBatsman": 49, "currentBowler": -1, "previousBowler": 198, "previousBowlerCurrentSpell": {"playerId": 198, "ov": "2", "r": 10, "w": 2, "d": 7, "maid": 0, "e": "5.00", "wd": 1, "nb": 0}, "currentPartnership": 2, "partnership": {"runs": 2, "balls": 2, "runRate": "6.00"}, "recentOvers": [{"ovNo": 15, "ovBalls": ["1", "1", "1", "W", "1", "."]}, {"ovNo": 16, "ovBalls": ["4", "1", "1", "1", ".", "1"]}, {"ovNo": 17, "ovBalls": [".", "1", "1", "1Wd", ".", "W", "."]}, {"ovNo": 18, "ovBalls": ["1", ".", "1", ".", "6", "2"]}, {"ovNo": 19, "ovBalls": ["1", ".", ".", "2", "W", "4"]}, {"ovNo": 20, "ovBalls": ["4", "1", "W", "W", "1", "1"]}]}, "innings": [{"inningsNumber": 1, "runRate": "8.10", "overProgress": "20", "declared": false, "scorecard": {"runs": 162, "wkts": 4, "allOut": false, "battingStats": [{"playerId": 202, "r": 31, "b": 36, "sr": "86.11", "4s": 2, "6s": 1, "mod": {"dismissedBp": {"innings": 1, "over": 13, "ball": 4}, "countingBp": {"innings": 1, "over": 13, "ball": 4}, "text": "c David Warner b Pawan Negi", "bowlerId": 53, "additionalPlayerIds": [170], "dismissedMethod": "ct", "isOut": true}}, {"playerId": 84, "r": 32, "b": 16, "sr": "200.00", "4s": 3, "6s": 2, "mod": {"dismissedBp": {"innings": 1, "over": 6, "ball": 5}, "countingBp": {"innings": 1, "over": 6, "ball": 5}, "text": "run out (Venugopal Rao)", "bowlerId": 61, "additionalPlayerIds": [62], "dismissedMethod": "ro", "isOut": true}}, {"playerId": 198, "r": 30, "b": 33, "sr": "90.90", "4s": 3, "6s": 0, "mod": {"dismissedBp": {"innings": 1, "over": 16, "ball": 6}, "countingBp": {"innings": 1, "over": 16, "ball": 6}, "text": "c Ross Taylor b Umesh Yadav", "bowlerId": 59, "additionalPlayerIds": [226], "dismissedMethod": "ct", "isOut": true}}, {"playerId": 201, "r": 1, "b": 3, "sr": "33.33", "4s": 0, "6s": 0, "mod": {"dismissedBp": {"innings": 1, "over": 14, "ball": 4}, "countingBp": {"innings": 1, "over": 14, "ball": 4}, "text": "c Naman Ojha b Irfan Pathan", "bowlerId": 49, "additionalPlayerIds": [52], "dismissedMethod": "ct", "isOut": true}}, {"playerId": 96, "r": 40, "b": 21, "sr": "190.47", "4s": 3, "6s": 2}, {"playerId": 88, "r": 24, "b": 11, "sr": "218.18", "4s": 3, "6s": 1}], "bowlingStats": [{"playerId": 49, "ov": "4", "r": 20, "w": 1, "d": 11, "maid": 0, "e": "5.00", "wd": 1, "nb": 0}, {"playerId": 59, "ov": "4", "r": 37, "w": 1, "d": 6, "maid": 0, "e": "9.25", "wd": 1, "nb": 0}, {"playerId": 169, "ov": "4", "r": 37, "w": 0, "d": 8, "maid": 0, "e": "9.25", "wd": 0, "nb": 0}, {"playerId": 61, "ov": "4", "r": 48, "w": 0, "d": 5, "maid": 0, "e": "12.00", "wd": 0, "nb": 0}, {"playerId": 53, "ov": "4", "r": 18, "w": 1, "d": 12, "maid": 0, "e": "4.50", "wd": 0, "nb": 0}], "fow": [{"bp": {"innings": 1, "over": 6, "ball": 5}, "playerId": 84, "ret": false, "w": 1, "r": 48}, {"bp": {"innings": 1, "over": 13, "ball": 4}, "playerId": 202, "ret": false, "w": 2, "r": 87}, {"bp": {"innings": 1, "over": 14, "ball": 4}, "playerId": 201, "ret": false, "w": 3, "r": 91}, {"bp": {"innings": 1, "over": 16, "ball": 6}, "playerId": 198, "ret": false, "w": 4, "r": 106}], "extras": {"noBallRuns": 0, "wideRuns": 2, "byeRuns": 0, "legByeRuns": 2, "penaltyRuns": 0}, "declared": false}, "overHistory": [{"ovNo": 1, "ovBalls": [".", ".", ".", "4", "1Wd", ".", "."]}, {"ovNo": 2, "ovBalls": [".", "1", "1", "6", "1", "."]}, {"ovNo": 3, "ovBalls": ["1", ".", "4", ".", ".", "1Lb"]}, {"ovNo": 4, "ovBalls": ["1", "1", "1", "4", ".", "1"]}, {"ovNo": 5, "ovBalls": ["4", "1", "1", "1", "1", "."]}, {"ovNo": 6, "ovBalls": ["1", "6", "4", "1", "W", "."]}, {"ovNo": 7, "ovBalls": [".", "1", ".", "1", ".", "1"]}, {"ovNo": 8, "ovBalls": ["1", "1", "1", ".", "1", "."]}, {"ovNo": 9, "ovBalls": ["2", "1", ".", "1", "1", "1"]}, {"ovNo": 10, "ovBalls": [".", "4", ".", "1", "1", "1"]}, {"ovNo": 11, "ovBalls": ["1", "1", ".", ".", ".", "1Lb"]}, {"ovNo": 12, "ovBalls": ["1", "1", "2", "4", "1", "1"]}, {"ovNo": 13, "ovBalls": [".", "6", ".", "W", "1", "."]}, {"ovNo": 14, "ovBalls": ["1", "1", "1", "W", "1", "."]}, {"ovNo": 15, "ovBalls": [".", ".", "1", "1", "2", "3"]}, {"ovNo": 16, "ovBalls": ["1", "4", ".", "1", "1", "W"]}, {"ovNo": 17, "ovBalls": [".", "1", "1", "6", ".", "1"]}, {"ovNo": 18, "ovBalls": ["1", "4", ".", "1", ".", "1Wd", "4"]}, {"ovNo": 19, "ovBalls": [".", "4", "6", "1", "2", "2"]}, {"ovNo": 20, "ovBalls": ["4", "2", "1", "6", "4", "4"]}]}, {"inningsNumber": 2, "runRate": "7.20", "overProgress": "20", "declared": false, "scorecard": {"runs": 144, "wkts": 8, "allOut": false, "battingStats": [{"playerId": 170, "r": 7, "b": 6, "sr": "116.66", "4s": 0, "6s": 1, "mod": {"dismissedBp": {"innings": 2, "over": 2, "ball": 6}, "countingBp": {"innings": 2, "over": 2, "ball": 6}, "text": "c Brendon McCullum b Shakib Al Hasan", "bowlerId": 201, "additionalPlayerIds": [202], "dismissedMethod": "ct", "isOut": true}}, {"playerId": 45, "r": 10, "b": 7, "sr": "142.85", "4s": 1, "6s": 0, "mod": {"dismissedBp": {"innings": 2, "over": 3, "ball": 1}, "countingBp": {"innings": 2, "over": 3, "ball": 1}, "text": "c Brendon McCullum b Lakshmipathy Balaji", "bowlerId": 87, "additionalPlayerIds": [202], "dismissedMethod": "ct", "isOut": true}}, {"playerId": 52, "r": 28, "b": 28, "sr": "100.00", "4s": 4, "6s": 1, "mod": {"dismissedBp": {"innings": 2, "over": 11, "ball": 2}, "countingBp": {"innings": 2, "over": 11, "ball": 2}, "text": "c Gautam Gambhir b Rajat Bhatia", "bowlerId": 92, "additionalPlayerIds": [84], "dismissedMethod": "ct", "isOut": true}}, {"playerId": 175, "r": 40, "b": 33, "sr": "121.21", "4s": 6, "6s": 0, "mod": {"dismissedBp": {"innings": 2, "over": 15, "ball": 4}, "countingBp": {"innings": 2, "over": 15, "ball": 4}, "text": "st Brendon McCullum b Iqbal Abdulla", "bowlerId": 85, "additionalPlayerIds": [202], "dismissedMethod": "st", "isOut": true}}, {"playerId": 62, "r": 13, "b": 22, "sr": "59.09", "4s": 0, "6s": 0, "mod": {"dismissedBp": {"innings": 2, "over": 17, "ball": 6}, "countingBp": {"innings": 2, "over": 17, "ball": 5}, "text": "c Rajat Bhatia b Jacques Kallis", "bowlerId": 198, "additionalPlayerIds": [92], "dismissedMethod": "ct", "isOut": true}}, {"playerId": 53, "r": 14, "b": 11, "sr": "127.27", "4s": 2, "6s": 0, "mod": {"dismissedBp": {"innings": 2, "over": 20, "ball": 3}, "countingBp": {"innings": 2, "over": 20, "ball": 3}, "text": "st Brendon McCullum b Sunil Narine", "bowlerId": 203, "additionalPlayerIds": [202], "dismissedMethod": "st", "isOut": true}}, {"playerId": 226, "r": 11, "b": 8, "sr": "137.50", "4s": 0, "6s": 1, "mod": {"dismissedBp": {"innings": 2, "over": 19, "ball": 5}, "countingBp": {"innings": 2, "over": 19, "ball": 5}, "text": "c sub (Sangwan) b Jacques Kallis", "bowlerId": 198, "dismissedMethod": "ct", "isOut": true}}, {"playerId": 49, "r": 6, "b": 3, "sr": "200.00", "4s": 1, "6s": 0}, {"playerId": 169, "r": 0, "b": 1, "sr": "0.00", "4s": 0, "6s": 0, "mod": {"dismissedBp": {"innings": 2, "over": 20, "ball": 4}, "countingBp": {"innings": 2, "over": 20, "ball": 4}, "text": "c Rajat Bhatia b Sunil Narine", "bowlerId": 203, "additionalPlayerIds": [92], "dismissedMethod": "ct", "isOut": true}}, {"playerId": 59, "r": 1, "b": 1, "sr": "100.00", "4s": 0, "6s": 0}], "bowlingStats": [{"playerId": 87, "ov": "2", "r": 11, "w": 1, "d": 6, "maid": 0, "e": "5.50", "wd": 1, "nb": 0}, {"playerId": 201, "ov": "4", "r": 36, "w": 1, "d": 8, "maid": 0, "e": "9.00", "wd": 0, "nb": 0}, {"playerId": 198, "ov": "4", "r": 24, "w": 2, "d": 13, "maid": 0, "e": "6.00", "wd": 3, "nb": 0}, {"playerId": 203, "ov": "4", "r": 24, "w": 2, "d": 11, "maid": 0, "e": "6.00", "wd": 0, "nb": 0}, {"playerId": 85, "ov": "4", "r": 24, "w": 1, "d": 9, "maid": 0, "e": "6.00", "wd": 0, "nb": 0}, {"playerId": 92, "ov": "2", "r": 16, "w": 1, "d": 5, "maid": 0, "e": "8.00", "wd": 0, "nb": 0}], "fow": [{"bp": {"innings": 2, "over": 2, "ball": 6}, "playerId": 170, "ret": false, "w": 1, "r": 24}, {"bp": {"innings": 2, "over": 3, "ball": 1}, "playerId": 45, "ret": false, "w": 2, "r": 24}, {"bp": {"innings": 2, "over": 11, "ball": 2}, "playerId": 52, "ret": false, "w": 3, "r": 83}, {"bp": {"innings": 2, "over": 15, "ball": 4}, "playerId": 175, "ret": false, "w": 4, "r": 108}, {"bp": {"innings": 2, "over": 17, "ball": 5}, "playerId": 62, "ret": false, "w": 5, "r": 120}, {"bp": {"innings": 2, "over": 19, "ball": 5}, "playerId": 226, "ret": false, "w": 6, "r": 133}, {"bp": {"innings": 2, "over": 20, "ball": 3}, "playerId": 53, "ret": false, "w": 7, "r": 142}, {"bp": {"innings": 2, "over": 20, "ball": 4}, "playerId": 169, "ret": false, "w": 8, "r": 142}], "extras": {"noBallRuns": 0, "wideRuns": 5, "byeRuns": 4, "legByeRuns": 5, "penaltyRuns": 0}, "declared": false}, "overHistory": [{"ovNo": 1, "ovBalls": ["1Lb", "4", "1", "1", "1", "2Wd", "1"]}, {"ovNo": 2, "ovBalls": ["2", "1", "4B", ".", "6", "W"]}, {"ovNo": 3, "ovBalls": ["W", "1", ".", ".", ".", "."]}, {"ovNo": 4, "ovBalls": [".", "4", "1Lb", ".", "4", "6"]}, {"ovNo": 5, "ovBalls": ["1", ".", "1", "4", "1Wd", ".", "."]}, {"ovNo": 6, "ovBalls": [".", ".", "1", "1", ".", "."]}, {"ovNo": 7, "ovBalls": ["1", "1", "1Wd", "1Lb", ".", ".", "4"]}, {"ovNo": 8, "ovBalls": ["1", "1", "1", "1", "1", "."]}, {"ovNo": 9, "ovBalls": ["1", ".", "4", "4", "1", "1"]}, {"ovNo": 10, "ovBalls": [".", "1", "1Lb", ".", "4", "4"]}, {"ovNo": 11, "ovBalls": [".", "W", ".", ".", "1", "4"]}, {"ovNo": 12, "ovBalls": ["1", ".", "4", ".", "1", "1Lb"]}, {"ovNo": 13, "ovBalls": [".", "2", "1", "2", ".", "."]}, {"ovNo": 14, "ovBalls": [".", "1", "1", "1", "1", "1"]}, {"ovNo": 15, "ovBalls": ["1", "1", "1", "W", "1", "."]}, {"ovNo": 16, "ovBalls": ["4", "1", "1", "1", ".", "1"]}, {"ovNo": 17, "ovBalls": [".", "1", "1", "1Wd", ".", "W", "."]}, {"ovNo": 18, "ovBalls": ["1", ".", "1", ".", "6", "2"]}, {"ovNo": 19, "ovBalls": ["1", ".", ".", "2", "W", "4"]}, {"ovNo": 20, "ovBalls": ["4", "1", "W", "W", "1", "1"]}]}]}