{"matchInfo": {"additionalInfo": {"sixes.video.thumb": "http://brightcove.vo.llnwd.net/v1/unsecured/media/3588749423001/201505/182/3588749423001_4208794113001_video-still-for-video-4208834245001.jpg?pubId=3588749423001", "sixes.video.id": "4208834245001", "match.video.thumb": "http://brightcove.vo.llnwd.net/v1/unsecured/media/3588749423001/201505/306/3588749423001_4208916768001_video-still-for-video-4208834254001.jpg?pubId=3588749423001", "mom.video.thumb": "http://brightcove.vo.llnwd.net/v1/unsecured/media/3588749423001/201505/3306/3588749423001_4208916773001_video-still-for-video-4208834255001.jpg?pubId=3588749423001", "mom.video.id": "4208834255001", "referee.name": "Ranjan Madugalle", "report.thumb": "http://static2.iplt20.com/cms/media/images/650x433/39397.jpg", "match.summary": "", "umpire.name.1": "Richard Illingworth", "umpire.name.2": "S Ravi", "umpire.name.3": "Vineet Kulkarni", "interview.thumb": "http://static2.iplt20.com/cms/media/images/320x213/39476.jpg", "umpire.name.4": "Krishnamachari Bharatan", "away.team.fan.total": "5655", "result.playerofthematch": "Nathan Coulter-Nile", "toss.elected": "Delhi Daredevils, who chose to field", "notes.1.1": "Powerplay - 27 runs, 4 wickets", "notes.1.2": "KXIP: 50 runs in 11.2 overs", "notes.2.1": "Powerplay - 41 runs, 0 wickets", "notes.1.3": "7th Wicket: 50 runs in 41 balls (David Miller 26, Axar Patel 18", "notes.2.2": "DD: 50 runs in 6.6 overs", "notes.1.4": "KXIP: 100 runs in 17.4 overs", "notes.2.3": "1st Wicket: 50 runs in 42 balls (Magank Agarwal 22, Shreyas Iyer 25)", "notes.1.5": "Innings Break: KXIP - 118/8 in 20 overs", "notes.2.4": "Shreyas Iyer: 50 off 38 balls (4 x fours, 3 x sixes)", "notes.2.5": "DD: 100 runs in 11.5 overs", "notes.2.6": "1st Wicket: 100 runs in 72 balls (Mayank Agarwal 39, Shreyas Iyer 54)", "notes.2.7": "Mayank Agarwal: 50 off 39 balls (6 x fours, 1 x six)", "highlights.link": "http://www.iplt20.com/videos/media/id/4208834254001/m31-dd-vs-kxip-match-highlights", "match.video.id": "4208834254001", "stats.link": "http://www.iplt20.com/news/2015/more-news/6438/quick-stats-m31-dd-vs-kxip", "home.team.fan.total": "5486", "photostream.link": "http://www.iplt20.com/photos/279/ipl-2015-match-31-dd-v-kxip", "toss.winner": "Delhi Daredevils", "interview.link": "http://www.iplt20.com/news/2015/features/6432/zaheers-presence-was-of-massive-help-coulter-nile", "stats.thumb": "http://static2.iplt20.com/cms/media/images/320x213/39517.jpg"}, "teams": [{"id": 3717, "team": {"id": 3, "fullName": "Delhi Capitals", "shortName": "Delhi", "abbreviation": "DC", "type": "m", "primaryColor": "004C93", "secondaryColor": "F83430"}, "players": [{"id": 158, "fullName": "Mayank Agarwal", "shortName": "M Agarwal", "nationality": "Indian", "dateOfBirth": "1991-02-18", "rightArmedBowl": true, "rightHandedBat": true}, {"id": 1563, "fullName": "Shreyas Iyer", "shortName": "S Iyer", "nationality": "Indian", "dateOfBirth": "1994-12-06", "rightArmedBowl": true, "rightHandedBat": true, "bowlingStyle": "LEG_SPIN"}, {"id": 182, "fullName": "JP Duminy", "shortName": "JP Duminy", "nationality": "South African", "dateOfBirth": "1984-04-14", "rightArmedBowl": false, "rightHandedBat": false}, {"id": 113, "fullName": "Yuvraj Singh", "shortName": "Y Singh", "nationality": "Indian", "dateOfBirth": "1981-12-12", "rightArmedBowl": false, "rightHandedBat": false, "bowlingStyle": "ORTHODOX"}, {"id": 217, "fullName": "Angelo Mathews", "shortName": "A Mathews", "nationality": "Sri Lankan", "dateOfBirth": "1987-06-02", "rightArmedBowl": true, "rightHandedBat": true, "bowlingStyle": "MEDIUM_SEAM"}, {"id": 297, "fullName": "Kedar Jadhav", "shortName": "K Jadhav", "nationality": "Indian", "dateOfBirth": "1985-03-26", "rightArmedBowl": true, "rightHandedBat": true, "bowlingStyle": "OFF_SPIN"}, {"id": 163, "fullName": "Saurabh Tiwary", "shortName": "S Tiwary", "nationality": "Indian", "dateOfBirth": "1989-12-30", "rightArmedBowl": true, "rightHandedBat": false}, {"id": 840, "fullName": "Nathan Coulter-Nile", "shortName": "N Coulter-Nile", "nationality": "Australian", "dateOfBirth": "1987-10-11", "rightArmedBowl": true, "rightHandedBat": true, "bowlingStyle": "FAST_SEAM"}, {"id": 30, "fullName": "Amit Mishra", "shortName": "A Mishra", "nationality": "Indian", "dateOfBirth": "1982-11-24", "rightArmedBowl": true, "rightHandedBat": true, "bowlingStyle": "LEG_SPIN"}, {"id": 165, "fullName": "Zaheer Khan", "shortName": "Z Khan", "nationality": "Indian", "dateOfBirth": "1978-10-07", "rightArmedBowl": false, "rightHandedBat": true, "bowlingStyle": "FAST_SEAM"}, {"id": 898, "fullName": "Imran Tahir", "shortName": "I Tahir", "nationality": "South African", "dateOfBirth": "1979-03-27", "rightArmedBowl": true, "rightHandedBat": true, "bowlingStyle": "LEG_SPIN"}], "wicketKeeper": {"id": 297, "fullName": "Kedar Jadhav", "shortName": "K Jadhav", "nationality": "Indian", "dateOfBirth": "1985-03-26", "rightArmedBowl": true, "rightHandedBat": true, "bowlingStyle": "OFF_SPIN"}, "captain": {"id": 182, "fullName": "JP Duminy", "shortName": "JP Duminy", "nationality": "South African", "dateOfBirth": "1984-04-14", "rightArmedBowl": false, "rightHandedBat": false}}, {"id": 3716, "team": {"id": 4, "fullName": "Punjab Kings", "shortName": "Punjab Kings", "abbreviation": "PBKS", "type": "m", "primaryColor": "DA1F3D", "secondaryColor": "FFFFFF"}, "players": [{"id": 45, "fullName": "Virender Sehwag", "shortName": "V Sehwag", "nationality": "Indian", "dateOfBirth": "1978-10-20", "rightArmedBowl": true, "rightHandedBat": true, "bowlingStyle": "OFF_SPIN"}, {"id": 1085, "fullName": "Manan Vohra", "shortName": "M Vohra", "nationality": "Indian", "dateOfBirth": "1993-07-18", "rightArmedBowl": false, "rightHandedBat": true}, {"id": 191, "fullName": "Shaun Marsh", "shortName": "S Marsh", "nationality": "Australian", "dateOfBirth": "1983-07-09", "rightArmedBowl": false, "rightHandedBat": false, "bowlingStyle": "ORTHODOX"}, {"id": 19, "fullName": "George Bailey", "shortName": "G Bailey", "nationality": "Australian", "dateOfBirth": "1982-09-07", "rightArmedBowl": false, "rightHandedBat": false}, {"id": 187, "fullName": "David Miller", "shortName": "D Miller", "nationality": "South African", "dateOfBirth": "1989-06-10", "rightArmedBowl": true, "rightHandedBat": false, "bowlingStyle": "OFF_SPIN"}, {"id": 215, "fullName": "Thisara Perera", "shortName": "NTLC Perera", "nationality": "Sri Lankan", "dateOfBirth": "1989-04-03", "rightArmedBowl": true, "rightHandedBat": false, "bowlingStyle": "MEDIUM_SEAM"}, {"id": 16, "fullName": "Wriddhiman Saha", "shortName": "W Saha", "nationality": "Indian", "dateOfBirth": "1984-10-24", "rightArmedBowl": true, "rightHandedBat": true}, {"id": 1113, "fullName": "Axar Patel", "shortName": "A Patel", "nationality": "Indian", "dateOfBirth": "1994-01-20", "rightArmedBowl": false, "rightHandedBat": false, "bowlingStyle": "ORTHODOX"}, {"id": 1745, "fullName": "Shardul Thakur", "shortName": "S Thakur", "nationality": "Indian", "dateOfBirth": "1991-10-16", "rightArmedBowl": true, "rightHandedBat": true, "bowlingStyle": "MEDIUM_SEAM"}, {"id": 412, "fullName": "Anureet Singh", "shortName": "Anureet Singh", "nationality": "Indian", "dateOfBirth": "1982-02-26", "rightArmedBowl": false, "rightHandedBat": true}, {"id": 1112, "fullName": "Sandeep Sharma", "shortName": "S Sharma", "nationality": "Indian", "dateOfBirth": "1993-05-18", "rightArmedBowl": true, "rightHandedBat": true, "bowlingStyle": "MEDIUM_SEAM"}], "wicketKeeper": {"id": 16, "fullName": "Wriddhiman Saha", "shortName": "W Saha", "nationality": "Indian", "dateOfBirth": "1984-10-24", "rightArmedBowl": true, "rightHandedBat": true}, "captain": {"id": 19, "fullName": "George Bailey", "shortName": "G Bailey", "nationality": "Australian", "dateOfBirth": "1982-09-07", "rightArmedBowl": false, "rightHandedBat": false}}], "venue": {"id": 8, "fullName": "Arun Jaitley Stadium", "shortName": "Arun Jaitley Stadium", "city": "Delhi", "country": "India"}, "matchDate": "2015-05-01T16:00:00+0530", "matchEndDate": "2015-05-01T23:00:00+0530", "matchDateMs": 1430476200000, "matchEndDateMs": 1430501400000, "isLimitedOvers": true, "battingOrder": [1, 0], "matchBroadcast": false, "matchState": "C", "matchStatus": {"outcome": "A", "text": "Delhi Capitals won by 9 wickets"}, "description": "Match 31", "matchSummary": "", "matchType": "IPLT20", "tournamentLabel": "IPL 2015", "oversLimit": 20, "groupName": ""}, "matchId": {"id": 3256, "name": "ipl2015-31", "tournamentId": {"id": 2785, "name": "ipl2015", "provisional": false}}, "currentState": {"inProgress": false, "phase": "C", "currentInningsIndex": 1, "currentBatsmen": [158, 163], "facingBatsman": 163, "nonFacingBatsman": 158, "currentBowler": 1113, "currentBowlerCurrentSpell": {"playerId": 1113, "ov": "0.5", "r": 7, "w": 0, "d": 2, "maid": 0, "e": "8.40", "wd": 1, "nb": 0}, "previousBowler": 1745, "previousBowlerCurrentSpell": {"playerId": 1745, "ov": "1", "r": 11, "w": 1, "d": 2, "maid": 0, "e": "11.00", "wd": 0, "nb": 0}, "currentPartnership": 13, "partnership": {"runs": 13, "balls": 8, "runRate": "9.75"}, "recentOvers": [{"ovNo": 9, "ovBalls": ["1", "1", "1", "1Wd", "4", ".", "1Lb"]}, {"ovNo": 10, "ovBalls": ["1", "1", "1", "1", "1", "6"]}, {"ovNo": 11, "ovBalls": ["1", "4", "4", "1", "1Wd", ".", "1Nb", "1"]}, {"ovNo": 12, "ovBalls": ["1", "2", "4", "1", "4", "1"]}, {"ovNo": 13, "ovBalls": ["4", "1", "W", "2", ".", "4"]}, {"ovNo": 14, "ovBalls": [".", ".", "1", "1", "4", "1Wd"]}]}, "innings": [{"inningsNumber": 1, "runRate": "5.90", "overProgress": "20", "declared": false, "scorecard": {"runs": 118, "wkts": 8, "allOut": false, "battingStats": [{"playerId": 45, "r": 1, "b": 2, "sr": "50.00", "4s": 0, "6s": 0, "mod": {"dismissedBp": {"innings": 1, "over": 1, "ball": 2}, "countingBp": {"innings": 1, "over": 1, "ball": 2}, "text": "c Angelo Mathews b Zaheer Khan", "bowlerId": 165, "additionalPlayerIds": [217], "dismissedMethod": "ct", "isOut": true}}, {"playerId": 1085, "r": 1, "b": 7, "sr": "14.28", "4s": 0, "6s": 0, "mod": {"dismissedBp": {"innings": 1, "over": 3, "ball": 6}, "countingBp": {"innings": 1, "over": 3, "ball": 6}, "text": "c Kedar Jadhav b Zaheer Khan", "bowlerId": 165, "additionalPlayerIds": [297], "dismissedMethod": "ct", "isOut": true}}, {"playerId": 191, "r": 5, "b": 4, "sr": "125.00", "4s": 1, "6s": 0, "mod": {"dismissedBp": {"innings": 1, "over": 2, "ball": 1}, "countingBp": {"innings": 1, "over": 2, "ball": 1}, "text": "lbw JP Duminy", "bowlerId": 182, "dismissedMethod": "lbw", "isOut": true}}, {"playerId": 16, "r": 3, "b": 8, "sr": "37.50", "4s": 0, "6s": 0, "mod": {"dismissedBp": {"innings": 1, "over": 4, "ball": 3}, "countingBp": {"innings": 1, "over": 4, "ball": 3}, "text": "c Kedar Jadhav b Nathan Coulter-Nile", "bowlerId": 840, "additionalPlayerIds": [297], "dismissedMethod": "ct", "isOut": true}}, {"playerId": 187, "r": 42, "b": 41, "sr": "102.43", "4s": 4, "6s": 1, "mod": {"dismissedBp": {"innings": 1, "over": 19, "ball": 4}, "countingBp": {"innings": 1, "over": 19, "ball": 4}, "text": "c Saurabh Tiwary b Nathan Coulter-Nile", "bowlerId": 840, "additionalPlayerIds": [163], "dismissedMethod": "ct", "isOut": true}}, {"playerId": 19, "r": 18, "b": 16, "sr": "112.50", "4s": 3, "6s": 0, "mod": {"dismissedBp": {"innings": 1, "over": 8, "ball": 6}, "countingBp": {"innings": 1, "over": 8, "ball": 6}, "text": "lbw Amit Mishra", "bowlerId": 30, "dismissedMethod": "lbw", "isOut": true}}, {"playerId": 215, "r": 3, "b": 7, "sr": "42.85", "4s": 0, "6s": 0, "mod": {"dismissedBp": {"innings": 1, "over": 10, "ball": 5}, "countingBp": {"innings": 1, "over": 10, "ball": 5}, "text": "c Saurabh Tiwary b Nathan Coulter-Nile", "bowlerId": 840, "additionalPlayerIds": [163], "dismissedMethod": "ct", "isOut": true}}, {"playerId": 1113, "r": 22, "b": 26, "sr": "84.61", "4s": 0, "6s": 1, "mod": {"dismissedBp": {"innings": 1, "over": 19, "ball": 1}, "countingBp": {"innings": 1, "over": 19, "ball": 1}, "text": "c Mayank Agarwal b Nathan Coulter-Nile", "bowlerId": 840, "additionalPlayerIds": [158], "dismissedMethod": "ct", "isOut": true}}, {"playerId": 1745, "r": 7, "b": 6, "sr": "116.66", "4s": 1, "6s": 0}, {"playerId": 412, "r": 8, "b": 3, "sr": "266.66", "4s": 0, "6s": 1}], "bowlingStats": [{"playerId": 165, "ov": "4", "r": 17, "w": 2, "d": 13, "maid": 0, "e": "4.25", "wd": 0, "nb": 0}, {"playerId": 182, "ov": "4", "r": 15, "w": 1, "d": 10, "maid": 0, "e": "3.75", "wd": 0, "nb": 0}, {"playerId": 840, "ov": "4", "r": 20, "w": 4, "d": 14, "maid": 0, "e": "5.00", "wd": 1, "nb": 0}, {"playerId": 30, "ov": "2", "r": 10, "w": 1, "d": 5, "maid": 0, "e": "5.00", "wd": 0, "nb": 0}, {"playerId": 217, "ov": "3", "r": 19, "w": 0, "d": 6, "maid": 0, "e": "6.33", "wd": 1, "nb": 0}, {"playerId": 898, "ov": "3", "r": 36, "w": 0, "d": 5, "maid": 0, "e": "12.00", "wd": 1, "nb": 0}], "fow": [{"bp": {"innings": 1, "over": 1, "ball": 2}, "playerId": 45, "ret": false, "w": 1, "r": 1}, {"bp": {"innings": 1, "over": 2, "ball": 1}, "playerId": 191, "ret": false, "w": 2, "r": 6}, {"bp": {"innings": 1, "over": 3, "ball": 6}, "playerId": 1085, "ret": false, "w": 3, "r": 10}, {"bp": {"innings": 1, "over": 4, "ball": 3}, "playerId": 16, "ret": false, "w": 4, "r": 10}, {"bp": {"innings": 1, "over": 8, "ball": 6}, "playerId": 19, "ret": false, "w": 5, "r": 37}, {"bp": {"innings": 1, "over": 10, "ball": 5}, "playerId": 215, "ret": false, "w": 6, "r": 45}, {"bp": {"innings": 1, "over": 19, "ball": 1}, "playerId": 1113, "ret": false, "w": 7, "r": 102}, {"bp": {"innings": 1, "over": 19, "ball": 4}, "playerId": 187, "ret": false, "w": 8, "r": 104}], "extras": {"noBallRuns": 0, "wideRuns": 7, "byeRuns": 0, "legByeRuns": 1, "penaltyRuns": 0}, "declared": false}, "overHistory": [{"ovNo": 1, "ovBalls": ["1", "W", "4", ".", "1", "."]}, {"ovNo": 2, "ovBalls": ["W", "1", ".", "1", "1", "."]}, {"ovNo": 3, "ovBalls": [".", ".", "1", ".", ".", "W"]}, {"ovNo": 4, "ovBalls": [".", ".", "W", ".", "1", "."]}, {"ovNo": 5, "ovBalls": ["4", ".", ".", "1", ".", "."]}, {"ovNo": 6, "ovBalls": [".", "4", ".", "1", "1Wd", "1Lb", "4"]}, {"ovNo": 7, "ovBalls": [".", "1", "1", ".", "1", "1"]}, {"ovNo": 8, "ovBalls": ["1", "4", ".", "1", ".", "W"]}, {"ovNo": 9, "ovBalls": ["1", ".", "1", "2", "1", "1"]}, {"ovNo": 10, "ovBalls": [".", ".", "1", "1", "W", "1"]}, {"ovNo": 11, "ovBalls": ["1", ".", ".", "1", ".", "."]}, {"ovNo": 12, "ovBalls": ["1", "1", "1", ".", ".", "1"]}, {"ovNo": 13, "ovBalls": ["1Wd", ".", ".", "1", ".", "1", "1"]}, {"ovNo": 14, "ovBalls": ["1", ".", ".", "1", ".", "6"]}, {"ovNo": 15, "ovBalls": ["4", "1", "1", "4", ".", "."]}, {"ovNo": 16, "ovBalls": ["1", "6", "4", ".", "1", "5Wd", "1"]}, {"ovNo": 17, "ovBalls": ["1", ".", "1", "1", "1", "1"]}, {"ovNo": 18, "ovBalls": ["1", "1", ".", "1", "1", "1"]}, {"ovNo": 19, "ovBalls": ["W", "1", "1", "W", ".", "4"]}, {"ovNo": 20, "ovBalls": ["1", ".", "1", "1", "1", "6"]}]}, {"inningsNumber": 2, "runRate": "8.60", "overProgress": "13.5", "declared": false, "scorecard": {"runs": 119, "wkts": 1, "allOut": false, "battingStats": [{"playerId": 158, "r": 52, "b": 40, "sr": "130.00", "4s": 6, "6s": 1}, {"playerId": 1563, "r": 54, "b": 40, "sr": "135.00", "4s": 4, "6s": 3, "mod": {"dismissedBp": {"innings": 2, "over": 13, "ball": 3}, "countingBp": {"innings": 2, "over": 13, "ball": 3}, "text": "c Axar Patel b Shardul Thakur", "bowlerId": 1745, "additionalPlayerIds": [1113], "dismissedMethod": "ct", "isOut": true}}, {"playerId": 163, "r": 5, "b": 4, "sr": "125.00", "4s": 1, "6s": 0}], "bowlingStats": [{"playerId": 1112, "ov": "3", "r": 10, "w": 0, "d": 13, "maid": 0, "e": "3.33", "wd": 0, "nb": 0}, {"playerId": 1745, "ov": "3", "r": 38, "w": 1, "d": 6, "maid": 0, "e": "12.66", "wd": 2, "nb": 0}, {"playerId": 412, "ov": "3", "r": 24, "w": 0, "d": 6, "maid": 0, "e": "8.00", "wd": 2, "nb": 1}, {"playerId": 215, "ov": "2", "r": 22, "w": 0, "d": 0, "maid": 0, "e": "11.00", "wd": 0, "nb": 0}, {"playerId": 1113, "ov": "2.5", "r": 23, "w": 0, "d": 3, "maid": 0, "e": "8.11", "wd": 1, "nb": 0}], "fow": [{"bp": {"innings": 2, "over": 13, "ball": 3}, "playerId": 1563, "ret": false, "w": 1, "r": 106}], "extras": {"noBallRuns": 1, "wideRuns": 5, "byeRuns": 0, "legByeRuns": 2, "penaltyRuns": 0}, "declared": false}, "overHistory": [{"ovNo": 1, "ovBalls": [".", ".", ".", "1", ".", "1"]}, {"ovNo": 2, "ovBalls": [".", ".", "6", "6", "1Wd", "4", "2"]}, {"ovNo": 3, "ovBalls": [".", "1", ".", ".", ".", "1Lb"]}, {"ovNo": 4, "ovBalls": [".", ".", ".", "1", "1Wd", ".", "1"]}, {"ovNo": 5, "ovBalls": [".", "6", "1", ".", ".", "."]}, {"ovNo": 6, "ovBalls": ["4", "1", ".", "1", "1", "1"]}, {"ovNo": 7, "ovBalls": ["1", "1", "1", "4", "1", "1"]}, {"ovNo": 8, "ovBalls": ["1", "1", "1", "1", "1", "."]}, {"ovNo": 9, "ovBalls": ["1", "1", "1", "1Wd", "4", ".", "1Lb"]}, {"ovNo": 10, "ovBalls": ["1", "1", "1", "1", "1", "6"]}, {"ovNo": 11, "ovBalls": ["1", "4", "4", "1", "1Wd", ".", "1Nb", "1"]}, {"ovNo": 12, "ovBalls": ["1", "2", "4", "1", "4", "1"]}, {"ovNo": 13, "ovBalls": ["4", "1", "W", "2", ".", "4"]}, {"ovNo": 14, "ovBalls": [".", ".", "1", "1", "4", "1Wd"]}]}]}