{"matchInfo": {"additionalInfo": {"sixes.video.thumb": "https://iplplatform-static-files.s3.amazonaws.com/IPL/photo/2018/05/18/3941fbdd-1ba3-421d-bfc2-aa185a6a1097/gyFjfMHq.jpg", "sixes.video.id": "139911", "match.video.thumb": "https://iplplatform-static-files.s3.amazonaws.com/IPL/photo/2018/05/18/51685aa8-b60c-450e-9f95-01198a370f25/highddcsk.jpg", "mom.video.thumb": "https://iplplatform-static-files.s3.amazonaws.com/IPL/photo/2018/05/18/62fe0f08-c2d1-470a-bb78-857b858a1b5a/FkbzCZfj.jpg", "mom.video.id": "139903", "referee.name": "Manu Nayar", "report.thumb": "https://iplplatform-static-files.s3.amazonaws.com/IPL/photo/2018/05/18/c864989d-ec6e-471b-a7ac-5ae15a88cccf/9S6A3128.JPG", "match.summary": "", "umpire.name.1": "Kumar Dharmasena", "umpire.name.2": "Vineet Kulkarni", "umpire.name.3": "O Nandan", "interview.thumb": "https://iplplatform-static-files.s3.amazonaws.com/IPL/photo/2018/05/18/4d825257-6763-41d6-ae16-634a3b12e0b4/harsh.jpg", "umpire.name.4": "K Srinath", "result.playerofthematch": "Harshal Patel", "report.link": "https://www.iplt20.com/news/139900", "toss.elected": "Chennai Super Kings, who chose to field", "notes.1.1": "Powerplay 1 - 39 runs, 1 wicket", "notes.1.2": "DD: 50 runs in 7.4 overs", "notes.2.1": "Powerplay 1 - 44 runs, 0 wickets", "notes.1.3": "2nd Wicket: 50 runs in 34 balls (Shreyas Iyer 16, Rishabh Pant 34)", "notes.2.2": "CSK: 50 runs in 7.6 overs", "notes.1.4": "DDs: 100 runs in 14.6 overs", "notes.2.3": "Ambati Rayudu: 50 off 28 balls (4 x fours, 4 x sixes)", "notes.1.5": "6th Wicket: 50 runs in 29 balls (Vijay Shankar 26, Harshal Patel 24)", "notes.2.4": "Chennai Super Kings: 100 runs in 15.1 overs", "notes.1.6": "DD: 150 runs in 19.4 overs", "notes.1.7": "Innings Break: DD - 162/5 in 20 overs", "highlights.link": "https://www.iplt20.com/video/139921", "match.video.id": "139921", "stats.link": "https://www.iplt20.com/news/139932", "toss.winner": "Chennai Super Kings", "interview.link": "https://www.iplt20.com/video/139946", "stats.thumb": "https://iplplatform-static-files.s3.amazonaws.com/IPL/photo/2018/05/18/00d3240a-e626-46ba-963f-aeb5209d8e1e/DM1L6967.JPG"}, "teams": [{"id": 9875, "team": {"id": 3, "fullName": "Delhi Capitals", "shortName": "Delhi", "abbreviation": "DC", "type": "m", "primaryColor": "004C93", "secondaryColor": "F83430"}, "players": [{"id": 3764, "fullName": "Prithvi Shaw", "shortName": "P Shaw", "nationality": "Indian", "dateOfBirth": "1999-11-09", "rightArmedBowl": true, "rightHandedBat": true, "bowlingStyle": "OFF_SPIN"}, {"id": 1563, "fullName": "Shreyas Iyer", "shortName": "S Iyer", "nationality": "Indian", "dateOfBirth": "1994-12-06", "rightArmedBowl": true, "rightHandedBat": true, "bowlingStyle": "LEG_SPIN"}, {"id": 2972, "fullName": "Rishabh Pant", "shortName": "R Pant", "nationality": "Indian", "dateOfBirth": "1997-10-04", "rightArmedBowl": false, "rightHandedBat": false}, {"id": 282, "fullName": "Glenn Maxwell", "shortName": "G Maxwell", "nationality": "Australian", "dateOfBirth": "1988-10-14", "rightArmedBowl": true, "rightHandedBat": true, "bowlingStyle": "OFF_SPIN"}, {"id": 1083, "fullName": "Vijay Shankar", "shortName": "V Shankar", "nationality": "Indian", "dateOfBirth": "1991-01-26", "rightArmedBowl": true, "rightHandedBat": true, "bowlingStyle": "MEDIUM_SEAM"}, {"id": 3760, "fullName": "Abhishek Sharma", "shortName": "A Sharma", "nationality": "Indian", "dateOfBirth": "2000-09-04", "rightArmedBowl": false, "rightHandedBat": false, "bowlingStyle": "ORTHODOX"}, {"id": 157, "fullName": "Harshal Patel", "shortName": "H Patel", "nationality": "Indian", "dateOfBirth": "1990-11-23", "rightArmedBowl": true, "rightHandedBat": true, "bowlingStyle": "MEDIUM_SEAM"}, {"id": 30, "fullName": "Amit Mishra", "shortName": "A Mishra", "nationality": "Indian", "dateOfBirth": "1982-11-24", "rightArmedBowl": true, "rightHandedBat": true, "bowlingStyle": "LEG_SPIN"}, {"id": 3013, "fullName": "Sandeep Lamichhane", "shortName": "S Lamichhane", "nationality": "Nepalese", "dateOfBirth": "2000-08-14", "rightArmedBowl": true, "rightHandedBat": true, "bowlingStyle": "LEG_SPIN"}, {"id": 969, "fullName": "Trent Boult", "shortName": "T Boult", "nationality": "New Zealander", "dateOfBirth": "1989-07-22", "rightArmedBowl": false, "rightHandedBat": true, "bowlingStyle": "FAST_SEAM"}, {"id": 1561, "fullName": "Avesh Khan", "shortName": "A Khan", "nationality": "Indian", "dateOfBirth": "1996-12-13", "rightArmedBowl": true, "rightHandedBat": true, "bowlingStyle": "FAST_SEAM"}], "wicketKeeper": {"id": 2972, "fullName": "Rishabh Pant", "shortName": "R Pant", "nationality": "Indian", "dateOfBirth": "1997-10-04", "rightArmedBowl": false, "rightHandedBat": false}, "captain": {"id": 1563, "fullName": "Shreyas Iyer", "shortName": "S Iyer", "nationality": "Indian", "dateOfBirth": "1994-12-06", "rightArmedBowl": true, "rightHandedBat": true, "bowlingStyle": "LEG_SPIN"}}, {"id": 9874, "team": {"id": 1, "fullName": "Chennai Super Kings", "shortName": "Super Kings", "abbreviation": "CSK", "type": "m", "primaryColor": "FDB913", "secondaryColor": "0081E5"}, "players": [{"id": 227, "fullName": "Shane Watson", "shortName": "S Watson", "nationality": "Australian", "dateOfBirth": "1981-06-17", "rightArmedBowl": true, "rightHandedBat": true, "bowlingStyle": "MEDIUM_SEAM"}, {"id": 100, "fullName": "Ambati Rayudu", "shortName": "A Rayudu", "nationality": "Indian", "dateOfBirth": "1985-09-23", "rightArmedBowl": true, "rightHandedBat": true, "bowlingStyle": "OFF_SPIN"}, {"id": 14, "fullName": "Suresh Raina", "shortName": "S Raina", "nationality": "Indian", "dateOfBirth": "1986-11-27", "rightArmedBowl": true, "rightHandedBat": false, "bowlingStyle": "OFF_SPIN"}, {"id": 1, "fullName": "MS Dhoni", "shortName": "MS Dhoni", "nationality": "Indian", "dateOfBirth": "1981-07-07", "rightArmedBowl": true, "rightHandedBat": true, "bowlingStyle": "MEDIUM_SEAM"}, {"id": 2756, "fullName": "Sam Billings", "shortName": "S Billings", "nationality": "English", "dateOfBirth": "1991-06-15", "rightArmedBowl": true, "rightHandedBat": true}, {"id": 9, "fullName": "Ravindra Jadeja", "shortName": "R Jadeja", "nationality": "Indian", "dateOfBirth": "1988-12-06", "rightArmedBowl": false, "rightHandedBat": false, "bowlingStyle": "ORTHODOX"}, {"id": 25, "fullName": "Dwayne Bravo", "shortName": "DJ Bravo", "nationality": "West Indian", "dateOfBirth": "1983-10-07", "rightArmedBowl": true, "rightHandedBat": true, "bowlingStyle": "MEDIUM_SEAM"}, {"id": 103, "fullName": "Harbhajan Singh", "shortName": "H Singh", "nationality": "Indian", "dateOfBirth": "1980-07-03", "rightArmedBowl": true, "rightHandedBat": true, "bowlingStyle": "OFF_SPIN"}, {"id": 140, "fullName": "Deepak Chahar", "shortName": "D Chahar", "nationality": "Indian", "dateOfBirth": "1992-08-07", "rightArmedBowl": true, "rightHandedBat": true, "bowlingStyle": "MEDIUM_SEAM"}, {"id": 1745, "fullName": "Shardul Thakur", "shortName": "S Thakur", "nationality": "Indian", "dateOfBirth": "1991-10-16", "rightArmedBowl": true, "rightHandedBat": true, "bowlingStyle": "MEDIUM_SEAM"}, {"id": 3746, "fullName": "Lungi Ngidi", "shortName": "L Ngidi", "nationality": "South African", "dateOfBirth": "1996-03-29", "rightArmedBowl": true, "rightHandedBat": true, "bowlingStyle": "FAST_SEAM"}], "wicketKeeper": {"id": 1, "fullName": "MS Dhoni", "shortName": "MS Dhoni", "nationality": "Indian", "dateOfBirth": "1981-07-07", "rightArmedBowl": true, "rightHandedBat": true, "bowlingStyle": "MEDIUM_SEAM"}, "captain": {"id": 1, "fullName": "MS Dhoni", "shortName": "MS Dhoni", "nationality": "Indian", "dateOfBirth": "1981-07-07", "rightArmedBowl": true, "rightHandedBat": true, "bowlingStyle": "MEDIUM_SEAM"}}], "venue": {"id": 8, "fullName": "Arun Jaitley Stadium", "shortName": "Arun Jaitley Stadium", "city": "Delhi", "country": "India"}, "matchDate": "2018-05-18T20:00:00+0530", "matchEndDate": "2018-05-18T23:00:00+0530", "matchDateMs": 1526653800000, "matchEndDateMs": 1526664600000, "isLimitedOvers": true, "battingOrder": [0, 1], "matchBroadcast": false, "matchState": "C", "matchStatus": {"outcome": "A", "text": "Delhi Capitals won by 34 runs"}, "description": "Match 52", "matchSummary": "", "matchType": "IPLT20", "tournamentLabel": "IPL 2018", "oversLimit": 20, "groupName": ""}, "matchId": {"id": 7945, "name": "ipl2018-52", "tournamentId": {"id": 7749, "name": "ipl2018", "provisional": false}}, "currentState": {"inProgress": false, "phase": "C", "currentInningsIndex": 1, "currentBatsmen": [9, 140], "facingBatsman": 9, "nonFacingBatsman": 140, "currentBowler": -1, "previousBowler": 157, "previousBowlerCurrentSpell": {"playerId": 157, "ov": "2", "r": 13, "w": 0, "d": 5, "maid": 0, "e": "6.50", "wd": 0, "nb": 0}, "currentPartnership": 3, "partnership": {"runs": 3, "balls": 4, "runRate": "4.50"}, "recentOvers": [{"ovNo": 15, "ovBalls": [".", "1", "W", "1", ".", "."]}, {"ovNo": 16, "ovBalls": ["6", "2", "1", "1", "1", "."]}, {"ovNo": 17, "ovBalls": [".", "1", ".", ".", "1", "1"]}, {"ovNo": 18, "ovBalls": ["1", ".", ".", "3", "1", "W"]}, {"ovNo": 19, "ovBalls": ["6", "2", "1", "1", ".", "1Lb"]}, {"ovNo": 20, "ovBalls": ["1", "W", "1", ".", "1", "1"]}]}, "innings": [{"inningsNumber": 1, "runRate": "8.10", "overProgress": "20", "declared": false, "scorecard": {"runs": 162, "wkts": 5, "allOut": false, "battingStats": [{"playerId": 3764, "r": 17, "b": 17, "sr": "100.00", "4s": 1, "6s": 1, "mod": {"dismissedBp": {"innings": 1, "over": 5, "ball": 1}, "countingBp": {"innings": 1, "over": 5, "ball": 1}, "text": "c Shardul Thakur b Deepak Chahar", "bowlerId": 140, "additionalPlayerIds": [1745], "dismissedMethod": "ct", "isOut": true}}, {"playerId": 1563, "r": 19, "b": 22, "sr": "86.36", "4s": 3, "6s": 0, "mod": {"dismissedBp": {"innings": 1, "over": 11, "ball": 3}, "countingBp": {"innings": 1, "over": 11, "ball": 3}, "text": "b Lungi Ngidi", "bowlerId": 3746, "dismissedMethod": "b", "isOut": true}}, {"playerId": 2972, "r": 38, "b": 26, "sr": "146.15", "4s": 3, "6s": 2, "mod": {"dismissedBp": {"innings": 1, "over": 11, "ball": 6}, "countingBp": {"innings": 1, "over": 11, "ball": 6}, "text": "c Dwayne Bravo b Lungi Ngidi", "bowlerId": 3746, "additionalPlayerIds": [25], "dismissedMethod": "ct", "isOut": true}}, {"playerId": 282, "r": 5, "b": 7, "sr": "71.42", "4s": 0, "6s": 0, "mod": {"dismissedBp": {"innings": 1, "over": 14, "ball": 5}, "countingBp": {"innings": 1, "over": 14, "ball": 5}, "text": "b Ravindra Jadeja", "bowlerId": 9, "dismissedMethod": "b", "isOut": true}}, {"playerId": 1083, "r": 36, "b": 28, "sr": "128.57", "4s": 2, "6s": 2}, {"playerId": 3760, "r": 2, "b": 4, "sr": "50.00", "4s": 0, "6s": 0, "mod": {"dismissedBp": {"innings": 1, "over": 15, "ball": 4}, "countingBp": {"innings": 1, "over": 15, "ball": 4}, "text": "c Harbhajan Singh b Shardul Thakur", "bowlerId": 1745, "additionalPlayerIds": [103], "dismissedMethod": "ct", "isOut": true}}, {"playerId": 157, "r": 36, "b": 16, "sr": "225.00", "4s": 1, "6s": 4}], "bowlingStats": [{"playerId": 140, "ov": "3", "r": 23, "w": 1, "d": 11, "maid": 0, "e": "7.66", "wd": 2, "nb": 0}, {"playerId": 3746, "ov": "3", "r": 14, "w": 2, "d": 10, "maid": 0, "e": "4.66", "wd": 2, "nb": 0}, {"playerId": 9, "ov": "4", "r": 19, "w": 1, "d": 10, "maid": 0, "e": "4.75", "wd": 0, "nb": 0}, {"playerId": 1745, "ov": "4", "r": 27, "w": 1, "d": 10, "maid": 0, "e": "6.75", "wd": 0, "nb": 0}, {"playerId": 103, "ov": "2", "r": 24, "w": 0, "d": 4, "maid": 0, "e": "12.00", "wd": 0, "nb": 0}, {"playerId": 25, "ov": "4", "r": 52, "w": 0, "d": 4, "maid": 0, "e": "13.00", "wd": 2, "nb": 0}], "fow": [{"bp": {"innings": 1, "over": 5, "ball": 1}, "playerId": 3764, "ret": false, "w": 1, "r": 24}, {"bp": {"innings": 1, "over": 11, "ball": 3}, "playerId": 1563, "ret": false, "w": 2, "r": 78}, {"bp": {"innings": 1, "over": 11, "ball": 6}, "playerId": 2972, "ret": false, "w": 3, "r": 81}, {"bp": {"innings": 1, "over": 14, "ball": 5}, "playerId": 282, "ret": false, "w": 4, "r": 94}, {"bp": {"innings": 1, "over": 15, "ball": 4}, "playerId": 3760, "ret": false, "w": 5, "r": 97}], "extras": {"noBallRuns": 0, "wideRuns": 6, "byeRuns": 0, "legByeRuns": 3, "penaltyRuns": 0}, "declared": false}, "overHistory": [{"ovNo": 1, "ovBalls": ["1Wd", ".", ".", ".", ".", "4", "."]}, {"ovNo": 2, "ovBalls": ["2Lb", "1", ".", "1", ".", "."]}, {"ovNo": 3, "ovBalls": [".", "1Wd", ".", "6", "1", ".", "1"]}, {"ovNo": 4, "ovBalls": ["1", "2", ".", "2", "1", "."]}, {"ovNo": 5, "ovBalls": ["W", "1", ".", "4", ".", "4"]}, {"ovNo": 6, "ovBalls": ["2", ".", ".", ".", "4", "."]}, {"ovNo": 7, "ovBalls": ["1", "1", "1", "1", "4", "."]}, {"ovNo": 8, "ovBalls": ["1", ".", "1", "4", "1", "."]}, {"ovNo": 9, "ovBalls": ["1Wd", ".", "2", ".", "1Lb", "1", "1"]}, {"ovNo": 10, "ovBalls": ["6", ".", "4", ".", "6", "1"]}, {"ovNo": 11, "ovBalls": ["1", ".", "W", "1", "2", "W"]}, {"ovNo": 12, "ovBalls": ["1", "1", "1", ".", ".", "."]}, {"ovNo": 13, "ovBalls": ["1Wd", "1", ".", "1", "1", "4", "1"]}, {"ovNo": 14, "ovBalls": [".", ".", "1", ".", "W", "1"]}, {"ovNo": 15, "ovBalls": ["1", "1", ".", "W", "1", "4"]}, {"ovNo": 16, "ovBalls": [".", "1", "1Wd", "1Wd", ".", "1", ".", "4"]}, {"ovNo": 17, "ovBalls": [".", ".", "1", "1", "6", "."]}, {"ovNo": 18, "ovBalls": ["6", "1", "1", "1", "2", "1"]}, {"ovNo": 19, "ovBalls": ["2", "1", "1", "1", ".", "1"]}, {"ovNo": 20, "ovBalls": ["6", "1", "6", "1", "6", "6"]}]}, {"inningsNumber": 2, "runRate": "6.40", "overProgress": "20", "declared": false, "scorecard": {"runs": 128, "wkts": 6, "allOut": false, "battingStats": [{"playerId": 227, "r": 14, "b": 23, "sr": "60.86", "4s": 0, "6s": 1, "mod": {"dismissedBp": {"innings": 2, "over": 7, "ball": 5}, "countingBp": {"innings": 2, "over": 7, "ball": 5}, "text": "c Trent Boult b Amit Mishra", "bowlerId": 30, "additionalPlayerIds": [969], "dismissedMethod": "ct", "isOut": true}}, {"playerId": 100, "r": 50, "b": 29, "sr": "172.41", "4s": 4, "6s": 4, "mod": {"dismissedBp": {"innings": 2, "over": 10, "ball": 6}, "countingBp": {"innings": 2, "over": 10, "ball": 6}, "text": "c Glenn Maxwell b Harshal Patel", "bowlerId": 157, "additionalPlayerIds": [282], "dismissedMethod": "ct", "isOut": true}}, {"playerId": 14, "r": 15, "b": 18, "sr": "83.33", "4s": 1, "6s": 0, "mod": {"dismissedBp": {"innings": 2, "over": 14, "ball": 1}, "countingBp": {"innings": 2, "over": 14, "ball": 1}, "text": "c Vijay Shankar b Sandeep Lamichhane", "bowlerId": 3013, "additionalPlayerIds": [1083], "dismissedMethod": "ct", "isOut": true}}, {"playerId": 1, "r": 17, "b": 23, "sr": "73.91", "4s": 1, "6s": 0, "mod": {"dismissedBp": {"innings": 2, "over": 18, "ball": 6}, "countingBp": {"innings": 2, "over": 18, "ball": 6}, "text": "c Shreyas Iyer b Trent Boult", "bowlerId": 969, "additionalPlayerIds": [1563], "dismissedMethod": "ct", "isOut": true}}, {"playerId": 2756, "r": 1, "b": 5, "sr": "20.00", "4s": 0, "6s": 0, "mod": {"dismissedBp": {"innings": 2, "over": 15, "ball": 3}, "countingBp": {"innings": 2, "over": 15, "ball": 3}, "text": "c Abhishek Sharma b Amit Mishra", "bowlerId": 30, "additionalPlayerIds": [3760], "dismissedMethod": "ct", "isOut": true}}, {"playerId": 9, "r": 27, "b": 18, "sr": "150.00", "4s": 0, "6s": 2}, {"playerId": 25, "r": 1, "b": 2, "sr": "50.00", "4s": 0, "6s": 0, "mod": {"dismissedBp": {"innings": 2, "over": 20, "ball": 2}, "countingBp": {"innings": 2, "over": 20, "ball": 2}, "text": "c Vijay Shankar b Trent Boult", "bowlerId": 969, "additionalPlayerIds": [1083], "dismissedMethod": "ct", "isOut": true}}, {"playerId": 140, "r": 1, "b": 2, "sr": "50.00", "4s": 0, "6s": 0}], "bowlingStats": [{"playerId": 969, "ov": "4", "r": 20, "w": 2, "d": 12, "maid": 0, "e": "5.00", "wd": 0, "nb": 0}, {"playerId": 3013, "ov": "4", "r": 21, "w": 1, "d": 10, "maid": 0, "e": "5.25", "wd": 0, "nb": 0}, {"playerId": 1561, "ov": "2", "r": 28, "w": 0, "d": 5, "maid": 0, "e": "14.00", "wd": 0, "nb": 0}, {"playerId": 157, "ov": "4", "r": 23, "w": 1, "d": 10, "maid": 0, "e": "5.75", "wd": 0, "nb": 0}, {"playerId": 30, "ov": "4", "r": 20, "w": 2, "d": 12, "maid": 0, "e": "5.00", "wd": 0, "nb": 0}, {"playerId": 282, "ov": "2", "r": 14, "w": 0, "d": 4, "maid": 0, "e": "7.00", "wd": 0, "nb": 0}], "fow": [{"bp": {"innings": 2, "over": 7, "ball": 5}, "playerId": 227, "ret": false, "w": 1, "r": 46}, {"bp": {"innings": 2, "over": 10, "ball": 6}, "playerId": 100, "ret": false, "w": 2, "r": 70}, {"bp": {"innings": 2, "over": 14, "ball": 1}, "playerId": 14, "ret": false, "w": 3, "r": 90}, {"bp": {"innings": 2, "over": 15, "ball": 3}, "playerId": 2756, "ret": false, "w": 4, "r": 93}, {"bp": {"innings": 2, "over": 18, "ball": 6}, "playerId": 1, "ret": false, "w": 5, "r": 113}, {"bp": {"innings": 2, "over": 20, "ball": 2}, "playerId": 25, "ret": false, "w": 6, "r": 125}], "extras": {"noBallRuns": 0, "wideRuns": 0, "byeRuns": 0, "legByeRuns": 2, "penaltyRuns": 0}, "declared": false}, "overHistory": [{"ovNo": 1, "ovBalls": [".", ".", ".", ".", "2", "1"]}, {"ovNo": 2, "ovBalls": [".", "2", ".", ".", ".", "."]}, {"ovNo": 3, "ovBalls": [".", "1", "6", ".", "1Lb", "1"]}, {"ovNo": 4, "ovBalls": [".", ".", "1", "1", "4", "."]}, {"ovNo": 5, "ovBalls": [".", ".", "1", ".", "1", "."]}, {"ovNo": 6, "ovBalls": ["6", ".", "4", ".", "6", "6"]}, {"ovNo": 7, "ovBalls": [".", "1", ".", "1", "W", "."]}, {"ovNo": 8, "ovBalls": ["1", ".", "1", "1", ".", "1"]}, {"ovNo": 9, "ovBalls": ["1", ".", ".", "4", "6", "1"]}, {"ovNo": 10, "ovBalls": ["4", "1", "1", "1", "1", "W"]}, {"ovNo": 11, "ovBalls": ["1", "1", "1", "1", "1", "1"]}, {"ovNo": 12, "ovBalls": ["4", "1", "4", "1", ".", "."]}, {"ovNo": 13, "ovBalls": ["1", "1", ".", "1", "1", "."]}, {"ovNo": 14, "ovBalls": ["W", "1", "1", ".", ".", "."]}, {"ovNo": 15, "ovBalls": [".", "1", "W", "1", ".", "."]}, {"ovNo": 16, "ovBalls": ["6", "2", "1", "1", "1", "."]}, {"ovNo": 17, "ovBalls": [".", "1", ".", ".", "1", "1"]}, {"ovNo": 18, "ovBalls": ["1", ".", ".", "3", "1", "W"]}, {"ovNo": 19, "ovBalls": ["6", "2", "1", "1", ".", "1Lb"]}, {"ovNo": 20, "ovBalls": ["1", "W", "1", ".", "1", "1"]}]}]}