{"matchInfo": {"additionalInfo": {"referee.name": "Prakash Bhatt", "report.link": "https://www.iplt20.com/news/166634", "toss.elected": "Chennai Super Kings, who chose to field", "match.summary": "", "umpire.name.1": "Rod Tucker", "umpire.name.2": "C Shamshuddin", "toss.winner": "Chennai Super Kings", "umpire.name.3": "Ulhas Gandhe", "umpire.name.4": "K Srinath", "result.playerofthematch": "Deepak Chahar", "highlights.link": "https://www.iplt20.com/video/166719"}, "teams": [{"id": 11646, "team": {"id": 1, "fullName": "Chennai Super Kings", "shortName": "Super Kings", "abbreviation": "CSK", "type": "m", "primaryColor": "FDB913", "secondaryColor": "0081E5"}, "players": [{"id": 227, "fullName": "Shane Watson", "shortName": "S Watson", "nationality": "Australian", "dateOfBirth": "1981-06-17", "rightArmedBowl": true, "rightHandedBat": true, "bowlingStyle": "MEDIUM_SEAM"}, {"id": 24, "fullName": "Faf du Plessis", "shortName": "F du Plessis", "nationality": "South African", "dateOfBirth": "1984-07-13", "rightArmedBowl": true, "rightHandedBat": true, "bowlingStyle": "LEG_SPIN"}, {"id": 14, "fullName": "Suresh Raina", "shortName": "S Raina", "nationality": "Indian", "dateOfBirth": "1986-11-27", "rightArmedBowl": true, "rightHandedBat": false, "bowlingStyle": "OFF_SPIN"}, {"id": 100, "fullName": "Ambati Rayudu", "shortName": "A Rayudu", "nationality": "Indian", "dateOfBirth": "1985-09-23", "rightArmedBowl": true, "rightHandedBat": true, "bowlingStyle": "OFF_SPIN"}, {"id": 1, "fullName": "MS Dhoni", "shortName": "MS Dhoni", "nationality": "Indian", "dateOfBirth": "1981-07-07", "rightArmedBowl": true, "rightHandedBat": true, "bowlingStyle": "MEDIUM_SEAM"}, {"id": 297, "fullName": "Kedar Jadhav", "shortName": "K Jadhav", "nationality": "Indian", "dateOfBirth": "1985-03-26", "rightArmedBowl": true, "rightHandedBat": true, "bowlingStyle": "OFF_SPIN"}, {"id": 9, "fullName": "Ravindra Jadeja", "shortName": "R Jadeja", "nationality": "Indian", "dateOfBirth": "1988-12-06", "rightArmedBowl": false, "rightHandedBat": false, "bowlingStyle": "ORTHODOX"}, {"id": 1859, "fullName": "Scott Kuggeleijn", "shortName": "S Kuggeleijn", "nationality": "New Zealander", "dateOfBirth": "1992-01-03", "rightArmedBowl": true, "rightHandedBat": true, "bowlingStyle": "FAST_SEAM"}, {"id": 103, "fullName": "Harbhajan Singh", "shortName": "H Singh", "nationality": "Indian", "dateOfBirth": "1980-07-03", "rightArmedBowl": true, "rightHandedBat": true, "bowlingStyle": "OFF_SPIN"}, {"id": 140, "fullName": "Deepak Chahar", "shortName": "D Chahar", "nationality": "Indian", "dateOfBirth": "1992-08-07", "rightArmedBowl": true, "rightHandedBat": true, "bowlingStyle": "MEDIUM_SEAM"}, {"id": 898, "fullName": "Imran Tahir", "shortName": "I Tahir", "nationality": "South African", "dateOfBirth": "1979-03-27", "rightArmedBowl": true, "rightHandedBat": true, "bowlingStyle": "LEG_SPIN"}], "wicketKeeper": {"id": 1, "fullName": "MS Dhoni", "shortName": "MS Dhoni", "nationality": "Indian", "dateOfBirth": "1981-07-07", "rightArmedBowl": true, "rightHandedBat": true, "bowlingStyle": "MEDIUM_SEAM"}, "captain": {"id": 1, "fullName": "MS Dhoni", "shortName": "MS Dhoni", "nationality": "Indian", "dateOfBirth": "1981-07-07", "rightArmedBowl": true, "rightHandedBat": true, "bowlingStyle": "MEDIUM_SEAM"}}, {"id": 11647, "team": {"id": 5, "fullName": "Kolkata Knight Riders", "shortName": "Knight Riders", "abbreviation": "KKR", "type": "m", "primaryColor": "6F2C91", "secondaryColor": "FFFFFF"}, "players": [{"id": 179, "fullName": "Chris Lynn", "shortName": "C Lynn", "nationality": "Australian", "dateOfBirth": "1990-04-10", "rightArmedBowl": false, "rightHandedBat": true}, {"id": 203, "fullName": "Sunil Narine", "shortName": "S Narine", "nationality": "West Indian", "dateOfBirth": "1988-05-26", "rightArmedBowl": true, "rightHandedBat": false, "bowlingStyle": "OFF_SPIN"}, {"id": 127, "fullName": "Robin Uthappa", "shortName": "R Uthappa", "nationality": "Indian", "dateOfBirth": "1985-11-11", "rightArmedBowl": true, "rightHandedBat": true}, {"id": 3761, "fullName": "Shubman Gill", "shortName": "S Gill", "nationality": "Indian", "dateOfBirth": "1999-09-08", "rightArmedBowl": true, "rightHandedBat": true, "bowlingStyle": "OFF_SPIN"}, {"id": 2738, "fullName": "Nitish Rana", "shortName": "N Rana", "nationality": "Indian", "dateOfBirth": "1993-12-27", "rightArmedBowl": true, "rightHandedBat": false, "bowlingStyle": "OFF_SPIN"}, {"id": 102, "fullName": "Dinesh Karthik", "shortName": "D Karthik", "nationality": "Indian", "dateOfBirth": "1985-06-01", "rightArmedBowl": true, "rightHandedBat": true, "bowlingStyle": "OFF_SPIN"}, {"id": 177, "fullName": "Andre Russell", "shortName": "A Russell", "nationality": "West Indian", "dateOfBirth": "1988-04-29", "rightArmedBowl": true, "rightHandedBat": true, "bowlingStyle": "FAST_SEAM"}, {"id": 76, "fullName": "Piyush Chawla", "shortName": "P Chawla", "nationality": "Indian", "dateOfBirth": "1988-12-24", "rightArmedBowl": true, "rightHandedBat": false, "bowlingStyle": "LEG_SPIN"}, {"id": 261, "fullName": "Kuldeep Yadav", "shortName": "K Yadav", "nationality": "Indian", "dateOfBirth": "1994-12-14", "rightArmedBowl": false, "rightHandedBat": false, "bowlingStyle": "UNORTHODOX"}, {"id": 5105, "fullName": "Prasidh Krishna", "shortName": "P Krishna", "nationality": "Indian", "dateOfBirth": "1996-02-19", "rightArmedBowl": true, "rightHandedBat": true, "bowlingStyle": "MEDIUM_SEAM"}, {"id": 1737, "fullName": "Harry Gurney", "shortName": "H Gurney", "nationality": "English", "dateOfBirth": "1986-10-25", "rightArmedBowl": false, "rightHandedBat": true}], "wicketKeeper": {"id": 102, "fullName": "Dinesh Karthik", "shortName": "D Karthik", "nationality": "Indian", "dateOfBirth": "1985-06-01", "rightArmedBowl": true, "rightHandedBat": true, "bowlingStyle": "OFF_SPIN"}, "captain": {"id": 102, "fullName": "Dinesh Karthik", "shortName": "D Karthik", "nationality": "Indian", "dateOfBirth": "1985-06-01", "rightArmedBowl": true, "rightHandedBat": true, "bowlingStyle": "OFF_SPIN"}}], "venue": {"id": 1, "fullName": "M. A. Chidambaram Stadium", "shortName": "Chidambaram", "city": "Chennai", "country": "India"}, "matchDate": "2019-04-09T20:00:00+0530", "matchEndDate": "2019-04-09T23:00:00+0530", "matchDateMs": 1554820200000, "matchEndDateMs": 1554831000000, "isLimitedOvers": true, "battingOrder": [1, 0], "matchBroadcast": false, "matchState": "C", "matchStatus": {"outcome": "A", "text": "Chennai Super Kings won by 7 wickets"}, "description": "Match 23", "matchSummary": "", "matchType": "IPLT20", "tournamentLabel": "IPL 2019", "oversLimit": 20, "groupName": ""}, "matchId": {"id": 11314, "name": "ipl2019-23", "tournamentId": {"id": 10192, "name": "ipl2019", "provisional": false}}, "currentState": {"inProgress": false, "phase": "C", "currentInningsIndex": 1, "currentBatsmen": [24, 297], "facingBatsman": 24, "nonFacingBatsman": 297, "currentBowler": 203, "currentBowlerCurrentSpell": {"playerId": 203, "ov": "0.2", "r": 6, "w": 0, "d": 1, "maid": 0, "e": "18.00", "wd": 1, "nb": 0}, "previousBowler": 1737, "previousBowlerCurrentSpell": {"playerId": 1737, "ov": "1", "r": 12, "w": 0, "d": 2, "maid": 0, "e": "12.00", "wd": 0, "nb": 1}, "currentPartnership": 30, "partnership": {"runs": 30, "balls": 16, "runRate": "11.25"}, "recentOvers": [{"ovNo": 13, "ovBalls": ["1", "1", "1", "1", ".", "1"]}, {"ovNo": 14, "ovBalls": [".", "2", "1", ".", "1", "."]}, {"ovNo": 15, "ovBalls": ["2", "1", "1", "W", "4", "."]}, {"ovNo": 16, "ovBalls": ["1", "1", "2", "2", ".", "2"]}, {"ovNo": 17, "ovBalls": [".", ".", "2Nb", "4", "4", "1", "1"]}, {"ovNo": 18, "ovBalls": ["1", ".", "5Wd"]}]}, "innings": [{"inningsNumber": 1, "runRate": "5.40", "overProgress": "20", "declared": false, "scorecard": {"runs": 108, "wkts": 9, "allOut": false, "battingStats": [{"playerId": 179, "r": 0, "b": 5, "sr": "0.00", "4s": 0, "6s": 0, "mod": {"dismissedBp": {"innings": 1, "over": 1, "ball": 6}, "countingBp": {"innings": 1, "over": 1, "ball": 6}, "text": "lbw Deepak Chahar", "bowlerId": 140, "dismissedMethod": "lbw", "isOut": true}}, {"playerId": 203, "r": 6, "b": 5, "sr": "120.00", "4s": 0, "6s": 0, "mod": {"dismissedBp": {"innings": 1, "over": 2, "ball": 5}, "countingBp": {"innings": 1, "over": 2, "ball": 5}, "text": "c Deepak Chahar b Harbhajan Singh", "bowlerId": 103, "additionalPlayerIds": [140], "dismissedMethod": "ct", "isOut": true}}, {"playerId": 127, "r": 11, "b": 9, "sr": "122.22", "4s": 2, "6s": 0, "mod": {"dismissedBp": {"innings": 1, "over": 5, "ball": 4}, "countingBp": {"innings": 1, "over": 5, "ball": 4}, "text": "c Kedar Jadhav b Deepak Chahar", "bowlerId": 140, "additionalPlayerIds": [297], "dismissedMethod": "ct", "isOut": true}}, {"playerId": 2738, "r": 0, "b": 3, "sr": "0.00", "4s": 0, "6s": 0, "mod": {"dismissedBp": {"innings": 1, "over": 3, "ball": 4}, "countingBp": {"innings": 1, "over": 3, "ball": 3}, "text": "c Ambati Rayudu b Deepak Chahar", "bowlerId": 140, "additionalPlayerIds": [100], "dismissedMethod": "ct", "isOut": true}}, {"playerId": 102, "r": 19, "b": 21, "sr": "90.47", "4s": 3, "6s": 0, "mod": {"dismissedBp": {"innings": 1, "over": 9, "ball": 4}, "countingBp": {"innings": 1, "over": 9, "ball": 4}, "text": "c Harbhajan Singh b Imran Tahir", "bowlerId": 898, "additionalPlayerIds": [103], "dismissedMethod": "ct", "isOut": true}}, {"playerId": 3761, "r": 9, "b": 12, "sr": "75.00", "4s": 0, "6s": 0, "mod": {"dismissedBp": {"innings": 1, "over": 11, "ball": 1}, "countingBp": {"innings": 1, "over": 11, "ball": 1}, "text": "st MS Dhoni b Imran Tahir", "bowlerId": 898, "additionalPlayerIds": [1], "dismissedMethod": "st", "isOut": true}}, {"playerId": 177, "r": 50, "b": 44, "sr": "113.63", "4s": 5, "6s": 3}, {"playerId": 76, "r": 8, "b": 13, "sr": "61.53", "4s": 0, "6s": 1, "mod": {"dismissedBp": {"innings": 1, "over": 16, "ball": 3}, "countingBp": {"innings": 1, "over": 16, "ball": 3}, "text": "st MS Dhoni b Harbhajan Singh", "bowlerId": 103, "additionalPlayerIds": [1], "dismissedMethod": "st", "isOut": true}}, {"playerId": 261, "r": 0, "b": 1, "sr": "0.00", "4s": 0, "6s": 0, "mod": {"dismissedBp": {"innings": 1, "over": 16, "ball": 4}, "countingBp": {"innings": 1, "over": 16, "ball": 4}, "text": "run out (Ambati Rayudu/Harbhajan Singh)", "bowlerId": 103, "additionalPlayerIds": [100, 103], "dismissedMethod": "ro", "isOut": true}}, {"playerId": 5105, "r": 0, "b": 2, "sr": "0.00", "4s": 0, "6s": 0, "mod": {"dismissedBp": {"innings": 1, "over": 17, "ball": 4}, "countingBp": {"innings": 1, "over": 17, "ball": 3}, "text": "c Harbhajan Singh b Ravindra Jadeja", "bowlerId": 9, "additionalPlayerIds": [103], "dismissedMethod": "ct", "isOut": true}}, {"playerId": 1737, "r": 1, "b": 5, "sr": "20.00", "4s": 0, "6s": 0}], "bowlingStats": [{"playerId": 140, "ov": "4", "r": 20, "w": 3, "d": 20, "maid": 0, "e": "5.00", "wd": 1, "nb": 0}, {"playerId": 103, "ov": "4", "r": 15, "w": 2, "d": 15, "maid": 0, "e": "3.75", "wd": 0, "nb": 0}, {"playerId": 9, "ov": "4", "r": 17, "w": 1, "d": 15, "maid": 0, "e": "4.25", "wd": 1, "nb": 0}, {"playerId": 1859, "ov": "4", "r": 34, "w": 0, "d": 10, "maid": 0, "e": "8.50", "wd": 1, "nb": 0}, {"playerId": 898, "ov": "4", "r": 21, "w": 2, "d": 15, "maid": 0, "e": "5.25", "wd": 0, "nb": 0}], "fow": [{"bp": {"innings": 1, "over": 1, "ball": 6}, "playerId": 179, "ret": false, "w": 1, "r": 6}, {"bp": {"innings": 1, "over": 2, "ball": 5}, "playerId": 203, "ret": false, "w": 2, "r": 8}, {"bp": {"innings": 1, "over": 3, "ball": 3}, "playerId": 2738, "ret": false, "w": 3, "r": 9}, {"bp": {"innings": 1, "over": 5, "ball": 4}, "playerId": 127, "ret": false, "w": 4, "r": 24}, {"bp": {"innings": 1, "over": 9, "ball": 4}, "playerId": 102, "ret": false, "w": 5, "r": 44}, {"bp": {"innings": 1, "over": 11, "ball": 1}, "playerId": 3761, "ret": false, "w": 6, "r": 47}, {"bp": {"innings": 1, "over": 16, "ball": 3}, "playerId": 76, "ret": false, "w": 7, "r": 76}, {"bp": {"innings": 1, "over": 16, "ball": 4}, "playerId": 261, "ret": false, "w": 8, "r": 76}, {"bp": {"innings": 1, "over": 17, "ball": 3}, "playerId": 5105, "ret": false, "w": 9, "r": 79}], "extras": {"noBallRuns": 0, "wideRuns": 3, "byeRuns": 0, "legByeRuns": 1, "penaltyRuns": 0}, "declared": false}, "overHistory": [{"ovNo": 1, "ovBalls": [".", ".", ".", "1Lb", "5", "W"]}, {"ovNo": 2, "ovBalls": [".", "1", "1", ".", "W", "."]}, {"ovNo": 3, "ovBalls": [".", ".", "1Wd", "W", ".", ".", "."]}, {"ovNo": 4, "ovBalls": ["1", ".", "4", "1", ".", "1"]}, {"ovNo": 5, "ovBalls": ["4", "4", ".", "W", ".", "."]}, {"ovNo": 6, "ovBalls": ["1", ".", "4", ".", ".", "."]}, {"ovNo": 7, "ovBalls": [".", ".", "1", "2", ".", "1"]}, {"ovNo": 8, "ovBalls": [".", "1", ".", ".", "2", "1"]}, {"ovNo": 9, "ovBalls": ["1", "2", "4", "W", ".", "."]}, {"ovNo": 10, "ovBalls": ["2", "1", ".", ".", ".", "."]}, {"ovNo": 11, "ovBalls": ["W", ".", ".", "1", "1", "."]}, {"ovNo": 12, "ovBalls": [".", "6", "1", ".", ".", "."]}, {"ovNo": 13, "ovBalls": [".", ".", "1", ".", "6", "."]}, {"ovNo": 14, "ovBalls": [".", ".", "1", "1", "4", "1"]}, {"ovNo": 15, "ovBalls": [".", ".", "4", ".", ".", "1"]}, {"ovNo": 16, "ovBalls": ["1", ".", "W", "W", ".", "1"]}, {"ovNo": 17, "ovBalls": ["1Wd", "1", ".", "W", ".", ".", "."]}, {"ovNo": 18, "ovBalls": ["4", "2", ".", "1Wd", ".", "1", "."]}, {"ovNo": 19, "ovBalls": [".", ".", "6", ".", ".", "."]}, {"ovNo": 20, "ovBalls": ["1", ".", "6", "4", ".", "4"]}]}, {"inningsNumber": 2, "runRate": "6.40", "overProgress": "17.2", "declared": false, "scorecard": {"runs": 111, "wkts": 3, "allOut": false, "battingStats": [{"playerId": 227, "r": 17, "b": 9, "sr": "188.88", "4s": 2, "6s": 1, "mod": {"dismissedBp": {"innings": 2, "over": 3, "ball": 2}, "countingBp": {"innings": 2, "over": 3, "ball": 2}, "text": "c Piyush Chawla b Sunil Narine", "bowlerId": 203, "additionalPlayerIds": [76], "dismissedMethod": "ct", "isOut": true}}, {"playerId": 24, "r": 43, "b": 45, "sr": "95.55", "4s": 3, "6s": 0}, {"playerId": 14, "r": 14, "b": 13, "sr": "107.69", "4s": 1, "6s": 1, "mod": {"dismissedBp": {"innings": 2, "over": 5, "ball": 7}, "countingBp": {"innings": 2, "over": 5, "ball": 6}, "text": "c Piyush Chawla b Sunil Narine", "bowlerId": 203, "additionalPlayerIds": [76], "dismissedMethod": "ct", "isOut": true}}, {"playerId": 100, "r": 21, "b": 31, "sr": "67.74", "4s": 2, "6s": 0, "mod": {"dismissedBp": {"innings": 2, "over": 15, "ball": 4}, "countingBp": {"innings": 2, "over": 15, "ball": 4}, "text": "c Nitish Rana b Piyush Chawla", "bowlerId": 76, "additionalPlayerIds": [2738], "dismissedMethod": "ct", "isOut": true}}, {"playerId": 297, "r": 8, "b": 8, "sr": "100.00", "4s": 1, "6s": 0}], "bowlingStats": [{"playerId": 76, "ov": "4", "r": 28, "w": 1, "d": 10, "maid": 0, "e": "7.00", "wd": 0, "nb": 0}, {"playerId": 5105, "ov": "4", "r": 23, "w": 0, "d": 12, "maid": 0, "e": "5.75", "wd": 0, "nb": 1}, {"playerId": 203, "ov": "3.2", "r": 24, "w": 2, "d": 10, "maid": 0, "e": "7.20", "wd": 2, "nb": 0}, {"playerId": 261, "ov": "4", "r": 16, "w": 0, "d": 12, "maid": 0, "e": "4.00", "wd": 0, "nb": 0}, {"playerId": 1737, "ov": "2", "r": 20, "w": 0, "d": 3, "maid": 0, "e": "10.00", "wd": 0, "nb": 1}], "fow": [{"bp": {"innings": 2, "over": 3, "ball": 2}, "playerId": 227, "ret": false, "w": 1, "r": 18}, {"bp": {"innings": 2, "over": 5, "ball": 6}, "playerId": 14, "ret": false, "w": 2, "r": 35}, {"bp": {"innings": 2, "over": 15, "ball": 4}, "playerId": 100, "ret": false, "w": 3, "r": 81}], "extras": {"noBallRuns": 2, "wideRuns": 6, "byeRuns": 0, "legByeRuns": 0, "penaltyRuns": 0}, "declared": false}, "overHistory": [{"ovNo": 1, "ovBalls": ["4", "2", ".", ".", "6", "."]}, {"ovNo": 2, "ovBalls": [".", ".", ".", "1", "1", "."]}, {"ovNo": 3, "ovBalls": ["4", "W", ".", "6", "1", "."]}, {"ovNo": 4, "ovBalls": ["2", ".", ".", "4", "1", "1"]}, {"ovNo": 5, "ovBalls": ["1", ".", ".", ".", ".", "1Wd", "W"]}, {"ovNo": 6, "ovBalls": [".", ".", ".", "1Nb", "4", ".", "."]}, {"ovNo": 7, "ovBalls": [".", "1", "1", "1", ".", "."]}, {"ovNo": 8, "ovBalls": ["2", ".", ".", ".", "1", "."]}, {"ovNo": 9, "ovBalls": ["1", "1", ".", ".", "1", "."]}, {"ovNo": 10, "ovBalls": ["1", ".", "1", "1", "4", "1"]}, {"ovNo": 11, "ovBalls": [".", ".", ".", "1", "4", "1"]}, {"ovNo": 12, "ovBalls": ["1", "1", "1", "1", "1", "."]}, {"ovNo": 13, "ovBalls": ["1", "1", "1", "1", ".", "1"]}, {"ovNo": 14, "ovBalls": [".", "2", "1", ".", "1", "."]}, {"ovNo": 15, "ovBalls": ["2", "1", "1", "W", "4", "."]}, {"ovNo": 16, "ovBalls": ["1", "1", "2", "2", ".", "2"]}, {"ovNo": 17, "ovBalls": [".", ".", "2Nb", "4", "4", "1", "1"]}, {"ovNo": 18, "ovBalls": ["1", ".", "5Wd"]}]}]}