{"matchInfo": {"additionalInfo": {"sixes.video.thumb": "https://iplplatform-static-files.s3.amazonaws.com/IPL/photo/2018/04/10/69145b1b-9f41-4337-96f6-a6af2467d591/eBNEDUAq.jpg", "sixes.video.id": "117478", "match.video.thumb": "https://iplplatform-static-files.s3.amazonaws.com/IPL/photo/2018/04/10/f2c10f94-3aa0-4fb3-87f9-9b4f748dfe09/GAZI_2262-1-.JPG", "mom.video.thumb": "https://iplplatform-static-files.s3.amazonaws.com/IPL/photo/2018/04/10/87fceaf2-c064-4094-87e8-e004869fe541/jamtdxGY.jpg", "mom.video.id": "117509", "referee.name": "Richie Richardson", "report.thumb": "https://iplplatform-static-files.s3.amazonaws.com/IPL/photo/2018/04/10/7e707e6d-99c5-489e-9fe1-bb939f97790a/RON_4756.JPG", "match.summary": "", "umpire.name.1": "Anil Chaudhary", "umpire.name.2": "Chris Gaffaney", "umpire.name.3": "A Nanda Kishore", "interview.thumb": "https://iplplatform-static-files.s3.amazonaws.com/IPL/photo/2018/04/10/7743294f-ea51-485e-afd1-494b844ce32a/JeNmHgXs.jpg", "umpire.name.4": "Ulhas Gandhe", "result.playerofthematch": "Sam Billings", "report.link": "https://www.iplt20.com/news/117493/match-report-m05-csk-vs-kkr", "toss.elected": "Chennai Super Kings, who chose to field", "notes.1.1": "Powerplay: 64 runs, 2 wickets", "notes.1.2": "Kolkata Knight Riders: 50 runs in 5.1 overs", "notes.2.1": "Powerplay: 75 runs, 1 wicket", "notes.1.3": "Kolkata Knight Riders: 100 runs in 11.3 overs", "notes.2.2": "Chennai Super Kings: 50 runs in 3.4 overs", "notes.1.4": "6th Wicket: 50 runs in 38 balls (Dinesh Karthik 14, Andre Russell 40)", "notes.2.3": "1st Wicket: 50 runs in 22 balls (Shane Watson 29, Ambati Rayudu 23)", "notes.1.5": "Kolkata Knight Riders: 150 runs in 16.4 overs", "notes.2.4": "Chennai Super Kings: 100 runs in 10.6 overs", "notes.1.6": "Andre Russell: 50 off 26 balls (1 x four, 6 x sixes)", "notes.2.5": "Chennai Super Kings: 150 runs in 15.5 overs", "notes.1.7": "Kolkata Knight Riders: 200 runs in 19.6 overs", "notes.2.6": "4th Wicket: 50 runs in 27 balls (MS Dhoni 18, Sam Billings 29)", "notes.1.8": "Innings Break: Kolkata Knight Riders - 202/6 in 20 overs", "notes.2.7": "Sam Billings: 50 off 21 balls (2 x fours, 4 x sixes)", "highlights.link": "https://www.iplt20.com/video/117529/m05-csk-vs-kkr-match-highlights?tagNames=indian-premier-league", "notes.2.8": "Chennai Super Kings: 200 runs in 19.5 overs", "match.video.id": "117529", "stats.link": "https://www.iplt20.com/news/117525/quick-stats-m05-csk-vs-kkr", "toss.winner": "Chennai Super Kings", "interview.link": "https://www.iplt20.com/video/117543/-ms-dhoni-allows-people-to-play-the-way-they-want-to-billings-?tagNames=indian-premier-league", "stats.thumb": "https://iplplatform-static-files.s3.amazonaws.com/IPL/photo/2018/04/10/cee1be36-be0f-4630-a2d7-283e16942d76/GAZI_1689.JPG"}, "teams": [{"id": 9579, "team": {"id": 1, "fullName": "Chennai Super Kings", "shortName": "Super Kings", "abbreviation": "CSK", "type": "m", "primaryColor": "FDB913", "secondaryColor": "0081E5"}, "players": [{"id": 227, "fullName": "Shane Watson", "shortName": "S Watson", "nationality": "Australian", "dateOfBirth": "1981-06-17", "rightArmedBowl": true, "rightHandedBat": true, "bowlingStyle": "MEDIUM_SEAM"}, {"id": 100, "fullName": "Ambati Rayudu", "shortName": "A Rayudu", "nationality": "Indian", "dateOfBirth": "1985-09-23", "rightArmedBowl": true, "rightHandedBat": true, "bowlingStyle": "OFF_SPIN"}, {"id": 14, "fullName": "Suresh Raina", "shortName": "S Raina", "nationality": "Indian", "dateOfBirth": "1986-11-27", "rightArmedBowl": true, "rightHandedBat": false, "bowlingStyle": "OFF_SPIN"}, {"id": 2756, "fullName": "Sam Billings", "shortName": "S Billings", "nationality": "English", "dateOfBirth": "1991-06-15", "rightArmedBowl": true, "rightHandedBat": true}, {"id": 1, "fullName": "MS Dhoni", "shortName": "MS Dhoni", "nationality": "Indian", "dateOfBirth": "1981-07-07", "rightArmedBowl": true, "rightHandedBat": true, "bowlingStyle": "MEDIUM_SEAM"}, {"id": 9, "fullName": "Ravindra Jadeja", "shortName": "R Jadeja", "nationality": "Indian", "dateOfBirth": "1988-12-06", "rightArmedBowl": false, "rightHandedBat": false, "bowlingStyle": "ORTHODOX"}, {"id": 25, "fullName": "Dwayne Bravo", "shortName": "DJ Bravo", "nationality": "West Indian", "dateOfBirth": "1983-10-07", "rightArmedBowl": true, "rightHandedBat": true, "bowlingStyle": "MEDIUM_SEAM"}, {"id": 140, "fullName": "Deepak Chahar", "shortName": "D Chahar", "nationality": "Indian", "dateOfBirth": "1992-08-07", "rightArmedBowl": true, "rightHandedBat": true, "bowlingStyle": "MEDIUM_SEAM"}, {"id": 103, "fullName": "Harbhajan Singh", "shortName": "H Singh", "nationality": "Indian", "dateOfBirth": "1980-07-03", "rightArmedBowl": true, "rightHandedBat": true, "bowlingStyle": "OFF_SPIN"}, {"id": 1745, "fullName": "Shardul Thakur", "shortName": "S Thakur", "nationality": "Indian", "dateOfBirth": "1991-10-16", "rightArmedBowl": true, "rightHandedBat": true, "bowlingStyle": "MEDIUM_SEAM"}, {"id": 898, "fullName": "Imran Tahir", "shortName": "I Tahir", "nationality": "South African", "dateOfBirth": "1979-03-27", "rightArmedBowl": true, "rightHandedBat": true, "bowlingStyle": "LEG_SPIN"}], "wicketKeeper": {"id": 1, "fullName": "MS Dhoni", "shortName": "MS Dhoni", "nationality": "Indian", "dateOfBirth": "1981-07-07", "rightArmedBowl": true, "rightHandedBat": true, "bowlingStyle": "MEDIUM_SEAM"}, "captain": {"id": 1, "fullName": "MS Dhoni", "shortName": "MS Dhoni", "nationality": "Indian", "dateOfBirth": "1981-07-07", "rightArmedBowl": true, "rightHandedBat": true, "bowlingStyle": "MEDIUM_SEAM"}}, {"id": 9578, "team": {"id": 5, "fullName": "Kolkata Knight Riders", "shortName": "Knight Riders", "abbreviation": "KKR", "type": "m", "primaryColor": "6F2C91", "secondaryColor": "FFFFFF"}, "players": [{"id": 203, "fullName": "Sunil Narine", "shortName": "S Narine", "nationality": "West Indian", "dateOfBirth": "1988-05-26", "rightArmedBowl": true, "rightHandedBat": false, "bowlingStyle": "OFF_SPIN"}, {"id": 179, "fullName": "Chris Lynn", "shortName": "C Lynn", "nationality": "Australian", "dateOfBirth": "1990-04-10", "rightArmedBowl": false, "rightHandedBat": true}, {"id": 127, "fullName": "Robin Uthappa", "shortName": "R Uthappa", "nationality": "Indian", "dateOfBirth": "1985-11-11", "rightArmedBowl": true, "rightHandedBat": true}, {"id": 2738, "fullName": "Nitish Rana", "shortName": "N Rana", "nationality": "Indian", "dateOfBirth": "1993-12-27", "rightArmedBowl": true, "rightHandedBat": false, "bowlingStyle": "OFF_SPIN"}, {"id": 102, "fullName": "Dinesh Karthik", "shortName": "D Karthik", "nationality": "Indian", "dateOfBirth": "1985-06-01", "rightArmedBowl": true, "rightHandedBat": true, "bowlingStyle": "OFF_SPIN"}, {"id": 3830, "fullName": "Rinku Singh", "shortName": "R Singh", "nationality": "Indian", "dateOfBirth": "1997-10-12", "rightArmedBowl": true, "rightHandedBat": true, "bowlingStyle": "LEG_SPIN"}, {"id": 177, "fullName": "Andre Russell", "shortName": "A Russell", "nationality": "West Indian", "dateOfBirth": "1988-04-29", "rightArmedBowl": true, "rightHandedBat": true, "bowlingStyle": "FAST_SEAM"}, {"id": 166, "fullName": "Vinay Kumar", "shortName": "V Kumar", "nationality": "Indian", "dateOfBirth": "1984-02-12", "rightArmedBowl": true, "rightHandedBat": true}, {"id": 76, "fullName": "Piyush Chawla", "shortName": "P Chawla", "nationality": "Indian", "dateOfBirth": "1988-12-24", "rightArmedBowl": true, "rightHandedBat": false, "bowlingStyle": "LEG_SPIN"}, {"id": 3646, "fullName": "Tom Curran", "shortName": "T Curran", "nationality": "English", "dateOfBirth": "1995-03-12", "rightArmedBowl": true, "rightHandedBat": true, "bowlingStyle": "FAST_SEAM"}, {"id": 261, "fullName": "Kuldeep Yadav", "shortName": "K Yadav", "nationality": "Indian", "dateOfBirth": "1994-12-14", "rightArmedBowl": false, "rightHandedBat": false, "bowlingStyle": "UNORTHODOX"}], "wicketKeeper": {"id": 102, "fullName": "Dinesh Karthik", "shortName": "D Karthik", "nationality": "Indian", "dateOfBirth": "1985-06-01", "rightArmedBowl": true, "rightHandedBat": true, "bowlingStyle": "OFF_SPIN"}, "captain": {"id": 102, "fullName": "Dinesh Karthik", "shortName": "D Karthik", "nationality": "Indian", "dateOfBirth": "1985-06-01", "rightArmedBowl": true, "rightHandedBat": true, "bowlingStyle": "OFF_SPIN"}}], "venue": {"id": 1, "fullName": "M. A. Chidambaram Stadium", "shortName": "Chidambaram", "city": "Chennai", "country": "India"}, "matchDate": "2018-04-10T20:00:00+0530", "matchEndDate": "2018-04-10T23:00:00+0530", "matchDateMs": 1523370600000, "matchEndDateMs": 1523381400000, "isLimitedOvers": true, "battingOrder": [1, 0], "matchBroadcast": false, "matchState": "C", "matchStatus": {"outcome": "A", "text": "Chennai Super Kings won by 5 wickets"}, "description": "Match 5", "matchSummary": "", "matchType": "IPLT20", "tournamentLabel": "IPL 2018", "oversLimit": 20, "groupName": ""}, "matchId": {"id": 7898, "name": "ipl2018-05", "tournamentId": {"id": 7749, "name": "ipl2018", "provisional": false}}, "currentState": {"inProgress": false, "phase": "C", "currentInningsIndex": 1, "currentBatsmen": [9, 25], "facingBatsman": 9, "nonFacingBatsman": 25, "currentBowler": 166, "currentBowlerCurrentSpell": {"playerId": 166, "ov": "0.5", "r": 19, "w": 0, "d": 0, "maid": 0, "e": "22.80", "wd": 1, "nb": 1}, "previousBowler": 3646, "previousBowlerCurrentSpell": {"playerId": 3646, "ov": "1", "r": 10, "w": 1, "d": 1, "maid": 0, "e": "10.00", "wd": 0, "nb": 0}, "currentPartnership": 21, "partnership": {"runs": 21, "balls": 7, "runRate": "18.00"}, "recentOvers": [{"ovNo": 15, "ovBalls": ["1", "2", "6", "1", "1", "6"]}, {"ovNo": 16, "ovBalls": ["1", "2", "1", ".", "1Lb", "2"]}, {"ovNo": 17, "ovBalls": ["1", "1", "1Wd", "W", "1", "4", "1"]}, {"ovNo": 18, "ovBalls": ["1", "1", "6", "6", "1", "."]}, {"ovNo": 19, "ovBalls": ["1", "1", "6", "W", "1", "1"]}, {"ovNo": 20, "ovBalls": ["7Nb", "2", "1", "1Wd", "1", "1", "6"]}]}, "innings": [{"inningsNumber": 1, "runRate": "10.10", "overProgress": "20", "declared": false, "scorecard": {"runs": 202, "wkts": 6, "allOut": false, "battingStats": [{"playerId": 179, "r": 22, "b": 16, "sr": "137.50", "4s": 4, "6s": 0, "mod": {"dismissedBp": {"innings": 1, "over": 6, "ball": 2}, "countingBp": {"innings": 1, "over": 6, "ball": 2}, "text": "b Ravindra Jadeja", "bowlerId": 9, "dismissedMethod": "b", "isOut": true}}, {"playerId": 203, "r": 12, "b": 4, "sr": "300.00", "4s": 0, "6s": 2, "mod": {"dismissedBp": {"innings": 1, "over": 2, "ball": 3}, "countingBp": {"innings": 1, "over": 2, "ball": 3}, "text": "c Suresh Raina b Harbhajan Singh", "bowlerId": 103, "additionalPlayerIds": [14], "dismissedMethod": "ct", "isOut": true}}, {"playerId": 127, "r": 29, "b": 16, "sr": "181.25", "4s": 2, "6s": 3, "mod": {"dismissedBp": {"innings": 1, "over": 9, "ball": 3}, "countingBp": {"innings": 1, "over": 9, "ball": 2}, "text": "run out (Suresh Raina)", "bowlerId": 227, "additionalPlayerIds": [14], "dismissedMethod": "ro", "isOut": true}}, {"playerId": 2738, "r": 16, "b": 14, "sr": "114.28", "4s": 2, "6s": 0, "mod": {"dismissedBp": {"innings": 1, "over": 9, "ball": 1}, "countingBp": {"innings": 1, "over": 9, "ball": 1}, "text": "c MS Dhoni b Shane Watson", "bowlerId": 227, "additionalPlayerIds": [1], "dismissedMethod": "ct", "isOut": true}}, {"playerId": 102, "r": 26, "b": 25, "sr": "104.00", "4s": 2, "6s": 1, "mod": {"dismissedBp": {"innings": 1, "over": 18, "ball": 5}, "countingBp": {"innings": 1, "over": 18, "ball": 4}, "text": "lbw Shane Watson", "bowlerId": 227, "dismissedMethod": "lbw", "isOut": true}}, {"playerId": 3830, "r": 2, "b": 4, "sr": "50.00", "4s": 0, "6s": 0, "mod": {"dismissedBp": {"innings": 1, "over": 10, "ball": 6}, "countingBp": {"innings": 1, "over": 10, "ball": 6}, "text": "c Dwayne Bravo b Shardul Thakur", "bowlerId": 1745, "additionalPlayerIds": [25], "dismissedMethod": "ct", "isOut": true}}, {"playerId": 177, "r": 88, "b": 36, "sr": "244.44", "4s": 1, "6s": 11}, {"playerId": 3646, "r": 2, "b": 5, "sr": "40.00", "4s": 0, "6s": 0}], "bowlingStats": [{"playerId": 140, "ov": "1", "r": 18, "w": 0, "d": 2, "maid": 0, "e": "18.00", "wd": 1, "nb": 0}, {"playerId": 103, "ov": "2", "r": 11, "w": 1, "d": 5, "maid": 0, "e": "5.50", "wd": 0, "nb": 0}, {"playerId": 227, "ov": "4", "r": 39, "w": 2, "d": 7, "maid": 0, "e": "9.75", "wd": 2, "nb": 0}, {"playerId": 9, "ov": "2", "r": 19, "w": 1, "d": 6, "maid": 0, "e": "9.50", "wd": 0, "nb": 0}, {"playerId": 898, "ov": "4", "r": 26, "w": 0, "d": 11, "maid": 0, "e": "6.50", "wd": 0, "nb": 0}, {"playerId": 1745, "ov": "4", "r": 37, "w": 1, "d": 11, "maid": 0, "e": "9.25", "wd": 0, "nb": 0}, {"playerId": 25, "ov": "3", "r": 50, "w": 0, "d": 3, "maid": 0, "e": "16.66", "wd": 0, "nb": 0}], "fow": [{"bp": {"innings": 1, "over": 2, "ball": 3}, "playerId": 203, "ret": false, "w": 1, "r": 19}, {"bp": {"innings": 1, "over": 6, "ball": 2}, "playerId": 179, "ret": false, "w": 2, "r": 51}, {"bp": {"innings": 1, "over": 9, "ball": 1}, "playerId": 2738, "ret": false, "w": 3, "r": 80}, {"bp": {"innings": 1, "over": 9, "ball": 2}, "playerId": 127, "ret": false, "w": 4, "r": 81}, {"bp": {"innings": 1, "over": 10, "ball": 6}, "playerId": 3830, "ret": false, "w": 5, "r": 89}, {"bp": {"innings": 1, "over": 18, "ball": 4}, "playerId": 102, "ret": false, "w": 6, "r": 165}], "extras": {"noBallRuns": 0, "wideRuns": 3, "byeRuns": 1, "legByeRuns": 1, "penaltyRuns": 0}, "declared": false}, "overHistory": [{"ovNo": 1, "ovBalls": [".", "4", "1", "1Wd", ".", "6", "6"]}, {"ovNo": 2, "ovBalls": [".", "1", "W", "1", ".", "."]}, {"ovNo": 3, "ovBalls": ["4", "1", "4", ".", "4", "."]}, {"ovNo": 4, "ovBalls": ["1", ".", "1", ".", ".", "."]}, {"ovNo": 5, "ovBalls": [".", ".", "1", "4", "1", "6"]}, {"ovNo": 6, "ovBalls": ["4", "W", ".", "1", "6", "6"]}, {"ovNo": 7, "ovBalls": ["1", "1", ".", "2", "4", "1"]}, {"ovNo": 8, "ovBalls": [".", ".", ".", "4", "2", "1"]}, {"ovNo": 9, "ovBalls": ["W", "1Wd", "W", ".", "4", "1", "1"]}, {"ovNo": 10, "ovBalls": ["1", ".", ".", "1", ".", "W"]}, {"ovNo": 11, "ovBalls": ["4", ".", ".", ".", "2", "."]}, {"ovNo": 12, "ovBalls": ["1", "1", "4", "1", "1", "1"]}, {"ovNo": 13, "ovBalls": [".", ".", "2", "1Lb", "1", "."]}, {"ovNo": 14, "ovBalls": ["1", ".", "1", "1", "6", "1"]}, {"ovNo": 15, "ovBalls": ["1", "1", "1", ".", "1", "1"]}, {"ovNo": 16, "ovBalls": ["1", "1", "6", "6", "1", "."]}, {"ovNo": 17, "ovBalls": [".", "6", ".", "6", "1", "6"]}, {"ovNo": 18, "ovBalls": ["6", "1", ".", "1Wd", "W", "1", "1"]}, {"ovNo": 19, "ovBalls": ["6", "6", "6", "1", "1", "1"]}, {"ovNo": 20, "ovBalls": ["6", "1", ".", ".", "1B", "6"]}]}, {"inningsNumber": 2, "runRate": "10.33", "overProgress": "19.5", "declared": false, "scorecard": {"runs": 205, "wkts": 5, "allOut": false, "battingStats": [{"playerId": 227, "r": 42, "b": 19, "sr": "221.05", "4s": 3, "6s": 3, "mod": {"dismissedBp": {"innings": 2, "over": 6, "ball": 5}, "countingBp": {"innings": 2, "over": 6, "ball": 5}, "text": "c Rinku Singh b Tom Curran", "bowlerId": 3646, "additionalPlayerIds": [3830], "dismissedMethod": "ct", "isOut": true}}, {"playerId": 100, "r": 39, "b": 26, "sr": "150.00", "4s": 3, "6s": 2, "mod": {"dismissedBp": {"innings": 2, "over": 9, "ball": 3}, "countingBp": {"innings": 2, "over": 9, "ball": 3}, "text": "c sub (Shivam Mavi) b Kuldeep Yadav", "bowlerId": 261, "dismissedMethod": "ct", "isOut": true}}, {"playerId": 14, "r": 14, "b": 12, "sr": "116.66", "4s": 0, "6s": 1, "mod": {"dismissedBp": {"innings": 2, "over": 12, "ball": 3}, "countingBp": {"innings": 2, "over": 12, "ball": 3}, "text": "c Vinay Kumar b Sunil Narine", "bowlerId": 203, "additionalPlayerIds": [166], "dismissedMethod": "ct", "isOut": true}}, {"playerId": 1, "r": 25, "b": 28, "sr": "89.28", "4s": 1, "6s": 1, "mod": {"dismissedBp": {"innings": 2, "over": 17, "ball": 4}, "countingBp": {"innings": 2, "over": 17, "ball": 3}, "text": "c Dinesh Karthik b Piyush Chawla", "bowlerId": 76, "additionalPlayerIds": [102], "dismissedMethod": "ct", "isOut": true}}, {"playerId": 2756, "r": 56, "b": 23, "sr": "243.47", "4s": 2, "6s": 5, "mod": {"dismissedBp": {"innings": 2, "over": 19, "ball": 4}, "countingBp": {"innings": 2, "over": 19, "ball": 4}, "text": "c Robin Uthappa b Tom Curran", "bowlerId": 3646, "additionalPlayerIds": [127], "dismissedMethod": "ct", "isOut": true}}, {"playerId": 9, "r": 11, "b": 7, "sr": "157.14", "4s": 0, "6s": 1}, {"playerId": 25, "r": 11, "b": 5, "sr": "220.00", "4s": 0, "6s": 1}], "bowlingStats": [{"playerId": 166, "ov": "1.5", "r": 35, "w": 0, "d": 2, "maid": 0, "e": "19.09", "wd": 1, "nb": 1}, {"playerId": 76, "ov": "4", "r": 49, "w": 1, "d": 5, "maid": 0, "e": "12.25", "wd": 1, "nb": 0}, {"playerId": 177, "ov": "4", "r": 35, "w": 0, "d": 7, "maid": 0, "e": "8.75", "wd": 0, "nb": 0}, {"playerId": 3646, "ov": "3", "r": 39, "w": 2, "d": 3, "maid": 0, "e": "13.00", "wd": 0, "nb": 0}, {"playerId": 203, "ov": "4", "r": 17, "w": 1, "d": 9, "maid": 0, "e": "4.25", "wd": 0, "nb": 0}, {"playerId": 261, "ov": "3", "r": 27, "w": 1, "d": 5, "maid": 0, "e": "9.00", "wd": 1, "nb": 0}], "fow": [{"bp": {"innings": 2, "over": 6, "ball": 5}, "playerId": 227, "ret": false, "w": 1, "r": 75}, {"bp": {"innings": 2, "over": 9, "ball": 3}, "playerId": 100, "ret": false, "w": 2, "r": 85}, {"bp": {"innings": 2, "over": 12, "ball": 3}, "playerId": 14, "ret": false, "w": 3, "r": 101}, {"bp": {"innings": 2, "over": 17, "ball": 3}, "playerId": 1, "ret": false, "w": 4, "r": 155}, {"bp": {"innings": 2, "over": 19, "ball": 4}, "playerId": 2756, "ret": false, "w": 5, "r": 184}], "extras": {"noBallRuns": 1, "wideRuns": 3, "byeRuns": 0, "legByeRuns": 3, "penaltyRuns": 0}, "declared": false}, "overHistory": [{"ovNo": 1, "ovBalls": [".", ".", "2", "4", "6", "4"]}, {"ovNo": 2, "ovBalls": ["1", "5", "1", ".", "6", "1"]}, {"ovNo": 3, "ovBalls": [".", "1", ".", "4", ".", "1"]}, {"ovNo": 4, "ovBalls": ["6", ".", "6", "4", "1", "."]}, {"ovNo": 5, "ovBalls": ["1", "1", "2", "4", "1", "1"]}, {"ovNo": 6, "ovBalls": ["4", "6", "1", "1", "W", "."]}, {"ovNo": 7, "ovBalls": ["1", "1", "2", ".", ".", "."]}, {"ovNo": 8, "ovBalls": ["1", "1", ".", "1", ".", "1"]}, {"ovNo": 9, "ovBalls": ["1", "1", "W", ".", ".", "1"]}, {"ovNo": 10, "ovBalls": [".", "1", "1", "1", "1", "."]}, {"ovNo": 11, "ovBalls": ["1", ".", "1", "1", "1", "6"]}, {"ovNo": 12, "ovBalls": [".", "1", "W", "1", ".", "1"]}, {"ovNo": 13, "ovBalls": [".", "1", "4", "2", "1", "1"]}, {"ovNo": 14, "ovBalls": ["1", "1", "4", "6", "1Wd", "1", "2Lb"]}, {"ovNo": 15, "ovBalls": ["1", "2", "6", "1", "1", "6"]}, {"ovNo": 16, "ovBalls": ["1", "2", "1", ".", "1Lb", "2"]}, {"ovNo": 17, "ovBalls": ["1", "1", "1Wd", "W", "1", "4", "1"]}, {"ovNo": 18, "ovBalls": ["1", "1", "6", "6", "1", "."]}, {"ovNo": 19, "ovBalls": ["1", "1", "6", "W", "1", "1"]}, {"ovNo": 20, "ovBalls": ["7Nb", "2", "1", "1Wd", "1", "1", "6"]}]}]}