{"matchInfo": {"additionalInfo": {"referee.name": "Ranjan Madugalle", "match.photo.id": "13497", "match.summary": "", "umpire.name.1": "Marais Erasmus", "umpire.name.2": "Vineet Kulkarni", "umpire.name.3": "Krishnaraj Srinath", "umpire.name.4": "Amardeep Pathania", "away.team.fan.total": "6419", "result.playerofthematch": "Gautam Gambhir", "report.link": "http://iplt20.com/news/2013/match-reports/3032/report-match-17-kkr-vs-srh", "toss.elected": "Kolkata Knight Riders, who chose to bat", "notes.1.1": "Powerplay: 48 runs, 0 wickets", "notes.1.2": "KKR: 50 runs in 6.4 overs", "notes.2.1": "Powerplay : 39 runs, 0 wicket", "notes.1.3": "1st Wicket: 50 runs in 40 balls (Manvinder Bisla 27, Gautam Gambhir 23)", "notes.2.2": "SRH: 50 runs in 7.1 overs ", "notes.1.4": "Gautam Gambhir: 50 off 39 balls (6 x fours, 1 x six)", "notes.2.3": "1st Wicket: 50 runs in 43 balls (Parthiv Patel 24, Cameron White 21)", "notes.1.5": "KKR: 100 runs in 13.2 overs", "notes.2.4": "SRH: 100 runs in 14.2 overs", "notes.1.6": "KKR: 150 runs in 17.4 overs", "notes.1.7": "3rd Wicket: 50 runs in 24 balls (Jacques Kallis 12, Eoin Morgan 36)", "notes.1.8": "Innings Break: KKR - 180/4 in 20 overs", "highlights.link": "http://iplt20.com/videos/media/id/a3679d75e3e44e5fae0792f4dbddfaf4/m17-kkr-vs-srh-match-highlights", "match.video.id": "3679d75e3e44e5fae0792f4dbddfaf4", "home.team.fan.total": "11086", "toss.winner": "Kolkata Knight Riders"}, "teams": [{"id": 1421, "team": {"id": 5, "fullName": "Kolkata Knight Riders", "shortName": "Knight Riders", "abbreviation": "KKR", "type": "m", "primaryColor": "6F2C91", "secondaryColor": "FFFFFF"}, "players": [{"id": 90, "fullName": "Manvinder Bisla", "shortName": "M Bisla", "nationality": "Indian", "dateOfBirth": "1984-12-27", "rightArmedBowl": false, "rightHandedBat": false}, {"id": 84, "fullName": "Gautam Gambhir", "shortName": "G Gambhir", "nationality": "Indian", "dateOfBirth": "1981-10-14", "rightArmedBowl": true, "rightHandedBat": false, "bowlingStyle": "LEG_SPIN"}, {"id": 198, "fullName": "Jacques Kallis", "shortName": "J Kallis", "nationality": "South African", "dateOfBirth": "1975-10-16", "rightArmedBowl": true, "rightHandedBat": true, "bowlingStyle": "FAST_SEAM"}, {"id": 96, "fullName": "Yusuf Pathan", "shortName": "Y Pathan", "nationality": "Indian", "dateOfBirth": "1982-11-17", "rightArmedBowl": false, "rightHandedBat": true}, {"id": 89, "fullName": "Manoj Tiwary", "shortName": "M Tiwary", "nationality": "Indian", "dateOfBirth": "1985-11-14", "rightArmedBowl": true, "rightHandedBat": true}, {"id": 197, "fullName": "Eoin Morgan", "shortName": "E Morgan", "nationality": "English", "dateOfBirth": "1986-09-10", "rightArmedBowl": true, "rightHandedBat": false, "bowlingStyle": "MEDIUM_SEAM"}, {"id": 92, "fullName": "Rajat Bhatia", "shortName": "R Bhatia", "nationality": "Indian", "dateOfBirth": "1979-10-22", "rightArmedBowl": true, "rightHandedBat": true}, {"id": 88, "fullName": "Laxmi Ratan Shukla", "shortName": "L Ratan Shukla", "nationality": "Indian", "dateOfBirth": "1981-05-06", "rightArmedBowl": false, "rightHandedBat": false}, {"id": 811, "fullName": "Sachithra Senanayake", "shortName": "S Senanayake", "nationality": "Sri Lankan", "dateOfBirth": "1985-02-09", "rightArmedBowl": false, "rightHandedBat": true}, {"id": 203, "fullName": "Sunil Narine", "shortName": "S Narine", "nationality": "West Indian", "dateOfBirth": "1988-05-26", "rightArmedBowl": true, "rightHandedBat": false, "bowlingStyle": "OFF_SPIN"}, {"id": 87, "fullName": "Lakshmipathy Balaji", "shortName": "L Balaji", "nationality": "Indian", "dateOfBirth": "1981-09-27", "rightArmedBowl": false, "rightHandedBat": false}], "wicketKeeper": {"id": 90, "fullName": "Manvinder Bisla", "shortName": "M Bisla", "nationality": "Indian", "dateOfBirth": "1984-12-27", "rightArmedBowl": false, "rightHandedBat": false}, "captain": {"id": 84, "fullName": "Gautam Gambhir", "shortName": "G Gambhir", "nationality": "Indian", "dateOfBirth": "1981-10-14", "rightArmedBowl": true, "rightHandedBat": false, "bowlingStyle": "LEG_SPIN"}}, {"id": 1422, "team": {"id": 62, "fullName": "Sunrisers Hyderabad", "shortName": "Sunrisers", "abbreviation": "SRH", "type": "m", "primaryColor": "FF9C00", "secondaryColor": "FFFFFF"}, "players": [{"id": 36, "fullName": "Dwaraka Ravi Teja", "shortName": "D Ravi Teja", "nationality": "Indian", "dateOfBirth": "1987-09-05", "rightArmedBowl": false, "rightHandedBat": false}, {"id": 44, "fullName": "Parthiv Patel", "shortName": "P Patel", "nationality": "Indian", "dateOfBirth": "1985-03-09", "rightArmedBowl": false, "rightHandedBat": false}, {"id": 27, "fullName": "Kumar Sangakkara", "shortName": "K Sangakkara", "nationality": "Sri Lankan", "dateOfBirth": "1977-10-27", "rightArmedBowl": true, "rightHandedBat": false, "bowlingStyle": "OFF_SPIN"}, {"id": 1117, "fullName": "Hanuma Vihari", "shortName": "H Vihari", "nationality": "Indian", "dateOfBirth": "1993-10-13", "rightArmedBowl": true, "rightHandedBat": true, "bowlingStyle": "OFF_SPIN"}, {"id": 178, "fullName": "Cameron White", "shortName": "C White", "nationality": "Australian", "dateOfBirth": "1983-08-18", "rightArmedBowl": false, "rightHandedBat": false}, {"id": 215, "fullName": "Thisara Perera", "shortName": "NTLC Perera", "nationality": "Sri Lankan", "dateOfBirth": "1989-04-03", "rightArmedBowl": true, "rightHandedBat": false, "bowlingStyle": "MEDIUM_SEAM"}, {"id": 34, "fullName": "Ashish Reddy", "shortName": "AA Reddy", "nationality": "Indian", "dateOfBirth": "1981-02-24", "rightArmedBowl": false, "rightHandedBat": false}, {"id": 1118, "fullName": "Karn Sharma", "shortName": "K Sharma", "nationality": "Indian", "dateOfBirth": "1987-10-23", "rightArmedBowl": true, "rightHandedBat": false, "bowlingStyle": "LEG_SPIN"}, {"id": 30, "fullName": "Amit Mishra", "shortName": "A Mishra", "nationality": "Indian", "dateOfBirth": "1982-11-24", "rightArmedBowl": true, "rightHandedBat": true, "bowlingStyle": "LEG_SPIN"}, {"id": 180, "fullName": "Dale Steyn", "shortName": "D Steyn", "nationality": "South African", "dateOfBirth": "1983-06-27", "rightArmedBowl": true, "rightHandedBat": true, "bowlingStyle": "FAST_SEAM"}, {"id": 38, "fullName": "Ishant Sharma", "shortName": "I Sharma", "nationality": "Indian", "dateOfBirth": "1988-09-02", "rightArmedBowl": true, "rightHandedBat": true, "bowlingStyle": "FAST_SEAM"}], "wicketKeeper": {"id": 44, "fullName": "Parthiv Patel", "shortName": "P Patel", "nationality": "Indian", "dateOfBirth": "1985-03-09", "rightArmedBowl": false, "rightHandedBat": false}, "captain": {"id": 27, "fullName": "Kumar Sangakkara", "shortName": "K Sangakkara", "nationality": "Sri Lankan", "dateOfBirth": "1977-10-27", "rightArmedBowl": true, "rightHandedBat": false, "bowlingStyle": "OFF_SPIN"}}], "venue": {"id": 2, "fullName": "Eden Gardens", "shortName": "Eden Gardens", "city": "Kolkata", "country": "India"}, "matchDate": "2013-04-14T16:00:00+0530", "matchEndDate": "2013-04-14T23:00:00+0530", "matchDateMs": 1365935400000, "matchEndDateMs": 1365960600000, "isLimitedOvers": true, "battingOrder": [0, 1], "matchBroadcast": false, "matchState": "C", "matchStatus": {"outcome": "A", "text": "Kolkata Knight Riders won by 48 runs"}, "description": "Match 17", "matchSummary": "", "matchType": "IPLT20", "tournamentLabel": "IPL 2013", "oversLimit": 20, "groupName": ""}, "matchId": {"id": 631, "name": "ipl2013-17", "tournamentId": {"id": 605, "name": "ipl2013", "provisional": false}}, "currentState": {"inProgress": false, "phase": "C", "currentInningsIndex": 1, "currentBatsmen": [1118, 30], "facingBatsman": 30, "nonFacingBatsman": 1118, "currentBowler": -1, "previousBowler": 198, "previousBowlerCurrentSpell": {"playerId": 198, "ov": "1", "r": 4, "w": 1, "d": 2, "maid": 0, "e": "4.00", "wd": 0, "nb": 0}, "currentPartnership": 5, "partnership": {"runs": 5, "balls": 3, "runRate": "10.00"}, "recentOvers": [{"ovNo": 15, "ovBalls": [".", "1", "1", "1", "1", "1"]}, {"ovNo": 16, "ovBalls": ["2", "1", "W", "1", "1", "1"]}, {"ovNo": 17, "ovBalls": ["1Lb", ".", "1", "1", "2", "W"]}, {"ovNo": 18, "ovBalls": [".", "4", "1", "1", "1", "."]}, {"ovNo": 19, "ovBalls": ["1", ".", "1", "W", "1", "1"]}, {"ovNo": 20, "ovBalls": [".", "1", "W", "3Wd", "1", "1", "."]}]}, "innings": [{"inningsNumber": 1, "runRate": "9.00", "overProgress": "20", "declared": false, "scorecard": {"runs": 180, "wkts": 4, "allOut": false, "battingStats": [{"playerId": 90, "r": 28, "b": 24, "sr": "116.66", "4s": 5, "6s": 0, "mod": {"dismissedBp": {"innings": 1, "over": 8, "ball": 4}, "countingBp": {"innings": 1, "over": 8, "ball": 4}, "text": "c Hanuma Vihari b Karn Sharma", "bowlerId": 1118, "additionalPlayerIds": [1117], "dismissedMethod": "ct", "isOut": true}}, {"playerId": 84, "r": 53, "b": 45, "sr": "117.77", "4s": 6, "6s": 1, "mod": {"dismissedBp": {"innings": 1, "over": 14, "ball": 4}, "countingBp": {"innings": 1, "over": 14, "ball": 4}, "text": "b Ashish Reddy", "bowlerId": 34, "dismissedMethod": "b", "isOut": true}}, {"playerId": 198, "r": 41, "b": 27, "sr": "151.85", "4s": 6, "6s": 0, "mod": {"dismissedBp": {"innings": 1, "over": 20, "ball": 6}, "countingBp": {"innings": 1, "over": 20, "ball": 6}, "text": "run out (Amit Mishra)", "bowlerId": 38, "additionalPlayerIds": [30], "dismissedMethod": "ro", "isOut": true}}, {"playerId": 197, "r": 47, "b": 21, "sr": "223.80", "4s": 5, "6s": 3, "mod": {"dismissedBp": {"innings": 1, "over": 19, "ball": 5}, "countingBp": {"innings": 1, "over": 19, "ball": 4}, "text": "run out (Dale Steyn)", "bowlerId": 180, "additionalPlayerIds": [180], "dismissedMethod": "ro", "isOut": true}}, {"playerId": 96, "r": 3, "b": 3, "sr": "100.00", "4s": 0, "6s": 0}], "bowlingStats": [{"playerId": 180, "ov": "4", "r": 29, "w": 0, "d": 10, "maid": 0, "e": "7.25", "wd": 1, "nb": 0}, {"playerId": 1117, "ov": "1", "r": 14, "w": 0, "d": 2, "maid": 0, "e": "14.00", "wd": 0, "nb": 0}, {"playerId": 38, "ov": "4", "r": 33, "w": 0, "d": 9, "maid": 0, "e": "8.25", "wd": 1, "nb": 0}, {"playerId": 215, "ov": "4", "r": 44, "w": 0, "d": 6, "maid": 0, "e": "11.00", "wd": 2, "nb": 0}, {"playerId": 30, "ov": "3", "r": 28, "w": 0, "d": 7, "maid": 0, "e": "9.33", "wd": 0, "nb": 0}, {"playerId": 1118, "ov": "2", "r": 13, "w": 1, "d": 5, "maid": 0, "e": "6.50", "wd": 0, "nb": 0}, {"playerId": 34, "ov": "2", "r": 15, "w": 1, "d": 4, "maid": 0, "e": "7.50", "wd": 0, "nb": 0}], "fow": [{"bp": {"innings": 1, "over": 8, "ball": 4}, "playerId": 90, "ret": false, "w": 1, "r": 59}, {"bp": {"innings": 1, "over": 14, "ball": 4}, "playerId": 84, "ret": false, "w": 2, "r": 102}, {"bp": {"innings": 1, "over": 19, "ball": 4}, "playerId": 197, "ret": false, "w": 3, "r": 169}, {"bp": {"innings": 1, "over": 20, "ball": 6}, "playerId": 198, "ret": false, "w": 4, "r": 180}], "extras": {"noBallRuns": 0, "wideRuns": 4, "byeRuns": 0, "legByeRuns": 4, "penaltyRuns": 0}, "declared": false}, "overHistory": [{"ovNo": 1, "ovBalls": [".", ".", ".", "1", "1", "1"]}, {"ovNo": 2, "ovBalls": ["4", "4", "1Lb", "2", ".", "4"]}, {"ovNo": 3, "ovBalls": [".", "1", "3", "1", ".", "1"]}, {"ovNo": 4, "ovBalls": ["2", ".", "1Lb", ".", "4", "."]}, {"ovNo": 5, "ovBalls": ["1Lb", "4", "4", ".", "1", "1"]}, {"ovNo": 6, "ovBalls": ["4", "1", ".", ".", "1", "."]}, {"ovNo": 7, "ovBalls": ["1", ".", ".", "4", "4", "."]}, {"ovNo": 8, "ovBalls": ["1", ".", "1", "W", "2", "1"]}, {"ovNo": 9, "ovBalls": ["1", "1", ".", ".", ".", "4"]}, {"ovNo": 10, "ovBalls": ["1", ".", ".", "6", "1", "."]}, {"ovNo": 11, "ovBalls": [".", "1", "1", "1Wd", ".", "1", "1"]}, {"ovNo": 12, "ovBalls": [".", "1", "1", "1", "4", "."]}, {"ovNo": 13, "ovBalls": ["1", "1", "1", ".", "1", "4"]}, {"ovNo": 14, "ovBalls": ["1", "4", "1", "W", "2", "."]}, {"ovNo": 15, "ovBalls": ["1", ".", ".", ".", ".", "4"]}, {"ovNo": 16, "ovBalls": ["1", ".", "6", "4", "1", "1"]}, {"ovNo": 17, "ovBalls": [".", "1", "1Wd", "2", "1", "4", "4"]}, {"ovNo": 18, "ovBalls": ["2", "4", "6", "4", "1Wd", "4", "1Lb"]}, {"ovNo": 19, "ovBalls": ["1Wd", "6", "1", "4", "W", "1", "2"]}, {"ovNo": 20, "ovBalls": ["1", "4", "1", "1", ".", "1W"]}]}, {"inningsNumber": 2, "runRate": "6.60", "overProgress": "20", "declared": false, "scorecard": {"runs": 132, "wkts": 7, "allOut": false, "battingStats": [{"playerId": 44, "r": 27, "b": 31, "sr": "87.09", "4s": 2, "6s": 1, "mod": {"dismissedBp": {"innings": 2, "over": 9, "ball": 6}, "countingBp": {"innings": 2, "over": 9, "ball": 6}, "text": "b Jacques Kallis", "bowlerId": 198, "dismissedMethod": "b", "isOut": true}}, {"playerId": 178, "r": 34, "b": 31, "sr": "109.67", "4s": 3, "6s": 1, "mod": {"dismissedBp": {"innings": 2, "over": 11, "ball": 3}, "countingBp": {"innings": 2, "over": 11, "ball": 3}, "text": "c Yusuf Pathan b Jacques Kallis", "bowlerId": 198, "additionalPlayerIds": [96], "dismissedMethod": "ct", "isOut": true}}, {"playerId": 27, "r": 2, "b": 3, "sr": "66.66", "4s": 0, "6s": 0, "mod": {"dismissedBp": {"innings": 2, "over": 12, "ball": 1}, "countingBp": {"innings": 2, "over": 12, "ball": 1}, "text": "c Manoj Tiwary b Rajat Bhatia", "bowlerId": 92, "additionalPlayerIds": [89], "dismissedMethod": "ct", "isOut": true}}, {"playerId": 36, "r": 10, "b": 13, "sr": "76.92", "4s": 0, "6s": 0, "mod": {"dismissedBp": {"innings": 2, "over": 16, "ball": 3}, "countingBp": {"innings": 2, "over": 16, "ball": 3}, "text": "c Manoj Tiwary b Sunil Narine", "bowlerId": 203, "additionalPlayerIds": [89], "dismissedMethod": "ct", "isOut": true}}, {"playerId": 215, "r": 36, "b": 25, "sr": "144.00", "4s": 2, "6s": 1, "mod": {"dismissedBp": {"innings": 2, "over": 19, "ball": 4}, "countingBp": {"innings": 2, "over": 19, "ball": 4}, "text": "b Jacques Kallis", "bowlerId": 198, "dismissedMethod": "b", "isOut": true}}, {"playerId": 34, "r": 4, "b": 5, "sr": "80.00", "4s": 0, "6s": 0, "mod": {"dismissedBp": {"innings": 2, "over": 17, "ball": 6}, "countingBp": {"innings": 2, "over": 17, "ball": 6}, "text": "b Sachithra Senanayake", "bowlerId": 811, "dismissedMethod": "b", "isOut": true}}, {"playerId": 1118, "r": 5, "b": 9, "sr": "55.55", "4s": 0, "6s": 0}, {"playerId": 1117, "r": 1, "b": 2, "sr": "50.00", "4s": 0, "6s": 0, "mod": {"dismissedBp": {"innings": 2, "over": 20, "ball": 3}, "countingBp": {"innings": 2, "over": 20, "ball": 3}, "text": "c Manoj Tiwary b Rajat Bhatia", "bowlerId": 92, "additionalPlayerIds": [89], "dismissedMethod": "ct", "isOut": true}}, {"playerId": 30, "r": 1, "b": 1, "sr": "100.00", "4s": 0, "6s": 0}], "bowlingStats": [{"playerId": 87, "ov": "4", "r": 30, "w": 0, "d": 7, "maid": 0, "e": "7.50", "wd": 0, "nb": 0}, {"playerId": 811, "ov": "4", "r": 18, "w": 1, "d": 8, "maid": 0, "e": "4.50", "wd": 1, "nb": 0}, {"playerId": 203, "ov": "4", "r": 31, "w": 1, "d": 6, "maid": 0, "e": "7.75", "wd": 0, "nb": 0}, {"playerId": 198, "ov": "4", "r": 13, "w": 3, "d": 15, "maid": 0, "e": "3.25", "wd": 1, "nb": 0}, {"playerId": 92, "ov": "4", "r": 33, "w": 2, "d": 6, "maid": 0, "e": "8.25", "wd": 1, "nb": 0}], "fow": [{"bp": {"innings": 2, "over": 9, "ball": 6}, "playerId": 44, "ret": false, "w": 1, "r": 57}, {"bp": {"innings": 2, "over": 11, "ball": 3}, "playerId": 178, "ret": false, "w": 2, "r": 68}, {"bp": {"innings": 2, "over": 12, "ball": 1}, "playerId": 27, "ret": false, "w": 3, "r": 71}, {"bp": {"innings": 2, "over": 16, "ball": 3}, "playerId": 36, "ret": false, "w": 4, "r": 107}, {"bp": {"innings": 2, "over": 17, "ball": 6}, "playerId": 34, "ret": false, "w": 5, "r": 115}, {"bp": {"innings": 2, "over": 19, "ball": 4}, "playerId": 215, "ret": false, "w": 6, "r": 124}, {"bp": {"innings": 2, "over": 20, "ball": 3}, "playerId": 1117, "ret": false, "w": 7, "r": 127}], "extras": {"noBallRuns": 0, "wideRuns": 5, "byeRuns": 1, "legByeRuns": 6, "penaltyRuns": 0}, "declared": false}, "overHistory": [{"ovNo": 1, "ovBalls": ["1", ".", "1Lb", ".", "1B", "4"]}, {"ovNo": 2, "ovBalls": [".", "1", "1", "1", "1", "."]}, {"ovNo": 3, "ovBalls": ["1", "1", ".", "1", "6", "4"]}, {"ovNo": 4, "ovBalls": ["1", "1Lb", "1", ".", "1", "1"]}, {"ovNo": 5, "ovBalls": ["1", ".", "1", ".", "1", "1"]}, {"ovNo": 6, "ovBalls": ["1Wd", "1", ".", "1", "1", "1", "1"]}, {"ovNo": 7, "ovBalls": ["1Lb", ".", "1Lb", ".", "4", "."]}, {"ovNo": 8, "ovBalls": ["6", "1", "1", "1", ".", "1"]}, {"ovNo": 9, "ovBalls": [".", ".", "1", "1", ".", "W"]}, {"ovNo": 10, "ovBalls": [".", "4", "4", "1", "1", "1"]}, {"ovNo": 11, "ovBalls": [".", ".", "W", ".", "1Wd", "1", "1"]}, {"ovNo": 12, "ovBalls": ["W", "1", "1", "1", "1", "2"]}, {"ovNo": 13, "ovBalls": ["1", "1Lb", "3", "1", "1", "1"]}, {"ovNo": 14, "ovBalls": ["1", "6", "4", "2", "1", "."]}, {"ovNo": 15, "ovBalls": [".", "1", "1", "1", "1", "1"]}, {"ovNo": 16, "ovBalls": ["2", "1", "W", "1", "1", "1"]}, {"ovNo": 17, "ovBalls": ["1Lb", ".", "1", "1", "2", "W"]}, {"ovNo": 18, "ovBalls": [".", "4", "1", "1", "1", "."]}, {"ovNo": 19, "ovBalls": ["1", ".", "1", "W", "1", "1"]}, {"ovNo": 20, "ovBalls": [".", "1", "W", "3Wd", "1", "1", "."]}]}]}