{"matchInfo": {"additionalInfo": {"sixes.video.thumb": "https://resources.platform.iplt20.com/photo-resources/2020/10/17/a36228dc-e831-4a06-bd9e-35b829286a74/TWVZvIFM.jpg?width=780&height=439", "sixes.video.id": "218481", "match.video.thumb": "https://resources.platform.iplt20.com/photo-resources/2020/10/17/717efcb8-4925-4a39-9e12-52a9b582e25b/eOGtzpRl.jpg?width=780&height=439", "referee.name": "Javagal Srinath", "report.thumb": "https://resources.platform.iplt20.com/photo-resources/2020/10/17/0b60f729-1ba1-4886-82ae-8ef5e30c948e/RON_7139.JPG?width=780&height=439", "match.summary": "", "umpire.name.1": "Nitin Menon", "umpire.name.2": "Anil Chaudhary", "umpire.name.3": "Paul Reiffel", "umpire.name.4": "Yeshwant Barde", "result.playerofthematch": "AB de Villiers", "report.link": "https://www.iplt20.com/news/218531/dream11-ipl-2020-match-33-rr-vs-rcb-match-report", "toss.elected": "Rajasthan Royals, who chose to bat", "notes.1.1": "Powerplay: 52 runs, 1 wicket", "notes.1.2": "RR: 50 runs in 5.2 overs", "notes.2.1": "Powerplay: 47 runs, 1 wicket", "notes.1.3": "1st Wicket: 50 runs in 32 balls (Robin Uthappa 31, Ben Stokes 15)", "notes.2.2": "RCB: 50 runs in 6.4 overs", "notes.1.4": "RR: 100 runs in 12.4 overs", "notes.2.3": "2nd Wicket: 50 runs in 40 balls (Devdutt Padikkal 22, Virat Kohli 27)", "notes.1.5": "4th Wicket: 50 runs in 43 balls (Steve Smith 25, Jos Buttler 24)", "notes.2.4": "RCB: 100 runs in 12.3 overs", "notes.1.6": "RR 150 runs in 17.3 overs", "notes.2.5": "RCB: 150 runs in 18.2 overs", "notes.1.7": "Steve Smith: 50 off 30 balls (5 x fours, 1 x six)", "notes.2.6": "4th Wicket: 50 runs in 31 balls (AB de Villiers 40, Gurkeerat Singh 11)", "notes.1.8": "Innings Break: RR - 177/6 in 20 overs", "notes.2.7": "AB de Villiers: 50 off 22 balls (1 x four, 6 x sixes)", "highlights.link": "https://www.iplt20.com/video/218477/m33-rr-vs-rcb-match-highlights", "match.video.id": "218477", "toss.winner": "Rajasthan Royals"}, "teams": [{"id": 30108, "team": {"id": 8, "fullName": "Rajasthan Royals", "shortName": "Royals", "abbreviation": "RR", "type": "m", "primaryColor": "004B8C", "secondaryColor": "FFFFFF"}, "players": [{"id": 1154, "fullName": "Ben Stokes", "shortName": "B Stokes", "nationality": "English", "dateOfBirth": "1991-06-04", "rightArmedBowl": true, "rightHandedBat": false, "bowlingStyle": "FAST_SEAM"}, {"id": 509, "fullName": "Jos Buttler", "shortName": "J Buttler", "nationality": "English", "dateOfBirth": "1990-09-08", "rightArmedBowl": true, "rightHandedBat": true}, {"id": 271, "fullName": "Steve Smith", "shortName": "S Smith", "nationality": "Australian", "dateOfBirth": "1989-06-02", "rightArmedBowl": true, "rightHandedBat": true, "bowlingStyle": "LEG_SPIN"}, {"id": 258, "fullName": "Sanju Samson", "shortName": "S Samson", "nationality": "Indian", "dateOfBirth": "1994-11-11", "rightArmedBowl": true, "rightHandedBat": true}, {"id": 127, "fullName": "Robin Uthappa", "shortName": "R Uthappa", "nationality": "Indian", "dateOfBirth": "1985-11-11", "rightArmedBowl": true, "rightHandedBat": true}, {"id": 4445, "fullName": "Riyan Parag", "shortName": "R Parag", "nationality": "Indian", "dateOfBirth": "2001-11-10", "rightArmedBowl": true, "rightHandedBat": true, "bowlingStyle": "LEG_SPIN"}, {"id": 1749, "fullName": "Rahul Tewatia", "shortName": "R Tewatia", "nationality": "Indian", "dateOfBirth": "1993-05-20", "rightArmedBowl": true, "rightHandedBat": false, "bowlingStyle": "LEG_SPIN"}, {"id": 3502, "fullName": "Jofra Archer", "shortName": "J Archer", "nationality": "English", "dateOfBirth": "1995-04-01", "rightArmedBowl": true, "rightHandedBat": true, "bowlingStyle": "FAST_SEAM"}, {"id": 1748, "fullName": "Shreyas Gopal", "shortName": "S Gopal", "nationality": "Indian", "dateOfBirth": "1993-09-04", "rightArmedBowl": true, "rightHandedBat": true, "bowlingStyle": "LEG_SPIN"}, {"id": 86, "fullName": "Jaydev Unadkat", "shortName": "J Unadkat", "nationality": "Indian", "dateOfBirth": "1991-10-18", "rightArmedBowl": false, "rightHandedBat": true, "bowlingStyle": "MEDIUM_SEAM"}, {"id": 10059, "fullName": "Kartik Tyagi", "shortName": "K Tyagi", "nationality": "Indian", "dateOfBirth": "2000-11-08", "rightArmedBowl": true, "rightHandedBat": true, "bowlingStyle": "FAST_SEAM"}], "wicketKeeper": {"id": 258, "fullName": "Sanju Samson", "shortName": "S Samson", "nationality": "Indian", "dateOfBirth": "1994-11-11", "rightArmedBowl": true, "rightHandedBat": true}, "captain": {"id": 271, "fullName": "Steve Smith", "shortName": "S Smith", "nationality": "Australian", "dateOfBirth": "1989-06-02", "rightArmedBowl": true, "rightHandedBat": true, "bowlingStyle": "LEG_SPIN"}}, {"id": 30109, "team": {"id": 9, "fullName": "Royal Challengers Bangalore", "shortName": "Challengers", "abbreviation": "RCB", "type": "m", "primaryColor": "000000", "secondaryColor": "FF3245"}, "players": [{"id": 167, "fullName": "Aaron Finch", "shortName": "A Finch", "nationality": "Australian", "dateOfBirth": "1986-11-17", "rightArmedBowl": false, "rightHandedBat": true, "bowlingStyle": "ORTHODOX"}, {"id": 5430, "fullName": "Devdutt Padikkal", "shortName": "D Padikkal", "nationality": "Indian", "dateOfBirth": "2000-07-07", "rightArmedBowl": true, "rightHandedBat": false, "bowlingStyle": "OFF_SPIN"}, {"id": 164, "fullName": "Virat Kohli", "shortName": "V Kohli", "nationality": "Indian", "dateOfBirth": "1988-11-05", "rightArmedBowl": true, "rightHandedBat": true, "bowlingStyle": "MEDIUM_SEAM"}, {"id": 233, "fullName": "AB de Villiers", "shortName": "AB de Villiers", "nationality": "South African", "dateOfBirth": "1984-02-17", "rightArmedBowl": true, "rightHandedBat": true, "bowlingStyle": "MEDIUM_SEAM"}, {"id": 253, "fullName": "Gurkeerat Mann Singh", "shortName": "GM Singh", "nationality": "Indian", "dateOfBirth": "1990-06-29", "rightArmedBowl": true, "rightHandedBat": true, "bowlingStyle": "OFF_SPIN"}, {"id": 2973, "fullName": "Washington Sundar", "shortName": "W Sundar", "nationality": "Indian", "dateOfBirth": "1999-10-05", "rightArmedBowl": true, "rightHandedBat": false, "bowlingStyle": "OFF_SPIN"}, {"id": 836, "fullName": "Chris Morris", "shortName": "C Morris", "nationality": "South African", "dateOfBirth": "1987-04-30", "rightArmedBowl": true, "rightHandedBat": true, "bowlingStyle": "FAST_SEAM"}, {"id": 13803, "fullName": "Shahbaz Ahmed", "shortName": "S Ahmed", "nationality": "Indian", "dateOfBirth": "1994-12-11", "rightArmedBowl": false, "rightHandedBat": false, "bowlingStyle": "ORTHODOX"}, {"id": 690, "fullName": "Isuru Udana", "shortName": "I Udana", "nationality": "Sri Lankan", "dateOfBirth": "1988-02-17", "rightArmedBowl": false, "rightHandedBat": true, "bowlingStyle": "MEDIUM_SEAM"}, {"id": 3824, "fullName": "Navdeep Saini", "shortName": "N Saini", "nationality": "Indian", "dateOfBirth": "1992-11-23", "rightArmedBowl": true, "rightHandedBat": true, "bowlingStyle": "FAST_SEAM"}, {"id": 111, "fullName": "Yuzvendra Chahal", "shortName": "Y Chahal", "nationality": "Indian", "dateOfBirth": "1990-07-23", "rightArmedBowl": true, "rightHandedBat": true, "bowlingStyle": "LEG_SPIN"}], "wicketKeeper": {"id": 233, "fullName": "AB de Villiers", "shortName": "AB de Villiers", "nationality": "South African", "dateOfBirth": "1984-02-17", "rightArmedBowl": true, "rightHandedBat": true, "bowlingStyle": "MEDIUM_SEAM"}, "captain": {"id": 164, "fullName": "Virat Kohli", "shortName": "V Kohli", "nationality": "Indian", "dateOfBirth": "1988-11-05", "rightArmedBowl": true, "rightHandedBat": true, "bowlingStyle": "MEDIUM_SEAM"}}], "venue": {"id": 37, "fullName": "Dubai International Stadium", "shortName": "Dubai International Stadium", "city": "Dubai", "country": "UAE"}, "matchDate": "2020-10-17T14:00:00+0400", "matchEndDate": "2020-10-17T23:00:00+0400", "matchDateMs": 1602928800000, "matchEndDateMs": 1602961200000, "isLimitedOvers": true, "battingOrder": [0, 1], "matchBroadcast": false, "matchState": "C", "matchStatus": {"outcome": "B", "text": "Royal Challengers Bangalore won by 7 wickets"}, "description": "Match 33", "matchSummary": "", "matchType": "IPLT20", "tournamentLabel": "IPL 2020", "oversLimit": 20, "groupName": ""}, "matchId": {"id": 22268, "name": "ipl2020-33", "tournamentId": {"id": 18790, "name": "ipl2020", "provisional": false}}, "currentState": {"inProgress": false, "phase": "C", "currentInningsIndex": 1, "currentBatsmen": [233, 253], "facingBatsman": 233, "nonFacingBatsman": 253, "currentBowler": 3502, "currentBowlerCurrentSpell": {"playerId": 3502, "ov": "0.4", "r": 11, "w": 0, "d": 0, "maid": 0, "e": "16.50", "wd": 0, "nb": 0}, "previousBowler": 86, "previousBowlerCurrentSpell": {"playerId": 86, "ov": "2", "r": 34, "w": 0, "d": 3, "maid": 0, "e": "17.00", "wd": 1, "nb": 0}, "currentPartnership": 77, "partnership": {"runs": 77, "balls": 39, "runRate": "11.84"}, "recentOvers": [{"ovNo": 15, "ovBalls": ["1", "1", "1", "1Wd", "1", "3", "2"]}, {"ovNo": 16, "ovBalls": ["1", "1", "1", "1", "6", "."]}, {"ovNo": 17, "ovBalls": [".", ".", ".", "1", "6", "2"]}, {"ovNo": 18, "ovBalls": ["1", "4", "1", ".", "3", "1"]}, {"ovNo": 19, "ovBalls": ["6", "6", "6", "1", "1Wd", "4", "1"]}, {"ovNo": 20, "ovBalls": ["2", "1", "2", "6"]}]}, "innings": [{"inningsNumber": 1, "runRate": "8.85", "overProgress": "20", "declared": false, "scorecard": {"runs": 177, "wkts": 6, "allOut": false, "battingStats": [{"playerId": 127, "r": 41, "b": 22, "sr": "186.36", "4s": 7, "6s": 1, "mod": {"dismissedBp": {"innings": 1, "over": 8, "ball": 4}, "countingBp": {"innings": 1, "over": 8, "ball": 4}, "text": "c Aaron Finch b Yuzvendra Chahal", "bowlerId": 111, "additionalPlayerIds": [167], "dismissedMethod": "ct", "isOut": true}}, {"playerId": 1154, "r": 15, "b": 19, "sr": "78.94", "4s": 2, "6s": 0, "mod": {"dismissedBp": {"innings": 1, "over": 6, "ball": 5}, "countingBp": {"innings": 1, "over": 6, "ball": 4}, "text": "c AB de Villiers b Chris Morris", "bowlerId": 836, "additionalPlayerIds": [233], "dismissedMethod": "ct", "isOut": true}}, {"playerId": 258, "r": 9, "b": 6, "sr": "150.00", "4s": 0, "6s": 1, "mod": {"dismissedBp": {"innings": 1, "over": 8, "ball": 5}, "countingBp": {"innings": 1, "over": 8, "ball": 5}, "text": "c Chris Morris b Yuzvendra Chahal", "bowlerId": 111, "additionalPlayerIds": [836], "dismissedMethod": "ct", "isOut": true}}, {"playerId": 271, "r": 57, "b": 36, "sr": "158.33", "4s": 6, "6s": 1, "mod": {"dismissedBp": {"innings": 1, "over": 20, "ball": 2}, "countingBp": {"innings": 1, "over": 20, "ball": 2}, "text": "c Shahbaz Ahmed b Chris Morris", "bowlerId": 836, "additionalPlayerIds": [13803], "dismissedMethod": "ct", "isOut": true}}, {"playerId": 509, "r": 24, "b": 25, "sr": "96.00", "4s": 1, "6s": 1, "mod": {"dismissedBp": {"innings": 1, "over": 16, "ball": 4}, "countingBp": {"innings": 1, "over": 16, "ball": 3}, "text": "c Navdeep Saini b Chris Morris", "bowlerId": 836, "additionalPlayerIds": [3824], "dismissedMethod": "ct", "isOut": true}}, {"playerId": 1749, "r": 19, "b": 11, "sr": "172.72", "4s": 1, "6s": 1}, {"playerId": 3502, "r": 2, "b": 3, "sr": "66.66", "4s": 0, "6s": 0, "mod": {"dismissedBp": {"innings": 1, "over": 20, "ball": 7}, "countingBp": {"innings": 1, "over": 20, "ball": 6}, "text": "lbw Chris Morris", "bowlerId": 836, "dismissedMethod": "lbw", "isOut": true}}], "bowlingStats": [{"playerId": 2973, "ov": "3", "r": 25, "w": 0, "d": 7, "maid": 0, "e": "8.33", "wd": 0, "nb": 0}, {"playerId": 836, "ov": "4", "r": 26, "w": 4, "d": 12, "maid": 0, "e": "6.50", "wd": 4, "nb": 0}, {"playerId": 690, "ov": "3", "r": 43, "w": 0, "d": 4, "maid": 0, "e": "14.33", "wd": 2, "nb": 0}, {"playerId": 3824, "ov": "4", "r": 30, "w": 0, "d": 6, "maid": 0, "e": "7.50", "wd": 0, "nb": 0}, {"playerId": 111, "ov": "4", "r": 34, "w": 2, "d": 9, "maid": 0, "e": "8.50", "wd": 1, "nb": 2}, {"playerId": 13803, "ov": "2", "r": 18, "w": 0, "d": 3, "maid": 0, "e": "9.00", "wd": 0, "nb": 0}], "fow": [{"bp": {"innings": 1, "over": 6, "ball": 4}, "playerId": 1154, "ret": false, "w": 1, "r": 50}, {"bp": {"innings": 1, "over": 8, "ball": 4}, "playerId": 127, "ret": false, "w": 2, "r": 69}, {"bp": {"innings": 1, "over": 8, "ball": 5}, "playerId": 258, "ret": false, "w": 3, "r": 69}, {"bp": {"innings": 1, "over": 16, "ball": 3}, "playerId": 509, "ret": false, "w": 4, "r": 127}, {"bp": {"innings": 1, "over": 20, "ball": 2}, "playerId": 271, "ret": false, "w": 5, "r": 173}, {"bp": {"innings": 1, "over": 20, "ball": 6}, "playerId": 3502, "ret": false, "w": 6, "r": 177}], "extras": {"noBallRuns": 2, "wideRuns": 7, "byeRuns": 1, "legByeRuns": 0, "penaltyRuns": 0}, "declared": false}, "overHistory": [{"ovNo": 1, "ovBalls": ["1", ".", ".", ".", "1", "."]}, {"ovNo": 2, "ovBalls": [".", "1", ".", ".", "1", "1Wd", "."]}, {"ovNo": 3, "ovBalls": ["4", "4", ".", "4", ".", "4"]}, {"ovNo": 4, "ovBalls": ["4", ".", ".", "1", "1Wd", "1Wd", "4", "6"]}, {"ovNo": 5, "ovBalls": [".", "4", "1", "1", "1", "2"]}, {"ovNo": 6, "ovBalls": ["1Wd", ".", "2", ".", "W", "1", "1"]}, {"ovNo": 7, "ovBalls": [".", "4", "4", "1", "1", "."]}, {"ovNo": 8, "ovBalls": ["6", ".", "1", "W", "W", "."]}, {"ovNo": 9, "ovBalls": ["1", "2", ".", "4", ".", "."]}, {"ovNo": 10, "ovBalls": ["1", ".", "1", "1", "1", "."]}, {"ovNo": 11, "ovBalls": ["1", "1", "6", "1", "1", "1"]}, {"ovNo": 12, "ovBalls": ["1", "1", ".", "1Wd", ".", "1", "1"]}, {"ovNo": 13, "ovBalls": ["1", ".", "1", "2", "2", "1"]}, {"ovNo": 14, "ovBalls": ["1", "2", ".", ".", "1", "1"]}, {"ovNo": 15, "ovBalls": ["1", "1", "4", "4", ".", "1"]}, {"ovNo": 16, "ovBalls": ["6", "1", "1Wd", "W", "4", "1", "1"]}, {"ovNo": 17, "ovBalls": ["1", "2", "1", "1", ".", "1"]}, {"ovNo": 18, "ovBalls": ["4", "1", "1", "5Nb", "1", "1B", "5Nb", "1"]}, {"ovNo": 19, "ovBalls": ["1", "6", "2", ".", "2", "4"]}, {"ovNo": 20, "ovBalls": [".", "W", "1", ".", "1Wd", "2", "W"]}]}, {"inningsNumber": 2, "runRate": "9.10", "overProgress": "19.4", "declared": false, "scorecard": {"runs": 179, "wkts": 3, "allOut": false, "battingStats": [{"playerId": 5430, "r": 35, "b": 37, "sr": "94.59", "4s": 2, "6s": 0, "mod": {"dismissedBp": {"innings": 2, "over": 13, "ball": 7}, "countingBp": {"innings": 2, "over": 13, "ball": 6}, "text": "c Ben Stokes b Rahul Tewatia", "bowlerId": 1749, "additionalPlayerIds": [1154], "dismissedMethod": "ct", "isOut": true}}, {"playerId": 167, "r": 14, "b": 11, "sr": "127.27", "4s": 0, "6s": 2, "mod": {"dismissedBp": {"innings": 2, "over": 4, "ball": 3}, "countingBp": {"innings": 2, "over": 4, "ball": 3}, "text": "c Robin Uthappa b Shreyas Gopal", "bowlerId": 1748, "additionalPlayerIds": [127], "dismissedMethod": "ct", "isOut": true}}, {"playerId": 164, "r": 43, "b": 32, "sr": "134.37", "4s": 1, "6s": 2, "mod": {"dismissedBp": {"innings": 2, "over": 14, "ball": 1}, "countingBp": {"innings": 2, "over": 14, "ball": 1}, "text": "c Rahul Tewatia b Kartik Tyagi", "bowlerId": 10059, "additionalPlayerIds": [1749], "dismissedMethod": "ct", "isOut": true}}, {"playerId": 233, "r": 55, "b": 22, "sr": "250.00", "4s": 1, "6s": 6}, {"playerId": 253, "r": 19, "b": 17, "sr": "111.76", "4s": 1, "6s": 0}], "bowlingStats": [{"playerId": 3502, "ov": "3.4", "r": 38, "w": 0, "d": 8, "maid": 0, "e": "10.36", "wd": 1, "nb": 0}, {"playerId": 1748, "ov": "4", "r": 32, "w": 1, "d": 5, "maid": 0, "e": "8.00", "wd": 1, "nb": 0}, {"playerId": 10059, "ov": "4", "r": 32, "w": 1, "d": 8, "maid": 0, "e": "8.00", "wd": 3, "nb": 0}, {"playerId": 86, "ov": "4", "r": 46, "w": 0, "d": 8, "maid": 0, "e": "11.50", "wd": 1, "nb": 0}, {"playerId": 1749, "ov": "4", "r": 30, "w": 1, "d": 8, "maid": 0, "e": "7.50", "wd": 5, "nb": 1}], "fow": [{"bp": {"innings": 2, "over": 4, "ball": 3}, "playerId": 167, "ret": false, "w": 1, "r": 23}, {"bp": {"innings": 2, "over": 13, "ball": 6}, "playerId": 5430, "ret": false, "w": 2, "r": 102}, {"bp": {"innings": 2, "over": 14, "ball": 1}, "playerId": 164, "ret": false, "w": 3, "r": 102}], "extras": {"noBallRuns": 1, "wideRuns": 11, "byeRuns": 0, "legByeRuns": 1, "penaltyRuns": 0}, "declared": false}, "overHistory": [{"ovNo": 1, "ovBalls": [".", ".", "1", ".", ".", "1Wd", "2"]}, {"ovNo": 2, "ovBalls": ["2", ".", "1", ".", "1Lb", "1"]}, {"ovNo": 3, "ovBalls": ["1", "6", ".", ".", ".", "6"]}, {"ovNo": 4, "ovBalls": [".", "1", "W", "1", "1", "2"]}, {"ovNo": 5, "ovBalls": ["1", "1Wd", ".", "4", "4", "1", "1"]}, {"ovNo": 6, "ovBalls": ["2", ".", ".", "4", ".", "2"]}, {"ovNo": 7, "ovBalls": ["1", ".", "1", "1", "1", "."]}, {"ovNo": 8, "ovBalls": ["1", ".", "1", "1", "1", "."]}, {"ovNo": 9, "ovBalls": [".", ".", "2Nb", "1", "2", "1Wd", "1Wd", "1Wd", "1", "."]}, {"ovNo": 10, "ovBalls": ["1", "1", "1", "2", "2", "6"]}, {"ovNo": 11, "ovBalls": ["2", "1", ".", "1", "1", "1Wd", "1"]}, {"ovNo": 12, "ovBalls": ["2", "2", "1", "1Wd", "1", "1", "."]}, {"ovNo": 13, "ovBalls": ["1", "1", "6", "1Wd", "1", ".", "W"]}, {"ovNo": 14, "ovBalls": ["W", ".", "1Wd", ".", ".", "1", "."]}, {"ovNo": 15, "ovBalls": ["1", "1", "1", "1Wd", "1", "3", "2"]}, {"ovNo": 16, "ovBalls": ["1", "1", "1", "1", "6", "."]}, {"ovNo": 17, "ovBalls": [".", ".", ".", "1", "6", "2"]}, {"ovNo": 18, "ovBalls": ["1", "4", "1", ".", "3", "1"]}, {"ovNo": 19, "ovBalls": ["6", "6", "6", "1", "1Wd", "4", "1"]}, {"ovNo": 20, "ovBalls": ["2", "1", "2", "6"]}]}]}