{"matchInfo": {"additionalInfo": {"sixes.video.thumb": "http://brightcove.vo.llnwd.net/v1/unsecured/media/3588749423001/201504/1150/3588749423001_4173020657001_video-still-for-video-4172742366001.jpg?pubId=3588749423001", "sixes.video.id": "4172742366001", "match.video.thumb": "http://brightcove.vo.llnwd.net/v1/unsecured/media/3588749423001/201504/3662/3588749423001_4173152243001_video-still-for-video-4173065890001.jpg?pubId=3588749423001", "mom.video.thumb": "http://brightcove.vo.llnwd.net/v1/unsecured/media/3588749423001/201504/1990/3588749423001_4173163834001_vs-552d6e35e4b02eeeae8df2d3-1592194028001.jpg?pubId=3588749423001", "mom.video.id": "4173065905001", "referee.name": "Chinmaya Sharma", "report.thumb": "http://static2.iplt20.com/cms/media/images/320x213/35792.jpg", "match.summary": "", "umpire.name.1": "Simon Fry", "umpire.name.2": "Anil Chaudhary", "umpire.name.3": "Krishnamachari Srinivasan", "interview.thumb": "http://static2.iplt20.com/cms/media/images/320x213/35831.jpg", "umpire.name.4": "A Nanda Kishore", "away.team.fan.total": "13004", "result.playerofthematch": "Steve Smith", "toss.elected": "Mumbai Indians, who chose to bat", "notes.1.1": "Powerplay 1 - 31 runs, 1 wicket", "notes.1.2": "MI: 50 runs in 11.6 overs", "notes.2.1": "Powerplay 1: 42 runs, 1 wicket", "notes.1.3": "4th Wicket: 50 runs in 36 balls (Corey Anderson 29, Kieron Pollard 23)", "notes.2.2": "RR: 50 runs in 7.3 overs", "notes.1.4": "MI: 100 runs in 16.1 overs", "notes.2.3": "2nd Wicket: 50 runs in 39 balls (Ajinkya Rahane 28, Steve Smith 22)", "notes.1.5": "Kieron Pollard: 50 off 28 balls (5 x fours, 3 x sixes)", "notes.2.4": "RR: 100 runs in 13.5 overs", "notes.1.6": "4th Wicket: 100 runs in 54 balls (Corey Anderson 32, Kieron Pollard 70)", "notes.2.5": "Steve Smith: 50 off 40 balls (5 x fours)", "notes.1.7": "MI: 150 runs in 19.1 overs", "notes.2.6": "RR: 150 runs in 17.6 overs", "notes.1.8": "Corey Anderson: 50 off 37 balls (5 x fours, 3 x sixes)", "notes.2.7": "4th Wicket: 50 runs in 27 balls (Steve Smith 44, James Faulkner 5)", "highlights.link": "http://www.iplt20.com/videos/media/id/4173065890001/m9-rr-vs-mi-match-highlights", "notes.1.9": "Innings Break: MI - 164/5 in 20 overs", "match.video.id": "4173065890001", "stats.link": "http://www.iplt20.com/news/2015/more-news/5972/quick-stats-m9-rr-vs-mi", "home.team.fan.total": "8510", "photostream.link": "http://www.iplt20.com/photos/257/ipl-2015-match-9-rr-v-mi", "toss.winner": "Mumbai Indians", "interview.link": "http://www.iplt20.com/news/2015/features/5966/want-to-improve-my-finishing-skills-anderson", "stats.thumb": "http://static2.iplt20.com/cms/media/images/320x213/35832.jpg"}, "teams": [{"id": 3663, "team": {"id": 8, "fullName": "Rajasthan Royals", "shortName": "Royals", "abbreviation": "RR", "type": "m", "primaryColor": "004B8C", "secondaryColor": "FFFFFF"}, "players": [{"id": 135, "fullName": "Ajinkya Rahane", "shortName": "A Rahane", "nationality": "Indian", "dateOfBirth": "1988-06-06", "rightArmedBowl": true, "rightHandedBat": true, "bowlingStyle": "MEDIUM_SEAM"}, {"id": 258, "fullName": "Sanju Samson", "shortName": "S Samson", "nationality": "Indian", "dateOfBirth": "1994-11-11", "rightArmedBowl": true, "rightHandedBat": true}, {"id": 271, "fullName": "Steve Smith", "shortName": "S Smith", "nationality": "Australian", "dateOfBirth": "1989-06-02", "rightArmedBowl": true, "rightHandedBat": true, "bowlingStyle": "LEG_SPIN"}, {"id": 276, "fullName": "Karun Nair", "shortName": "K Nair", "nationality": "Indian", "dateOfBirth": "1991-12-06", "rightArmedBowl": true, "rightHandedBat": true, "bowlingStyle": "OFF_SPIN"}, {"id": 148, "fullName": "Stuart Binny", "shortName": "S Binny", "nationality": "Indian", "dateOfBirth": "1984-06-03", "rightArmedBowl": true, "rightHandedBat": true}, {"id": 1556, "fullName": "Deepak Hooda", "shortName": "D Hooda", "nationality": "Indian", "dateOfBirth": "1995-04-19", "rightArmedBowl": true, "rightHandedBat": true, "bowlingStyle": "OFF_SPIN"}, {"id": 193, "fullName": "James Faulkner", "shortName": "J Faulkner", "nationality": "Australian", "dateOfBirth": "1990-04-29", "rightArmedBowl": false, "rightHandedBat": true}, {"id": 836, "fullName": "Chris Morris", "shortName": "C Morris", "nationality": "South African", "dateOfBirth": "1987-04-30", "rightArmedBowl": true, "rightHandedBat": true, "bowlingStyle": "FAST_SEAM"}, {"id": 307, "fullName": "Tim Southee", "shortName": "T Southee", "nationality": "New Zealander", "dateOfBirth": "1988-12-11", "rightArmedBowl": true, "rightHandedBat": true, "bowlingStyle": "MEDIUM_SEAM"}, {"id": 101, "fullName": "Dhawal Kulkarni", "shortName": "D Kulkarni", "nationality": "Indian", "dateOfBirth": "1988-12-10", "rightArmedBowl": true, "rightHandedBat": true, "bowlingStyle": "MEDIUM_SEAM"}, {"id": 1114, "fullName": "Pravin Tambe", "shortName": "P Tambe", "nationality": "Indian", "dateOfBirth": "1971-10-08", "rightArmedBowl": true, "rightHandedBat": true, "bowlingStyle": "LEG_SPIN"}], "wicketKeeper": {"id": 258, "fullName": "Sanju Samson", "shortName": "S Samson", "nationality": "Indian", "dateOfBirth": "1994-11-11", "rightArmedBowl": true, "rightHandedBat": true}, "captain": {"id": 271, "fullName": "Steve Smith", "shortName": "S Smith", "nationality": "Australian", "dateOfBirth": "1989-06-02", "rightArmedBowl": true, "rightHandedBat": true, "bowlingStyle": "LEG_SPIN"}}, {"id": 3662, "team": {"id": 6, "fullName": "Mumbai Indians", "shortName": "Mumbai", "abbreviation": "MI", "type": "m", "primaryColor": "00AEEF", "secondaryColor": "FFFFFF"}, "players": [{"id": 107, "fullName": "Rohit Sharma", "shortName": "R Sharma", "nationality": "Indian", "dateOfBirth": "1987-04-30", "rightArmedBowl": true, "rightHandedBat": true, "bowlingStyle": "OFF_SPIN"}, {"id": 167, "fullName": "Aaron Finch", "shortName": "A Finch", "nationality": "Australian", "dateOfBirth": "1986-11-17", "rightArmedBowl": false, "rightHandedBat": true, "bowlingStyle": "ORTHODOX"}, {"id": 44, "fullName": "Parthiv Patel", "shortName": "P Patel", "nationality": "Indian", "dateOfBirth": "1985-03-09", "rightArmedBowl": false, "rightHandedBat": false}, {"id": 60, "fullName": "Unmukt Chand", "shortName": "U Chand", "nationality": "Indian", "dateOfBirth": "1993-03-26", "rightArmedBowl": false, "rightHandedBat": false}, {"id": 968, "fullName": "Corey Anderson", "shortName": "C Anderson", "nationality": "New Zealander", "dateOfBirth": "1990-12-13", "rightArmedBowl": false, "rightHandedBat": false}, {"id": 210, "fullName": "Kieron Pollard", "shortName": "K Pollard", "nationality": "West Indian", "dateOfBirth": "1987-05-12", "rightArmedBowl": true, "rightHandedBat": true, "bowlingStyle": "MEDIUM_SEAM"}, {"id": 2741, "fullName": "Jagadeesha Suchith", "shortName": "J Suchith", "nationality": "Indian", "dateOfBirth": "1994-01-16", "rightArmedBowl": false, "rightHandedBat": false, "bowlingStyle": "ORTHODOX"}, {"id": 166, "fullName": "Vinay Kumar", "shortName": "V Kumar", "nationality": "Indian", "dateOfBirth": "1984-02-12", "rightArmedBowl": true, "rightHandedBat": true}, {"id": 1748, "fullName": "Shreyas Gopal", "shortName": "S Gopal", "nationality": "Indian", "dateOfBirth": "1993-09-04", "rightArmedBowl": true, "rightHandedBat": true, "bowlingStyle": "LEG_SPIN"}, {"id": 211, "fullName": "Lasith Malinga", "shortName": "L Malinga", "nationality": "Sri Lankan", "dateOfBirth": "1983-08-28", "rightArmedBowl": true, "rightHandedBat": true, "bowlingStyle": "FAST_SEAM"}, {"id": 105, "fullName": "Pawan Suyal", "shortName": "P Suyal", "nationality": "Indian", "dateOfBirth": "1989-10-15", "rightArmedBowl": false, "rightHandedBat": true}], "wicketKeeper": {"id": 44, "fullName": "Parthiv Patel", "shortName": "P Patel", "nationality": "Indian", "dateOfBirth": "1985-03-09", "rightArmedBowl": false, "rightHandedBat": false}, "captain": {"id": 107, "fullName": "Rohit Sharma", "shortName": "R Sharma", "nationality": "Indian", "dateOfBirth": "1987-04-30", "rightArmedBowl": true, "rightHandedBat": true, "bowlingStyle": "OFF_SPIN"}}], "venue": {"id": 19, "fullName": "Narendra Modi Stadium", "shortName": "Narendra Modi Stadium", "city": "Ahmedabad", "country": "India"}, "matchDate": "2015-04-14T20:00:00+0530", "matchEndDate": "2015-04-14T23:00:00+0530", "matchDateMs": 1429021800000, "matchEndDateMs": 1429032600000, "isLimitedOvers": true, "battingOrder": [1, 0], "matchBroadcast": false, "matchState": "C", "matchStatus": {"outcome": "A", "text": "Rajasthan Royals won by 7 wickets"}, "description": "Match 9", "matchSummary": "", "matchType": "IPLT20", "tournamentLabel": "IPL 2015", "oversLimit": 20, "groupName": ""}, "matchId": {"id": 3234, "name": "ipl2015-09", "tournamentId": {"id": 2785, "name": "ipl2015", "provisional": false}}, "currentState": {"inProgress": false, "phase": "C", "currentInningsIndex": 1, "currentBatsmen": [271, 193], "facingBatsman": 271, "nonFacingBatsman": 193, "currentBowler": 1748, "currentBowlerCurrentSpell": {"playerId": 1748, "ov": "0.1", "r": 1, "w": 0, "d": 0, "maid": 0, "e": "6.00", "wd": 0, "nb": 0}, "previousBowler": 211, "previousBowlerCurrentSpell": {"playerId": 211, "ov": "3", "r": 32, "w": 1, "d": 6, "maid": 0, "e": "10.66", "wd": 1, "nb": 0}, "currentPartnership": 52, "partnership": {"runs": 52, "balls": 26, "runRate": "12.00"}, "recentOvers": [{"ovNo": 15, "ovBalls": ["2", ".", "1Wd", "2", "1", "W", "."]}, {"ovNo": 16, "ovBalls": ["3", "1", "4", ".", ".", "3Nb", "1Nb", "1"]}, {"ovNo": 17, "ovBalls": ["4", "4", "2", "4", ".", "1"]}, {"ovNo": 18, "ovBalls": ["1", "2", "1", ".", "2", "6"]}, {"ovNo": 19, "ovBalls": ["1", "4", "2", ".", ".", "4"]}, {"ovNo": 20, "ovBalls": ["1"]}]}, "innings": [{"inningsNumber": 1, "runRate": "8.20", "overProgress": "20", "declared": false, "scorecard": {"runs": 164, "wkts": 5, "allOut": false, "battingStats": [{"playerId": 167, "r": 10, "b": 14, "sr": "71.42", "4s": 2, "6s": 0, "mod": {"dismissedBp": {"innings": 1, "over": 4, "ball": 3}, "countingBp": {"innings": 1, "over": 4, "ball": 3}, "text": "retired hurt", "bowlerId": 148, "dismissedMethod": "ret", "isOut": false}}, {"playerId": 44, "r": 16, "b": 11, "sr": "145.45", "4s": 2, "6s": 0, "mod": {"dismissedBp": {"innings": 1, "over": 5, "ball": 4}, "countingBp": {"innings": 1, "over": 5, "ball": 4}, "text": "c Chris Morris b Dhawal Kulkarni", "bowlerId": 101, "additionalPlayerIds": [836], "dismissedMethod": "ct", "isOut": true}}, {"playerId": 60, "r": 12, "b": 17, "sr": "70.58", "4s": 1, "6s": 0, "mod": {"dismissedBp": {"innings": 1, "over": 10, "ball": 5}, "countingBp": {"innings": 1, "over": 10, "ball": 5}, "text": "b Pravin Tambe", "bowlerId": 1114, "dismissedMethod": "b", "isOut": true}}, {"playerId": 107, "r": 0, "b": 5, "sr": "0.00", "4s": 0, "6s": 0, "mod": {"dismissedBp": {"innings": 1, "over": 7, "ball": 3}, "countingBp": {"innings": 1, "over": 7, "ball": 3}, "text": "c Steve Smith b Stuart Binny", "bowlerId": 148, "additionalPlayerIds": [271], "dismissedMethod": "ct", "isOut": true}}, {"playerId": 968, "r": 50, "b": 38, "sr": "131.57", "4s": 5, "6s": 3, "mod": {"dismissedBp": {"innings": 1, "over": 20, "ball": 4}, "countingBp": {"innings": 1, "over": 20, "ball": 4}, "text": "b Chris Morris", "bowlerId": 836, "dismissedMethod": "b", "isOut": true}}, {"playerId": 210, "r": 70, "b": 34, "sr": "205.88", "4s": 7, "6s": 5, "mod": {"dismissedBp": {"innings": 1, "over": 19, "ball": 6}, "countingBp": {"innings": 1, "over": 19, "ball": 6}, "text": "c Karun Nair b Tim Southee", "bowlerId": 307, "additionalPlayerIds": [276], "dismissedMethod": "ct", "isOut": true}}, {"playerId": 2741, "r": 0, "b": 1, "sr": "0.00", "4s": 0, "6s": 0}, {"playerId": 1748, "r": 1, "b": 1, "sr": "100.00", "4s": 0, "6s": 0}], "bowlingStats": [{"playerId": 307, "ov": "4", "r": 46, "w": 1, "d": 11, "maid": 0, "e": "11.50", "wd": 0, "nb": 0}, {"playerId": 836, "ov": "4", "r": 34, "w": 1, "d": 13, "maid": 0, "e": "8.50", "wd": 0, "nb": 0}, {"playerId": 101, "ov": "3", "r": 15, "w": 1, "d": 10, "maid": 0, "e": "5.00", "wd": 0, "nb": 1}, {"playerId": 148, "ov": "2", "r": 8, "w": 1, "d": 8, "maid": 0, "e": "4.00", "wd": 0, "nb": 0}, {"playerId": 1556, "ov": "1", "r": 3, "w": 0, "d": 3, "maid": 0, "e": "3.00", "wd": 0, "nb": 0}, {"playerId": 193, "ov": "3", "r": 29, "w": 0, "d": 11, "maid": 1, "e": "9.66", "wd": 0, "nb": 0}, {"playerId": 1114, "ov": "3", "r": 25, "w": 1, "d": 5, "maid": 0, "e": "8.33", "wd": 0, "nb": 0}], "fow": [{"bp": {"innings": 1, "over": 4, "ball": 3}, "playerId": 167, "ret": true, "w": 0, "r": 24}, {"bp": {"innings": 1, "over": 5, "ball": 4}, "playerId": 44, "ret": false, "w": 1, "r": 27}, {"bp": {"innings": 1, "over": 7, "ball": 3}, "playerId": 107, "ret": false, "w": 2, "r": 31}, {"bp": {"innings": 1, "over": 10, "ball": 5}, "playerId": 60, "ret": false, "w": 3, "r": 45}, {"bp": {"innings": 1, "over": 19, "ball": 6}, "playerId": 210, "ret": false, "w": 4, "r": 149}, {"bp": {"innings": 1, "over": 20, "ball": 4}, "playerId": 968, "ret": false, "w": 5, "r": 161}], "extras": {"noBallRuns": 1, "wideRuns": 0, "byeRuns": 2, "legByeRuns": 2, "penaltyRuns": 0}, "declared": false}, "overHistory": [{"ovNo": 1, "ovBalls": [".", "1", "1", "4", ".", "."]}, {"ovNo": 2, "ovBalls": ["4", ".", "3", ".", ".", "4"]}, {"ovNo": 3, "ovBalls": ["4", "1", ".", ".", ".", "."]}, {"ovNo": 4, "ovBalls": ["1", ".", "1W", ".", "2", "."]}, {"ovNo": 5, "ovBalls": [".", ".", "1", "W", ".", "."]}, {"ovNo": 6, "ovBalls": [".", ".", ".", ".", "4", "."]}, {"ovNo": 7, "ovBalls": [".", ".", "W", ".", "4", "."]}, {"ovNo": 8, "ovBalls": [".", "1", ".", "1", "1", "."]}, {"ovNo": 9, "ovBalls": ["1Lb", ".", ".", ".", ".", "."]}, {"ovNo": 10, "ovBalls": ["2", "1", "1", "2", "W", "."]}, {"ovNo": 11, "ovBalls": [".", ".", ".", ".", "1", "."]}, {"ovNo": 12, "ovBalls": ["1", ".", ".", "1", ".", "4"]}, {"ovNo": 13, "ovBalls": [".", "4", "1", "4", ".", "."]}, {"ovNo": 14, "ovBalls": ["6", ".", ".", "1", ".", "6"]}, {"ovNo": 15, "ovBalls": ["1", "1", ".", "4", "1", "1Nb", "1"]}, {"ovNo": 16, "ovBalls": ["6", "4", "1", "4", "1", "."]}, {"ovNo": 17, "ovBalls": ["4", "6", ".", "4", "1Lb", "2"]}, {"ovNo": 18, "ovBalls": ["6", "2", "1", "1", "2", "1"]}, {"ovNo": 19, "ovBalls": ["6", "4", "4", "6", ".", "W"]}, {"ovNo": 20, "ovBalls": ["2", "4", "6", "W", "1", "2B"]}]}, {"inningsNumber": 2, "runRate": "8.60", "overProgress": "19.1", "declared": false, "scorecard": {"runs": 165, "wkts": 3, "allOut": false, "battingStats": [{"playerId": 135, "r": 46, "b": 39, "sr": "117.94", "4s": 4, "6s": 0, "mod": {"dismissedBp": {"innings": 2, "over": 14, "ball": 1}, "countingBp": {"innings": 2, "over": 14, "ball": 1}, "text": "c Corey Anderson b Shreyas Gopal", "bowlerId": 1748, "additionalPlayerIds": [968], "dismissedMethod": "ct", "isOut": true}}, {"playerId": 258, "r": 17, "b": 16, "sr": "106.25", "4s": 3, "6s": 0, "mod": {"dismissedBp": {"innings": 2, "over": 5, "ball": 3}, "countingBp": {"innings": 2, "over": 5, "ball": 3}, "text": "c Rohit Sharma b Vinay Kumar", "bowlerId": 166, "additionalPlayerIds": [107], "dismissedMethod": "ct", "isOut": true}}, {"playerId": 271, "r": 79, "b": 53, "sr": "149.05", "4s": 8, "6s": 1}, {"playerId": 1556, "r": 13, "b": 4, "sr": "325.00", "4s": 0, "6s": 2, "mod": {"dismissedBp": {"innings": 2, "over": 15, "ball": 6}, "countingBp": {"innings": 2, "over": 15, "ball": 5}, "text": "b Lasith Malinga", "bowlerId": 211, "dismissedMethod": "b", "isOut": true}}, {"playerId": 193, "r": 6, "b": 6, "sr": "100.00", "4s": 0, "6s": 0}], "bowlingStats": [{"playerId": 166, "ov": "3", "r": 13, "w": 1, "d": 11, "maid": 0, "e": "4.33", "wd": 0, "nb": 0}, {"playerId": 105, "ov": "4", "r": 45, "w": 0, "d": 6, "maid": 0, "e": "11.25", "wd": 0, "nb": 3}, {"playerId": 211, "ov": "4", "r": 41, "w": 1, "d": 7, "maid": 0, "e": "10.25", "wd": 1, "nb": 0}, {"playerId": 2741, "ov": "4", "r": 31, "w": 0, "d": 4, "maid": 0, "e": "7.75", "wd": 0, "nb": 0}, {"playerId": 968, "ov": "2", "r": 12, "w": 0, "d": 5, "maid": 0, "e": "6.00", "wd": 0, "nb": 0}, {"playerId": 1748, "ov": "2.1", "r": 23, "w": 1, "d": 2, "maid": 0, "e": "10.61", "wd": 0, "nb": 0}], "fow": [{"bp": {"innings": 2, "over": 5, "ball": 3}, "playerId": 258, "ret": false, "w": 1, "r": 28}, {"bp": {"innings": 2, "over": 14, "ball": 1}, "playerId": 135, "ret": false, "w": 2, "r": 92}, {"bp": {"innings": 2, "over": 15, "ball": 5}, "playerId": 1556, "ret": false, "w": 3, "r": 113}], "extras": {"noBallRuns": 3, "wideRuns": 1, "byeRuns": 0, "legByeRuns": 0, "penaltyRuns": 0}, "declared": false}, "overHistory": [{"ovNo": 1, "ovBalls": [".", ".", ".", "1", ".", "."]}, {"ovNo": 2, "ovBalls": ["1", "4", "1Nb", "4", ".", "1", "."]}, {"ovNo": 3, "ovBalls": [".", ".", "1", "1", "1", "."]}, {"ovNo": 4, "ovBalls": ["1", ".", "1", "1", "4", "2"]}, {"ovNo": 5, "ovBalls": [".", "4", "W", "1", "4", "."]}, {"ovNo": 6, "ovBalls": ["1", "1", ".", "4", "1", "2"]}, {"ovNo": 7, "ovBalls": ["1", "1", "1", "1", "2", "1"]}, {"ovNo": 8, "ovBalls": [".", ".", "2", "1", "4", "1"]}, {"ovNo": 9, "ovBalls": [".", "2", ".", "4", "1", "1"]}, {"ovNo": 10, "ovBalls": ["1", "1", "2", ".", ".", "."]}, {"ovNo": 11, "ovBalls": ["1", "1", "2", "2", "1", "2"]}, {"ovNo": 12, "ovBalls": [".", "2", "2", "1", "1", "1"]}, {"ovNo": 13, "ovBalls": [".", "1", ".", "1", "1", "4"]}, {"ovNo": 14, "ovBalls": ["W", "1", "1", "1", "6", "6"]}, {"ovNo": 15, "ovBalls": ["2", ".", "1Wd", "2", "1", "W", "."]}, {"ovNo": 16, "ovBalls": ["3", "1", "4", ".", ".", "3Nb", "1Nb", "1"]}, {"ovNo": 17, "ovBalls": ["4", "4", "2", "4", ".", "1"]}, {"ovNo": 18, "ovBalls": ["1", "2", "1", ".", "2", "6"]}, {"ovNo": 19, "ovBalls": ["1", "4", "2", ".", ".", "4"]}, {"ovNo": 20, "ovBalls": ["1"]}]}]}