{"matchInfo": {"additionalInfo": {"sixes.video.thumb": "https://resources.platform.iplt20.com/photo-resources/2021/04/25/8776064a-4eca-43d1-9e36-03d6cf9dacec/JDDbi4Td.jpg?width=390&height=219", "sixes.video.id": "234745", "match.video.thumb": "https://resources.platform.iplt20.com/photo-resources/2021/04/25/d8e9644d-45b2-46ad-b398-81300f514b9d/MPudjuGH.jpg?width=780&height=439", "referee.name": "Shakti Singh", "report.thumb": "https://resources.platform.iplt20.com/photo-resources/2021/04/25/ee84b4a5-beab-43be-b812-9172db4ae4ab/PAN_1476.JPG?width=780&height=439", "match.summary": "", "umpire.name.1": "Virender Sharma", "umpire.name.2": "Bruce Oxenford", "umpire.name.3": "Anil Chaudhary", "umpire.name.4": "JR Madangopal", "result.playerofthematch": "Ravindra Jadeja", "report.link": "https://www.iplt20.com/news/234787/vivo-ipl-2021-match-19-csk-vs-rcb-match-report", "toss.elected": "Chennai Super Kings, who chose to bat", "notes.1.1": "Powerplay: 51 runs, 0 wickets", "notes.1.2": "CSK: 50 runs in 5.6 overs", "notes.2.1": "Powerplay: 65 runs, 2 wickets", "notes.1.3": "1st Wicket: 50 runs in 37 balls (Rutaraj Gaikwad 22, Faf du Plessis 27)", "notes.2.2": "RCB: 50 runs in 4.2 overs", "notes.1.4": "CSK: 100 runs in 12.1 overs", "notes.2.3": "RCB: 100 runs in 15.4 overs", "notes.1.5": "Faf du Plessis: 50 off 40 balls (5 x fours, 1 x six)", "notes.1.6": "CSK: 150 runs in 18.5 overs", "notes.1.7": "Ravindra Jadeja: 50 off 25 balls (3 x fours, 4 x sixes)", "notes.1.8": "Innings Break: CSK - 191/4 in 20 overs", "match.video.id": "234780", "toss.winner": "Chennai Super Kings"}, "teams": [{"id": 31136, "team": {"id": 1, "fullName": "Chennai Super Kings", "shortName": "Super Kings", "abbreviation": "CSK", "type": "m", "primaryColor": "FDB913", "secondaryColor": "0081E5"}, "players": [{"id": 24, "fullName": "Faf du Plessis", "shortName": "F du Plessis", "nationality": "South African", "dateOfBirth": "1984-07-13", "rightArmedBowl": true, "rightHandedBat": true, "bowlingStyle": "LEG_SPIN"}, {"id": 5443, "fullName": "Ruturaj Gaikwad", "shortName": "R Gaikwad", "nationality": "Indian", "dateOfBirth": "1997-01-31", "rightArmedBowl": true, "rightHandedBat": true, "bowlingStyle": "OFF_SPIN"}, {"id": 14, "fullName": "Suresh Raina", "shortName": "S Raina", "nationality": "Indian", "dateOfBirth": "1986-11-27", "rightArmedBowl": true, "rightHandedBat": false, "bowlingStyle": "OFF_SPIN"}, {"id": 100, "fullName": "Ambati Rayudu", "shortName": "A Rayudu", "nationality": "Indian", "dateOfBirth": "1985-09-23", "rightArmedBowl": true, "rightHandedBat": true, "bowlingStyle": "OFF_SPIN"}, {"id": 1, "fullName": "MS Dhoni", "shortName": "MS Dhoni", "nationality": "Indian", "dateOfBirth": "1981-07-07", "rightArmedBowl": true, "rightHandedBat": true, "bowlingStyle": "MEDIUM_SEAM"}, {"id": 9, "fullName": "Ravindra Jadeja", "shortName": "R Jadeja", "nationality": "Indian", "dateOfBirth": "1988-12-06", "rightArmedBowl": false, "rightHandedBat": false, "bowlingStyle": "ORTHODOX"}, {"id": 25, "fullName": "Dwayne Bravo", "shortName": "DJ Bravo", "nationality": "West Indian", "dateOfBirth": "1983-10-07", "rightArmedBowl": true, "rightHandedBat": true, "bowlingStyle": "MEDIUM_SEAM"}, {"id": 2939, "fullName": "Sam Curran", "shortName": "S Curran", "nationality": "English", "dateOfBirth": "1998-06-03", "rightArmedBowl": false, "rightHandedBat": false, "bowlingStyle": "MEDIUM_SEAM"}, {"id": 1745, "fullName": "Shardul Thakur", "shortName": "S Thakur", "nationality": "Indian", "dateOfBirth": "1991-10-16", "rightArmedBowl": true, "rightHandedBat": true, "bowlingStyle": "MEDIUM_SEAM"}, {"id": 140, "fullName": "Deepak Chahar", "shortName": "D Chahar", "nationality": "Indian", "dateOfBirth": "1992-08-07", "rightArmedBowl": true, "rightHandedBat": true, "bowlingStyle": "MEDIUM_SEAM"}, {"id": 898, "fullName": "Imran Tahir", "shortName": "I Tahir", "nationality": "South African", "dateOfBirth": "1979-03-27", "rightArmedBowl": true, "rightHandedBat": true, "bowlingStyle": "LEG_SPIN"}], "wicketKeeper": {"id": 1, "fullName": "MS Dhoni", "shortName": "MS Dhoni", "nationality": "Indian", "dateOfBirth": "1981-07-07", "rightArmedBowl": true, "rightHandedBat": true, "bowlingStyle": "MEDIUM_SEAM"}, "captain": {"id": 1, "fullName": "MS Dhoni", "shortName": "MS Dhoni", "nationality": "Indian", "dateOfBirth": "1981-07-07", "rightArmedBowl": true, "rightHandedBat": true, "bowlingStyle": "MEDIUM_SEAM"}}, {"id": 31137, "team": {"id": 9, "fullName": "Royal Challengers Bangalore", "shortName": "Challengers", "abbreviation": "RCB", "type": "m", "primaryColor": "000000", "secondaryColor": "FF3245"}, "players": [{"id": 164, "fullName": "Virat Kohli", "shortName": "V Kohli", "nationality": "Indian", "dateOfBirth": "1988-11-05", "rightArmedBowl": true, "rightHandedBat": true, "bowlingStyle": "MEDIUM_SEAM"}, {"id": 5430, "fullName": "Devdutt Padikkal", "shortName": "D Padikkal", "nationality": "Indian", "dateOfBirth": "2000-07-07", "rightArmedBowl": true, "rightHandedBat": false, "bowlingStyle": "OFF_SPIN"}, {"id": 282, "fullName": "Glenn Maxwell", "shortName": "G Maxwell", "nationality": "Australian", "dateOfBirth": "1988-10-14", "rightArmedBowl": true, "rightHandedBat": true, "bowlingStyle": "OFF_SPIN"}, {"id": 233, "fullName": "AB de Villiers", "shortName": "AB de Villiers", "nationality": "South African", "dateOfBirth": "1984-02-17", "rightArmedBowl": true, "rightHandedBat": true, "bowlingStyle": "MEDIUM_SEAM"}, {"id": 2973, "fullName": "Washington Sundar", "shortName": "W Sundar", "nationality": "Indian", "dateOfBirth": "1999-10-05", "rightArmedBowl": true, "rightHandedBat": false, "bowlingStyle": "OFF_SPIN"}, {"id": 181, "fullName": "Dan Christian", "shortName": "D Christian", "nationality": "Australian", "dateOfBirth": "1983-05-04", "rightArmedBowl": true, "rightHandedBat": true, "bowlingStyle": "MEDIUM_SEAM"}, {"id": 1616, "fullName": "Kyle Jamieson", "shortName": "K Jamieson", "nationality": "New Zealander", "dateOfBirth": "1994-12-30", "rightArmedBowl": true, "rightHandedBat": true, "bowlingStyle": "MEDIUM_SEAM"}, {"id": 157, "fullName": "Harshal Patel", "shortName": "H Patel", "nationality": "Indian", "dateOfBirth": "1990-11-23", "rightArmedBowl": true, "rightHandedBat": true, "bowlingStyle": "MEDIUM_SEAM"}, {"id": 3840, "fullName": "Mohammed Siraj", "shortName": "M Siraj", "nationality": "Indian", "dateOfBirth": "1994-03-13", "rightArmedBowl": true, "rightHandedBat": true, "bowlingStyle": "MEDIUM_SEAM"}, {"id": 3824, "fullName": "Navdeep Saini", "shortName": "N Saini", "nationality": "Indian", "dateOfBirth": "1992-11-23", "rightArmedBowl": true, "rightHandedBat": true, "bowlingStyle": "FAST_SEAM"}, {"id": 111, "fullName": "Yuzvendra Chahal", "shortName": "Y Chahal", "nationality": "Indian", "dateOfBirth": "1990-07-23", "rightArmedBowl": true, "rightHandedBat": true, "bowlingStyle": "LEG_SPIN"}], "wicketKeeper": {"id": 233, "fullName": "AB de Villiers", "shortName": "AB de Villiers", "nationality": "South African", "dateOfBirth": "1984-02-17", "rightArmedBowl": true, "rightHandedBat": true, "bowlingStyle": "MEDIUM_SEAM"}, "captain": {"id": 164, "fullName": "Virat Kohli", "shortName": "V Kohli", "nationality": "Indian", "dateOfBirth": "1988-11-05", "rightArmedBowl": true, "rightHandedBat": true, "bowlingStyle": "MEDIUM_SEAM"}}], "venue": {"id": 4, "fullName": "Wankhede Stadium", "shortName": "Wankhede Stadium", "city": "Mumbai", "country": "India"}, "matchDate": "2021-04-25T15:30:00+0530", "matchEndDate": "2021-04-25T23:00:00+0530", "matchDateMs": 1619344800000, "matchEndDateMs": 1619371800000, "isLimitedOvers": true, "battingOrder": [0, 1], "matchBroadcast": false, "matchState": "C", "matchStatus": {"outcome": "A", "text": "Chennai Super Kings won by 69 runs"}, "description": "Match 19", "matchSummary": "", "matchType": "IPLT20", "tournamentLabel": "IPL 2021", "oversLimit": 20, "groupName": ""}, "matchId": {"id": 23487, "name": "ipl2021-19", "tournamentId": {"id": 22399, "name": "ipl2021", "provisional": false}}, "currentState": {"inProgress": false, "phase": "C", "currentInningsIndex": 1, "currentBatsmen": [3840, 111], "facingBatsman": 3840, "nonFacingBatsman": 111, "currentBowler": -1, "previousBowler": 1745, "previousBowlerCurrentSpell": {"playerId": 1745, "ov": "3", "r": 4, "w": 0, "d": 14, "maid": 0, "e": "1.33", "wd": 0, "nb": 0}, "currentPartnership": 19, "partnership": {"runs": 19, "balls": 24, "runRate": "4.75"}, "recentOvers": [{"ovNo": 15, "ovBalls": [".", "1", ".", ".", ".", "."]}, {"ovNo": 16, "ovBalls": ["1", ".", "1", "6", ".", "W"]}, {"ovNo": 17, "ovBalls": [".", ".", ".", "1", ".", "."]}, {"ovNo": 18, "ovBalls": ["1", "1", "2", ".", "1", "."]}, {"ovNo": 19, "ovBalls": ["1", ".", ".", ".", ".", "1"]}, {"ovNo": 20, "ovBalls": [".", "6", "2", "1", "1", "1"]}]}, "innings": [{"inningsNumber": 1, "runRate": "9.55", "overProgress": "20", "declared": false, "scorecard": {"runs": 191, "wkts": 4, "allOut": false, "battingStats": [{"playerId": 5443, "r": 33, "b": 25, "sr": "132.00", "4s": 4, "6s": 1, "mod": {"dismissedBp": {"innings": 1, "over": 10, "ball": 1}, "countingBp": {"innings": 1, "over": 10, "ball": 1}, "text": "c Kyle Jamieson b Yuzvendra Chahal", "bowlerId": 111, "additionalPlayerIds": [1616], "dismissedMethod": "ct", "isOut": true}}, {"playerId": 24, "r": 50, "b": 41, "sr": "121.95", "4s": 5, "6s": 1, "mod": {"dismissedBp": {"innings": 1, "over": 14, "ball": 5}, "countingBp": {"innings": 1, "over": 14, "ball": 5}, "text": "c Dan Christian b Harshal Patel", "bowlerId": 157, "additionalPlayerIds": [181], "dismissedMethod": "ct", "isOut": true}}, {"playerId": 14, "r": 24, "b": 18, "sr": "133.33", "4s": 1, "6s": 3, "mod": {"dismissedBp": {"innings": 1, "over": 14, "ball": 4}, "countingBp": {"innings": 1, "over": 14, "ball": 4}, "text": "c Devdutt Padikkal b Harshal Patel", "bowlerId": 157, "additionalPlayerIds": [5430], "dismissedMethod": "ct", "isOut": true}}, {"playerId": 100, "r": 14, "b": 7, "sr": "200.00", "4s": 1, "6s": 1, "mod": {"dismissedBp": {"innings": 1, "over": 18, "ball": 3}, "countingBp": {"innings": 1, "over": 18, "ball": 3}, "text": "c Kyle Jamieson b Harshal Patel", "bowlerId": 157, "additionalPlayerIds": [1616], "dismissedMethod": "ct", "isOut": true}}, {"playerId": 9, "r": 62, "b": 28, "sr": "221.42", "4s": 4, "6s": 5}, {"playerId": 1, "r": 2, "b": 3, "sr": "66.66", "4s": 0, "6s": 0}], "bowlingStats": [{"playerId": 3840, "ov": "4", "r": 32, "w": 0, "d": 9, "maid": 0, "e": "8.00", "wd": 0, "nb": 0}, {"playerId": 1616, "ov": "3", "r": 31, "w": 0, "d": 5, "maid": 0, "e": "10.33", "wd": 1, "nb": 0}, {"playerId": 111, "ov": "3", "r": 24, "w": 1, "d": 8, "maid": 0, "e": "8.00", "wd": 0, "nb": 0}, {"playerId": 3824, "ov": "2", "r": 27, "w": 0, "d": 1, "maid": 0, "e": "13.50", "wd": 0, "nb": 1}, {"playerId": 157, "ov": "4", "r": 51, "w": 3, "d": 9, "maid": 0, "e": "12.75", "wd": 1, "nb": 1}, {"playerId": 181, "ov": "2", "r": 12, "w": 0, "d": 5, "maid": 0, "e": "6.00", "wd": 1, "nb": 0}, {"playerId": 2973, "ov": "2", "r": 13, "w": 0, "d": 7, "maid": 0, "e": "6.50", "wd": 0, "nb": 0}], "fow": [{"bp": {"innings": 1, "over": 10, "ball": 1}, "playerId": 5443, "ret": false, "w": 1, "r": 74}, {"bp": {"innings": 1, "over": 14, "ball": 4}, "playerId": 14, "ret": false, "w": 2, "r": 111}, {"bp": {"innings": 1, "over": 14, "ball": 5}, "playerId": 24, "ret": false, "w": 3, "r": 111}, {"bp": {"innings": 1, "over": 18, "ball": 3}, "playerId": 100, "ret": false, "w": 4, "r": 142}], "extras": {"noBallRuns": 2, "wideRuns": 3, "byeRuns": 0, "legByeRuns": 1, "penaltyRuns": 0}, "declared": false}, "overHistory": [{"ovNo": 1, "ovBalls": ["1", "4", ".", ".", "1", "."]}, {"ovNo": 2, "ovBalls": [".", ".", "1", "1Wd", "1", "1", "."]}, {"ovNo": 3, "ovBalls": ["6", "1", ".", "4", ".", "."]}, {"ovNo": 4, "ovBalls": ["4", ".", "4", "1", "1", "."]}, {"ovNo": 5, "ovBalls": [".", "4", "1", "1", ".", "."]}, {"ovNo": 6, "ovBalls": ["1", "2Nb", "1", "4", "1", "1", "4"]}, {"ovNo": 7, "ovBalls": [".", ".", "2", "1", ".", "6"]}, {"ovNo": 8, "ovBalls": [".", "4", ".", "1", "2", "1"]}, {"ovNo": 9, "ovBalls": ["1", "1Wd", ".", "1", "1", "2", "."]}, {"ovNo": 10, "ovBalls": ["W", "1", "1", "1", ".", "6"]}, {"ovNo": 11, "ovBalls": ["1", "1Lb", "1", ".", "4", "."]}, {"ovNo": 12, "ovBalls": ["1", ".", ".", "6", ".", "."]}, {"ovNo": 13, "ovBalls": ["4", "1", "1", "1", ".", "6"]}, {"ovNo": 14, "ovBalls": ["1", ".", ".", "W", "W", "."]}, {"ovNo": 15, "ovBalls": ["1", ".", ".", ".", "1", "4"]}, {"ovNo": 16, "ovBalls": ["4", "4", "1", "1", "1", "6"]}, {"ovNo": 17, "ovBalls": ["2", ".", ".", "2", "1", "1"]}, {"ovNo": 18, "ovBalls": ["1", "1", "W", ".", "1", "1Wd", "1"]}, {"ovNo": 19, "ovBalls": ["2", ".", "1", "1", "4", "1"]}, {"ovNo": 20, "ovBalls": ["6", "6", "7Nb", "6", "2", "6", "4"]}]}, {"inningsNumber": 2, "runRate": "6.10", "overProgress": "20", "declared": false, "scorecard": {"runs": 122, "wkts": 9, "allOut": false, "battingStats": [{"playerId": 164, "r": 8, "b": 7, "sr": "114.28", "4s": 1, "6s": 0, "mod": {"dismissedBp": {"innings": 2, "over": 4, "ball": 1}, "countingBp": {"innings": 2, "over": 4, "ball": 1}, "text": "c MS Dhoni b Sam Curran", "bowlerId": 2939, "additionalPlayerIds": [1], "dismissedMethod": "ct", "isOut": true}}, {"playerId": 5430, "r": 34, "b": 15, "sr": "226.66", "4s": 4, "6s": 2, "mod": {"dismissedBp": {"innings": 2, "over": 5, "ball": 6}, "countingBp": {"innings": 2, "over": 5, "ball": 6}, "text": "c Suresh Raina b Shardul Thakur", "bowlerId": 1745, "additionalPlayerIds": [14], "dismissedMethod": "ct", "isOut": true}}, {"playerId": 2973, "r": 7, "b": 11, "sr": "63.63", "4s": 1, "6s": 0, "mod": {"dismissedBp": {"innings": 2, "over": 7, "ball": 2}, "countingBp": {"innings": 2, "over": 7, "ball": 2}, "text": "c Ruturaj Gaikwad b Ravindra Jadeja", "bowlerId": 9, "additionalPlayerIds": [5443], "dismissedMethod": "ct", "isOut": true}}, {"playerId": 282, "r": 22, "b": 15, "sr": "146.66", "4s": 3, "6s": 0, "mod": {"dismissedBp": {"innings": 2, "over": 9, "ball": 5}, "countingBp": {"innings": 2, "over": 9, "ball": 5}, "text": "b Ravindra Jadeja", "bowlerId": 9, "dismissedMethod": "b", "isOut": true}}, {"playerId": 233, "r": 4, "b": 9, "sr": "44.44", "4s": 0, "6s": 0, "mod": {"dismissedBp": {"innings": 2, "over": 11, "ball": 1}, "countingBp": {"innings": 2, "over": 11, "ball": 1}, "text": "b Ravindra Jadeja", "bowlerId": 9, "dismissedMethod": "b", "isOut": true}}, {"playerId": 181, "r": 1, "b": 3, "sr": "33.33", "4s": 0, "6s": 0, "mod": {"dismissedBp": {"innings": 2, "over": 10, "ball": 4}, "countingBp": {"innings": 2, "over": 10, "ball": 4}, "text": "run out (Ravindra Jadeja)", "bowlerId": 898, "additionalPlayerIds": [9], "dismissedMethod": "ro", "isOut": true}}, {"playerId": 1616, "r": 16, "b": 13, "sr": "123.07", "4s": 1, "6s": 1, "mod": {"dismissedBp": {"innings": 2, "over": 16, "ball": 6}, "countingBp": {"innings": 2, "over": 16, "ball": 6}, "text": "run out (Imran Tahir)", "bowlerId": 25, "additionalPlayerIds": [898], "dismissedMethod": "ro", "isOut": true}}, {"playerId": 157, "r": 0, "b": 8, "sr": "0.00", "4s": 0, "6s": 0, "mod": {"dismissedBp": {"innings": 2, "over": 12, "ball": 7}, "countingBp": {"innings": 2, "over": 12, "ball": 6}, "text": "b Imran Tahir", "bowlerId": 898, "dismissedMethod": "b", "isOut": true}}, {"playerId": 3824, "r": 2, "b": 4, "sr": "50.00", "4s": 0, "6s": 0, "mod": {"dismissedBp": {"innings": 2, "over": 14, "ball": 2}, "countingBp": {"innings": 2, "over": 14, "ball": 1}, "text": "c Suresh Raina b Imran Tahir", "bowlerId": 898, "additionalPlayerIds": [14], "dismissedMethod": "ct", "isOut": true}}, {"playerId": 111, "r": 8, "b": 21, "sr": "38.09", "4s": 0, "6s": 0}, {"playerId": 3840, "r": 12, "b": 14, "sr": "85.71", "4s": 0, "6s": 1}], "bowlingStats": [{"playerId": 140, "ov": "2", "r": 25, "w": 0, "d": 4, "maid": 0, "e": "12.50", "wd": 2, "nb": 0}, {"playerId": 2939, "ov": "4", "r": 35, "w": 1, "d": 9, "maid": 0, "e": "8.75", "wd": 1, "nb": 0}, {"playerId": 1745, "ov": "4", "r": 11, "w": 1, "d": 17, "maid": 0, "e": "2.75", "wd": 0, "nb": 0}, {"playerId": 9, "ov": "4", "r": 13, "w": 3, "d": 15, "maid": 1, "e": "3.25", "wd": 0, "nb": 0}, {"playerId": 898, "ov": "4", "r": 16, "w": 2, "d": 14, "maid": 0, "e": "4.00", "wd": 2, "nb": 0}, {"playerId": 25, "ov": "2", "r": 19, "w": 0, "d": 4, "maid": 0, "e": "9.50", "wd": 0, "nb": 0}], "fow": [{"bp": {"innings": 2, "over": 4, "ball": 1}, "playerId": 164, "ret": false, "w": 1, "r": 44}, {"bp": {"innings": 2, "over": 5, "ball": 6}, "playerId": 5430, "ret": false, "w": 2, "r": 54}, {"bp": {"innings": 2, "over": 7, "ball": 2}, "playerId": 2973, "ret": false, "w": 3, "r": 65}, {"bp": {"innings": 2, "over": 9, "ball": 5}, "playerId": 282, "ret": false, "w": 4, "r": 79}, {"bp": {"innings": 2, "over": 10, "ball": 4}, "playerId": 181, "ret": false, "w": 5, "r": 81}, {"bp": {"innings": 2, "over": 11, "ball": 1}, "playerId": 233, "ret": false, "w": 6, "r": 83}, {"bp": {"innings": 2, "over": 12, "ball": 6}, "playerId": 157, "ret": false, "w": 7, "r": 89}, {"bp": {"innings": 2, "over": 14, "ball": 1}, "playerId": 3824, "ret": false, "w": 8, "r": 94}, {"bp": {"innings": 2, "over": 16, "ball": 6}, "playerId": 1616, "ret": false, "w": 9, "r": 103}], "extras": {"noBallRuns": 0, "wideRuns": 5, "byeRuns": 0, "legByeRuns": 3, "penaltyRuns": 0}, "declared": false}, "overHistory": [{"ovNo": 1, "ovBalls": ["4", "1", ".", "4", ".", "1Wd", "."]}, {"ovNo": 2, "ovBalls": ["1", "6", "1", "1Wd", "1", "6", "2"]}, {"ovNo": 3, "ovBalls": ["1", "1Wd", "4", "4", "1", "1Lb", "4"]}, {"ovNo": 4, "ovBalls": ["W", ".", ".", ".", ".", "1"]}, {"ovNo": 5, "ovBalls": ["4", "2Lb", "1", ".", "2", "W"]}, {"ovNo": 6, "ovBalls": ["1", "4", "4", ".", ".", "2"]}, {"ovNo": 7, "ovBalls": [".", "W", "2", "1", ".", "."]}, {"ovNo": 8, "ovBalls": [".", "2", "1", "1", "1", "."]}, {"ovNo": 9, "ovBalls": [".", "4", "1", "1", "W", "."]}, {"ovNo": 10, "ovBalls": ["1", ".", "1", "W", "1", "1"]}, {"ovNo": 11, "ovBalls": ["W", ".", ".", ".", ".", "."]}, {"ovNo": 12, "ovBalls": [".", "4", "1", ".", "1Wd", ".", "W"]}, {"ovNo": 13, "ovBalls": [".", "1", ".", "1", "1", "1"]}, {"ovNo": 14, "ovBalls": ["1Wd", "W", ".", ".", ".", ".", "."]}, {"ovNo": 15, "ovBalls": [".", "1", ".", ".", ".", "."]}, {"ovNo": 16, "ovBalls": ["1", ".", "1", "6", ".", "W"]}, {"ovNo": 17, "ovBalls": [".", ".", ".", "1", ".", "."]}, {"ovNo": 18, "ovBalls": ["1", "1", "2", ".", "1", "."]}, {"ovNo": 19, "ovBalls": ["1", ".", ".", ".", ".", "1"]}, {"ovNo": 20, "ovBalls": [".", "6", "2", "1", "1", "1"]}]}]}