{"matchInfo": {"additionalInfo": {"sixes.video.thumb": "http://img.delvenetworks.com/vskqgd3UTRwgGafUGHJCGE/URR2fVWOS7MvWcH9DNpxCM/hPN.540x302.jpeg", "sixes.video.id": "http://link.videoplatform.limelight.com/media/?mediaId=5114767d558e4bb3bd6707f43369c423&width=480&height=321&playerForm=Player", "match.video.thumb": "http://img.delvenetworks.com/vskqgd3UTRwgGafUGHJCGE/cqf3MW_EQYwiKQbp88ye0Q/dms.540x302.jpeg", "mom.video.thumb": "http://images.lvp.llnw.net/bec92a81ddd44d1c80669f5061c90861/media/d08aab842e8d44bf8339e6dc3ca79e80/rGV.540x304.jpeg", "mom.video.id": "d08aab842e8d44bf8339e6dc3ca79e80", "referee.name": "Graeme Labrooy", "report.thumb": "http://static2.iplt20.com/cms/media/images/650x433/26217.jpg", "match.summary": "", "umpire.name.1": "Marais Erasmus", "umpire.name.2": "S Ravi", "umpire.name.3": "Billy Bowden", "interview.thumb": "http://static2.iplt20.com/cms/media/images/630x420/26279.jpg", "umpire.name.4": "Krishnamachari Srinivasan", "away.team.fan.total": "3857", "result.playerofthematch": "Aaron Finch ", "toss.elected": "Sunrisers Hyderabad, who chose to bat", "notes.1.1": "Powerplay - 55 runs, 0 wickets", "notes.1.2": "SRH: 50 runs in 5.4 overs", "notes.2.1": "Powerplay - 44 runs, 0 wickets", "notes.1.3": "1st Wicket: 50 runs in 34 balls (Shikhar Dhawan 32, Aaron Finch 17)", "notes.2.2": "DD - 50 runs in 6.4 overs", "notes.1.4": "SRH - 100 runs in 14.1 overs", "notes.2.3": "1st Wicket: 50 runs in 40 balls (Quinton de Kock 31, Murali Vijay 18)", "notes.1.5": "2nd Wicket: 50 runs in 48 balls (Aaron Finch 28, David Warner 22)", "notes.2.4": "DD: 100 runs in 12.1 overs", "notes.1.6": "Aaron Finch: 50 off 37 balls (4 x fours, 2 x sixes)", "notes.2.5": "Murali Vijay: 50 off 39 balls (7 x fours, 1 x sixes)", "notes.1.7": "SRH - 150 runs in 17.4 overs ", "notes.2.6": "DD: 150 runs in 17.4 overs", "notes.1.8": "2nd Wicket: 100 runs in 70 balls (Aaron Finch 60, David Warner 43)", "highlights.link": "http://link.videoplatform.limelight.com/media/?mediaId=72a7f7316fc4418c88a41ba7cf327b44&width=480&height=321&playerForm=Player", "notes.1.9": "David Warner: 50 off 40 balls (2 x fours, 3 x sixes)", "match.video.id": "5114767d558e4bb3bd6707f43369c423", "stats.link": "http://www.iplt20.com/news/2014/more-news/4710/quick-stats-match-12-srh-v-dd", "home.team.fan.total": "3195", "photostream.link": "http://www.iplt20.com/photos/199/ipl-2014-match-12-srh-v-dd", "toss.winner": "Sunrisers Hyderabad", "notes.1.10": "Innings Break: SRH - 184/1 in 20 overs", "interview.link": "http://www.iplt20.com/news/2014/features/4700/finch-shines-bright-for-sunrisers", "stats.thumb": "http://static2.iplt20.com/cms/media/images/630x420/26421.jpg"}, "teams": [{"id": 2391, "team": {"id": 62, "fullName": "Sunrisers Hyderabad", "shortName": "Sunrisers", "abbreviation": "SRH", "type": "m", "primaryColor": "FF9C00", "secondaryColor": "FFFFFF"}, "players": [{"id": 167, "fullName": "Aaron Finch", "shortName": "A Finch", "nationality": "Australian", "dateOfBirth": "1986-11-17", "rightArmedBowl": false, "rightHandedBat": true, "bowlingStyle": "ORTHODOX"}, {"id": 41, "fullName": "Shikhar Dhawan", "shortName": "S Dhawan", "nationality": "Indian", "dateOfBirth": "1985-12-05", "rightArmedBowl": true, "rightHandedBat": false, "bowlingStyle": "OFF_SPIN"}, {"id": 170, "fullName": "David Warner", "shortName": "D Warner", "nationality": "Australian", "dateOfBirth": "1986-10-27", "rightArmedBowl": true, "rightHandedBat": false, "bowlingStyle": "LEG_SPIN"}, {"id": 1125, "fullName": "KL Rahul", "shortName": "KL Rahul", "nationality": "Indian", "dateOfBirth": "1992-04-18", "rightArmedBowl": true, "rightHandedBat": true}, {"id": 62, "fullName": "Venugopal Rao", "shortName": "V Rao", "nationality": "Indian", "dateOfBirth": "1982-02-26", "rightArmedBowl": false, "rightHandedBat": false}, {"id": 52, "fullName": "Naman Ojha", "shortName": "N Ojha", "nationality": "Indian", "dateOfBirth": "1983-07-20", "rightArmedBowl": true, "rightHandedBat": true}, {"id": 589, "fullName": "Darren Sammy", "shortName": "D Sammy", "nationality": "West Indian", "dateOfBirth": "1983-12-20", "rightArmedBowl": false, "rightHandedBat": true}, {"id": 1118, "fullName": "Karn Sharma", "shortName": "K Sharma", "nationality": "Indian", "dateOfBirth": "1987-10-23", "rightArmedBowl": true, "rightHandedBat": false, "bowlingStyle": "LEG_SPIN"}, {"id": 180, "fullName": "Dale Steyn", "shortName": "D Steyn", "nationality": "South African", "dateOfBirth": "1983-06-27", "rightArmedBowl": true, "rightHandedBat": true, "bowlingStyle": "FAST_SEAM"}, {"id": 30, "fullName": "Amit Mishra", "shortName": "A Mishra", "nationality": "Indian", "dateOfBirth": "1982-11-24", "rightArmedBowl": true, "rightHandedBat": true, "bowlingStyle": "LEG_SPIN"}, {"id": 116, "fullName": "Bhuvneshwar Kumar", "shortName": "B Kumar", "nationality": "Indian", "dateOfBirth": "1990-02-05", "rightArmedBowl": true, "rightHandedBat": true, "bowlingStyle": "MEDIUM_SEAM"}], "wicketKeeper": {"id": 52, "fullName": "Naman Ojha", "shortName": "N Ojha", "nationality": "Indian", "dateOfBirth": "1983-07-20", "rightArmedBowl": true, "rightHandedBat": true}, "captain": {"id": 41, "fullName": "Shikhar Dhawan", "shortName": "S Dhawan", "nationality": "Indian", "dateOfBirth": "1985-12-05", "rightArmedBowl": true, "rightHandedBat": false, "bowlingStyle": "OFF_SPIN"}}, {"id": 2390, "team": {"id": 3, "fullName": "Delhi Capitals", "shortName": "Delhi", "abbreviation": "DC", "type": "m", "primaryColor": "004C93", "secondaryColor": "F83430"}, "players": [{"id": 834, "fullName": "Quinton de Kock", "shortName": "Q de Kock", "nationality": "South African", "dateOfBirth": "1992-12-17", "rightArmedBowl": false, "rightHandedBat": false}, {"id": 7, "fullName": "Murali Vijay", "shortName": "M Vijay", "nationality": "Indian", "dateOfBirth": "1984-04-01", "rightArmedBowl": false, "rightHandedBat": false}, {"id": 172, "fullName": "Kevin Pietersen", "shortName": "K Pietersen", "nationality": "English", "dateOfBirth": "1980-06-27", "rightArmedBowl": true, "rightHandedBat": true, "bowlingStyle": "OFF_SPIN"}, {"id": 102, "fullName": "Dinesh Karthik", "shortName": "D Karthik", "nationality": "Indian", "dateOfBirth": "1985-06-01", "rightArmedBowl": true, "rightHandedBat": true, "bowlingStyle": "OFF_SPIN"}, {"id": 89, "fullName": "Manoj Tiwary", "shortName": "M Tiwary", "nationality": "Indian", "dateOfBirth": "1985-11-14", "rightArmedBowl": true, "rightHandedBat": true}, {"id": 182, "fullName": "JP Duminy", "shortName": "JP Duminy", "nationality": "South African", "dateOfBirth": "1984-04-14", "rightArmedBowl": false, "rightHandedBat": false}, {"id": 88, "fullName": "Laxmi Ratan Shukla", "shortName": "L Ratan Shukla", "nationality": "Indian", "dateOfBirth": "1981-05-06", "rightArmedBowl": false, "rightHandedBat": false}, {"id": 223, "fullName": "Wayne Parnell", "shortName": "W Parnell", "nationality": "South African", "dateOfBirth": "1989-07-30", "rightArmedBowl": false, "rightHandedBat": false}, {"id": 57, "fullName": "Shahbaz Nadeem", "shortName": "S Nadeem", "nationality": "Indian", "dateOfBirth": "1989-08-12", "rightArmedBowl": false, "rightHandedBat": true, "bowlingStyle": "ORTHODOX"}, {"id": 94, "fullName": "Mohammad Shami", "shortName": "M Shami", "nationality": "Indian", "dateOfBirth": "1990-09-03", "rightArmedBowl": true, "rightHandedBat": true, "bowlingStyle": "FAST_SEAM"}, {"id": 86, "fullName": "Jaydev Unadkat", "shortName": "J Unadkat", "nationality": "Indian", "dateOfBirth": "1991-10-18", "rightArmedBowl": false, "rightHandedBat": true, "bowlingStyle": "MEDIUM_SEAM"}], "wicketKeeper": {"id": 102, "fullName": "Dinesh Karthik", "shortName": "D Karthik", "nationality": "Indian", "dateOfBirth": "1985-06-01", "rightArmedBowl": true, "rightHandedBat": true, "bowlingStyle": "OFF_SPIN"}, "captain": {"id": 172, "fullName": "Kevin Pietersen", "shortName": "K Pietersen", "nationality": "English", "dateOfBirth": "1980-06-27", "rightArmedBowl": true, "rightHandedBat": true, "bowlingStyle": "OFF_SPIN"}}], "venue": {"id": 37, "fullName": "Dubai International Stadium", "shortName": "Dubai International Stadium", "city": "Dubai", "country": "UAE"}, "matchDate": "2014-04-25T14:30:00+0400", "matchEndDate": "2014-04-25T23:00:00+0400", "matchDateMs": 1398421800000, "matchEndDateMs": 1398452400000, "isLimitedOvers": true, "battingOrder": [0, 1], "matchBroadcast": false, "matchState": "C", "matchStatus": {"outcome": "A", "text": "Sunrisers Hyderabad won by 4 runs"}, "description": "Match 12", "matchSummary": "", "matchType": "IPLT20", "tournamentLabel": "IPL 2014", "oversLimit": 20, "groupName": ""}, "matchId": {"id": 2435, "name": "ipl2014-12", "tournamentId": {"id": 2374, "name": "ipl2014", "provisional": false}}, "currentState": {"inProgress": false, "phase": "C", "currentInningsIndex": 1, "currentBatsmen": [89, 182], "facingBatsman": 89, "nonFacingBatsman": 182, "currentBowler": -1, "previousBowler": 180, "previousBowlerCurrentSpell": {"playerId": 180, "ov": "2", "r": 18, "w": 2, "d": 3, "maid": 0, "e": "9.00", "wd": 0, "nb": 0}, "currentPartnership": 45, "partnership": {"runs": 45, "balls": 19, "runRate": "14.21"}, "recentOvers": [{"ovNo": 15, "ovBalls": [".", ".", "1", "1", "1", "2"]}, {"ovNo": 16, "ovBalls": ["1", "1", ".", "1", "1", "6"]}, {"ovNo": 17, "ovBalls": ["1", "4", "1", "W", "W", "1"]}, {"ovNo": 18, "ovBalls": [".", "6", "1", "6", "2Nb", "2", "1"]}, {"ovNo": 19, "ovBalls": [".", "4", "1", "4", "1", "1"]}, {"ovNo": 20, "ovBalls": ["1", "1Lb", "4", "1", "6", "2"]}]}, "innings": [{"inningsNumber": 1, "runRate": "9.20", "overProgress": "20", "declared": false, "scorecard": {"runs": 184, "wkts": 1, "allOut": false, "battingStats": [{"playerId": 41, "r": 33, "b": 22, "sr": "150.00", "4s": 5, "6s": 1, "mod": {"dismissedBp": {"innings": 1, "over": 7, "ball": 2}, "countingBp": {"innings": 1, "over": 7, "ball": 2}, "text": "c Kevin Pietersen b Shahbaz Nadeem", "bowlerId": 57, "additionalPlayerIds": [172], "dismissedMethod": "ct", "isOut": true}}, {"playerId": 167, "r": 88, "b": 53, "sr": "166.03", "4s": 8, "6s": 4}, {"playerId": 170, "r": 58, "b": 45, "sr": "128.88", "4s": 3, "6s": 3}], "bowlingStats": [{"playerId": 57, "ov": "4", "r": 24, "w": 1, "d": 12, "maid": 0, "e": "6.00", "wd": 1, "nb": 0}, {"playerId": 94, "ov": "4", "r": 36, "w": 0, "d": 8, "maid": 0, "e": "9.00", "wd": 1, "nb": 0}, {"playerId": 223, "ov": "4", "r": 38, "w": 0, "d": 8, "maid": 0, "e": "9.50", "wd": 0, "nb": 0}, {"playerId": 86, "ov": "4", "r": 43, "w": 0, "d": 4, "maid": 0, "e": "10.75", "wd": 0, "nb": 0}, {"playerId": 182, "ov": "2", "r": 19, "w": 0, "d": 3, "maid": 0, "e": "9.50", "wd": 0, "nb": 0}, {"playerId": 88, "ov": "2", "r": 21, "w": 0, "d": 5, "maid": 0, "e": "10.50", "wd": 0, "nb": 0}], "fow": [{"bp": {"innings": 1, "over": 7, "ball": 2}, "playerId": 41, "ret": false, "w": 1, "r": 56}], "extras": {"noBallRuns": 0, "wideRuns": 2, "byeRuns": 0, "legByeRuns": 3, "penaltyRuns": 0}, "declared": false}, "overHistory": [{"ovNo": 1, "ovBalls": [".", ".", ".", "1", ".", "1Wd", "4"]}, {"ovNo": 2, "ovBalls": ["1Lb", "1", ".", "1Wd", "1", "1Lb", "4"]}, {"ovNo": 3, "ovBalls": ["1", "4", ".", "2", ".", "."]}, {"ovNo": 4, "ovBalls": ["4", ".", "2", ".", "4", "."]}, {"ovNo": 5, "ovBalls": ["4", "6", "4", "1", ".", "."]}, {"ovNo": 6, "ovBalls": ["1", "1", ".", "4", "1", "1"]}, {"ovNo": 7, "ovBalls": ["1", "W", ".", ".", "1", "."]}, {"ovNo": 8, "ovBalls": ["1", "1", "6", ".", "1", "1"]}, {"ovNo": 9, "ovBalls": [".", "3", ".", ".", "1", "1"]}, {"ovNo": 10, "ovBalls": [".", "1", "1", "6", "1", "."]}, {"ovNo": 11, "ovBalls": ["1", "1", "1", ".", ".", "1"]}, {"ovNo": 12, "ovBalls": ["1", "1", "1", ".", "1", "1"]}, {"ovNo": 13, "ovBalls": [".", "2", ".", ".", ".", "."]}, {"ovNo": 14, "ovBalls": [".", "1", "1Lb", "1", ".", "4"]}, {"ovNo": 15, "ovBalls": ["2", "6", "4", "4", "1", "2"]}, {"ovNo": 16, "ovBalls": ["1", "2", "1", "1", "4", "1"]}, {"ovNo": 17, "ovBalls": ["1", "1", "6", "1", ".", "2"]}, {"ovNo": 18, "ovBalls": ["2", "1", "4", "4", "4", "6"]}, {"ovNo": 19, "ovBalls": ["6", "1", "1", "2", ".", "4"]}, {"ovNo": 20, "ovBalls": ["1", "1", "1", "1", ".", "6"]}]}, {"inningsNumber": 2, "runRate": "9.00", "overProgress": "20", "declared": false, "scorecard": {"runs": 180, "wkts": 4, "allOut": false, "battingStats": [{"playerId": 834, "r": 48, "b": 30, "sr": "160.00", "4s": 6, "6s": 1, "mod": {"dismissedBp": {"innings": 2, "over": 12, "ball": 2}, "countingBp": {"innings": 2, "over": 12, "ball": 2}, "text": "c Aaron Finch b Karn Sharma", "bowlerId": 1118, "additionalPlayerIds": [167], "dismissedMethod": "ct", "isOut": true}}, {"playerId": 7, "r": 52, "b": 40, "sr": "130.00", "4s": 7, "6s": 1, "mod": {"dismissedBp": {"innings": 2, "over": 13, "ball": 2}, "countingBp": {"innings": 2, "over": 13, "ball": 2}, "text": "c Dale Steyn b Darren Sammy", "bowlerId": 589, "additionalPlayerIds": [180], "dismissedMethod": "ct", "isOut": true}}, {"playerId": 172, "r": 16, "b": 17, "sr": "94.11", "4s": 1, "6s": 1, "mod": {"dismissedBp": {"innings": 2, "over": 17, "ball": 5}, "countingBp": {"innings": 2, "over": 17, "ball": 5}, "text": "c Darren Sammy b Dale Steyn", "bowlerId": 180, "additionalPlayerIds": [589], "dismissedMethod": "ct", "isOut": true}}, {"playerId": 102, "r": 15, "b": 14, "sr": "107.14", "4s": 1, "6s": 0, "mod": {"dismissedBp": {"innings": 2, "over": 17, "ball": 4}, "countingBp": {"innings": 2, "over": 17, "ball": 4}, "text": "c KL Rahul b Dale Steyn", "bowlerId": 180, "additionalPlayerIds": [1125], "dismissedMethod": "ct", "isOut": true}}, {"playerId": 182, "r": 20, "b": 7, "sr": "285.71", "4s": 1, "6s": 2}, {"playerId": 89, "r": 23, "b": 13, "sr": "176.92", "4s": 2, "6s": 1}], "bowlingStats": [{"playerId": 116, "ov": "4", "r": 40, "w": 0, "d": 7, "maid": 0, "e": "10.00", "wd": 1, "nb": 0}, {"playerId": 180, "ov": "4", "r": 33, "w": 2, "d": 8, "maid": 0, "e": "8.25", "wd": 0, "nb": 0}, {"playerId": 62, "ov": "1", "r": 9, "w": 0, "d": 1, "maid": 0, "e": "9.00", "wd": 0, "nb": 0}, {"playerId": 1118, "ov": "4", "r": 23, "w": 1, "d": 11, "maid": 0, "e": "5.75", "wd": 1, "nb": 0}, {"playerId": 589, "ov": "3", "r": 34, "w": 1, "d": 5, "maid": 0, "e": "11.33", "wd": 0, "nb": 0}, {"playerId": 30, "ov": "4", "r": 38, "w": 0, "d": 6, "maid": 0, "e": "9.50", "wd": 0, "nb": 1}], "fow": [{"bp": {"innings": 2, "over": 12, "ball": 2}, "playerId": 834, "ret": false, "w": 1, "r": 99}, {"bp": {"innings": 2, "over": 13, "ball": 2}, "playerId": 7, "ret": false, "w": 2, "r": 103}, {"bp": {"innings": 2, "over": 17, "ball": 4}, "playerId": 102, "ret": false, "w": 3, "r": 135}, {"bp": {"innings": 2, "over": 17, "ball": 5}, "playerId": 172, "ret": false, "w": 4, "r": 135}], "extras": {"noBallRuns": 1, "wideRuns": 2, "byeRuns": 0, "legByeRuns": 3, "penaltyRuns": 0}, "declared": false}, "overHistory": [{"ovNo": 1, "ovBalls": ["1", ".", ".", "1", "1Wd", "1", "."]}, {"ovNo": 2, "ovBalls": ["4", "1", ".", "1", "1", "1Lb"]}, {"ovNo": 3, "ovBalls": [".", "4", "1", "1", "2", "."]}, {"ovNo": 4, "ovBalls": ["1", ".", "1", "1", "2", "4"]}, {"ovNo": 5, "ovBalls": ["1", ".", ".", "1", ".", "6"]}, {"ovNo": 6, "ovBalls": ["1", "4", "1", ".", "1Wd", ".", "."]}, {"ovNo": 7, "ovBalls": ["4", ".", ".", "4", "1", "4"]}, {"ovNo": 8, "ovBalls": ["1", "1", "4", "1", "1", "4"]}, {"ovNo": 9, "ovBalls": [".", "1", ".", "1", "1", "."]}, {"ovNo": 10, "ovBalls": [".", "4", "1", "1", "4", "4"]}, {"ovNo": 11, "ovBalls": ["1", "6", "1", "1", "1", "2"]}, {"ovNo": 12, "ovBalls": ["1", "W", ".", ".", ".", "."]}, {"ovNo": 13, "ovBalls": ["4", "W", "2", ".", "4", "1"]}, {"ovNo": 14, "ovBalls": ["1", "1", ".", "1", "1Lb", "."]}, {"ovNo": 15, "ovBalls": [".", ".", "1", "1", "1", "2"]}, {"ovNo": 16, "ovBalls": ["1", "1", ".", "1", "1", "6"]}, {"ovNo": 17, "ovBalls": ["1", "4", "1", "W", "W", "1"]}, {"ovNo": 18, "ovBalls": [".", "6", "1", "6", "2Nb", "2", "1"]}, {"ovNo": 19, "ovBalls": [".", "4", "1", "4", "1", "1"]}, {"ovNo": 20, "ovBalls": ["1", "1Lb", "4", "1", "6", "2"]}]}]}