{"matchInfo": {"additionalInfo": {"referee.name": "KN Ananthapadmanabhan", "match.photo.id": "16107", "match.summary": "", "umpire.name.1": "Aleem Dar ", "umpire.name.2": "Chettithody Shamsuddin", "umpire.name.3": "Subrat Das", "umpire.name.4": "Andy Pycroft", "away.team.fan.total": "8505", "result.playerofthematch": "Chris Gayle", "toss.elected": "Pune Warriors India, who chose to field", "notes.1.1": "Powerplay - 62 runs, 0 wicket", "notes.1.2": "RCB: 50 runs in 4.5 overs", "notes.2.1": "Powerplay - 43 runs, 4 wickets", "notes.1.3": "1st Wicket: 50 runs in 30 balls (Chris Gayle 44, Tillakaratne Dilshan 10)", "notes.2.2": "PWI: 50 runs in 7.1 overs", "notes.1.4": "Chris Gayle: 50 off 17 balls (6 x fours, 4 x sixes)", "notes.2.3": "5th Wicket: 50 runs in 37 balls (Steve Smith 35, Mitchell Marsh 13)", "notes.1.5": "RCB: 100 runs in 7.5 overs", "notes.2.4": "PWI: 100 runs in 12.6 overs", "notes.1.6": "1st Wicket: 100 runs in 48 balls (Chris Gayle 89, Tillakaratne Dilshan 11)", "notes.1.7": "Chris Gayle: 100 off 30 balls (8 x fours, 11 x sixes)", "notes.1.8": "RCB: 150 runs in 11.5 overs", "highlights.link": "http://www.iplt20.com/videos/media/id/af462b7454c043eaa380ea21480a02e3/m31-rcb-vs-pwi-match-highlights", "notes.1.9": "1st Wicket: 150 runs in 73 balls (Chris Gayle 114, Tillakaratne Dilshan 30)", "match.video.id": "af462b7454c043eaa380ea21480a02e3", "home.team.fan.total": "25045", "notes.1.13": "Innings Break: RCB - 263/5 in 20 overs", "photostream.link": "http://www.iplt20.com/photos/135/ipl-2013-match-31-rcb-v-pwi", "toss.winner": "Pune Warriors India", "notes.1.10": "Chris Gayle: 150 off 53 balls (11 x fours, 16 x sixes)", "notes.1.11": "RCB: 200 runs in 15.5 overs", "notes.1.12": "RCB: 250 runs in 18.4 overs"}, "teams": [{"id": 1450, "team": {"id": 9, "fullName": "Royal Challengers Bangalore", "shortName": "Challengers", "abbreviation": "RCB", "type": "m", "primaryColor": "000000", "secondaryColor": "FF3245"}, "players": [{"id": 240, "fullName": "Tillakaratne Dilshan", "shortName": "T Dilshan", "nationality": "Sri Lankan", "dateOfBirth": "1976-10-14", "rightArmedBowl": true, "rightHandedBat": true, "bowlingStyle": "OFF_SPIN"}, {"id": 236, "fullName": "Chris Gayle", "shortName": "C Gayle", "nationality": "West Indian", "dateOfBirth": "1979-09-21", "rightArmedBowl": true, "rightHandedBat": false, "bowlingStyle": "OFF_SPIN"}, {"id": 164, "fullName": "Virat Kohli", "shortName": "V Kohli", "nationality": "Indian", "dateOfBirth": "1988-11-05", "rightArmedBowl": true, "rightHandedBat": true, "bowlingStyle": "MEDIUM_SEAM"}, {"id": 233, "fullName": "AB de Villiers", "shortName": "AB de Villiers", "nationality": "South African", "dateOfBirth": "1984-02-17", "rightArmedBowl": true, "rightHandedBat": true, "bowlingStyle": "MEDIUM_SEAM"}, {"id": 163, "fullName": "Saurabh Tiwary", "shortName": "S Tiwary", "nationality": "Indian", "dateOfBirth": "1989-12-30", "rightArmedBowl": true, "rightHandedBat": false}, {"id": 153, "fullName": "Arun Karthik", "shortName": "A Karthik", "nationality": "Indian", "dateOfBirth": "1986-02-15", "rightArmedBowl": false, "rightHandedBat": false}, {"id": 594, "fullName": "Ravi Rampaul", "shortName": "R Rampaul", "nationality": "West Indian", "dateOfBirth": "1984-10-15", "rightArmedBowl": true, "rightHandedBat": true, "bowlingStyle": "FAST_SEAM"}, {"id": 166, "fullName": "Vinay Kumar", "shortName": "V Kumar", "nationality": "Indian", "dateOfBirth": "1984-02-12", "rightArmedBowl": true, "rightHandedBat": true}, {"id": 125, "fullName": "Murali Kartik", "shortName": "M Kartik", "nationality": "Indian", "dateOfBirth": "1976-09-11", "rightArmedBowl": false, "rightHandedBat": false}, {"id": 112, "fullName": "RP Singh", "shortName": "RP Singh", "nationality": "Indian", "dateOfBirth": "1985-12-06", "rightArmedBowl": false, "rightHandedBat": true}, {"id": 86, "fullName": "Jaydev Unadkat", "shortName": "J Unadkat", "nationality": "Indian", "dateOfBirth": "1991-10-18", "rightArmedBowl": false, "rightHandedBat": true, "bowlingStyle": "MEDIUM_SEAM"}], "wicketKeeper": {"id": 153, "fullName": "Arun Karthik", "shortName": "A Karthik", "nationality": "Indian", "dateOfBirth": "1986-02-15", "rightArmedBowl": false, "rightHandedBat": false}, "captain": {"id": 164, "fullName": "Virat Kohli", "shortName": "V Kohli", "nationality": "Indian", "dateOfBirth": "1988-11-05", "rightArmedBowl": true, "rightHandedBat": true, "bowlingStyle": "MEDIUM_SEAM"}}, {"id": 1449, "team": {"id": 7, "fullName": "Pune Warriors India", "shortName": "Warriors", "abbreviation": "PWI", "type": "m", "primaryColor": "00719E", "secondaryColor": "FFFFFF"}, "players": [{"id": 127, "fullName": "Robin Uthappa", "shortName": "R Uthappa", "nationality": "Indian", "dateOfBirth": "1985-11-11", "rightArmedBowl": true, "rightHandedBat": true}, {"id": 167, "fullName": "Aaron Finch", "shortName": "A Finch", "nationality": "Australian", "dateOfBirth": "1986-11-17", "rightArmedBowl": false, "rightHandedBat": true, "bowlingStyle": "ORTHODOX"}, {"id": 113, "fullName": "Yuvraj Singh", "shortName": "Y Singh", "nationality": "Indian", "dateOfBirth": "1981-12-12", "rightArmedBowl": false, "rightHandedBat": false, "bowlingStyle": "ORTHODOX"}, {"id": 271, "fullName": "Steve Smith", "shortName": "S Smith", "nationality": "Australian", "dateOfBirth": "1989-06-02", "rightArmedBowl": true, "rightHandedBat": true, "bowlingStyle": "LEG_SPIN"}, {"id": 285, "fullName": "Luke Wright", "shortName": "L Wright", "nationality": "English", "dateOfBirth": "1985-03-07", "rightArmedBowl": false, "rightHandedBat": false}, {"id": 221, "fullName": "Mitchell Marsh", "shortName": "M Marsh", "nationality": "Australian", "dateOfBirth": "1991-10-20", "rightArmedBowl": true, "rightHandedBat": true, "bowlingStyle": "MEDIUM_SEAM"}, {"id": 124, "fullName": "Mithun Manhas", "shortName": "M Manhas", "nationality": "Indian", "dateOfBirth": "1979-10-12", "rightArmedBowl": false, "rightHandedBat": false}, {"id": 116, "fullName": "Bhuvneshwar Kumar", "shortName": "B Kumar", "nationality": "Indian", "dateOfBirth": "1990-02-05", "rightArmedBowl": true, "rightHandedBat": true, "bowlingStyle": "MEDIUM_SEAM"}, {"id": 114, "fullName": "Ali Murtaza", "shortName": "A Murtaza", "nationality": "Indian", "dateOfBirth": "1990-01-01", "rightArmedBowl": false, "rightHandedBat": false}, {"id": 48, "fullName": "Ashok Dinda", "shortName": "A Dinda", "nationality": "Indian", "dateOfBirth": "1984-03-25", "rightArmedBowl": true, "rightHandedBat": true}, {"id": 1090, "fullName": "Ishwar Pandey", "shortName": "I Pandey", "nationality": "Indian", "dateOfBirth": "1989-08-15", "rightArmedBowl": true, "rightHandedBat": true}], "wicketKeeper": {"id": 127, "fullName": "Robin Uthappa", "shortName": "R Uthappa", "nationality": "Indian", "dateOfBirth": "1985-11-11", "rightArmedBowl": true, "rightHandedBat": true}, "captain": {"id": 167, "fullName": "Aaron Finch", "shortName": "A Finch", "nationality": "Australian", "dateOfBirth": "1986-11-17", "rightArmedBowl": false, "rightHandedBat": true, "bowlingStyle": "ORTHODOX"}}], "venue": {"id": 5, "fullName": "M. Chinnaswamy Stadium", "shortName": "M. Chinnaswamy Stadium", "city": "Bengaluru", "country": "India"}, "matchDate": "2013-04-23T16:00:00+0530", "matchEndDate": "2013-04-23T23:00:00+0530", "matchDateMs": 1366713000000, "matchEndDateMs": 1366738200000, "isLimitedOvers": true, "battingOrder": [0, 1], "matchBroadcast": false, "matchState": "C", "matchStatus": {"outcome": "A", "text": "Royal Challengers Bangalore won by 130 runs"}, "description": "Match 31", "matchSummary": "", "matchType": "IPLT20", "tournamentLabel": "IPL 2013", "oversLimit": 20, "groupName": ""}, "matchId": {"id": 645, "name": "ipl2013-31", "tournamentId": {"id": 605, "name": "ipl2013", "provisional": false}}, "currentState": {"inProgress": false, "phase": "C", "currentInningsIndex": 1, "currentBatsmen": [124, 48], "facingBatsman": 48, "nonFacingBatsman": 124, "currentBowler": -1, "previousBowler": 112, "previousBowlerCurrentSpell": {"playerId": 112, "ov": "1", "r": 2, "w": 1, "d": 4, "maid": 0, "e": "2.00", "wd": 0, "nb": 0}, "currentPartnership": 1, "partnership": {"runs": 1, "balls": 1, "runRate": "6.00"}, "recentOvers": [{"ovNo": 15, "ovBalls": ["1", ".", "1", "1Lb", "1", "6"]}, {"ovNo": 16, "ovBalls": ["2", ".", "4", ".", "1", "1"]}, {"ovNo": 17, "ovBalls": [".", "W", ".", ".", "4", "1"]}, {"ovNo": 18, "ovBalls": [".", ".", ".", "1", "1", "."]}, {"ovNo": 19, "ovBalls": [".", "1", ".", ".", "W", "1"]}, {"ovNo": 20, "ovBalls": [".", "4", "W", ".", "W", "1"]}]}, "innings": [{"inningsNumber": 1, "runRate": "13.15", "overProgress": "20", "declared": false, "scorecard": {"runs": 263, "wkts": 5, "allOut": false, "battingStats": [{"playerId": 236, "r": 175, "b": 66, "sr": "265.15", "4s": 13, "6s": 17}, {"playerId": 240, "r": 33, "b": 36, "sr": "91.66", "4s": 5, "6s": 0, "mod": {"dismissedBp": {"innings": 1, "over": 14, "ball": 4}, "countingBp": {"innings": 1, "over": 14, "ball": 4}, "text": "c Ali Murtaza b Luke Wright", "bowlerId": 285, "additionalPlayerIds": [114], "dismissedMethod": "ct", "isOut": true}}, {"playerId": 164, "r": 11, "b": 9, "sr": "122.22", "4s": 0, "6s": 1, "mod": {"dismissedBp": {"innings": 1, "over": 17, "ball": 2}, "countingBp": {"innings": 1, "over": 17, "ball": 2}, "text": "run out (Ashok Dinda)", "bowlerId": 48, "additionalPlayerIds": [48], "dismissedMethod": "ro", "isOut": true}}, {"playerId": 233, "r": 31, "b": 8, "sr": "387.50", "4s": 3, "6s": 3, "mod": {"dismissedBp": {"innings": 1, "over": 19, "ball": 5}, "countingBp": {"innings": 1, "over": 19, "ball": 5}, "text": "c Mithun Manhas b Mitchell Marsh", "bowlerId": 221, "additionalPlayerIds": [124], "dismissedMethod": "ct", "isOut": true}}, {"playerId": 163, "r": 2, "b": 2, "sr": "100.00", "4s": 0, "6s": 0, "mod": {"dismissedBp": {"innings": 1, "over": 20, "ball": 4}, "countingBp": {"innings": 1, "over": 20, "ball": 4}, "text": "c Mitchell Marsh b Ashok Dinda", "bowlerId": 48, "additionalPlayerIds": [221], "dismissedMethod": "ct", "isOut": true}}, {"playerId": 594, "r": 0, "b": 1, "sr": "0.00", "4s": 0, "6s": 0, "mod": {"dismissedBp": {"innings": 1, "over": 20, "ball": 6}, "countingBp": {"innings": 1, "over": 20, "ball": 6}, "text": "c Mitchell Marsh b Ashok Dinda", "bowlerId": 48, "additionalPlayerIds": [221], "dismissedMethod": "ct", "isOut": true}}], "bowlingStats": [{"playerId": 116, "ov": "4", "r": 23, "w": 0, "d": 15, "maid": 0, "e": "5.75", "wd": 1, "nb": 0}, {"playerId": 1090, "ov": "2", "r": 33, "w": 0, "d": 2, "maid": 0, "e": "16.50", "wd": 0, "nb": 1}, {"playerId": 48, "ov": "4", "r": 48, "w": 2, "d": 9, "maid": 0, "e": "12.00", "wd": 1, "nb": 1}, {"playerId": 221, "ov": "3", "r": 56, "w": 1, "d": 4, "maid": 0, "e": "18.66", "wd": 1, "nb": 0}, {"playerId": 114, "ov": "2", "r": 45, "w": 0, "d": 2, "maid": 0, "e": "22.50", "wd": 1, "nb": 0}, {"playerId": 167, "ov": "1", "r": 29, "w": 0, "d": 0, "maid": 0, "e": "29.00", "wd": 0, "nb": 0}, {"playerId": 285, "ov": "4", "r": 26, "w": 1, "d": 8, "maid": 0, "e": "6.50", "wd": 2, "nb": 0}], "fow": [{"bp": {"innings": 1, "over": 14, "ball": 4}, "playerId": 240, "ret": false, "w": 1, "r": 167}, {"bp": {"innings": 1, "over": 17, "ball": 2}, "playerId": 164, "ret": false, "w": 2, "r": 207}, {"bp": {"innings": 1, "over": 19, "ball": 5}, "playerId": 233, "ret": false, "w": 3, "r": 251}, {"bp": {"innings": 1, "over": 20, "ball": 4}, "playerId": 163, "ret": false, "w": 4, "r": 262}, {"bp": {"innings": 1, "over": 20, "ball": 6}, "playerId": 594, "ret": false, "w": 5, "r": 263}], "extras": {"noBallRuns": 2, "wideRuns": 6, "byeRuns": 0, "legByeRuns": 3, "penaltyRuns": 0}, "declared": false}, "overHistory": [{"ovNo": 1, "ovBalls": [".", ".", "1", "2", ".", "."]}, {"ovNo": 2, "ovBalls": ["4", "4", ".", "5Nb", "4", ".", "4"]}, {"ovNo": 3, "ovBalls": [".", ".", ".", ".", "4", "."]}, {"ovNo": 4, "ovBalls": ["1", ".", ".", "4", ".", "."]}, {"ovNo": 5, "ovBalls": ["6", "6", "4", ".", "6", "6"]}, {"ovNo": 6, "ovBalls": [".", ".", ".", ".", "1Wd", ".", "."]}, {"ovNo": 7, "ovBalls": ["4", "6", "1", "1Lb", "6", "."]}, {"ovNo": 8, "ovBalls": ["1", "6", "6", "4", "6", "6"]}, {"ovNo": 9, "ovBalls": ["4", "1", ".", "1", "2Nb", "6", "1"]}, {"ovNo": 10, "ovBalls": [".", "1", "1", "1", "1", "."]}, {"ovNo": 11, "ovBalls": ["4", "1", "1", "1", "1", "4"]}, {"ovNo": 12, "ovBalls": [".", ".", "6", "1", "1Wd", "1", "1Wd", "1Lb"]}, {"ovNo": 13, "ovBalls": ["1", "1", ".", "1", "1", "6"]}, {"ovNo": 14, "ovBalls": ["1", "4", "1", "W", ".", "1"]}, {"ovNo": 15, "ovBalls": ["1", "4", "6", "1Wd", "6", "4", "6"]}, {"ovNo": 16, "ovBalls": ["1", "1", ".", "1", "1", "1"]}, {"ovNo": 17, "ovBalls": ["6", "W", ".", "1", "1Wd", "4", "6"]}, {"ovNo": 18, "ovBalls": ["4", "1", "4", "1", "4", "1"]}, {"ovNo": 19, "ovBalls": ["1", "4", "6", "6", "W", "1Wd", "1Lb"]}, {"ovNo": 20, "ovBalls": ["6", "1", "2", "W", "1", "W"]}]}, {"inningsNumber": 2, "runRate": "6.65", "overProgress": "20", "declared": false, "scorecard": {"runs": 133, "wkts": 9, "allOut": false, "battingStats": [{"playerId": 127, "r": 0, "b": 2, "sr": "0.00", "4s": 0, "6s": 0, "mod": {"dismissedBp": {"innings": 2, "over": 1, "ball": 2}, "countingBp": {"innings": 2, "over": 1, "ball": 2}, "text": "c RP Singh b Murali Kartik", "bowlerId": 125, "additionalPlayerIds": [112], "dismissedMethod": "ct", "isOut": true}}, {"playerId": 167, "r": 18, "b": 15, "sr": "120.00", "4s": 4, "6s": 0, "mod": {"dismissedBp": {"innings": 2, "over": 5, "ball": 2}, "countingBp": {"innings": 2, "over": 5, "ball": 2}, "text": "c Murali Kartik b Ravi Rampaul", "bowlerId": 594, "additionalPlayerIds": [125], "dismissedMethod": "ct", "isOut": true}}, {"playerId": 113, "r": 16, "b": 14, "sr": "114.28", "4s": 2, "6s": 0, "mod": {"dismissedBp": {"innings": 2, "over": 6, "ball": 4}, "countingBp": {"innings": 2, "over": 6, "ball": 4}, "text": "c Virat Kohli b Jaydev Unadkat", "bowlerId": 86, "additionalPlayerIds": [164], "dismissedMethod": "ct", "isOut": true}}, {"playerId": 285, "r": 7, "b": 3, "sr": "233.33", "4s": 0, "6s": 1, "mod": {"dismissedBp": {"innings": 2, "over": 6, "ball": 2}, "countingBp": {"innings": 2, "over": 6, "ball": 2}, "text": "c AB de Villiers b Jaydev Unadkat", "bowlerId": 86, "additionalPlayerIds": [233], "dismissedMethod": "ct", "isOut": true}}, {"playerId": 271, "r": 41, "b": 31, "sr": "132.25", "4s": 6, "6s": 0, "mod": {"dismissedBp": {"innings": 2, "over": 14, "ball": 3}, "countingBp": {"innings": 2, "over": 14, "ball": 3}, "text": "c Tillakaratne Dilshan b Ravi Rampaul", "bowlerId": 594, "additionalPlayerIds": [240], "dismissedMethod": "ct", "isOut": true}}, {"playerId": 221, "r": 24, "b": 23, "sr": "104.34", "4s": 0, "6s": 2, "mod": {"dismissedBp": {"innings": 2, "over": 17, "ball": 2}, "countingBp": {"innings": 2, "over": 17, "ball": 2}, "text": "b Vinay Kumar", "bowlerId": 166, "dismissedMethod": "b", "isOut": true}}, {"playerId": 124, "r": 11, "b": 13, "sr": "84.61", "4s": 1, "6s": 0}, {"playerId": 116, "r": 6, "b": 12, "sr": "50.00", "4s": 1, "6s": 0, "mod": {"dismissedBp": {"innings": 2, "over": 19, "ball": 5}, "countingBp": {"innings": 2, "over": 19, "ball": 5}, "text": "c Arun Karthik b RP Singh", "bowlerId": 112, "additionalPlayerIds": [153], "dismissedMethod": "ct", "isOut": true}}, {"playerId": 114, "r": 5, "b": 4, "sr": "125.00", "4s": 1, "6s": 0, "mod": {"dismissedBp": {"innings": 2, "over": 20, "ball": 3}, "countingBp": {"innings": 2, "over": 20, "ball": 3}, "text": "st Arun Karthik b Chris Gayle", "bowlerId": 236, "additionalPlayerIds": [153], "dismissedMethod": "st", "isOut": true}}, {"playerId": 1090, "r": 0, "b": 2, "sr": "0.00", "4s": 0, "6s": 0, "mod": {"dismissedBp": {"innings": 2, "over": 20, "ball": 5}, "countingBp": {"innings": 2, "over": 20, "ball": 5}, "text": "b Chris Gayle", "bowlerId": 236, "dismissedMethod": "b", "isOut": true}}, {"playerId": 48, "r": 1, "b": 1, "sr": "100.00", "4s": 0, "6s": 0}], "bowlingStats": [{"playerId": 125, "ov": "3", "r": 25, "w": 1, "d": 7, "maid": 0, "e": "8.33", "wd": 2, "nb": 0}, {"playerId": 112, "ov": "4", "r": 20, "w": 1, "d": 14, "maid": 0, "e": "5.00", "wd": 0, "nb": 0}, {"playerId": 594, "ov": "4", "r": 21, "w": 2, "d": 14, "maid": 0, "e": "5.25", "wd": 1, "nb": 0}, {"playerId": 86, "ov": "4", "r": 37, "w": 2, "d": 7, "maid": 0, "e": "9.25", "wd": 0, "nb": 0}, {"playerId": 166, "ov": "4", "r": 24, "w": 1, "d": 10, "maid": 0, "e": "6.00", "wd": 0, "nb": 0}, {"playerId": 236, "ov": "1", "r": 5, "w": 2, "d": 4, "maid": 0, "e": "5.00", "wd": 0, "nb": 0}], "fow": [{"bp": {"innings": 2, "over": 1, "ball": 2}, "playerId": 127, "ret": false, "w": 1, "r": 0}, {"bp": {"innings": 2, "over": 5, "ball": 2}, "playerId": 167, "ret": false, "w": 2, "r": 28}, {"bp": {"innings": 2, "over": 6, "ball": 2}, "playerId": 285, "ret": false, "w": 3, "r": 38}, {"bp": {"innings": 2, "over": 6, "ball": 4}, "playerId": 113, "ret": false, "w": 4, "r": 42}, {"bp": {"innings": 2, "over": 14, "ball": 3}, "playerId": 271, "ret": false, "w": 5, "r": 100}, {"bp": {"innings": 2, "over": 17, "ball": 2}, "playerId": 221, "ret": false, "w": 6, "r": 119}, {"bp": {"innings": 2, "over": 19, "ball": 5}, "playerId": 116, "ret": false, "w": 7, "r": 127}, {"bp": {"innings": 2, "over": 20, "ball": 3}, "playerId": 114, "ret": false, "w": 8, "r": 132}, {"bp": {"innings": 2, "over": 20, "ball": 5}, "playerId": 1090, "ret": false, "w": 9, "r": 132}], "extras": {"noBallRuns": 0, "wideRuns": 3, "byeRuns": 0, "legByeRuns": 1, "penaltyRuns": 0}, "declared": false}, "overHistory": [{"ovNo": 1, "ovBalls": [".", "W", "4", "4", "1", "."]}, {"ovNo": 2, "ovBalls": [".", ".", ".", ".", "1", "1"]}, {"ovNo": 3, "ovBalls": [".", "2", "4", ".", ".", "2"]}, {"ovNo": 4, "ovBalls": ["4", ".", "4", ".", ".", "."]}, {"ovNo": 5, "ovBalls": ["1", "W", "1Wd", "1", ".", "1", "6"]}, {"ovNo": 6, "ovBalls": ["1", "W", "4", "W", ".", "1"]}, {"ovNo": 7, "ovBalls": [".", "2", "1", ".", ".", "."]}, {"ovNo": 8, "ovBalls": ["4", ".", ".", "4", "1", "6"]}, {"ovNo": 9, "ovBalls": [".", "4", "1", ".", "1", "1"]}, {"ovNo": 10, "ovBalls": ["1", "1", "4", "1", "1", "."]}, {"ovNo": 11, "ovBalls": ["1", ".", "1Wd", "4", "1", ".", "1Wd", "1"]}, {"ovNo": 12, "ovBalls": ["1", "1", ".", "1", "4", "1"]}, {"ovNo": 13, "ovBalls": ["2", "1", "1", "1", "1", "1"]}, {"ovNo": 14, "ovBalls": [".", ".", "W", "1", ".", "."]}, {"ovNo": 15, "ovBalls": ["1", ".", "1", "1Lb", "1", "6"]}, {"ovNo": 16, "ovBalls": ["2", ".", "4", ".", "1", "1"]}, {"ovNo": 17, "ovBalls": [".", "W", ".", ".", "4", "1"]}, {"ovNo": 18, "ovBalls": [".", ".", ".", "1", "1", "."]}, {"ovNo": 19, "ovBalls": [".", "1", ".", ".", "W", "1"]}, {"ovNo": 20, "ovBalls": [".", "4", "W", ".", "W", "1"]}]}]}