{"matchInfo": {"additionalInfo": {"referee.name": "Rajendra Jadeja", "preview.link": "http://iplt20.com/news/2012/more-news/1432/preview-match-34-rcb-v-csk", "toss.elected": "Royal Challengers Bangalore, who chose to bowl", "match.summary": "Match abandoned without a ball bowled", "umpire.name.1": "Sudhir Asani", "photostream.link": "http://iplt20.com/photos/57/ipl-2012-match-34-royal-challengers-bangalore-v-chennai-super-kings", "umpire.name.2": "Billy Doctrove", "toss.winner": "Royal Challengers Bangalore", "umpire.name.3": "Asad Rauf", "umpire.name.4": "CK Nandan", "result.playerofthematch": "tba"}, "teams": [{"id": 65, "team": {"id": 9, "fullName": "Royal Challengers Bangalore", "shortName": "Challengers", "abbreviation": "RCB", "type": "m", "primaryColor": "000000", "secondaryColor": "FF3245"}, "players": [{"id": 240, "fullName": "Tillakaratne Dilshan", "shortName": "T Dilshan", "nationality": "Sri Lankan", "dateOfBirth": "1976-10-14", "rightArmedBowl": true, "rightHandedBat": true, "bowlingStyle": "OFF_SPIN"}, {"id": 236, "fullName": "Chris Gayle", "shortName": "C Gayle", "nationality": "West Indian", "dateOfBirth": "1979-09-21", "rightArmedBowl": true, "rightHandedBat": false, "bowlingStyle": "OFF_SPIN"}, {"id": 158, "fullName": "Mayank Agarwal", "shortName": "M Agarwal", "nationality": "Indian", "dateOfBirth": "1991-02-18", "rightArmedBowl": true, "rightHandedBat": true}, {"id": 164, "fullName": "Virat Kohli", "shortName": "V Kohli", "nationality": "Indian", "dateOfBirth": "1988-11-05", "rightArmedBowl": true, "rightHandedBat": true, "bowlingStyle": "MEDIUM_SEAM"}, {"id": 233, "fullName": "AB de Villiers", "shortName": "AB de Villiers", "nationality": "South African", "dateOfBirth": "1984-02-17", "rightArmedBowl": true, "rightHandedBat": true, "bowlingStyle": "MEDIUM_SEAM"}, {"id": 163, "fullName": "Saurabh Tiwary", "shortName": "S Tiwary", "nationality": "Indian", "dateOfBirth": "1989-12-30", "rightArmedBowl": true, "rightHandedBat": false}, {"id": 234, "fullName": "Andrew McDonald", "shortName": "A McDonald", "nationality": "Australian", "dateOfBirth": "1981-06-05", "rightArmedBowl": false, "rightHandedBat": false}, {"id": 166, "fullName": "Vinay Kumar", "shortName": "V Kumar", "nationality": "Indian", "dateOfBirth": "1984-02-12", "rightArmedBowl": true, "rightHandedBat": true}, {"id": 165, "fullName": "Zaheer Khan", "shortName": "Z Khan", "nationality": "Indian", "dateOfBirth": "1978-10-07", "rightArmedBowl": false, "rightHandedBat": true, "bowlingStyle": "FAST_SEAM"}, {"id": 157, "fullName": "Harshal Patel", "shortName": "H Patel", "nationality": "Indian", "dateOfBirth": "1990-11-23", "rightArmedBowl": true, "rightHandedBat": true, "bowlingStyle": "MEDIUM_SEAM"}, {"id": 279, "fullName": "KP Appanna", "shortName": "KP Appanna", "nationality": "Indian", "dateOfBirth": "1988-12-20", "rightArmedBowl": false, "rightHandedBat": false}], "wicketKeeper": {"id": 233, "fullName": "AB de Villiers", "shortName": "AB de Villiers", "nationality": "South African", "dateOfBirth": "1984-02-17", "rightArmedBowl": true, "rightHandedBat": true, "bowlingStyle": "MEDIUM_SEAM"}, "captain": {"id": 164, "fullName": "Virat Kohli", "shortName": "V Kohli", "nationality": "Indian", "dateOfBirth": "1988-11-05", "rightArmedBowl": true, "rightHandedBat": true, "bowlingStyle": "MEDIUM_SEAM"}}, {"id": 66, "team": {"id": 1, "fullName": "Chennai Super Kings", "shortName": "Super Kings", "abbreviation": "CSK", "type": "m", "primaryColor": "FDB913", "secondaryColor": "0081E5"}, "players": [{"id": 12, "fullName": "Subramaniam Badrinath", "shortName": "S Badrinath", "nationality": "Indian", "dateOfBirth": "1980-08-30", "rightArmedBowl": false, "rightHandedBat": false}, {"id": 24, "fullName": "Faf du Plessis", "shortName": "F du Plessis", "nationality": "South African", "dateOfBirth": "1984-07-13", "rightArmedBowl": true, "rightHandedBat": true, "bowlingStyle": "LEG_SPIN"}, {"id": 14, "fullName": "Suresh Raina", "shortName": "S Raina", "nationality": "Indian", "dateOfBirth": "1986-11-27", "rightArmedBowl": true, "rightHandedBat": false, "bowlingStyle": "OFF_SPIN"}, {"id": 1, "fullName": "MS Dhoni", "shortName": "MS Dhoni", "nationality": "Indian", "dateOfBirth": "1981-07-07", "rightArmedBowl": true, "rightHandedBat": true, "bowlingStyle": "MEDIUM_SEAM"}, {"id": 9, "fullName": "Ravindra Jadeja", "shortName": "R Jadeja", "nationality": "Indian", "dateOfBirth": "1988-12-06", "rightArmedBowl": false, "rightHandedBat": false, "bowlingStyle": "ORTHODOX"}, {"id": 25, "fullName": "Dwayne Bravo", "shortName": "DJ Bravo", "nationality": "West Indian", "dateOfBirth": "1983-10-07", "rightArmedBowl": true, "rightHandedBat": true, "bowlingStyle": "MEDIUM_SEAM"}, {"id": 16, "fullName": "Wriddhiman Saha", "shortName": "W Saha", "nationality": "Indian", "dateOfBirth": "1984-10-24", "rightArmedBowl": true, "rightHandedBat": true}, {"id": 8, "fullName": "Ravichandran Ashwin", "shortName": "R Ashwin", "nationality": "Indian", "dateOfBirth": "1986-09-17", "rightArmedBowl": true, "rightHandedBat": true, "bowlingStyle": "OFF_SPIN"}, {"id": 23, "fullName": "Nuwan Kulasekara", "shortName": "N Kulasekara", "nationality": "Sri Lankan", "dateOfBirth": "1982-07-22", "rightArmedBowl": true, "rightHandedBat": true, "bowlingStyle": "FAST_SEAM"}, {"id": 15, "fullName": "Yo Mahesh", "shortName": "Y Mahesh", "nationality": "Indian", "dateOfBirth": "1987-12-21", "rightArmedBowl": false, "rightHandedBat": false}, {"id": 26, "fullName": "Albie Morkel", "shortName": "A Morkel", "nationality": "South African", "dateOfBirth": "1981-06-10", "rightArmedBowl": false, "rightHandedBat": false}], "wicketKeeper": {"id": 1, "fullName": "MS Dhoni", "shortName": "MS Dhoni", "nationality": "Indian", "dateOfBirth": "1981-07-07", "rightArmedBowl": true, "rightHandedBat": true, "bowlingStyle": "MEDIUM_SEAM"}, "captain": {"id": 1, "fullName": "MS Dhoni", "shortName": "MS Dhoni", "nationality": "Indian", "dateOfBirth": "1981-07-07", "rightArmedBowl": true, "rightHandedBat": true, "bowlingStyle": "MEDIUM_SEAM"}}], "venue": {"id": 5, "fullName": "M. Chinnaswamy Stadium", "shortName": "M. Chinnaswamy Stadium", "city": "Bengaluru", "country": "India"}, "matchDate": "2012-04-25T20:00:00+0530", "matchEndDate": "2012-04-25T23:00:00+0530", "matchDateMs": 1335364200000, "matchEndDateMs": 1335375000000, "isLimitedOvers": true, "battingOrder": [1, 0], "matchBroadcast": false, "matchState": "C", "matchStatus": {"outcome": "N", "text": "Match abandoned without a ball bowled"}, "description": "Match 34", "matchSummary": "Match abandoned without a ball bowled", "matchType": "IPLT20", "tournamentLabel": "IPL 2012", "oversLimit": 20, "groupName": ""}, "matchId": {"id": 35, "name": "ipl2012-34", "tournamentId": {"id": 1, "name": "ipl2012", "provisional": false}}, "currentState": {"inProgress": false, "phase": "C", "currentInningsIndex": 0, "currentBatsmen": [-1, -1], "facingBatsman": -1, "nonFacingBatsman": -1, "currentBowler": -1, "previousBowler": -1, "currentPartnership": 0}, "innings": []}