{"matchInfo": {"additionalInfo": {"toss.elected": "Delhi Capitals, who chose to field", "report.link": "https://www.iplt20.com/news/238247/vivo-ipl-2021-match-29-pbks-vs-dc-match-report", "sixes.video.thumb": "https://resources.platform.iplt20.com/photo-resources/2021/05/02/0f39c602-45df-4f1f-a2ae-b79e5c8a0de2/85yYTWbW.jpg?width=390&height=219", "sixes.video.id": "238193", "match.video.thumb": "https://resources.platform.iplt20.com/photo-resources/2021/05/02/25eae35d-5165-4608-b666-a27501622f02/H4pPnjIC.jpg?width=780&height=439", "referee.name": "Shakti Singh", "match.video.id": "238204", "report.thumb": "https://resources.platform.iplt20.com/photo-resources/2021/05/02/df023844-59e4-4ef2-bd32-07f4498a34dc/9S6A2079.JPG?width=780&height=439", "match.summary": "", "umpire.name.1": "Anil Dandekar", "umpire.name.2": "Anil Chaudhary", "toss.winner": "Delhi Capitals", "umpire.name.3": "JR Madangopal", "umpire.name.4": "Navdeep Singh Sidhu"}, "teams": [{"id": 31178, "team": {"id": 4, "fullName": "Punjab Kings", "shortName": "Punjab Kings", "abbreviation": "PBKS", "type": "m", "primaryColor": "DA1F3D", "secondaryColor": "FFFFFF"}, "players": [{"id": 158, "fullName": "Mayank Agarwal", "shortName": "M Agarwal", "nationality": "Indian", "dateOfBirth": "1991-02-18", "rightArmedBowl": true, "rightHandedBat": true}, {"id": 5436, "fullName": "Prabhsimran Singh", "shortName": "P Singh", "nationality": "Indian", "dateOfBirth": "2000-08-10", "rightArmedBowl": true, "rightHandedBat": true}, {"id": 236, "fullName": "Chris Gayle", "shortName": "C Gayle", "nationality": "West Indian", "dateOfBirth": "1979-09-21", "rightArmedBowl": true, "rightHandedBat": false, "bowlingStyle": "OFF_SPIN"}, {"id": 3318, "fullName": "Dawid Malan", "shortName": "D Malan", "nationality": "English", "dateOfBirth": "1987-09-03", "rightArmedBowl": true, "rightHandedBat": false, "bowlingStyle": "LEG_SPIN"}, {"id": 1556, "fullName": "Deepak Hooda", "shortName": "D Hooda", "nationality": "Indian", "dateOfBirth": "1995-04-19", "rightArmedBowl": true, "rightHandedBat": true, "bowlingStyle": "OFF_SPIN"}, {"id": 7779, "fullName": "Shahrukh Khan", "shortName": "S Khan", "nationality": "Indian", "dateOfBirth": "1995-05-27", "rightArmedBowl": true, "rightHandedBat": true, "bowlingStyle": "FAST_SEAM"}, {"id": 5441, "fullName": "Harpreet Brar", "shortName": "H Brar", "nationality": "Indian", "dateOfBirth": "1995-09-16", "rightArmedBowl": false, "rightHandedBat": false, "bowlingStyle": "ORTHODOX"}, {"id": 1299, "fullName": "Chris Jordan", "shortName": "C Jordan", "nationality": "English", "dateOfBirth": "1988-10-04", "rightArmedBowl": true, "rightHandedBat": true, "bowlingStyle": "FAST_SEAM"}, {"id": 4055, "fullName": "Riley Meredith", "shortName": "R Meredith", "nationality": "Australian", "dateOfBirth": "1996-06-21", "rightArmedBowl": true, "rightHandedBat": true, "bowlingStyle": "FAST_SEAM"}, {"id": 19351, "fullName": "Ravi Bishnoi", "shortName": "R Bishnoi", "nationality": "Indian", "dateOfBirth": "2000-09-05", "rightArmedBowl": true, "rightHandedBat": true, "bowlingStyle": "LEG_SPIN"}, {"id": 94, "fullName": "Mohammad Shami", "shortName": "M Shami", "nationality": "Indian", "dateOfBirth": "1990-09-03", "rightArmedBowl": true, "rightHandedBat": true, "bowlingStyle": "FAST_SEAM"}], "wicketKeeper": {"id": 5436, "fullName": "Prabhsimran Singh", "shortName": "P Singh", "nationality": "Indian", "dateOfBirth": "2000-08-10", "rightArmedBowl": true, "rightHandedBat": true}, "captain": {"id": 158, "fullName": "Mayank Agarwal", "shortName": "M Agarwal", "nationality": "Indian", "dateOfBirth": "1991-02-18", "rightArmedBowl": true, "rightHandedBat": true}}, {"id": 31179, "team": {"id": 3, "fullName": "Delhi Capitals", "shortName": "Delhi", "abbreviation": "DC", "type": "m", "primaryColor": "004C93", "secondaryColor": "F83430"}, "players": [{"id": 3764, "fullName": "Prithvi Shaw", "shortName": "P Shaw", "nationality": "Indian", "dateOfBirth": "1999-11-09", "rightArmedBowl": true, "rightHandedBat": true, "bowlingStyle": "OFF_SPIN"}, {"id": 41, "fullName": "Shikhar Dhawan", "shortName": "S Dhawan", "nationality": "Indian", "dateOfBirth": "1985-12-05", "rightArmedBowl": true, "rightHandedBat": false, "bowlingStyle": "OFF_SPIN"}, {"id": 271, "fullName": "Steve Smith", "shortName": "S Smith", "nationality": "Australian", "dateOfBirth": "1989-06-02", "rightArmedBowl": true, "rightHandedBat": true, "bowlingStyle": "LEG_SPIN"}, {"id": 2972, "fullName": "Rishabh Pant", "shortName": "R Pant", "nationality": "Indian", "dateOfBirth": "1997-10-04", "rightArmedBowl": false, "rightHandedBat": false}, {"id": 964, "fullName": "Marcus Stoinis", "shortName": "M Stoinis", "nationality": "Australian", "dateOfBirth": "1989-08-16", "rightArmedBowl": true, "rightHandedBat": true, "bowlingStyle": "MEDIUM_SEAM"}, {"id": 1705, "fullName": "Shimron Hetmyer", "shortName": "S Hetmyer", "nationality": "West Indian", "dateOfBirth": "1996-12-26", "rightArmedBowl": false, "rightHandedBat": false}, {"id": 1113, "fullName": "Axar Patel", "shortName": "A Patel", "nationality": "Indian", "dateOfBirth": "1994-01-20", "rightArmedBowl": false, "rightHandedBat": false, "bowlingStyle": "ORTHODOX"}, {"id": 6870, "fullName": "Lalit Yadav", "shortName": "L Yadav", "nationality": "Indian", "dateOfBirth": "1997-01-03", "rightArmedBowl": true, "rightHandedBat": true, "bowlingStyle": "OFF_SPIN"}, {"id": 1664, "fullName": "Kagiso Rabada", "shortName": "K Rabada", "nationality": "South African", "dateOfBirth": "1995-05-25", "rightArmedBowl": true, "rightHandedBat": false, "bowlingStyle": "FAST_SEAM"}, {"id": 38, "fullName": "Ishant Sharma", "shortName": "I Sharma", "nationality": "Indian", "dateOfBirth": "1988-09-02", "rightArmedBowl": true, "rightHandedBat": true, "bowlingStyle": "FAST_SEAM"}, {"id": 1561, "fullName": "Avesh Khan", "shortName": "A Khan", "nationality": "Indian", "dateOfBirth": "1996-12-13", "rightArmedBowl": true, "rightHandedBat": true, "bowlingStyle": "FAST_SEAM"}], "wicketKeeper": {"id": 2972, "fullName": "Rishabh Pant", "shortName": "R Pant", "nationality": "Indian", "dateOfBirth": "1997-10-04", "rightArmedBowl": false, "rightHandedBat": false}, "captain": {"id": 2972, "fullName": "Rishabh Pant", "shortName": "R Pant", "nationality": "Indian", "dateOfBirth": "1997-10-04", "rightArmedBowl": false, "rightHandedBat": false}}], "venue": {"id": 19, "fullName": "Narendra Modi Stadium", "shortName": "Narendra Modi Stadium", "city": "Ahmedabad", "country": "India"}, "matchDate": "2021-05-02T19:30:00+0530", "matchEndDate": "2021-05-02T23:00:00+0530", "matchDateMs": 1619964000000, "matchEndDateMs": 1619976600000, "isLimitedOvers": true, "battingOrder": [0, 1], "matchBroadcast": false, "matchState": "C", "matchStatus": {"outcome": "B", "text": "Delhi Capitals won by 7 wickets"}, "description": "Match 29", "matchSummary": "", "matchType": "IPLT20", "tournamentLabel": "IPL 2021", "oversLimit": 20, "groupName": ""}, "matchId": {"id": 23498, "name": "ipl2021-29", "tournamentId": {"id": 22399, "name": "ipl2021", "provisional": false}}, "currentState": {"inProgress": false, "phase": "C", "currentInningsIndex": 1, "currentBatsmen": [41, 1705], "facingBatsman": 1705, "nonFacingBatsman": 41, "currentBowler": 4055, "currentBowlerCurrentSpell": {"playerId": 4055, "ov": "0.4", "r": 19, "w": 0, "d": 0, "maid": 0, "e": "28.50", "wd": 2, "nb": 0}, "previousBowler": 1299, "previousBowlerCurrentSpell": {"playerId": 1299, "ov": "1", "r": 4, "w": 1, "d": 3, "maid": 0, "e": "4.00", "wd": 0, "nb": 0}, "currentPartnership": 20, "partnership": {"runs": 20, "balls": 7, "runRate": "17.14"}, "recentOvers": [{"ovNo": 13, "ovBalls": ["2", "1", ".", "1Lb", "1", "W"]}, {"ovNo": 14, "ovBalls": ["6", "4", "1", "4", ".", "."]}, {"ovNo": 15, "ovBalls": ["1", "1", "4", "1", "6", "."]}, {"ovNo": 16, "ovBalls": ["1", "1", "1", ".", "2", "."]}, {"ovNo": 17, "ovBalls": ["2", "1", "W", ".", "1", "."]}, {"ovNo": 18, "ovBalls": ["1", "6", "6", "4", "1Wd", "1Wd"]}]}, "innings": [{"inningsNumber": 1, "runRate": "8.30", "overProgress": "20", "declared": false, "scorecard": {"runs": 166, "wkts": 6, "allOut": false, "battingStats": [{"playerId": 5436, "r": 12, "b": 16, "sr": "75.00", "4s": 0, "6s": 1, "mod": {"dismissedBp": {"innings": 1, "over": 4, "ball": 3}, "countingBp": {"innings": 1, "over": 4, "ball": 3}, "text": "c Steve Smith b Kagiso Rabada", "bowlerId": 1664, "additionalPlayerIds": [271], "dismissedMethod": "ct", "isOut": true}}, {"playerId": 158, "r": 99, "b": 58, "sr": "170.68", "4s": 8, "6s": 4}, {"playerId": 236, "r": 13, "b": 9, "sr": "144.44", "4s": 1, "6s": 1, "mod": {"dismissedBp": {"innings": 1, "over": 6, "ball": 2}, "countingBp": {"innings": 1, "over": 6, "ball": 2}, "text": "b Kagiso Rabada", "bowlerId": 1664, "dismissedMethod": "b", "isOut": true}}, {"playerId": 3318, "r": 26, "b": 26, "sr": "100.00", "4s": 1, "6s": 1, "mod": {"dismissedBp": {"innings": 1, "over": 14, "ball": 1}, "countingBp": {"innings": 1, "over": 14, "ball": 1}, "text": "b Axar Patel", "bowlerId": 1113, "dismissedMethod": "b", "isOut": true}}, {"playerId": 1556, "r": 1, "b": 1, "sr": "100.00", "4s": 0, "6s": 0, "mod": {"dismissedBp": {"innings": 1, "over": 14, "ball": 3}, "countingBp": {"innings": 1, "over": 14, "ball": 3}, "text": "run out (Shimron Hetmyer/Axar Patel)", "bowlerId": 1113, "additionalPlayerIds": [1705, 1113], "dismissedMethod": "ro", "isOut": true}}, {"playerId": 7779, "r": 4, "b": 5, "sr": "80.00", "4s": 0, "6s": 0, "mod": {"dismissedBp": {"innings": 1, "over": 18, "ball": 2}, "countingBp": {"innings": 1, "over": 18, "ball": 2}, "text": "c Shimron Hetmyer b Avesh Khan", "bowlerId": 1561, "additionalPlayerIds": [1705], "dismissedMethod": "ct", "isOut": true}}, {"playerId": 1299, "r": 2, "b": 3, "sr": "66.66", "4s": 0, "6s": 0, "mod": {"dismissedBp": {"innings": 1, "over": 19, "ball": 6}, "countingBp": {"innings": 1, "over": 19, "ball": 6}, "text": "c Lalit Yadav b Kagiso Rabada", "bowlerId": 1664, "additionalPlayerIds": [6870], "dismissedMethod": "ct", "isOut": true}}, {"playerId": 5441, "r": 4, "b": 2, "sr": "200.00", "4s": 1, "6s": 0}], "bowlingStats": [{"playerId": 38, "ov": "4", "r": 37, "w": 0, "d": 9, "maid": 1, "e": "9.25", "wd": 0, "nb": 0}, {"playerId": 964, "ov": "1", "r": 6, "w": 0, "d": 0, "maid": 0, "e": "6.00", "wd": 0, "nb": 0}, {"playerId": 1664, "ov": "4", "r": 36, "w": 3, "d": 6, "maid": 0, "e": "9.00", "wd": 0, "nb": 0}, {"playerId": 1561, "ov": "4", "r": 39, "w": 1, "d": 8, "maid": 0, "e": "9.75", "wd": 2, "nb": 0}, {"playerId": 6870, "ov": "3", "r": 25, "w": 0, "d": 2, "maid": 0, "e": "8.33", "wd": 0, "nb": 0}, {"playerId": 1113, "ov": "4", "r": 21, "w": 1, "d": 11, "maid": 0, "e": "5.25", "wd": 0, "nb": 0}], "fow": [{"bp": {"innings": 1, "over": 4, "ball": 3}, "playerId": 5436, "ret": false, "w": 1, "r": 17}, {"bp": {"innings": 1, "over": 6, "ball": 2}, "playerId": 236, "ret": false, "w": 2, "r": 35}, {"bp": {"innings": 1, "over": 14, "ball": 1}, "playerId": 3318, "ret": false, "w": 3, "r": 87}, {"bp": {"innings": 1, "over": 14, "ball": 3}, "playerId": 1556, "ret": false, "w": 4, "r": 88}, {"bp": {"innings": 1, "over": 18, "ball": 2}, "playerId": 7779, "ret": false, "w": 5, "r": 129}, {"bp": {"innings": 1, "over": 19, "ball": 6}, "playerId": 1299, "ret": false, "w": 6, "r": 143}], "extras": {"noBallRuns": 0, "wideRuns": 3, "byeRuns": 0, "legByeRuns": 2, "penaltyRuns": 0}, "declared": false}, "overHistory": [{"ovNo": 1, "ovBalls": [".", ".", ".", ".", ".", "."]}, {"ovNo": 2, "ovBalls": ["1", "1", "1", "1", "1", "1"]}, {"ovNo": 3, "ovBalls": ["1", "1", "6", ".", ".", "1"]}, {"ovNo": 4, "ovBalls": ["1", "1", "W", ".", ".", "1"]}, {"ovNo": 5, "ovBalls": ["1", "1", "4", ".", "1", "4"]}, {"ovNo": 6, "ovBalls": ["6", "W", "1", "2", "1", "."]}, {"ovNo": 7, "ovBalls": ["1", "1", "1", "1", ".", "4"]}, {"ovNo": 8, "ovBalls": ["1", ".", "1", "2", "1", "1"]}, {"ovNo": 9, "ovBalls": ["2", "2", "1", "2", ".", "1"]}, {"ovNo": 10, "ovBalls": ["1Lb", ".", "1", ".", ".", "."]}, {"ovNo": 11, "ovBalls": [".", "1", ".", ".", "1", "."]}, {"ovNo": 12, "ovBalls": [".", "6", "1", "1", "4", "1"]}, {"ovNo": 13, "ovBalls": ["1", "1", "1", "4", "1", "1"]}, {"ovNo": 14, "ovBalls": ["W", "1", "W", ".", "2", "."]}, {"ovNo": 15, "ovBalls": ["1", "2", "1", "1", "6", "1"]}, {"ovNo": 16, "ovBalls": ["4", "1", "1", "6", "2", "1"]}, {"ovNo": 17, "ovBalls": ["4", "4", ".", "1", "1", "1"]}, {"ovNo": 18, "ovBalls": ["1", "W", "1", "1", ".", "1"]}, {"ovNo": 19, "ovBalls": ["6", "1", "1", "2", "1", "W"]}, {"ovNo": 20, "ovBalls": ["4", "2Wd", "1", "1Wd", "1Lb", "4", "6", "4"]}]}, {"inningsNumber": 2, "runRate": "9.45", "overProgress": "17.4", "declared": false, "scorecard": {"runs": 167, "wkts": 3, "allOut": false, "battingStats": [{"playerId": 3764, "r": 39, "b": 22, "sr": "177.27", "4s": 3, "6s": 3, "mod": {"dismissedBp": {"innings": 2, "over": 7, "ball": 1}, "countingBp": {"innings": 2, "over": 7, "ball": 1}, "text": "b Harpreet Brar", "bowlerId": 5441, "dismissedMethod": "b", "isOut": true}}, {"playerId": 41, "r": 69, "b": 47, "sr": "146.80", "4s": 6, "6s": 2}, {"playerId": 271, "r": 24, "b": 22, "sr": "109.09", "4s": 1, "6s": 0, "mod": {"dismissedBp": {"innings": 2, "over": 13, "ball": 6}, "countingBp": {"innings": 2, "over": 13, "ball": 6}, "text": "c Dawid Malan b Riley Meredith", "bowlerId": 4055, "additionalPlayerIds": [3318], "dismissedMethod": "ct", "isOut": true}}, {"playerId": 2972, "r": 14, "b": 11, "sr": "127.27", "4s": 1, "6s": 1, "mod": {"dismissedBp": {"innings": 2, "over": 17, "ball": 3}, "countingBp": {"innings": 2, "over": 17, "ball": 3}, "text": "c Mayank Agarwal b Chris Jordan", "bowlerId": 1299, "additionalPlayerIds": [158], "dismissedMethod": "ct", "isOut": true}}, {"playerId": 1705, "r": 16, "b": 4, "sr": "400.00", "4s": 1, "6s": 2}], "bowlingStats": [{"playerId": 4055, "ov": "3.4", "r": 35, "w": 1, "d": 7, "maid": 0, "e": "9.54", "wd": 3, "nb": 0}, {"playerId": 94, "ov": "3", "r": 37, "w": 0, "d": 6, "maid": 0, "e": "12.33", "wd": 0, "nb": 0}, {"playerId": 19351, "ov": "4", "r": 42, "w": 0, "d": 7, "maid": 0, "e": "10.50", "wd": 0, "nb": 0}, {"playerId": 1299, "ov": "2", "r": 21, "w": 1, "d": 4, "maid": 0, "e": "10.50", "wd": 0, "nb": 0}, {"playerId": 5441, "ov": "3", "r": 19, "w": 1, "d": 4, "maid": 0, "e": "6.33", "wd": 0, "nb": 0}, {"playerId": 1556, "ov": "2", "r": 11, "w": 0, "d": 3, "maid": 0, "e": "5.50", "wd": 0, "nb": 0}], "fow": [{"bp": {"innings": 2, "over": 7, "ball": 1}, "playerId": 3764, "ret": false, "w": 1, "r": 63}, {"bp": {"innings": 2, "over": 13, "ball": 6}, "playerId": 271, "ret": false, "w": 2, "r": 111}, {"bp": {"innings": 2, "over": 17, "ball": 3}, "playerId": 2972, "ret": false, "w": 3, "r": 147}], "extras": {"noBallRuns": 0, "wideRuns": 3, "byeRuns": 0, "legByeRuns": 2, "penaltyRuns": 0}, "declared": false}, "overHistory": [{"ovNo": 1, "ovBalls": ["1", "4", "1Wd", "1", "1", "1", "."]}, {"ovNo": 2, "ovBalls": ["1", ".", "6", "4", "4", "."]}, {"ovNo": 3, "ovBalls": [".", "1", ".", "1", "1", "."]}, {"ovNo": 4, "ovBalls": ["4", ".", ".", "1Lb", "1", "4"]}, {"ovNo": 5, "ovBalls": ["6", ".", "1", "1", "1", "."]}, {"ovNo": 6, "ovBalls": ["2", ".", "6", "4", "1", "4"]}, {"ovNo": 7, "ovBalls": ["W", "1", ".", "1", ".", "1"]}, {"ovNo": 8, "ovBalls": ["1", ".", "1", "4", "2", "."]}, {"ovNo": 9, "ovBalls": ["1", "2", "1", "2", "1", "."]}, {"ovNo": 10, "ovBalls": [".", "1", "2", "1", "1", "1"]}, {"ovNo": 11, "ovBalls": ["2", "2", "1", "1", "1", "2"]}, {"ovNo": 12, "ovBalls": ["1", "6", ".", "1", "1", "1"]}, {"ovNo": 13, "ovBalls": ["2", "1", ".", "1Lb", "1", "W"]}, {"ovNo": 14, "ovBalls": ["6", "4", "1", "4", ".", "."]}, {"ovNo": 15, "ovBalls": ["1", "1", "4", "1", "6", "."]}, {"ovNo": 16, "ovBalls": ["1", "1", "1", ".", "2", "."]}, {"ovNo": 17, "ovBalls": ["2", "1", "W", ".", "1", "."]}, {"ovNo": 18, "ovBalls": ["1", "6", "6", "4", "1Wd", "1Wd"]}]}]}