{"matchInfo": {"additionalInfo": {"sixes.video.thumb": "https://iplplatform-static-files.s3.amazonaws.com/IPL/photo/2018/05/16/533f9aaf-0614-4f23-89f2-3fbed5b32359/ejwQprwK.jpg", "sixes.video.id": "138825", "match.video.thumb": "https://iplplatform-static-files.s3.amazonaws.com/IPL/photo/2018/05/16/f120a366-ee69-4530-b6c4-0e23b4c34167/highmikxip.jpg", "mom.video.thumb": "https://iplplatform-static-files.s3.amazonaws.com/IPL/photo/2018/05/16/2a9ac68d-409b-4645-9830-2879b004b2ee/vuRCyiPz.jpg", "mom.video.id": "138867", "referee.name": "Javagal Srinath", "report.thumb": "https://iplplatform-static-files.s3.amazonaws.com/IPL/photo/2018/05/16/95c5d928-4680-4f1c-ae68-cc8cf065b9d4/GAZI_0037.JPG", "match.summary": "", "umpire.name.1": "Marais Erasmus", "umpire.name.2": "Nitin Menon", "umpire.name.3": "Yeshwant Barde", "interview.thumb": "https://iplplatform-static-files.s3.amazonaws.com/IPL/photo/2018/05/16/46477105-1b96-4556-bbc3-ba374471131a/kl-int.jpg", "umpire.name.4": "Ulhas Gandhe", "result.playerofthematch": "Jasprit Bumrah", "report.link": "https://www.iplt20.com/news/138900/report-m50-mi-v-kxip", "toss.elected": "Kings XI Punjab, who chose to field", "notes.1.1": "Powerplay: 60 runs, 3 wickets", "notes.1.2": "Mumbai Indians: 50 runs in 4.4 overs", "notes.2.1": "Powerplay: 57 runs, 1 wicket", "notes.1.3": "Mumbai Indians: 100 runs in 11.4 overs", "notes.2.2": "Kings XI Punjab: 50 runs in 5.1 overs", "notes.1.4": "5th Wicket: 50 runs in 30 balls (Krunal Pandya 24, Kieron Pollard 27)", "notes.2.3": "2nd Wicket: 50 runs in 36 balls (KL Rahul 30, Aaron Finch 19)", "notes.1.5": "Mumbai Indians: 150 runs in 14.6 overs", "notes.2.4": "KL Rahul: 50 off 36 balls (6 x fours, 1 x six)", "notes.1.6": "Kieron Pollard: 50 off 22 balls (5 x fours, 3 x sixes)", "notes.2.5": "Kings XI Punjab: 100 runs in 12.1 overs", "notes.1.7": "Innings Break: Mumbai Indians - 186/8 in 20 overs", "notes.2.6": "2nd Wicket: 100 runs in 72 balls (KL Rahul 55, AaronJ Finch 46)", "notes.2.7": "Kings XI Punjab: 150 runs in 17.1 overs", "highlights.link": "https://www.iplt20.com/video/138871/m50-mi-vs-kxip-match-highlights", "match.video.id": "138871", "stats.link": "https://www.iplt20.com/news/138902/quick-stats-m50-mi-vs-kxip", "toss.winner": "Kings XI Punjab", "interview.link": "https://www.iplt20.com/video/138896/hardik-and-i-want-to-bring-jersey-swap-ritual-to-cricket-kl-rahul", "stats.thumb": "https://iplplatform-static-files.s3.amazonaws.com/IPL/photo/2018/05/16/db6226f9-225f-4eeb-98fd-21199d2a3a2b/VRP_3742.jpg"}, "teams": [{"id": 9851, "team": {"id": 6, "fullName": "Mumbai Indians", "shortName": "Mumbai", "abbreviation": "MI", "type": "m", "primaryColor": "00AEEF", "secondaryColor": "FFFFFF"}, "players": [{"id": 108, "fullName": "Suryakumar Yadav", "shortName": "S Yadav", "nationality": "Indian", "dateOfBirth": "1990-09-14", "rightArmedBowl": true, "rightHandedBat": true}, {"id": 872, "fullName": "Evin Lewis", "shortName": "E Lewis", "nationality": "West Indian", "dateOfBirth": "1991-12-27", "rightArmedBowl": false, "rightHandedBat": false}, {"id": 107, "fullName": "Rohit Sharma", "shortName": "R Sharma", "nationality": "Indian", "dateOfBirth": "1987-04-30", "rightArmedBowl": true, "rightHandedBat": true, "bowlingStyle": "OFF_SPIN"}, {"id": 2975, "fullName": "Ishan Kishan", "shortName": "I Kishan", "nationality": "Indian", "dateOfBirth": "1998-07-18", "rightArmedBowl": false, "rightHandedBat": false}, {"id": 2740, "fullName": "Hardik Pandya", "shortName": "H Pandya", "nationality": "Indian", "dateOfBirth": "1993-10-11", "rightArmedBowl": true, "rightHandedBat": true, "bowlingStyle": "MEDIUM_SEAM"}, {"id": 3183, "fullName": "Krunal Pandya", "shortName": "K Pandya", "nationality": "Indian", "dateOfBirth": "1991-03-24", "rightArmedBowl": false, "rightHandedBat": false, "bowlingStyle": "ORTHODOX"}, {"id": 913, "fullName": "Ben Cutting", "shortName": "B Cutting", "nationality": "Australian", "dateOfBirth": "1987-01-30", "rightArmedBowl": false, "rightHandedBat": true, "bowlingStyle": "FAST_SEAM"}, {"id": 210, "fullName": "Kieron Pollard", "shortName": "K Pollard", "nationality": "West Indian", "dateOfBirth": "1987-05-12", "rightArmedBowl": true, "rightHandedBat": true, "bowlingStyle": "MEDIUM_SEAM"}, {"id": 730, "fullName": "Mitchell McClenaghan", "shortName": "M McClenaghan", "nationality": "New Zealander", "dateOfBirth": "1986-06-11", "rightArmedBowl": false, "rightHandedBat": false}, {"id": 4951, "fullName": "Mayank Markande", "shortName": "M Markande", "nationality": "Indian", "dateOfBirth": "1997-11-11", "rightArmedBowl": true, "rightHandedBat": true, "bowlingStyle": "LEG_SPIN"}, {"id": 1124, "fullName": "Jasprit Bumrah", "shortName": "J Bumrah", "nationality": "Indian", "dateOfBirth": "1993-12-06", "rightArmedBowl": true, "rightHandedBat": true, "bowlingStyle": "FAST_SEAM"}], "wicketKeeper": {"id": 2975, "fullName": "Ishan Kishan", "shortName": "I Kishan", "nationality": "Indian", "dateOfBirth": "1998-07-18", "rightArmedBowl": false, "rightHandedBat": false}, "captain": {"id": 107, "fullName": "Rohit Sharma", "shortName": "R Sharma", "nationality": "Indian", "dateOfBirth": "1987-04-30", "rightArmedBowl": true, "rightHandedBat": true, "bowlingStyle": "OFF_SPIN"}}, {"id": 9850, "team": {"id": 4, "fullName": "Punjab Kings", "shortName": "Punjab Kings", "abbreviation": "PBKS", "type": "m", "primaryColor": "DA1F3D", "secondaryColor": "FFFFFF"}, "players": [{"id": 1125, "fullName": "KL Rahul", "shortName": "KL Rahul", "nationality": "Indian", "dateOfBirth": "1992-04-18", "rightArmedBowl": true, "rightHandedBat": true}, {"id": 236, "fullName": "Chris Gayle", "shortName": "C Gayle", "nationality": "West Indian", "dateOfBirth": "1979-09-21", "rightArmedBowl": true, "rightHandedBat": false, "bowlingStyle": "OFF_SPIN"}, {"id": 167, "fullName": "Aaron Finch", "shortName": "A Finch", "nationality": "Australian", "dateOfBirth": "1986-11-17", "rightArmedBowl": false, "rightHandedBat": true, "bowlingStyle": "ORTHODOX"}, {"id": 113, "fullName": "Yuvraj Singh", "shortName": "Y Singh", "nationality": "Indian", "dateOfBirth": "1981-12-12", "rightArmedBowl": false, "rightHandedBat": false, "bowlingStyle": "ORTHODOX"}, {"id": 89, "fullName": "Manoj Tiwary", "shortName": "M Tiwary", "nationality": "Indian", "dateOfBirth": "1985-11-14", "rightArmedBowl": true, "rightHandedBat": true}, {"id": 964, "fullName": "Marcus Stoinis", "shortName": "M Stoinis", "nationality": "Australian", "dateOfBirth": "1989-08-16", "rightArmedBowl": true, "rightHandedBat": true, "bowlingStyle": "MEDIUM_SEAM"}, {"id": 1113, "fullName": "Axar Patel", "shortName": "A Patel", "nationality": "Indian", "dateOfBirth": "1994-01-20", "rightArmedBowl": false, "rightHandedBat": false, "bowlingStyle": "ORTHODOX"}, {"id": 8, "fullName": "Ravichandran Ashwin", "shortName": "R Ashwin", "nationality": "Indian", "dateOfBirth": "1986-09-17", "rightArmedBowl": true, "rightHandedBat": true, "bowlingStyle": "OFF_SPIN"}, {"id": 1107, "fullName": "Mohit Sharma", "shortName": "M Sharma", "nationality": "Indian", "dateOfBirth": "1991-12-19", "rightArmedBowl": false, "rightHandedBat": true}, {"id": 1480, "fullName": "Andrew Tye", "shortName": "A Tye", "nationality": "Australian", "dateOfBirth": "1986-12-12", "rightArmedBowl": true, "rightHandedBat": true, "bowlingStyle": "MEDIUM_SEAM"}, {"id": 1106, "fullName": "Ankit Rajpoot", "shortName": "A Rajpoot", "nationality": "Indian", "dateOfBirth": "1993-12-04", "rightArmedBowl": false, "rightHandedBat": true}], "wicketKeeper": {"id": 1125, "fullName": "KL Rahul", "shortName": "KL Rahul", "nationality": "Indian", "dateOfBirth": "1992-04-18", "rightArmedBowl": true, "rightHandedBat": true}, "captain": {"id": 8, "fullName": "Ravichandran Ashwin", "shortName": "R Ashwin", "nationality": "Indian", "dateOfBirth": "1986-09-17", "rightArmedBowl": true, "rightHandedBat": true, "bowlingStyle": "OFF_SPIN"}}], "venue": {"id": 4, "fullName": "Wankhede Stadium", "shortName": "Wankhede Stadium", "city": "Mumbai", "country": "India"}, "matchDate": "2018-05-16T20:00:00+0530", "matchEndDate": "2018-05-16T23:00:00+0530", "matchDateMs": 1526481000000, "matchEndDateMs": 1526491800000, "isLimitedOvers": true, "battingOrder": [0, 1], "matchBroadcast": false, "matchState": "C", "matchStatus": {"outcome": "A", "text": "Mumbai Indians won by 3 runs"}, "description": "Match 50", "matchSummary": "", "matchType": "IPLT20", "tournamentLabel": "IPL 2018", "oversLimit": 20, "groupName": ""}, "matchId": {"id": 7943, "name": "ipl2018-50", "tournamentId": {"id": 7749, "name": "ipl2018", "provisional": false}}, "currentState": {"inProgress": false, "phase": "C", "currentInningsIndex": 1, "currentBatsmen": [89, 1113], "facingBatsman": 1113, "nonFacingBatsman": 89, "currentBowler": -1, "previousBowler": 1124, "previousBowlerCurrentSpell": {"playerId": 1124, "ov": "2", "r": 10, "w": 3, "d": 4, "maid": 0, "e": "5.00", "wd": 1, "nb": 0}, "currentPartnership": 11, "partnership": {"runs": 11, "balls": 3, "runRate": "22.00"}, "recentOvers": [{"ovNo": 15, "ovBalls": ["1", "1Wd", "1Wd", ".", "1", ".", "1", "1"]}, {"ovNo": 16, "ovBalls": ["1", "2", "1", "2", "6", "6"]}, {"ovNo": 17, "ovBalls": ["W", "1", "2", "1", "W", "."]}, {"ovNo": 18, "ovBalls": ["1", "1", "4", "4", "4", "1"]}, {"ovNo": 19, "ovBalls": ["1Wd", "1", "1", "W", "1", "1", "1"]}, {"ovNo": 20, "ovBalls": ["1B", ".", "1Wd", "W", "6", "1B", "4"]}]}, "innings": [{"inningsNumber": 1, "runRate": "9.30", "overProgress": "20", "declared": false, "scorecard": {"runs": 186, "wkts": 8, "allOut": false, "battingStats": [{"playerId": 108, "r": 27, "b": 15, "sr": "180.00", "4s": 3, "6s": 2, "mod": {"dismissedBp": {"innings": 1, "over": 6, "ball": 4}, "countingBp": {"innings": 1, "over": 6, "ball": 4}, "text": "c KL Rahul b Andrew Tye", "bowlerId": 1480, "additionalPlayerIds": [1125], "dismissedMethod": "ct", "isOut": true}}, {"playerId": 872, "r": 9, "b": 7, "sr": "128.57", "4s": 0, "6s": 1, "mod": {"dismissedBp": {"innings": 1, "over": 4, "ball": 1}, "countingBp": {"innings": 1, "over": 4, "ball": 1}, "text": "b Andrew Tye", "bowlerId": 1480, "dismissedMethod": "b", "isOut": true}}, {"playerId": 2975, "r": 20, "b": 12, "sr": "166.66", "4s": 1, "6s": 2, "mod": {"dismissedBp": {"innings": 1, "over": 6, "ball": 3}, "countingBp": {"innings": 1, "over": 6, "ball": 3}, "text": "c Marcus Stoinis b Andrew Tye", "bowlerId": 1480, "additionalPlayerIds": [964], "dismissedMethod": "ct", "isOut": true}}, {"playerId": 107, "r": 6, "b": 10, "sr": "60.00", "4s": 0, "6s": 0, "mod": {"dismissedBp": {"innings": 1, "over": 9, "ball": 2}, "countingBp": {"innings": 1, "over": 9, "ball": 2}, "text": "c Yuvraj Singh b Ankit Rajpoot", "bowlerId": 1106, "additionalPlayerIds": [113], "dismissedMethod": "ct", "isOut": true}}, {"playerId": 3183, "r": 32, "b": 23, "sr": "139.13", "4s": 1, "6s": 2, "mod": {"dismissedBp": {"innings": 1, "over": 15, "ball": 2}, "countingBp": {"innings": 1, "over": 15, "ball": 2}, "text": "c Ankit Rajpoot b Marcus Stoinis", "bowlerId": 964, "additionalPlayerIds": [1106], "dismissedMethod": "ct", "isOut": true}}, {"playerId": 210, "r": 50, "b": 23, "sr": "217.39", "4s": 5, "6s": 3, "mod": {"dismissedBp": {"innings": 1, "over": 16, "ball": 3}, "countingBp": {"innings": 1, "over": 16, "ball": 3}, "text": "c Aaron Finch b Ravichandran Ashwin", "bowlerId": 8, "additionalPlayerIds": [167], "dismissedMethod": "ct", "isOut": true}}, {"playerId": 2740, "r": 9, "b": 12, "sr": "75.00", "4s": 0, "6s": 0, "mod": {"dismissedBp": {"innings": 1, "over": 19, "ball": 3}, "countingBp": {"innings": 1, "over": 19, "ball": 2}, "text": "c Ravichandran Ashwin b Andrew Tye", "bowlerId": 1480, "additionalPlayerIds": [8], "dismissedMethod": "ct", "isOut": true}}, {"playerId": 913, "r": 4, "b": 7, "sr": "57.14", "4s": 0, "6s": 0, "mod": {"dismissedBp": {"innings": 1, "over": 18, "ball": 4}, "countingBp": {"innings": 1, "over": 18, "ball": 4}, "text": "c Axar Patel b Ravichandran Ashwin", "bowlerId": 8, "additionalPlayerIds": [1113], "dismissedMethod": "ct", "isOut": true}}, {"playerId": 730, "r": 11, "b": 7, "sr": "157.14", "4s": 1, "6s": 1}, {"playerId": 4951, "r": 7, "b": 5, "sr": "140.00", "4s": 1, "6s": 0}], "bowlingStats": [{"playerId": 1106, "ov": "4", "r": 46, "w": 1, "d": 10, "maid": 0, "e": "11.50", "wd": 2, "nb": 0}, {"playerId": 1107, "ov": "3", "r": 34, "w": 0, "d": 8, "maid": 0, "e": "11.33", "wd": 1, "nb": 1}, {"playerId": 1480, "ov": "4", "r": 16, "w": 4, "d": 15, "maid": 0, "e": "4.00", "wd": 1, "nb": 0}, {"playerId": 1113, "ov": "3", "r": 24, "w": 0, "d": 2, "maid": 0, "e": "8.00", "wd": 1, "nb": 0}, {"playerId": 8, "ov": "3", "r": 18, "w": 2, "d": 5, "maid": 0, "e": "6.00", "wd": 0, "nb": 0}, {"playerId": 964, "ov": "3", "r": 43, "w": 1, "d": 3, "maid": 0, "e": "14.33", "wd": 0, "nb": 0}], "fow": [{"bp": {"innings": 1, "over": 4, "ball": 1}, "playerId": 872, "ret": false, "w": 1, "r": 37}, {"bp": {"innings": 1, "over": 6, "ball": 3}, "playerId": 2975, "ret": false, "w": 2, "r": 59}, {"bp": {"innings": 1, "over": 6, "ball": 4}, "playerId": 108, "ret": false, "w": 3, "r": 59}, {"bp": {"innings": 1, "over": 9, "ball": 2}, "playerId": 107, "ret": false, "w": 4, "r": 71}, {"bp": {"innings": 1, "over": 15, "ball": 2}, "playerId": 3183, "ret": false, "w": 5, "r": 136}, {"bp": {"innings": 1, "over": 16, "ball": 3}, "playerId": 210, "ret": false, "w": 6, "r": 152}, {"bp": {"innings": 1, "over": 18, "ball": 4}, "playerId": 913, "ret": false, "w": 7, "r": 160}, {"bp": {"innings": 1, "over": 19, "ball": 2}, "playerId": 2740, "ret": false, "w": 8, "r": 170}], "extras": {"noBallRuns": 1, "wideRuns": 5, "byeRuns": 0, "legByeRuns": 5, "penaltyRuns": 0}, "declared": false}, "overHistory": [{"ovNo": 1, "ovBalls": ["1", "1Wd", "1", ".", "4", ".", "."]}, {"ovNo": 2, "ovBalls": [".", "1Lb", ".", "1", "6", "1"]}, {"ovNo": 3, "ovBalls": ["1", "4", ".", "6", "6", "4"]}, {"ovNo": 4, "ovBalls": ["W", ".", ".", ".", "2", "."]}, {"ovNo": 5, "ovBalls": ["1Lb", "4", ".", "6", "6", "1"]}, {"ovNo": 6, "ovBalls": ["1", "1", "W", "W", "1", "."]}, {"ovNo": 7, "ovBalls": ["1", "1", "1", "1", "1", "1"]}, {"ovNo": 8, "ovBalls": [".", "1", "1", "1", "1", "1"]}, {"ovNo": 9, "ovBalls": [".", "W", "1", ".", ".", "."]}, {"ovNo": 10, "ovBalls": ["1", ".", "1", ".", "4", "1"]}, {"ovNo": 11, "ovBalls": ["2", ".", "1", "1", "1Wd", ".", "1"]}, {"ovNo": 12, "ovBalls": ["1", "6", "6", "4", "1", "1"]}, {"ovNo": 13, "ovBalls": ["1", "2", "1", "1", "1", "6"]}, {"ovNo": 14, "ovBalls": ["1", "6", "4", "4", "1", "1Wd", "1Lb"]}, {"ovNo": 15, "ovBalls": ["2", "W", "1", "4", "4", "6"]}, {"ovNo": 16, "ovBalls": [".", "1", "W", "1", "1", "."]}, {"ovNo": 17, "ovBalls": [".", ".", "1", ".", "2", "."]}, {"ovNo": 18, "ovBalls": ["1", "1", "1", "W", "1", "6"]}, {"ovNo": 19, "ovBalls": ["1Wd", "2", "W", "1", "4", ".", "."]}, {"ovNo": 20, "ovBalls": ["4", "1", "1Wd", ".", "2Nb", "1Lb", "1Lb", "1"]}]}, {"inningsNumber": 2, "runRate": "9.15", "overProgress": "20", "declared": false, "scorecard": {"runs": 183, "wkts": 5, "allOut": false, "battingStats": [{"playerId": 1125, "r": 94, "b": 60, "sr": "156.66", "4s": 10, "6s": 3, "mod": {"dismissedBp": {"innings": 2, "over": 19, "ball": 4}, "countingBp": {"innings": 2, "over": 19, "ball": 3}, "text": "c Ben Cutting b Jasprit Bumrah", "bowlerId": 1124, "additionalPlayerIds": [913], "dismissedMethod": "ct", "isOut": true}}, {"playerId": 236, "r": 18, "b": 11, "sr": "163.63", "4s": 2, "6s": 1, "mod": {"dismissedBp": {"innings": 2, "over": 4, "ball": 5}, "countingBp": {"innings": 2, "over": 4, "ball": 5}, "text": "c Ben Cutting b Mitchell McClenaghan", "bowlerId": 730, "additionalPlayerIds": [913], "dismissedMethod": "ct", "isOut": true}}, {"playerId": 167, "r": 46, "b": 35, "sr": "131.42", "4s": 3, "6s": 1, "mod": {"dismissedBp": {"innings": 2, "over": 17, "ball": 1}, "countingBp": {"innings": 2, "over": 17, "ball": 1}, "text": "c Hardik Pandya b Jasprit Bumrah", "bowlerId": 1124, "additionalPlayerIds": [2740], "dismissedMethod": "ct", "isOut": true}}, {"playerId": 964, "r": 1, "b": 2, "sr": "50.00", "4s": 0, "6s": 0, "mod": {"dismissedBp": {"innings": 2, "over": 17, "ball": 5}, "countingBp": {"innings": 2, "over": 17, "ball": 5}, "text": "c Ishan Kishan b Jasprit Bumrah", "bowlerId": 1124, "additionalPlayerIds": [2975], "dismissedMethod": "ct", "isOut": true}}, {"playerId": 1113, "r": 10, "b": 8, "sr": "125.00", "4s": 0, "6s": 1}, {"playerId": 113, "r": 1, "b": 3, "sr": "33.33", "4s": 0, "6s": 0, "mod": {"dismissedBp": {"innings": 2, "over": 20, "ball": 4}, "countingBp": {"innings": 2, "over": 20, "ball": 3}, "text": "c Evin Lewis b Mitchell McClenaghan", "bowlerId": 730, "additionalPlayerIds": [872], "dismissedMethod": "ct", "isOut": true}}, {"playerId": 89, "r": 4, "b": 1, "sr": "400.00", "4s": 1, "6s": 0}], "bowlingStats": [{"playerId": 730, "ov": "4", "r": 37, "w": 2, "d": 10, "maid": 0, "e": "9.25", "wd": 1, "nb": 0}, {"playerId": 1124, "ov": "4", "r": 15, "w": 3, "d": 11, "maid": 0, "e": "3.75", "wd": 1, "nb": 0}, {"playerId": 2740, "ov": "4", "r": 42, "w": 0, "d": 6, "maid": 0, "e": "10.50", "wd": 2, "nb": 0}, {"playerId": 3183, "ov": "4", "r": 36, "w": 0, "d": 4, "maid": 0, "e": "9.00", "wd": 0, "nb": 0}, {"playerId": 4951, "ov": "3", "r": 34, "w": 0, "d": 0, "maid": 0, "e": "11.33", "wd": 1, "nb": 0}, {"playerId": 913, "ov": "1", "r": 15, "w": 0, "d": 0, "maid": 0, "e": "15.00", "wd": 0, "nb": 0}], "fow": [{"bp": {"innings": 2, "over": 4, "ball": 5}, "playerId": 236, "ret": false, "w": 1, "r": 34}, {"bp": {"innings": 2, "over": 17, "ball": 1}, "playerId": 167, "ret": false, "w": 2, "r": 145}, {"bp": {"innings": 2, "over": 17, "ball": 5}, "playerId": 964, "ret": false, "w": 3, "r": 149}, {"bp": {"innings": 2, "over": 19, "ball": 3}, "playerId": 1125, "ret": false, "w": 4, "r": 167}, {"bp": {"innings": 2, "over": 20, "ball": 3}, "playerId": 113, "ret": false, "w": 5, "r": 172}], "extras": {"noBallRuns": 0, "wideRuns": 5, "byeRuns": 2, "legByeRuns": 2, "penaltyRuns": 0}, "declared": false}, "overHistory": [{"ovNo": 1, "ovBalls": ["1", "1", "6", ".", ".", "."]}, {"ovNo": 2, "ovBalls": [".", ".", "1", ".", ".", "."]}, {"ovNo": 3, "ovBalls": ["6", "4", "1", ".", "4", "4"]}, {"ovNo": 4, "ovBalls": ["4", "1", "1", ".", "W", "."]}, {"ovNo": 5, "ovBalls": [".", "1Lb", "1", "2", "2", "6"]}, {"ovNo": 6, "ovBalls": ["4", "1", ".", "1", "4", "1"]}, {"ovNo": 7, "ovBalls": ["4", "1", "1", "1", "1", "1"]}, {"ovNo": 8, "ovBalls": ["4", ".", "1", "1", "1", "."]}, {"ovNo": 9, "ovBalls": ["1", "1", "1Wd", "1", "1", "1", "1"]}, {"ovNo": 10, "ovBalls": ["1", "1", "1", ".", "2", "1"]}, {"ovNo": 11, "ovBalls": ["1", "1", "1", "4", "1", "1"]}, {"ovNo": 12, "ovBalls": ["1", ".", "1", ".", "1", "1"]}, {"ovNo": 13, "ovBalls": ["1", "4", "1", "4", "1", "1"]}, {"ovNo": 14, "ovBalls": ["1", "2", "4", "1", "1Lb", "1"]}, {"ovNo": 15, "ovBalls": ["1", "1Wd", "1Wd", ".", "1", ".", "1", "1"]}, {"ovNo": 16, "ovBalls": ["1", "2", "1", "2", "6", "6"]}, {"ovNo": 17, "ovBalls": ["W", "1", "2", "1", "W", "."]}, {"ovNo": 18, "ovBalls": ["1", "1", "4", "4", "4", "1"]}, {"ovNo": 19, "ovBalls": ["1Wd", "1", "1", "W", "1", "1", "1"]}, {"ovNo": 20, "ovBalls": ["1B", ".", "1Wd", "W", "6", "1B", "4"]}]}]}