{"matchInfo": {"additionalInfo": {"report.link": "https://www.iplt20.com/news/234311/vivo-ipl-2021-match-18-rr-vs-kkr-match-report", "sixes.video.thumb": "https://resources.platform.iplt20.com/photo-resources/2021/04/24/0ad54e89-c010-4f18-8d32-1cc008743a7f/1tYzYMkQ.jpg?width=390&height=219", "toss.elected": "Rajasthan Royals, who chose to field", "sixes.video.id": "234305", "notes.1.1": "Powerplay: 25 runs, 1 wicket", "match.video.thumb": "https://resources.platform.iplt20.com/photo-resources/2021/04/24/d0114581-5590-467b-93d9-c3784ae3d544/vpk2It7f.jpg?width=780&height=439", "notes.1.2": "KKR: 50 runs in 8.3 overs", "notes.2.1": "Powerplay: 50 runs, 2 wickets", "notes.1.3": "KKR: 100 runs in 16.0 overs", "notes.2.2": "RR: 50 runs in 5.4 overs", "notes.1.4": "Innings Break: KKR - 133/9 in 20 overs", "notes.2.3": "RR: 100 runs in 13.3 overs", "referee.name": "Manu Nayar", "match.video.id": "234319", "report.thumb": "https://resources.platform.iplt20.com/photo-resources/2021/04/24/a5088cae-c4d9-4b65-92f4-0c1b6bd2663a/_AI_8071.JPG?width=780&height=439", "match.summary": "", "umpire.name.1": "S. Ravi", "umpire.name.2": "Navdeep Singh Sidhu", "toss.winner": "Rajasthan Royals ", "umpire.name.3": "Paul Reiffel", "umpire.name.4": "Yeshwant Barde", "result.playerofthematch": "Chris Morris"}, "teams": [{"id": 31132, "team": {"id": 8, "fullName": "Rajasthan Royals", "shortName": "Royals", "abbreviation": "RR", "type": "m", "primaryColor": "004B8C", "secondaryColor": "FFFFFF"}, "players": [{"id": 509, "fullName": "Jos Buttler", "shortName": "J Buttler", "nationality": "English", "dateOfBirth": "1990-09-08", "rightArmedBowl": true, "rightHandedBat": true}, {"id": 13538, "fullName": "Yashasvi Jaiswal", "shortName": "Y Jaiswal", "nationality": "Indian", "dateOfBirth": "2001-12-28", "rightArmedBowl": false, "rightHandedBat": false, "bowlingStyle": "MEDIUM_SEAM"}, {"id": 258, "fullName": "Sanju Samson", "shortName": "S Samson", "nationality": "Indian", "dateOfBirth": "1994-11-11", "rightArmedBowl": true, "rightHandedBat": true}, {"id": 5431, "fullName": "Shivam Dube", "shortName": "S Dube", "nationality": "Indian", "dateOfBirth": "1993-06-26", "rightArmedBowl": true, "rightHandedBat": false, "bowlingStyle": "MEDIUM_SEAM"}, {"id": 187, "fullName": "David Miller", "shortName": "D Miller", "nationality": "South African", "dateOfBirth": "1989-06-10", "rightArmedBowl": true, "rightHandedBat": false, "bowlingStyle": "OFF_SPIN"}, {"id": 4445, "fullName": "Riyan Parag", "shortName": "R Parag", "nationality": "Indian", "dateOfBirth": "2001-11-10", "rightArmedBowl": true, "rightHandedBat": true, "bowlingStyle": "LEG_SPIN"}, {"id": 1749, "fullName": "Rahul Tewatia", "shortName": "R Tewatia", "nationality": "Indian", "dateOfBirth": "1993-05-20", "rightArmedBowl": true, "rightHandedBat": false, "bowlingStyle": "LEG_SPIN"}, {"id": 836, "fullName": "Chris Morris", "shortName": "C Morris", "nationality": "South African", "dateOfBirth": "1987-04-30", "rightArmedBowl": true, "rightHandedBat": true, "bowlingStyle": "FAST_SEAM"}, {"id": 86, "fullName": "Jaydev Unadkat", "shortName": "J Unadkat", "nationality": "Indian", "dateOfBirth": "1991-10-18", "rightArmedBowl": false, "rightHandedBat": true, "bowlingStyle": "MEDIUM_SEAM"}, {"id": 11062, "fullName": "Chetan Sakariya", "shortName": "C Sakariya", "nationality": "Indian", "dateOfBirth": "1998-02-28", "rightArmedBowl": false, "rightHandedBat": false, "bowlingStyle": "FAST_SEAM"}, {"id": 1594, "fullName": "Mustafizur Rahman", "shortName": "M Rahman", "nationality": "Bangladeshi", "dateOfBirth": "1995-09-06", "rightArmedBowl": false, "rightHandedBat": false, "bowlingStyle": "FAST_SEAM"}], "wicketKeeper": {"id": 258, "fullName": "Sanju Samson", "shortName": "S Samson", "nationality": "Indian", "dateOfBirth": "1994-11-11", "rightArmedBowl": true, "rightHandedBat": true}, "captain": {"id": 258, "fullName": "Sanju Samson", "shortName": "S Samson", "nationality": "Indian", "dateOfBirth": "1994-11-11", "rightArmedBowl": true, "rightHandedBat": true}}, {"id": 31133, "team": {"id": 5, "fullName": "Kolkata Knight Riders", "shortName": "Knight Riders", "abbreviation": "KKR", "type": "m", "primaryColor": "6F2C91", "secondaryColor": "FFFFFF"}, "players": [{"id": 2738, "fullName": "Nitish Rana", "shortName": "N Rana", "nationality": "Indian", "dateOfBirth": "1993-12-27", "rightArmedBowl": true, "rightHandedBat": false, "bowlingStyle": "OFF_SPIN"}, {"id": 3761, "fullName": "Shubman Gill", "shortName": "S Gill", "nationality": "Indian", "dateOfBirth": "1999-09-08", "rightArmedBowl": true, "rightHandedBat": true, "bowlingStyle": "OFF_SPIN"}, {"id": 3838, "fullName": "Rahul Tripathi", "shortName": "R Tripathi", "nationality": "Indian", "dateOfBirth": "1991-03-02", "rightArmedBowl": true, "rightHandedBat": true, "bowlingStyle": "MEDIUM_SEAM"}, {"id": 197, "fullName": "Eoin Morgan", "shortName": "E Morgan", "nationality": "English", "dateOfBirth": "1986-09-10", "rightArmedBowl": true, "rightHandedBat": false, "bowlingStyle": "MEDIUM_SEAM"}, {"id": 203, "fullName": "Sunil Narine", "shortName": "S Narine", "nationality": "West Indian", "dateOfBirth": "1988-05-26", "rightArmedBowl": true, "rightHandedBat": false, "bowlingStyle": "OFF_SPIN"}, {"id": 102, "fullName": "Dinesh Karthik", "shortName": "D Karthik", "nationality": "Indian", "dateOfBirth": "1985-06-01", "rightArmedBowl": true, "rightHandedBat": true, "bowlingStyle": "OFF_SPIN"}, {"id": 177, "fullName": "Andre Russell", "shortName": "A Russell", "nationality": "West Indian", "dateOfBirth": "1988-04-29", "rightArmedBowl": true, "rightHandedBat": true, "bowlingStyle": "FAST_SEAM"}, {"id": 488, "fullName": "Pat Cummins", "shortName": "P Cummins", "nationality": "Australian", "dateOfBirth": "1993-05-08", "rightArmedBowl": true, "rightHandedBat": true, "bowlingStyle": "FAST_SEAM"}, {"id": 3779, "fullName": "Shivam Mavi", "shortName": "S Mavi", "nationality": "Indian", "dateOfBirth": "1998-11-26", "rightArmedBowl": true, "rightHandedBat": true, "bowlingStyle": "FAST_SEAM"}, {"id": 5432, "fullName": "Varun Chakaravarthy", "shortName": "V Chakaravarthy", "nationality": "Indian", "dateOfBirth": "1991-08-29", "rightArmedBowl": true, "rightHandedBat": true, "bowlingStyle": "LEG_SPIN"}, {"id": 5105, "fullName": "Prasidh Krishna", "shortName": "P Krishna", "nationality": "Indian", "dateOfBirth": "1996-02-19", "rightArmedBowl": true, "rightHandedBat": true, "bowlingStyle": "MEDIUM_SEAM"}], "wicketKeeper": {"id": 102, "fullName": "Dinesh Karthik", "shortName": "D Karthik", "nationality": "Indian", "dateOfBirth": "1985-06-01", "rightArmedBowl": true, "rightHandedBat": true, "bowlingStyle": "OFF_SPIN"}, "captain": {"id": 197, "fullName": "Eoin Morgan", "shortName": "E Morgan", "nationality": "English", "dateOfBirth": "1986-09-10", "rightArmedBowl": true, "rightHandedBat": false, "bowlingStyle": "MEDIUM_SEAM"}}], "venue": {"id": 4, "fullName": "Wankhede Stadium", "shortName": "Wankhede Stadium", "city": "Mumbai", "country": "India"}, "matchDate": "2021-04-24T19:30:00+0530", "matchEndDate": "2021-04-24T23:00:00+0530", "matchDateMs": 1619272800000, "matchEndDateMs": 1619285400000, "isLimitedOvers": true, "battingOrder": [1, 0], "matchBroadcast": false, "matchState": "C", "matchStatus": {"outcome": "A", "text": "Rajasthan Royals won by 6 wickets"}, "description": "Match 18", "matchSummary": "", "matchType": "IPLT20", "tournamentLabel": "IPL 2021", "oversLimit": 20, "groupName": ""}, "matchId": {"id": 23486, "name": "ipl2021-18", "tournamentId": {"id": 22399, "name": "ipl2021", "provisional": false}}, "currentState": {"inProgress": false, "phase": "C", "currentInningsIndex": 1, "currentBatsmen": [258, 187], "facingBatsman": 187, "nonFacingBatsman": 258, "currentBowler": 488, "currentBowlerCurrentSpell": {"playerId": 488, "ov": "1.5", "r": 13, "w": 0, "d": 2, "maid": 0, "e": "7.09", "wd": 0, "nb": 0}, "previousBowler": 5105, "previousBowlerCurrentSpell": {"playerId": 5105, "ov": "3", "r": 20, "w": 1, "d": 8, "maid": 0, "e": "6.66", "wd": 2, "nb": 0}, "currentPartnership": 34, "partnership": {"runs": 34, "balls": 31, "runRate": "6.58"}, "recentOvers": [{"ovNo": 14, "ovBalls": ["1Lb", "1", "1", "W", "1", "."]}, {"ovNo": 15, "ovBalls": [".", "1", "1Wd", "1", ".", ".", "."]}, {"ovNo": 16, "ovBalls": ["1", "1Wd", "1Wd", "4", ".", ".", ".", "2"]}, {"ovNo": 17, "ovBalls": ["1", "4", "1", "1", ".", "1"]}, {"ovNo": 18, "ovBalls": [".", "2", "4", ".", "1", "1"]}, {"ovNo": 19, "ovBalls": ["1", "2", ".", "1", "1"]}]}, "innings": [{"inningsNumber": 1, "runRate": "6.65", "overProgress": "20", "declared": false, "scorecard": {"runs": 133, "wkts": 9, "allOut": false, "battingStats": [{"playerId": 2738, "r": 22, "b": 25, "sr": "88.00", "4s": 1, "6s": 1, "mod": {"dismissedBp": {"innings": 1, "over": 9, "ball": 1}, "countingBp": {"innings": 1, "over": 9, "ball": 1}, "text": "c Sanju Samson b Chetan Sakariya", "bowlerId": 11062, "additionalPlayerIds": [258], "dismissedMethod": "ct", "isOut": true}}, {"playerId": 3761, "r": 11, "b": 19, "sr": "57.89", "4s": 1, "6s": 0, "mod": {"dismissedBp": {"innings": 1, "over": 6, "ball": 4}, "countingBp": {"innings": 1, "over": 6, "ball": 4}, "text": "run out (Jos Buttler)", "bowlerId": 1594, "additionalPlayerIds": [509], "dismissedMethod": "ro", "isOut": true}}, {"playerId": 3838, "r": 36, "b": 26, "sr": "138.46", "4s": 1, "6s": 2, "mod": {"dismissedBp": {"innings": 1, "over": 16, "ball": 2}, "countingBp": {"innings": 1, "over": 16, "ball": 2}, "text": "c Riyan Parag b Mustafizur Rahman", "bowlerId": 1594, "additionalPlayerIds": [4445], "dismissedMethod": "ct", "isOut": true}}, {"playerId": 203, "r": 6, "b": 7, "sr": "85.71", "4s": 1, "6s": 0, "mod": {"dismissedBp": {"innings": 1, "over": 10, "ball": 5}, "countingBp": {"innings": 1, "over": 10, "ball": 5}, "text": "c Yashasvi Jaiswal b Jaydev Unadkat", "bowlerId": 86, "additionalPlayerIds": [13538], "dismissedMethod": "ct", "isOut": true}}, {"playerId": 197, "r": 0, "b": 0, "4s": 0, "6s": 0, "mod": {"dismissedBp": {"innings": 1, "over": 11, "ball": 2}, "countingBp": {"innings": 1, "over": 11, "ball": 2}, "text": "run out (Chris Morris)", "bowlerId": 836, "additionalPlayerIds": [836], "dismissedMethod": "ro", "isOut": true}}, {"playerId": 102, "r": 25, "b": 24, "sr": "104.16", "4s": 4, "6s": 0, "mod": {"dismissedBp": {"innings": 1, "over": 18, "ball": 7}, "countingBp": {"innings": 1, "over": 18, "ball": 6}, "text": "c Chetan Sakariya b Chris Morris", "bowlerId": 836, "additionalPlayerIds": [11062], "dismissedMethod": "ct", "isOut": true}}, {"playerId": 177, "r": 9, "b": 7, "sr": "128.57", "4s": 0, "6s": 1, "mod": {"dismissedBp": {"innings": 1, "over": 18, "ball": 5}, "countingBp": {"innings": 1, "over": 18, "ball": 4}, "text": "c David Miller b Chris Morris", "bowlerId": 836, "additionalPlayerIds": [187], "dismissedMethod": "ct", "isOut": true}}, {"playerId": 488, "r": 10, "b": 6, "sr": "166.66", "4s": 0, "6s": 1, "mod": {"dismissedBp": {"innings": 1, "over": 20, "ball": 2}, "countingBp": {"innings": 1, "over": 20, "ball": 2}, "text": "c Riyan Parag b Chris Morris", "bowlerId": 836, "additionalPlayerIds": [4445], "dismissedMethod": "ct", "isOut": true}}, {"playerId": 3779, "r": 5, "b": 7, "sr": "71.42", "4s": 1, "6s": 0, "mod": {"dismissedBp": {"innings": 1, "over": 20, "ball": 6}, "countingBp": {"innings": 1, "over": 20, "ball": 6}, "text": "b Chris Morris", "bowlerId": 836, "dismissedMethod": "b", "isOut": true}}, {"playerId": 5105, "r": 0, "b": 0, "4s": 0, "6s": 0}], "bowlingStats": [{"playerId": 86, "ov": "4", "r": 25, "w": 1, "d": 11, "maid": 0, "e": "6.25", "wd": 0, "nb": 0}, {"playerId": 11062, "ov": "4", "r": 31, "w": 1, "d": 8, "maid": 0, "e": "7.75", "wd": 4, "nb": 1}, {"playerId": 1594, "ov": "4", "r": 22, "w": 1, "d": 13, "maid": 0, "e": "5.50", "wd": 0, "nb": 0}, {"playerId": 836, "ov": "4", "r": 23, "w": 4, "d": 18, "maid": 0, "e": "5.75", "wd": 1, "nb": 0}, {"playerId": 1749, "ov": "3", "r": 24, "w": 0, "d": 4, "maid": 0, "e": "8.00", "wd": 0, "nb": 0}, {"playerId": 5431, "ov": "1", "r": 5, "w": 0, "d": 2, "maid": 0, "e": "5.00", "wd": 0, "nb": 0}], "fow": [{"bp": {"innings": 1, "over": 6, "ball": 4}, "playerId": 3761, "ret": false, "w": 1, "r": 24}, {"bp": {"innings": 1, "over": 9, "ball": 1}, "playerId": 2738, "ret": false, "w": 2, "r": 45}, {"bp": {"innings": 1, "over": 10, "ball": 5}, "playerId": 203, "ret": false, "w": 3, "r": 54}, {"bp": {"innings": 1, "over": 11, "ball": 2}, "playerId": 197, "ret": false, "w": 4, "r": 61}, {"bp": {"innings": 1, "over": 16, "ball": 2}, "playerId": 3838, "ret": false, "w": 5, "r": 94}, {"bp": {"innings": 1, "over": 18, "ball": 4}, "playerId": 177, "ret": false, "w": 6, "r": 117}, {"bp": {"innings": 1, "over": 18, "ball": 6}, "playerId": 102, "ret": false, "w": 7, "r": 118}, {"bp": {"innings": 1, "over": 20, "ball": 2}, "playerId": 488, "ret": false, "w": 8, "r": 133}, {"bp": {"innings": 1, "over": 20, "ball": 6}, "playerId": 3779, "ret": false, "w": 9, "r": 133}], "extras": {"noBallRuns": 1, "wideRuns": 5, "byeRuns": 2, "legByeRuns": 1, "penaltyRuns": 0}, "declared": false}, "overHistory": [{"ovNo": 1, "ovBalls": [".", ".", "2", "1", ".", "."]}, {"ovNo": 2, "ovBalls": ["1Wd", ".", "1", ".", "1", ".", "1Wd", "1"]}, {"ovNo": 3, "ovBalls": [".", "4", ".", ".", "1", "1"]}, {"ovNo": 4, "ovBalls": [".", ".", "4", ".", "2", "1"]}, {"ovNo": 5, "ovBalls": [".", ".", ".", ".", "2", "."]}, {"ovNo": 6, "ovBalls": [".", "1", ".", "W", ".", "1"]}, {"ovNo": 7, "ovBalls": [".", "1", "4", "1", ".", "6"]}, {"ovNo": 8, "ovBalls": ["1", "1", "1", "1", "3", "1"]}, {"ovNo": 9, "ovBalls": ["W", "4", "1", "1", ".", "."]}, {"ovNo": 10, "ovBalls": ["1", ".", "1", "1", "W", "1"]}, {"ovNo": 11, "ovBalls": ["6", "W", ".", ".", ".", "1"]}, {"ovNo": 12, "ovBalls": ["6", "1", ".", "1", "1", "."]}, {"ovNo": 13, "ovBalls": ["1", ".", "1", "2", "1", "."]}, {"ovNo": 14, "ovBalls": ["1", "4", ".", "1", "1B", "1"]}, {"ovNo": 15, "ovBalls": ["1", "1", "1", "1", "4", "1Lb"]}, {"ovNo": 16, "ovBalls": ["1", "W", ".", ".", ".", "4"]}, {"ovNo": 17, "ovBalls": ["2Nb", "4", "1", "1Wd", "1Wd", "1", "1", "1", "."]}, {"ovNo": 18, "ovBalls": [".", "6", ".", "1Wd", "W", "1", "W"]}, {"ovNo": 19, "ovBalls": ["1", ".", "4", "1", "2", "1B"]}, {"ovNo": 20, "ovBalls": ["6", "W", ".", ".", ".", "W"]}]}, {"inningsNumber": 2, "runRate": "7.11", "overProgress": "18.5", "declared": false, "scorecard": {"runs": 134, "wkts": 4, "allOut": false, "battingStats": [{"playerId": 509, "r": 5, "b": 7, "sr": "71.42", "4s": 1, "6s": 0, "mod": {"dismissedBp": {"innings": 2, "over": 4, "ball": 2}, "countingBp": {"innings": 2, "over": 4, "ball": 2}, "text": "lbw Varun Chakaravarthy", "bowlerId": 5432, "dismissedMethod": "lbw", "isOut": true}}, {"playerId": 13538, "r": 22, "b": 17, "sr": "129.41", "4s": 5, "6s": 0, "mod": {"dismissedBp": {"innings": 2, "over": 5, "ball": 6}, "countingBp": {"innings": 2, "over": 5, "ball": 5}, "text": "c sub (Kamlesh Nagarkoti) b Shivam Mavi  ", "bowlerId": 3779, "dismissedMethod": "ct", "isOut": true}}, {"playerId": 258, "r": 42, "b": 41, "sr": "102.43", "4s": 2, "6s": 1}, {"playerId": 5431, "r": 22, "b": 18, "sr": "122.22", "4s": 2, "6s": 1, "mod": {"dismissedBp": {"innings": 2, "over": 11, "ball": 5}, "countingBp": {"innings": 2, "over": 11, "ball": 5}, "text": "c Prasidh Krishna b Varun Chakaravarthy", "bowlerId": 5432, "additionalPlayerIds": [5105], "dismissedMethod": "ct", "isOut": true}}, {"playerId": 1749, "r": 5, "b": 8, "sr": "62.50", "4s": 0, "6s": 0, "mod": {"dismissedBp": {"innings": 2, "over": 14, "ball": 4}, "countingBp": {"innings": 2, "over": 14, "ball": 4}, "text": "c sub (Kamlesh Nagarkoti) b Prasidh Krishna", "bowlerId": 5105, "dismissedMethod": "ct", "isOut": true}}, {"playerId": 187, "r": 24, "b": 23, "sr": "104.34", "4s": 3, "6s": 0}], "bowlingStats": [{"playerId": 3779, "ov": "4", "r": 19, "w": 1, "d": 17, "maid": 0, "e": "4.75", "wd": 3, "nb": 0}, {"playerId": 488, "ov": "3.5", "r": 36, "w": 0, "d": 4, "maid": 0, "e": "9.39", "wd": 1, "nb": 0}, {"playerId": 5432, "ov": "4", "r": 32, "w": 2, "d": 8, "maid": 0, "e": "8.00", "wd": 0, "nb": 0}, {"playerId": 203, "ov": "4", "r": 20, "w": 0, "d": 11, "maid": 0, "e": "5.00", "wd": 0, "nb": 1}, {"playerId": 5105, "ov": "3", "r": 20, "w": 1, "d": 8, "maid": 0, "e": "6.66", "wd": 2, "nb": 0}], "fow": [{"bp": {"innings": 2, "over": 4, "ball": 2}, "playerId": 509, "ret": false, "w": 1, "r": 21}, {"bp": {"innings": 2, "over": 5, "ball": 5}, "playerId": 13538, "ret": false, "w": 2, "r": 40}, {"bp": {"innings": 2, "over": 11, "ball": 5}, "playerId": 5431, "ret": false, "w": 3, "r": 85}, {"bp": {"innings": 2, "over": 14, "ball": 4}, "playerId": 1749, "ret": false, "w": 4, "r": 100}], "extras": {"noBallRuns": 1, "wideRuns": 6, "byeRuns": 0, "legByeRuns": 7, "penaltyRuns": 0}, "declared": false}, "overHistory": [{"ovNo": 1, "ovBalls": ["1Lb", ".", ".", ".", "1", "."]}, {"ovNo": 2, "ovBalls": [".", "4", "4", "1", ".", "1"]}, {"ovNo": 3, "ovBalls": ["1Lb", ".", "4", ".", ".", "."]}, {"ovNo": 4, "ovBalls": ["4", "W", "4", "1", ".", "4"]}, {"ovNo": 5, "ovBalls": ["4", "1Wd", ".", "1", "4", "W", "1Wd", "."]}, {"ovNo": 6, "ovBalls": ["1", "1", "1", "6", ".", "."]}, {"ovNo": 7, "ovBalls": ["1", "1", "1", "1", "1", "4"]}, {"ovNo": 8, "ovBalls": ["2Nb", "1", ".", "1", "1", ".", "."]}, {"ovNo": 9, "ovBalls": ["1", "6", "1", "1", "2", "1Wd", "1"]}, {"ovNo": 10, "ovBalls": [".", "1", ".", "1", "1", "."]}, {"ovNo": 11, "ovBalls": [".", "1", "4", ".", "W", "."]}, {"ovNo": 12, "ovBalls": [".", "3Lb", "1Lb", "1", "1", "1"]}, {"ovNo": 13, "ovBalls": [".", "1", ".", "2", "1", "1"]}, {"ovNo": 14, "ovBalls": ["1Lb", "1", "1", "W", "1", "."]}, {"ovNo": 15, "ovBalls": [".", "1", "1Wd", "1", ".", ".", "."]}, {"ovNo": 16, "ovBalls": ["1", "1Wd", "1Wd", "4", ".", ".", ".", "2"]}, {"ovNo": 17, "ovBalls": ["1", "4", "1", "1", ".", "1"]}, {"ovNo": 18, "ovBalls": [".", "2", "4", ".", "1", "1"]}, {"ovNo": 19, "ovBalls": ["1", "2", ".", "1", "1"]}]}]}