{"matchInfo": {"additionalInfo": {"report.link": "https://www.iplt20.com/news/243103/vivo-ipl-2021-match-46-mi-vs-dc-match-report", "sixes.video.thumb": "https://resources.platform.iplt20.com/photo-resources/2021/10/02/e8f10791-3d56-4ab3-a850-5da30cd670c6/YF2S6R5g.jpg?width=390&height=219", "toss.elected": "Delhi Capitals, who chose to field", "sixes.video.id": "243061", "match.video.thumb": "https://resources.platform.iplt20.com/photo-resources/2021/10/02/0f54c81e-62d8-4485-802e-d1c56a5c329e/G1Ynyvtb.jpg?width=780&height=439", "referee.name": "Javagal Srinath", "match.video.id": "243045", "report.thumb": "https://resources.platform.iplt20.com/photo-resources/2021/10/02/22b50c39-c7aa-42e6-a393-00101f725623/9S6A0183.JPG?width=780&height=439", "match.summary": "", "umpire.name.1": "Anil Chaudhary", "umpire.name.2": "Michael Gough", "toss.winner": "Delhi Capitals", "umpire.name.3": "Nitin Menon", "umpire.name.4": "Navdeep Singh Sidhu"}, "teams": [{"id": 32452, "team": {"id": 6, "fullName": "Mumbai Indians", "shortName": "Mumbai", "abbreviation": "MI", "type": "m", "primaryColor": "00AEEF", "secondaryColor": "FFFFFF"}, "players": [{"id": 107, "fullName": "Rohit Sharma", "shortName": "R Sharma", "nationality": "Indian", "dateOfBirth": "1987-04-30", "rightArmedBowl": true, "rightHandedBat": true, "bowlingStyle": "OFF_SPIN"}, {"id": 834, "fullName": "Quinton de Kock", "shortName": "Q de Kock", "nationality": "South African", "dateOfBirth": "1992-12-17", "rightArmedBowl": false, "rightHandedBat": false}, {"id": 108, "fullName": "Suryakumar Yadav", "shortName": "S Yadav", "nationality": "Indian", "dateOfBirth": "1990-09-14", "rightArmedBowl": true, "rightHandedBat": true}, {"id": 163, "fullName": "Saurabh Tiwary", "shortName": "S Tiwary", "nationality": "Indian", "dateOfBirth": "1989-12-30", "rightArmedBowl": true, "rightHandedBat": false}, {"id": 2740, "fullName": "Hardik Pandya", "shortName": "H Pandya", "nationality": "Indian", "dateOfBirth": "1993-10-11", "rightArmedBowl": true, "rightHandedBat": true, "bowlingStyle": "MEDIUM_SEAM"}, {"id": 210, "fullName": "Kieron Pollard", "shortName": "K Pollard", "nationality": "West Indian", "dateOfBirth": "1987-05-12", "rightArmedBowl": true, "rightHandedBat": true, "bowlingStyle": "MEDIUM_SEAM"}, {"id": 3183, "fullName": "Krunal Pandya", "shortName": "K Pandya", "nationality": "Indian", "dateOfBirth": "1991-03-24", "rightArmedBowl": false, "rightHandedBat": false, "bowlingStyle": "ORTHODOX"}, {"id": 1740, "fullName": "Jayant Yadav", "shortName": "J Yadav", "nationality": "Indian", "dateOfBirth": "1990-01-22", "rightArmedBowl": true, "rightHandedBat": true, "bowlingStyle": "OFF_SPIN"}, {"id": 840, "fullName": "Nathan Coulter-Nile", "shortName": "N Coulter-Nile", "nationality": "Australian", "dateOfBirth": "1987-10-11", "rightArmedBowl": true, "rightHandedBat": true, "bowlingStyle": "FAST_SEAM"}, {"id": 969, "fullName": "Trent Boult", "shortName": "T Boult", "nationality": "New Zealander", "dateOfBirth": "1989-07-22", "rightArmedBowl": false, "rightHandedBat": true, "bowlingStyle": "FAST_SEAM"}, {"id": 1124, "fullName": "Jasprit Bumrah", "shortName": "J Bumrah", "nationality": "Indian", "dateOfBirth": "1993-12-06", "rightArmedBowl": true, "rightHandedBat": true, "bowlingStyle": "FAST_SEAM"}], "wicketKeeper": {"id": 834, "fullName": "Quinton de Kock", "shortName": "Q de Kock", "nationality": "South African", "dateOfBirth": "1992-12-17", "rightArmedBowl": false, "rightHandedBat": false}, "captain": {"id": 107, "fullName": "Rohit Sharma", "shortName": "R Sharma", "nationality": "Indian", "dateOfBirth": "1987-04-30", "rightArmedBowl": true, "rightHandedBat": true, "bowlingStyle": "OFF_SPIN"}}, {"id": 32453, "team": {"id": 3, "fullName": "Delhi Capitals", "shortName": "Delhi", "abbreviation": "DC", "type": "m", "primaryColor": "004C93", "secondaryColor": "F83430"}, "players": [{"id": 3764, "fullName": "Prithvi Shaw", "shortName": "P Shaw", "nationality": "Indian", "dateOfBirth": "1999-11-09", "rightArmedBowl": true, "rightHandedBat": true, "bowlingStyle": "OFF_SPIN"}, {"id": 41, "fullName": "Shikhar Dhawan", "shortName": "S Dhawan", "nationality": "Indian", "dateOfBirth": "1985-12-05", "rightArmedBowl": true, "rightHandedBat": false, "bowlingStyle": "OFF_SPIN"}, {"id": 1563, "fullName": "Shreyas Iyer", "shortName": "S Iyer", "nationality": "Indian", "dateOfBirth": "1994-12-06", "rightArmedBowl": true, "rightHandedBat": true, "bowlingStyle": "LEG_SPIN"}, {"id": 2972, "fullName": "Rishabh Pant", "shortName": "R Pant", "nationality": "Indian", "dateOfBirth": "1997-10-04", "rightArmedBowl": false, "rightHandedBat": false}, {"id": 271, "fullName": "Steve Smith", "shortName": "S Smith", "nationality": "Australian", "dateOfBirth": "1989-06-02", "rightArmedBowl": true, "rightHandedBat": true, "bowlingStyle": "LEG_SPIN"}, {"id": 1705, "fullName": "Shimron Hetmyer", "shortName": "S Hetmyer", "nationality": "West Indian", "dateOfBirth": "1996-12-26", "rightArmedBowl": false, "rightHandedBat": false}, {"id": 1113, "fullName": "Axar Patel", "shortName": "A Patel", "nationality": "Indian", "dateOfBirth": "1994-01-20", "rightArmedBowl": false, "rightHandedBat": false, "bowlingStyle": "ORTHODOX"}, {"id": 8, "fullName": "Ravichandran Ashwin", "shortName": "R Ashwin", "nationality": "Indian", "dateOfBirth": "1986-09-17", "rightArmedBowl": true, "rightHandedBat": true, "bowlingStyle": "OFF_SPIN"}, {"id": 1664, "fullName": "Kagiso Rabada", "shortName": "K Rabada", "nationality": "South African", "dateOfBirth": "1995-05-25", "rightArmedBowl": true, "rightHandedBat": false, "bowlingStyle": "FAST_SEAM"}, {"id": 1561, "fullName": "Avesh Khan", "shortName": "A Khan", "nationality": "Indian", "dateOfBirth": "1996-12-13", "rightArmedBowl": true, "rightHandedBat": true, "bowlingStyle": "FAST_SEAM"}, {"id": 5433, "fullName": "Anrich Nortje", "shortName": "A Nortje", "nationality": "South African", "dateOfBirth": "1993-11-16", "rightArmedBowl": true, "rightHandedBat": true, "bowlingStyle": "FAST_SEAM"}], "wicketKeeper": {"id": 2972, "fullName": "Rishabh Pant", "shortName": "R Pant", "nationality": "Indian", "dateOfBirth": "1997-10-04", "rightArmedBowl": false, "rightHandedBat": false}, "captain": {"id": 2972, "fullName": "Rishabh Pant", "shortName": "R Pant", "nationality": "Indian", "dateOfBirth": "1997-10-04", "rightArmedBowl": false, "rightHandedBat": false}}], "venue": {"id": 104, "fullName": "Sharjah Cricket Stadium", "shortName": "Sharjah Cricket Stadium", "city": "Sharjah", "country": "UAE"}, "matchDate": "2021-10-02T14:00:00+0400", "matchEndDate": "2021-10-02T23:00:00+0400", "matchDateMs": 1633168800000, "matchEndDateMs": 1633201200000, "isLimitedOvers": true, "battingOrder": [0, 1], "matchBroadcast": false, "matchState": "C", "matchStatus": {"outcome": "B", "text": "Delhi Capitals won by 4 wickets"}, "description": "Match 46", "matchSummary": "", "matchType": "IPLT20", "tournamentLabel": "IPL 2021", "oversLimit": 20, "groupName": ""}, "matchId": {"id": 32228, "name": "ipl2021-46", "tournamentId": {"id": 22399, "name": "ipl2021", "provisional": false}}, "currentState": {"inProgress": false, "phase": "C", "currentInningsIndex": 1, "currentBatsmen": [1563, 8], "facingBatsman": 8, "nonFacingBatsman": 1563, "currentBowler": 3183, "currentBowlerCurrentSpell": {"playerId": 3183, "ov": "0.1", "r": 6, "w": 0, "d": 0, "maid": 0, "e": "36.00", "wd": 0, "nb": 0}, "previousBowler": 969, "previousBowlerCurrentSpell": {"playerId": 969, "ov": "1", "r": 7, "w": 0, "d": 1, "maid": 0, "e": "7.00", "wd": 0, "nb": 0}, "currentPartnership": 39, "partnership": {"runs": 39, "balls": 36, "runRate": "6.50"}, "recentOvers": [{"ovNo": 15, "ovBalls": [".", "2", "1", "1", "1", "1Lb"]}, {"ovNo": 16, "ovBalls": [".", "1Wd", ".", "1", "1", "1", "1"]}, {"ovNo": 17, "ovBalls": ["1", ".", "4", "1", ".", "."]}, {"ovNo": 18, "ovBalls": [".", "1", "1", "1", "1", "4"]}, {"ovNo": 19, "ovBalls": [".", "2", "1", "2", "1", "1"]}, {"ovNo": 20, "ovBalls": ["6"]}]}, "innings": [{"inningsNumber": 1, "runRate": "6.45", "overProgress": "20", "declared": false, "scorecard": {"runs": 129, "wkts": 8, "allOut": false, "battingStats": [{"playerId": 107, "r": 7, "b": 10, "sr": "70.00", "4s": 1, "6s": 0, "mod": {"dismissedBp": {"innings": 1, "over": 2, "ball": 6}, "countingBp": {"innings": 1, "over": 2, "ball": 5}, "text": "c Kagiso Rabada b Avesh Khan", "bowlerId": 1561, "additionalPlayerIds": [1664], "dismissedMethod": "ct", "isOut": true}}, {"playerId": 834, "r": 19, "b": 18, "sr": "105.55", "4s": 1, "6s": 1, "mod": {"dismissedBp": {"innings": 1, "over": 7, "ball": 2}, "countingBp": {"innings": 1, "over": 7, "ball": 2}, "text": "c Anrich Nortje b Axar Patel", "bowlerId": 1113, "additionalPlayerIds": [5433], "dismissedMethod": "ct", "isOut": true}}, {"playerId": 108, "r": 33, "b": 26, "sr": "126.92", "4s": 2, "6s": 2, "mod": {"dismissedBp": {"innings": 1, "over": 11, "ball": 3}, "countingBp": {"innings": 1, "over": 11, "ball": 3}, "text": "c Kagiso Rabada b Axar Patel", "bowlerId": 1113, "additionalPlayerIds": [1664], "dismissedMethod": "ct", "isOut": true}}, {"playerId": 163, "r": 15, "b": 18, "sr": "83.33", "4s": 1, "6s": 0, "mod": {"dismissedBp": {"innings": 1, "over": 13, "ball": 6}, "countingBp": {"innings": 1, "over": 13, "ball": 5}, "text": "c Rishabh Pant b Axar Patel", "bowlerId": 1113, "additionalPlayerIds": [2972], "dismissedMethod": "ct", "isOut": true}}, {"playerId": 210, "r": 6, "b": 9, "sr": "66.66", "4s": 0, "6s": 0, "mod": {"dismissedBp": {"innings": 1, "over": 15, "ball": 1}, "countingBp": {"innings": 1, "over": 15, "ball": 1}, "text": "b Anrich Nortje", "bowlerId": 5433, "dismissedMethod": "b", "isOut": true}}, {"playerId": 2740, "r": 17, "b": 18, "sr": "94.44", "4s": 2, "6s": 0, "mod": {"dismissedBp": {"innings": 1, "over": 19, "ball": 1}, "countingBp": {"innings": 1, "over": 19, "ball": 1}, "text": "b Avesh Khan", "bowlerId": 1561, "dismissedMethod": "b", "isOut": true}}, {"playerId": 3183, "r": 13, "b": 15, "sr": "86.66", "4s": 1, "6s": 1}, {"playerId": 840, "r": 1, "b": 2, "sr": "50.00", "4s": 0, "6s": 0, "mod": {"dismissedBp": {"innings": 1, "over": 19, "ball": 4}, "countingBp": {"innings": 1, "over": 19, "ball": 4}, "text": "b Avesh Khan", "bowlerId": 1561, "dismissedMethod": "b", "isOut": true}}, {"playerId": 1740, "r": 11, "b": 4, "sr": "275.00", "4s": 1, "6s": 1, "mod": {"dismissedBp": {"innings": 1, "over": 20, "ball": 2}, "countingBp": {"innings": 1, "over": 20, "ball": 2}, "text": "c Steve Smith b Ravichandran Ashwin", "bowlerId": 8, "additionalPlayerIds": [271], "dismissedMethod": "ct", "isOut": true}}, {"playerId": 1124, "r": 1, "b": 1, "sr": "100.00", "4s": 0, "6s": 0}], "bowlingStats": [{"playerId": 5433, "ov": "4", "r": 19, "w": 1, "d": 15, "maid": 1, "e": "4.75", "wd": 0, "nb": 0}, {"playerId": 1561, "ov": "4", "r": 15, "w": 3, "d": 16, "maid": 0, "e": "3.75", "wd": 1, "nb": 0}, {"playerId": 8, "ov": "4", "r": 41, "w": 1, "d": 6, "maid": 0, "e": "10.25", "wd": 2, "nb": 0}, {"playerId": 1664, "ov": "4", "r": 33, "w": 0, "d": 9, "maid": 0, "e": "8.25", "wd": 1, "nb": 1}, {"playerId": 1113, "ov": "4", "r": 21, "w": 3, "d": 8, "maid": 0, "e": "5.25", "wd": 1, "nb": 0}], "fow": [{"bp": {"innings": 1, "over": 2, "ball": 5}, "playerId": 107, "ret": false, "w": 1, "r": 8}, {"bp": {"innings": 1, "over": 7, "ball": 2}, "playerId": 834, "ret": false, "w": 2, "r": 37}, {"bp": {"innings": 1, "over": 11, "ball": 3}, "playerId": 108, "ret": false, "w": 3, "r": 68}, {"bp": {"innings": 1, "over": 13, "ball": 5}, "playerId": 163, "ret": false, "w": 4, "r": 80}, {"bp": {"innings": 1, "over": 15, "ball": 1}, "playerId": 210, "ret": false, "w": 5, "r": 87}, {"bp": {"innings": 1, "over": 19, "ball": 1}, "playerId": 2740, "ret": false, "w": 6, "r": 109}, {"bp": {"innings": 1, "over": 19, "ball": 4}, "playerId": 840, "ret": false, "w": 7, "r": 111}, {"bp": {"innings": 1, "over": 20, "ball": 2}, "playerId": 1740, "ret": false, "w": 8, "r": 122}], "extras": {"noBallRuns": 1, "wideRuns": 5, "byeRuns": 0, "legByeRuns": 0, "penaltyRuns": 0}, "declared": false}, "overHistory": [{"ovNo": 1, "ovBalls": ["4", ".", ".", "2", "1", "."]}, {"ovNo": 2, "ovBalls": [".", ".", ".", "1Wd", ".", "W", "4"]}, {"ovNo": 3, "ovBalls": ["1", "1", ".", "6", "1", "."]}, {"ovNo": 4, "ovBalls": [".", ".", ".", "1", ".", "1"]}, {"ovNo": 5, "ovBalls": ["6", ".", "2", ".", "1", "."]}, {"ovNo": 6, "ovBalls": [".", "1", "1", ".", ".", "1"]}, {"ovNo": 7, "ovBalls": ["2", "W", "1", ".", "1", "1"]}, {"ovNo": 8, "ovBalls": ["1", "4", "1", "1", "4", "1"]}, {"ovNo": 9, "ovBalls": [".", "1", "1", "1", "1", "1"]}, {"ovNo": 10, "ovBalls": ["1", ".", "1", ".", "6", "1"]}, {"ovNo": 11, "ovBalls": ["1", "1", "W", ".", "4", "1"]}, {"ovNo": 12, "ovBalls": [".", ".", ".", "1", ".", "1Wd", "1"]}, {"ovNo": 13, "ovBalls": ["1", "1Wd", "1", ".", "1", "W", "."]}, {"ovNo": 14, "ovBalls": ["1Wd", "1", "1", "1", "1", "1Wd", "1", "."]}, {"ovNo": 15, "ovBalls": ["W", ".", ".", ".", ".", "."]}, {"ovNo": 16, "ovBalls": [".", ".", ".", "1", ".", "."]}, {"ovNo": 17, "ovBalls": ["2Nb", "1", "2", "1", "4", "1", "1"]}, {"ovNo": 18, "ovBalls": ["4", ".", "4", ".", "1", "."]}, {"ovNo": 19, "ovBalls": ["W", "1", "1", "W", "4", "1"]}, {"ovNo": 20, "ovBalls": ["6", "W", "1", ".", ".", "6"]}]}, {"inningsNumber": 2, "runRate": "6.88", "overProgress": "19.1", "declared": false, "scorecard": {"runs": 132, "wkts": 6, "allOut": false, "battingStats": [{"playerId": 3764, "r": 6, "b": 7, "sr": "85.71", "4s": 1, "6s": 0, "mod": {"dismissedBp": {"innings": 2, "over": 3, "ball": 4}, "countingBp": {"innings": 2, "over": 3, "ball": 4}, "text": "lbw Krunal Pandya", "bowlerId": 3183, "dismissedMethod": "lbw", "isOut": true}}, {"playerId": 41, "r": 8, "b": 7, "sr": "114.28", "4s": 0, "6s": 1, "mod": {"dismissedBp": {"innings": 2, "over": 2, "ball": 6}, "countingBp": {"innings": 2, "over": 2, "ball": 6}, "text": "run out (Kieron Pollard)", "bowlerId": 1740, "additionalPlayerIds": [210], "dismissedMethod": "ro", "isOut": true}}, {"playerId": 271, "r": 9, "b": 8, "sr": "112.50", "4s": 0, "6s": 1, "mod": {"dismissedBp": {"innings": 2, "over": 5, "ball": 1}, "countingBp": {"innings": 2, "over": 5, "ball": 1}, "text": "b Nathan Coulter-Nile", "bowlerId": 840, "dismissedMethod": "b", "isOut": true}}, {"playerId": 2972, "r": 26, "b": 22, "sr": "118.18", "4s": 3, "6s": 1, "mod": {"dismissedBp": {"innings": 2, "over": 9, "ball": 2}, "countingBp": {"innings": 2, "over": 9, "ball": 2}, "text": "c Hardik Pandya b Jayant Yadav", "bowlerId": 1740, "additionalPlayerIds": [2740], "dismissedMethod": "ct", "isOut": true}}, {"playerId": 1563, "r": 33, "b": 33, "sr": "100.00", "4s": 2, "6s": 0}, {"playerId": 1113, "r": 9, "b": 9, "sr": "100.00", "4s": 1, "6s": 0, "mod": {"dismissedBp": {"innings": 2, "over": 12, "ball": 4}, "countingBp": {"innings": 2, "over": 12, "ball": 4}, "text": "lbw Trent Boult", "bowlerId": 969, "dismissedMethod": "lbw", "isOut": true}}, {"playerId": 1705, "r": 15, "b": 8, "sr": "187.50", "4s": 2, "6s": 0, "mod": {"dismissedBp": {"innings": 2, "over": 14, "ball": 1}, "countingBp": {"innings": 2, "over": 14, "ball": 1}, "text": "c Rohit Sharma b Jasprit Bumrah", "bowlerId": 1124, "additionalPlayerIds": [107], "dismissedMethod": "ct", "isOut": true}}, {"playerId": 8, "r": 20, "b": 21, "sr": "95.23", "4s": 0, "6s": 1}], "bowlingStats": [{"playerId": 969, "ov": "4", "r": 24, "w": 1, "d": 7, "maid": 0, "e": "6.00", "wd": 1, "nb": 0}, {"playerId": 1740, "ov": "4", "r": 31, "w": 1, "d": 9, "maid": 0, "e": "7.75", "wd": 1, "nb": 0}, {"playerId": 3183, "ov": "2.1", "r": 18, "w": 1, "d": 5, "maid": 0, "e": "8.30", "wd": 0, "nb": 0}, {"playerId": 1124, "ov": "4", "r": 29, "w": 1, "d": 10, "maid": 0, "e": "7.25", "wd": 0, "nb": 0}, {"playerId": 840, "ov": "4", "r": 19, "w": 1, "d": 12, "maid": 0, "e": "4.75", "wd": 0, "nb": 0}, {"playerId": 210, "ov": "1", "r": 9, "w": 0, "d": 2, "maid": 0, "e": "9.00", "wd": 2, "nb": 0}], "fow": [{"bp": {"innings": 2, "over": 2, "ball": 6}, "playerId": 41, "ret": false, "w": 1, "r": 14}, {"bp": {"innings": 2, "over": 3, "ball": 4}, "playerId": 3764, "ret": false, "w": 2, "r": 15}, {"bp": {"innings": 2, "over": 5, "ball": 1}, "playerId": 271, "ret": false, "w": 3, "r": 30}, {"bp": {"innings": 2, "over": 9, "ball": 2}, "playerId": 2972, "ret": false, "w": 4, "r": 57}, {"bp": {"innings": 2, "over": 12, "ball": 4}, "playerId": 1113, "ret": false, "w": 5, "r": 77}, {"bp": {"innings": 2, "over": 14, "ball": 1}, "playerId": 1705, "ret": false, "w": 6, "r": 93}], "extras": {"noBallRuns": 0, "wideRuns": 4, "byeRuns": 0, "legByeRuns": 2, "penaltyRuns": 0}, "declared": false}, "overHistory": [{"ovNo": 1, "ovBalls": [".", "1", ".", "1", ".", "4"]}, {"ovNo": 2, "ovBalls": ["1", "1", "6", ".", ".", "W"]}, {"ovNo": 3, "ovBalls": [".", "1", ".", "W", ".", "6"]}, {"ovNo": 4, "ovBalls": [".", "1", "1", "6", ".", "1"]}, {"ovNo": 5, "ovBalls": ["W", "1", ".", "4", ".", "."]}, {"ovNo": 6, "ovBalls": ["1", ".", "2", "4", ".", "4"]}, {"ovNo": 7, "ovBalls": ["2", "1", ".", "2", ".", "."]}, {"ovNo": 8, "ovBalls": ["1", ".", ".", "1", "1", "1Lb"]}, {"ovNo": 9, "ovBalls": ["2", "W", "1", "1Wd", ".", ".", "1"]}, {"ovNo": 10, "ovBalls": ["1", "1", ".", "1", "1", "1"]}, {"ovNo": 11, "ovBalls": ["1", "1Wd", ".", "1", "1Wd", "1", ".", "4"]}, {"ovNo": 12, "ovBalls": ["1", "1", "1", "W", "2", "1"]}, {"ovNo": 13, "ovBalls": ["4", "1", "1", "2", "4", "1"]}, {"ovNo": 14, "ovBalls": ["W", ".", ".", ".", ".", "1"]}, {"ovNo": 15, "ovBalls": [".", "2", "1", "1", "1", "1Lb"]}, {"ovNo": 16, "ovBalls": [".", "1Wd", ".", "1", "1", "1", "1"]}, {"ovNo": 17, "ovBalls": ["1", ".", "4", "1", ".", "."]}, {"ovNo": 18, "ovBalls": [".", "1", "1", "1", "1", "4"]}, {"ovNo": 19, "ovBalls": [".", "2", "1", "2", "1", "1"]}, {"ovNo": 20, "ovBalls": ["6"]}]}]}