{"matchInfo": {"additionalInfo": {"sixes.video.thumb": "http://static2.iplt20.com/cms/media/images/630x420/30081.jpg", "sixes.video.id": "d20c0004836042b98d4f2be6a33526e1", "match.video.thumb": "http://images.lvp.llnw.net/bec92a81ddd44d1c80669f5061c90861/media/bd47084cf8a04e26baff2e2704b986fe/SDB.540x304.jpeg", "mom.video.thumb": "http://images.lvp.llnw.net/bec92a81ddd44d1c80669f5061c90861/media/351887efcf834b13aa6cbdc9c07f46b8/xq3.540x304.jpeg", "mom.video.id": "351887efcf834b13aa6cbdc9c07f46b8", "referee.name": "Roshan Mahanama", "report.thumb": "http://static2.iplt20.com/cms/media/images/630x420/30108.jpg", "match.summary": "", "umpire.name.1": "Kumar Dharmasena", "umpire.name.2": "Vineet Kulkarni", "umpire.name.3": "Pashchim Pathak", "interview.thumb": "http://static2.iplt20.com/cms/media/images/630x420/30132.jpg", "umpire.name.4": "Ammanabrole Nand Kishore", "away.team.fan.total": "5407", "result.playerofthematch": "Ambati Rayudu", "toss.elected": "Sunrisers Hyderabad, who chose to bat", "notes.1.1": "Powerplay  - 43 runs, 1 wicket", "notes.1.2": "SRH: 50 runs in 7.1 overs", "notes.2.1": "Powerplay - 38 runs, 1 wicket", "notes.1.3": "Aaron Finch: 50 off 41 balls (6 x fours, 2 x sixes)", "notes.2.2": "MI: 50 runs in 7.4 overs ", "notes.1.4": "SRH: 100 runs in 14.5 overs", "notes.2.3": "2nd Wicket: 50 runs in 41 balls (Lendl Simmons 25, Ambati Rayudu 25)", "notes.1.5": "3rd Wicket: 50 runs in 45 balls (Aaron Finch 20, David Warner 29)", "notes.2.4": "MI: 100 runs in 12.3 overs", "notes.1.6": "SRH: 150 runs in 19.5 overs", "notes.2.5": "Lendl Simmons: 50 off 39 balls (2 x fours, 4 x sixes)", "notes.1.7": "David Warner: 50 off 30 balls (5 x fours, 2 x sixes)", "notes.2.6": "2nd Wicket: 100 runs in 69 balls (Lendl Simmons 53, Ambati Rayudu 49)", "notes.1.8": "Innings Break: SRH T20 - 157/3 in 20 overs", "notes.2.7": "Ambati Rayudu: 50 off 34 balls (4 x fours, 2 x sixes)", "highlights.link": "http://www.iplt20.com/videos/media/id/bd47084cf8a04e26baff2e2704b986fe/m36-srh-vs-mi-match-highlights", "notes.2.8": "MI: 150 runs in 17.6 overs", "match.video.id": "bd47084cf8a04e26baff2e2704b986fe", "stats.link": "http://www.iplt20.com/news/2014/more-news/5116/quick-stats-match-36-srh-v-mi", "home.team.fan.total": "2821", "photostream.link": "http://www.iplt20.com/photos/223/ipl-2014-match-36-srh-v-mi", "toss.winner": "Sunrisers Hyderabad", "interview.link": "http://www.iplt20.com/news/2014/features/5118/lendl-simmons-and-his-love-for-blue", "stats.thumb": "http://static2.iplt20.com/cms/media/images/630x420/30131.jpg"}, "teams": [{"id": 2439, "team": {"id": 62, "fullName": "Sunrisers Hyderabad", "shortName": "Sunrisers", "abbreviation": "SRH", "type": "m", "primaryColor": "FF9C00", "secondaryColor": "FFFFFF"}, "players": [{"id": 167, "fullName": "Aaron Finch", "shortName": "A Finch", "nationality": "Australian", "dateOfBirth": "1986-11-17", "rightArmedBowl": false, "rightHandedBat": true, "bowlingStyle": "ORTHODOX"}, {"id": 41, "fullName": "Shikhar Dhawan", "shortName": "S Dhawan", "nationality": "Indian", "dateOfBirth": "1985-12-05", "rightArmedBowl": true, "rightHandedBat": false, "bowlingStyle": "OFF_SPIN"}, {"id": 170, "fullName": "David Warner", "shortName": "D Warner", "nationality": "Australian", "dateOfBirth": "1986-10-27", "rightArmedBowl": true, "rightHandedBat": false, "bowlingStyle": "LEG_SPIN"}, {"id": 52, "fullName": "Naman Ojha", "shortName": "N Ojha", "nationality": "Indian", "dateOfBirth": "1983-07-20", "rightArmedBowl": true, "rightHandedBat": true}, {"id": 1125, "fullName": "KL Rahul", "shortName": "KL Rahul", "nationality": "Indian", "dateOfBirth": "1992-04-18", "rightArmedBowl": true, "rightHandedBat": true}, {"id": 388, "fullName": "Moises Henriques", "shortName": "M Henriques", "nationality": "Australian", "dateOfBirth": "1987-02-01", "rightArmedBowl": true, "rightHandedBat": true, "bowlingStyle": "MEDIUM_SEAM"}, {"id": 49, "fullName": "Irfan Pathan", "shortName": "I Pathan", "nationality": "Indian", "dateOfBirth": "1984-10-27", "rightArmedBowl": false, "rightHandedBat": false, "bowlingStyle": "MEDIUM_SEAM"}, {"id": 1118, "fullName": "Karn Sharma", "shortName": "K Sharma", "nationality": "Indian", "dateOfBirth": "1987-10-23", "rightArmedBowl": true, "rightHandedBat": false, "bowlingStyle": "LEG_SPIN"}, {"id": 180, "fullName": "Dale Steyn", "shortName": "D Steyn", "nationality": "South African", "dateOfBirth": "1983-06-27", "rightArmedBowl": true, "rightHandedBat": true, "bowlingStyle": "FAST_SEAM"}, {"id": 30, "fullName": "Amit Mishra", "shortName": "A Mishra", "nationality": "Indian", "dateOfBirth": "1982-11-24", "rightArmedBowl": true, "rightHandedBat": true, "bowlingStyle": "LEG_SPIN"}, {"id": 116, "fullName": "Bhuvneshwar Kumar", "shortName": "B Kumar", "nationality": "Indian", "dateOfBirth": "1990-02-05", "rightArmedBowl": true, "rightHandedBat": true, "bowlingStyle": "MEDIUM_SEAM"}], "wicketKeeper": {"id": 52, "fullName": "Naman Ojha", "shortName": "N Ojha", "nationality": "Indian", "dateOfBirth": "1983-07-20", "rightArmedBowl": true, "rightHandedBat": true}, "captain": {"id": 41, "fullName": "Shikhar Dhawan", "shortName": "S Dhawan", "nationality": "Indian", "dateOfBirth": "1985-12-05", "rightArmedBowl": true, "rightHandedBat": false, "bowlingStyle": "OFF_SPIN"}}, {"id": 2438, "team": {"id": 6, "fullName": "Mumbai Indians", "shortName": "Mumbai", "abbreviation": "MI", "type": "m", "primaryColor": "00AEEF", "secondaryColor": "FFFFFF"}, "players": [{"id": 595, "fullName": "Lendl Simmons", "shortName": "L Simmons", "nationality": "West Indian", "dateOfBirth": "1985-01-25", "rightArmedBowl": true, "rightHandedBat": true}, {"id": 155, "fullName": "Chidhambaram Gautam", "shortName": "C Gautam", "nationality": "Indian", "dateOfBirth": "1986-03-08", "rightArmedBowl": true, "rightHandedBat": true}, {"id": 100, "fullName": "Ambati Rayudu", "shortName": "A Rayudu", "nationality": "Indian", "dateOfBirth": "1985-09-23", "rightArmedBowl": true, "rightHandedBat": true, "bowlingStyle": "OFF_SPIN"}, {"id": 107, "fullName": "Rohit Sharma", "shortName": "R Sharma", "nationality": "Indian", "dateOfBirth": "1987-04-30", "rightArmedBowl": true, "rightHandedBat": true, "bowlingStyle": "OFF_SPIN"}, {"id": 210, "fullName": "Kieron Pollard", "shortName": "K Pollard", "nationality": "West Indian", "dateOfBirth": "1987-05-12", "rightArmedBowl": true, "rightHandedBat": true, "bowlingStyle": "MEDIUM_SEAM"}, {"id": 968, "fullName": "Corey Anderson", "shortName": "C Anderson", "nationality": "New Zealander", "dateOfBirth": "1990-12-13", "rightArmedBowl": false, "rightHandedBat": false}, {"id": 99, "fullName": "Aditya Tare", "shortName": "A Tare", "nationality": "Indian", "dateOfBirth": "1987-11-07", "rightArmedBowl": true, "rightHandedBat": true}, {"id": 103, "fullName": "Harbhajan Singh", "shortName": "H Singh", "nationality": "Indian", "dateOfBirth": "1980-07-03", "rightArmedBowl": true, "rightHandedBat": true, "bowlingStyle": "OFF_SPIN"}, {"id": 211, "fullName": "Lasith Malinga", "shortName": "L Malinga", "nationality": "Sri Lankan", "dateOfBirth": "1983-08-28", "rightArmedBowl": true, "rightHandedBat": true, "bowlingStyle": "FAST_SEAM"}, {"id": 1124, "fullName": "Jasprit Bumrah", "shortName": "J Bumrah", "nationality": "Indian", "dateOfBirth": "1993-12-06", "rightArmedBowl": true, "rightHandedBat": true, "bowlingStyle": "FAST_SEAM"}, {"id": 106, "fullName": "Pragyan Ojha", "shortName": "P Ojha", "nationality": "Indian", "dateOfBirth": "1986-09-05", "rightArmedBowl": false, "rightHandedBat": false, "bowlingStyle": "ORTHODOX"}], "wicketKeeper": {"id": 155, "fullName": "Chidhambaram Gautam", "shortName": "C Gautam", "nationality": "Indian", "dateOfBirth": "1986-03-08", "rightArmedBowl": true, "rightHandedBat": true}, "captain": {"id": 107, "fullName": "Rohit Sharma", "shortName": "R Sharma", "nationality": "Indian", "dateOfBirth": "1987-04-30", "rightArmedBowl": true, "rightHandedBat": true, "bowlingStyle": "OFF_SPIN"}}], "venue": {"id": 10, "fullName": "Rajiv Gandhi Intl. Cricket Stadium", "shortName": "Rajiv Gandhi Intl. Cricket Stadium", "city": "Hyderabad", "country": "India"}, "matchDate": "2014-05-12T20:00:00+0530", "matchEndDate": "2014-05-12T23:00:00+0530", "matchDateMs": 1399905000000, "matchEndDateMs": 1399915800000, "isLimitedOvers": true, "battingOrder": [0, 1], "matchBroadcast": false, "matchState": "C", "matchStatus": {"outcome": "B", "text": "Mumbai Indians won by 7 wickets"}, "description": "Match 36", "matchSummary": "", "matchType": "IPLT20", "tournamentLabel": "IPL 2014", "oversLimit": 20, "groupName": ""}, "matchId": {"id": 2459, "name": "ipl2014-36", "tournamentId": {"id": 2374, "name": "ipl2014", "provisional": false}}, "currentState": {"inProgress": false, "phase": "C", "currentInningsIndex": 1, "currentBatsmen": [107, 210], "facingBatsman": 107, "nonFacingBatsman": 210, "currentBowler": 1118, "currentBowlerCurrentSpell": {"playerId": 1118, "ov": "0.4", "r": 9, "w": 0, "d": 0, "maid": 0, "e": "13.50", "wd": 0, "nb": 0}, "previousBowler": 180, "previousBowlerCurrentSpell": {"playerId": 180, "ov": "1", "r": 9, "w": 0, "d": 3, "maid": 0, "e": "9.00", "wd": 0, "nb": 0}, "currentPartnership": 19, "partnership": {"runs": 19, "balls": 11, "runRate": "10.36"}, "recentOvers": [{"ovNo": 14, "ovBalls": ["1", "4", "1", "4", "1", "1"]}, {"ovNo": 15, "ovBalls": ["1", "4", "1", "1", ".", "1"]}, {"ovNo": 16, "ovBalls": ["1", "1", "1", "4", "W", "."]}, {"ovNo": 17, "ovBalls": ["1Wd", "4", "1Wd", "1", "1", ".", "1Wd", "W", "1"]}, {"ovNo": 18, "ovBalls": [".", ".", ".", "1", "4", "4"]}, {"ovNo": 19, "ovBalls": ["3", "1", "1", "4"]}]}, "innings": [{"inningsNumber": 1, "runRate": "7.85", "overProgress": "20", "declared": false, "scorecard": {"runs": 157, "wkts": 3, "allOut": false, "battingStats": [{"playerId": 167, "r": 68, "b": 62, "sr": "109.67", "4s": 7, "6s": 2, "mod": {"dismissedBp": {"innings": 1, "over": 19, "ball": 5}, "countingBp": {"innings": 1, "over": 19, "ball": 5}, "text": "c Kieron Pollard b Lasith Malinga", "bowlerId": 211, "additionalPlayerIds": [210], "dismissedMethod": "ct", "isOut": true}}, {"playerId": 41, "r": 11, "b": 11, "sr": "100.00", "4s": 2, "6s": 0, "mod": {"dismissedBp": {"innings": 1, "over": 5, "ball": 6}, "countingBp": {"innings": 1, "over": 5, "ball": 6}, "text": "b Lasith Malinga", "bowlerId": 211, "dismissedMethod": "b", "isOut": true}}, {"playerId": 1125, "r": 10, "b": 13, "sr": "76.92", "4s": 1, "6s": 0, "mod": {"dismissedBp": {"innings": 1, "over": 10, "ball": 5}, "countingBp": {"innings": 1, "over": 10, "ball": 5}, "text": "run out (Rohit Sharma)", "bowlerId": 106, "additionalPlayerIds": [107], "dismissedMethod": "ro", "isOut": true}}, {"playerId": 170, "r": 55, "b": 31, "sr": "177.41", "4s": 6, "6s": 2}, {"playerId": 52, "r": 7, "b": 3, "sr": "233.33", "4s": 0, "6s": 1}], "bowlingStats": [{"playerId": 968, "ov": "2", "r": 17, "w": 0, "d": 7, "maid": 0, "e": "8.50", "wd": 2, "nb": 0}, {"playerId": 1124, "ov": "4", "r": 24, "w": 0, "d": 9, "maid": 0, "e": "6.00", "wd": 0, "nb": 0}, {"playerId": 103, "ov": "4", "r": 27, "w": 0, "d": 12, "maid": 0, "e": "6.75", "wd": 1, "nb": 0}, {"playerId": 211, "ov": "4", "r": 35, "w": 2, "d": 7, "maid": 0, "e": "8.75", "wd": 0, "nb": 0}, {"playerId": 106, "ov": "4", "r": 32, "w": 0, "d": 11, "maid": 0, "e": "8.00", "wd": 0, "nb": 0}, {"playerId": 210, "ov": "2", "r": 21, "w": 0, "d": 4, "maid": 0, "e": "10.50", "wd": 1, "nb": 0}], "fow": [{"bp": {"innings": 1, "over": 5, "ball": 6}, "playerId": 41, "ret": false, "w": 1, "r": 31}, {"bp": {"innings": 1, "over": 10, "ball": 5}, "playerId": 1125, "ret": false, "w": 2, "r": 70}, {"bp": {"innings": 1, "over": 19, "ball": 5}, "playerId": 167, "ret": false, "w": 3, "r": 133}], "extras": {"noBallRuns": 0, "wideRuns": 5, "byeRuns": 0, "legByeRuns": 1, "penaltyRuns": 0}, "declared": false}, "overHistory": [{"ovNo": 1, "ovBalls": [".", ".", ".", ".", "4", "."]}, {"ovNo": 2, "ovBalls": [".", "1", ".", ".", ".", "."]}, {"ovNo": 3, "ovBalls": ["2Wd", "4", "1", ".", ".", "1Wd", "1", "4"]}, {"ovNo": 4, "ovBalls": [".", "4", "1", ".", "1", "."]}, {"ovNo": 5, "ovBalls": [".", "2", ".", "1", "4", "W"]}, {"ovNo": 6, "ovBalls": ["1", "1", ".", "6", ".", "4"]}, {"ovNo": 7, "ovBalls": ["1", ".", "4", ".", "1", "."]}, {"ovNo": 8, "ovBalls": ["4", ".", "6", ".", "1", "."]}, {"ovNo": 9, "ovBalls": ["1", "4", ".", ".", "2", "1"]}, {"ovNo": 10, "ovBalls": [".", ".", "1", "1", "W", "."]}, {"ovNo": 11, "ovBalls": ["1", "1", ".", "1", ".", "."]}, {"ovNo": 12, "ovBalls": ["1", ".", "4", "1", ".", "1"]}, {"ovNo": 13, "ovBalls": [".", ".", "1", ".", ".", "2"]}, {"ovNo": 14, "ovBalls": [".", "1", "4", "1", "1", "1"]}, {"ovNo": 15, "ovBalls": ["2", "4", "1Wd", ".", "1", "4", "."]}, {"ovNo": 16, "ovBalls": ["4", "1", "2", ".", ".", "2"]}, {"ovNo": 17, "ovBalls": ["1", "1", "1", "2", ".", "1"]}, {"ovNo": 18, "ovBalls": ["1", "1", "1", "1", "1", "1"]}, {"ovNo": 19, "ovBalls": ["1", "1Lb", "6", "1", "W", "6"]}, {"ovNo": 20, "ovBalls": [".", "1Wd", "6", "1", "2", "4", "4"]}]}, {"inningsNumber": 2, "runRate": "8.57", "overProgress": "18.4", "declared": false, "scorecard": {"runs": 160, "wkts": 3, "allOut": false, "battingStats": [{"playerId": 595, "r": 68, "b": 50, "sr": "136.00", "4s": 5, "6s": 4, "mod": {"dismissedBp": {"innings": 2, "over": 16, "ball": 5}, "countingBp": {"innings": 2, "over": 16, "ball": 5}, "text": "b Bhuvneshwar Kumar", "bowlerId": 116, "dismissedMethod": "b", "isOut": true}}, {"playerId": 155, "r": 1, "b": 3, "sr": "33.33", "4s": 0, "6s": 0, "mod": {"dismissedBp": {"innings": 2, "over": 2, "ball": 2}, "countingBp": {"innings": 2, "over": 2, "ball": 2}, "text": "c Shikhar Dhawan b Bhuvneshwar Kumar", "bowlerId": 116, "additionalPlayerIds": [41], "dismissedMethod": "ct", "isOut": true}}, {"playerId": 100, "r": 68, "b": 46, "sr": "147.82", "4s": 7, "6s": 2, "mod": {"dismissedBp": {"innings": 2, "over": 17, "ball": 8}, "countingBp": {"innings": 2, "over": 17, "ball": 5}, "text": "c & b Moises Henriques", "bowlerId": 388, "additionalPlayerIds": [388], "dismissedMethod": "ct", "isOut": true}}, {"playerId": 107, "r": 14, "b": 6, "sr": "233.33", "4s": 3, "6s": 0}, {"playerId": 210, "r": 6, "b": 7, "sr": "85.71", "4s": 0, "6s": 0}], "bowlingStats": [{"playerId": 180, "ov": "4", "r": 29, "w": 0, "d": 10, "maid": 0, "e": "7.25", "wd": 0, "nb": 0}, {"playerId": 116, "ov": "4", "r": 21, "w": 2, "d": 12, "maid": 0, "e": "5.25", "wd": 0, "nb": 0}, {"playerId": 49, "ov": "2", "r": 29, "w": 0, "d": 4, "maid": 0, "e": "14.50", "wd": 0, "nb": 0}, {"playerId": 30, "ov": "3", "r": 33, "w": 0, "d": 3, "maid": 0, "e": "11.00", "wd": 0, "nb": 0}, {"playerId": 1118, "ov": "2.4", "r": 25, "w": 0, "d": 5, "maid": 0, "e": "9.37", "wd": 0, "nb": 0}, {"playerId": 388, "ov": "3", "r": 23, "w": 1, "d": 7, "maid": 0, "e": "7.66", "wd": 3, "nb": 0}], "fow": [{"bp": {"innings": 2, "over": 2, "ball": 2}, "playerId": 155, "ret": false, "w": 1, "r": 2}, {"bp": {"innings": 2, "over": 16, "ball": 5}, "playerId": 595, "ret": false, "w": 2, "r": 132}, {"bp": {"innings": 2, "over": 17, "ball": 5}, "playerId": 100, "ret": false, "w": 3, "r": 141}], "extras": {"noBallRuns": 0, "wideRuns": 3, "byeRuns": 0, "legByeRuns": 0, "penaltyRuns": 0}, "declared": false}, "overHistory": [{"ovNo": 1, "ovBalls": [".", ".", ".", "1", "1", "."]}, {"ovNo": 2, "ovBalls": [".", "W", "1", ".", ".", "."]}, {"ovNo": 3, "ovBalls": ["1", ".", ".", "2", "2", "1"]}, {"ovNo": 4, "ovBalls": ["1", "4", ".", "2", ".", "."]}, {"ovNo": 5, "ovBalls": [".", "6", "4", ".", ".", "6"]}, {"ovNo": 6, "ovBalls": ["2", ".", "1", ".", "1", "2"]}, {"ovNo": 7, "ovBalls": ["1", "6", "2", ".", "1", "."]}, {"ovNo": 8, "ovBalls": ["1", ".", ".", "1", ".", "1"]}, {"ovNo": 9, "ovBalls": ["1", "1", "1", "6", ".", "2"]}, {"ovNo": 10, "ovBalls": [".", "1", "2", "4", ".", "6"]}, {"ovNo": 11, "ovBalls": [".", "4", ".", ".", "1", "."]}, {"ovNo": 12, "ovBalls": ["1", ".", "1", "4", "6", "1"]}, {"ovNo": 13, "ovBalls": ["4", "1", "2", ".", "4", "1"]}, {"ovNo": 14, "ovBalls": ["1", "4", "1", "4", "1", "1"]}, {"ovNo": 15, "ovBalls": ["1", "4", "1", "1", ".", "1"]}, {"ovNo": 16, "ovBalls": ["1", "1", "1", "4", "W", "."]}, {"ovNo": 17, "ovBalls": ["1Wd", "4", "1Wd", "1", "1", ".", "1Wd", "W", "1"]}, {"ovNo": 18, "ovBalls": [".", ".", ".", "1", "4", "4"]}, {"ovNo": 19, "ovBalls": ["3", "1", "1", "4"]}]}]}