{"matchInfo": {"additionalInfo": {"sixes.video.thumb": "https://iplplatform-static-files.s3.amazonaws.com/IPL/photo/2017/05/07/49671c57-67bb-4551-8ba5-58ebc046ccc3/super-sixes-KXIP-vs-GL.jpg", "sixes.video.id": "5425246828001", "match.video.thumb": "https://iplplatform-static-files.s3.amazonaws.com/IPL/photo/2017/05/07/d3fcf0c5-8e87-4e24-919a-406e721b4f70/Match-Highlights-KXIP-vs-GL.jpg", "mom.video.thumb": "https://iplplatform-static-files.s3.amazonaws.com/IPL/photo/2017/05/07/f2342888-5c81-4ebd-9914-ad953d9bc7a5/MoM-Dwayne-SMith.jpg", "mom.video.id": "5425250809001", "referee.name": "Javagal Srinath", "report.thumb": "https://iplplatform-static-files.s3.amazonaws.com/IPL/photo/2017/05/07/bb11bb8a-8920-4653-a780-908cf07eed0d/Match-Report-KXIP-vs-GL.jpg", "match.summary": "", "umpire.name.1": "Virender Sharma", "umpire.name.2": "A Nanda Kishore", "umpire.name.3": "S Ravi", "umpire.name.4": "Navdeep Singh Sidhu", "interview.thumb": "", "away.team.fan.total": "713", "result.playerofthematch": "Dwayne Smith", "report.link": "http://www.iplt20.com/news/104127/match-report-m47-kxip-vs-gl", "toss.elected": "Gujarat Lions, who chose to field", "notes.1.1": "Powerplay 1 - 44 runs, 1 wicket", "notes.1.2": "Kings XI Punjab: 50 runs in 6.5 overs", "notes.2.1": "Powerplay 1 - 58 runs, 0 wicket", "notes.1.3": "2nd Wicket: 50 runs in 36 balls (Hashim Amla 32, Shaun Marsh 17)", "notes.2.2": "Gujarat Lions: 50 runs in 5.1 overs ", "notes.1.4": "Kings XI Punjab: 100 runs in 12.1 overs ", "notes.2.3": "1st Wicket: 50 runs in 32 balls (Dwayne Smith 38, Ishan Kishan 10)", "notes.1.5": "Hashim Amla: 50 off 35 balls (4 x fours, 1 x six)", "notes.2.4": "Dwayne Smith: 50 off 28 balls (8 x fours, 1 x six)", "notes.1.6": "2nd Wicket: 100 runs in 69 balls (Hashim Amla 50, Shaun Marsh 47)", "notes.2.5": "Gujarat Lions: 100 runs in 9.6 overs ", "notes.1.7": "Shaun Marsh: 50 off 37 balls (5 x fours)", "notes.2.6": "Gujarat Lions: 150 runs in 15.2 overs ", "notes.1.8": "Kings XI Punjab: 150 runs in 16.6 overs", "highlights.link": "http://www.iplt20.com/video/104110/m47-kxip-vs-gl-match-highlights", "notes.1.9": "3rd Wicket: 50 runs in 21 balls (Hashim Amla 33, Glenn Maxwell 19)", "match.video.id": "5425244628001", "stats.link": "", "home.team.fan.total": "1238", "toss.winner": "Gujarat Lions", "notes.1.10": "Hashim Amla: 100 off 59 balls (8 x fours, 5 x sixes)", "notes.1.11": "Innings Break: Kings XI Punjab - 189/3 in 20 overs (Glenn Maxwell 20, Axar Patel 2)", "stats.thumb": "", "interview.link": ""}, "teams": [{"id": 7407, "team": {"id": 4, "fullName": "Punjab Kings", "shortName": "Punjab Kings", "abbreviation": "PBKS", "type": "m", "primaryColor": "DA1F3D", "secondaryColor": "FFFFFF"}, "players": [{"id": 456, "fullName": "Hashim Amla", "shortName": "H Amla", "nationality": "South African", "dateOfBirth": "1983-03-31", "rightArmedBowl": true, "rightHandedBat": true, "bowlingStyle": "MEDIUM_SEAM"}, {"id": 431, "fullName": "Martin Guptill", "shortName": "M Guptill", "nationality": "New Zealander", "dateOfBirth": "1986-09-30", "rightArmedBowl": true, "rightHandedBat": true, "bowlingStyle": "OFF_SPIN"}, {"id": 191, "fullName": "Shaun Marsh", "shortName": "S Marsh", "nationality": "Australian", "dateOfBirth": "1983-07-09", "rightArmedBowl": false, "rightHandedBat": false, "bowlingStyle": "ORTHODOX"}, {"id": 282, "fullName": "Glenn Maxwell", "shortName": "G Maxwell", "nationality": "Australian", "dateOfBirth": "1988-10-14", "rightArmedBowl": true, "rightHandedBat": true, "bowlingStyle": "OFF_SPIN"}, {"id": 16, "fullName": "Wriddhiman Saha", "shortName": "W Saha", "nationality": "Indian", "dateOfBirth": "1984-10-24", "rightArmedBowl": true, "rightHandedBat": true}, {"id": 253, "fullName": "Gurkeerat Mann Singh", "shortName": "GM Singh", "nationality": "Indian", "dateOfBirth": "1990-06-29", "rightArmedBowl": true, "rightHandedBat": true, "bowlingStyle": "OFF_SPIN"}, {"id": 1113, "fullName": "Axar Patel", "shortName": "A Patel", "nationality": "Indian", "dateOfBirth": "1994-01-20", "rightArmedBowl": false, "rightHandedBat": false, "bowlingStyle": "ORTHODOX"}, {"id": 1107, "fullName": "Mohit Sharma", "shortName": "M Sharma", "nationality": "Indian", "dateOfBirth": "1991-12-19", "rightArmedBowl": false, "rightHandedBat": true}, {"id": 1112, "fullName": "Sandeep Sharma", "shortName": "S Sharma", "nationality": "Indian", "dateOfBirth": "1993-05-18", "rightArmedBowl": true, "rightHandedBat": true, "bowlingStyle": "MEDIUM_SEAM"}, {"id": 61, "fullName": "Varun Aaron", "shortName": "V Aaron", "nationality": "Indian", "dateOfBirth": "1989-10-29", "rightArmedBowl": true, "rightHandedBat": true}, {"id": 3831, "fullName": "T Natarajan", "shortName": "T Natarajan", "nationality": "Indian", "dateOfBirth": "1991-05-27", "rightArmedBowl": false, "rightHandedBat": false, "bowlingStyle": "MEDIUM_SEAM"}], "wicketKeeper": {"id": 16, "fullName": "Wriddhiman Saha", "shortName": "W Saha", "nationality": "Indian", "dateOfBirth": "1984-10-24", "rightArmedBowl": true, "rightHandedBat": true}, "captain": {"id": 282, "fullName": "Glenn Maxwell", "shortName": "G Maxwell", "nationality": "Australian", "dateOfBirth": "1988-10-14", "rightArmedBowl": true, "rightHandedBat": true, "bowlingStyle": "OFF_SPIN"}}, {"id": 7406, "team": {"id": 433, "fullName": "Gujarat Lions", "shortName": "Gujarat Lions", "abbreviation": "GL", "type": "m", "primaryColor": "E5BA0F", "secondaryColor": "383838"}, "players": [{"id": 413, "fullName": "Dwayne Smith", "shortName": "DR Smith", "nationality": "West Indian", "dateOfBirth": "1983-04-12", "rightArmedBowl": true, "rightHandedBat": true}, {"id": 2975, "fullName": "Ishan Kishan", "shortName": "I Kishan", "nationality": "Indian", "dateOfBirth": "1998-07-18", "rightArmedBowl": false, "rightHandedBat": false}, {"id": 14, "fullName": "Suresh Raina", "shortName": "S Raina", "nationality": "Indian", "dateOfBirth": "1986-11-27", "rightArmedBowl": true, "rightHandedBat": false, "bowlingStyle": "OFF_SPIN"}, {"id": 102, "fullName": "Dinesh Karthik", "shortName": "D Karthik", "nationality": "Indian", "dateOfBirth": "1985-06-01", "rightArmedBowl": true, "rightHandedBat": true, "bowlingStyle": "OFF_SPIN"}, {"id": 167, "fullName": "Aaron Finch", "shortName": "A Finch", "nationality": "Australian", "dateOfBirth": "1986-11-17", "rightArmedBowl": false, "rightHandedBat": true, "bowlingStyle": "ORTHODOX"}, {"id": 9, "fullName": "Ravindra Jadeja", "shortName": "R Jadeja", "nationality": "Indian", "dateOfBirth": "1988-12-06", "rightArmedBowl": false, "rightHandedBat": false, "bowlingStyle": "ORTHODOX"}, {"id": 193, "fullName": "James Faulkner", "shortName": "J Faulkner", "nationality": "Australian", "dateOfBirth": "1990-04-29", "rightArmedBowl": false, "rightHandedBat": true}, {"id": 101, "fullName": "Dhawal Kulkarni", "shortName": "D Kulkarni", "nationality": "Indian", "dateOfBirth": "1988-12-10", "rightArmedBowl": true, "rightHandedBat": true, "bowlingStyle": "MEDIUM_SEAM"}, {"id": 91, "fullName": "Pradeep Sangwan", "shortName": "P Sangwan", "nationality": "Indian", "dateOfBirth": "1990-11-05", "rightArmedBowl": false, "rightHandedBat": true}, {"id": 3825, "fullName": "Basil Thampi", "shortName": "B Thampi", "nationality": "Indian", "dateOfBirth": "1993-09-11", "rightArmedBowl": true, "rightHandedBat": true, "bowlingStyle": "MEDIUM_SEAM"}, {"id": 4320, "fullName": "Ankit Soni", "shortName": "A Soni", "nationality": "Indian", "rightArmedBowl": true, "rightHandedBat": true}], "wicketKeeper": {"id": 102, "fullName": "Dinesh Karthik", "shortName": "D Karthik", "nationality": "Indian", "dateOfBirth": "1985-06-01", "rightArmedBowl": true, "rightHandedBat": true, "bowlingStyle": "OFF_SPIN"}, "captain": {"id": 14, "fullName": "Suresh Raina", "shortName": "S Raina", "nationality": "Indian", "dateOfBirth": "1986-11-27", "rightArmedBowl": true, "rightHandedBat": false, "bowlingStyle": "OFF_SPIN"}}], "venue": {"id": 9, "fullName": "IS Bindra Stadium", "shortName": "IS Bindra Stadium", "city": "Mohali", "country": "India"}, "matchDate": "2017-05-07T20:00:00+0530", "matchEndDate": "2017-05-07T23:00:00+0530", "matchDateMs": 1494167400000, "matchEndDateMs": 1494178200000, "isLimitedOvers": true, "battingOrder": [0, 1], "matchBroadcast": false, "matchState": "C", "matchStatus": {"outcome": "B", "text": "Gujarat Lions won by 6 wickets"}, "description": "Match 47", "matchSummary": "", "matchType": "IPLT20", "tournamentLabel": "IPL 2017", "oversLimit": 20, "groupName": ""}, "matchId": {"id": 5885, "name": "ipl2017-47", "tournamentId": {"id": 5815, "name": "ipl2017", "provisional": false}}, "currentState": {"inProgress": false, "phase": "C", "currentInningsIndex": 1, "currentBatsmen": [102, 9], "facingBatsman": 102, "nonFacingBatsman": 9, "currentBowler": 3831, "currentBowlerCurrentSpell": {"playerId": 3831, "ov": "0.4", "r": 10, "w": 0, "d": 1, "maid": 0, "e": "15.00", "wd": 2, "nb": 0}, "previousBowler": 61, "previousBowlerCurrentSpell": {"playerId": 61, "ov": "2", "r": 20, "w": 0, "d": 3, "maid": 0, "e": "10.00", "wd": 0, "nb": 0}, "currentPartnership": 27, "partnership": {"runs": 27, "balls": 12, "runRate": "13.50"}, "recentOvers": [{"ovNo": 15, "ovBalls": ["4", "1Lb", "2", "2", "1", "1"]}, {"ovNo": 16, "ovBalls": ["1", "1", ".", "1", "1", "6"]}, {"ovNo": 17, "ovBalls": [".", ".", "1", "2", ".", "1"]}, {"ovNo": 18, "ovBalls": ["W", "1", "2", "W", ".", "1"]}, {"ovNo": 19, "ovBalls": ["1", "6", "4", "1", "2", "2"]}, {"ovNo": 20, "ovBalls": ["3", "1Wd", "1Wd", "1", ".", "4"]}]}, "innings": [{"inningsNumber": 1, "runRate": "9.45", "overProgress": "20", "declared": false, "scorecard": {"runs": 189, "wkts": 3, "allOut": false, "battingStats": [{"playerId": 431, "r": 2, "b": 5, "sr": "40.00", "4s": 0, "6s": 0, "mod": {"dismissedBp": {"innings": 1, "over": 1, "ball": 5}, "countingBp": {"innings": 1, "over": 1, "ball": 5}, "text": "c Basil Thampi b Pradeep Sangwan", "bowlerId": 91, "additionalPlayerIds": [3825], "dismissedMethod": "ct", "isOut": true}}, {"playerId": 456, "r": 104, "b": 60, "sr": "173.33", "4s": 8, "6s": 5, "mod": {"dismissedBp": {"innings": 1, "over": 20, "ball": 5}, "countingBp": {"innings": 1, "over": 20, "ball": 5}, "text": "lbw Basil Thampi", "bowlerId": 3825, "dismissedMethod": "lbw", "isOut": true}}, {"playerId": 191, "r": 58, "b": 43, "sr": "134.88", "4s": 6, "6s": 0, "mod": {"dismissedBp": {"innings": 1, "over": 16, "ball": 4}, "countingBp": {"innings": 1, "over": 16, "ball": 4}, "text": "c Aaron Finch b Dhawal Kulkarni", "bowlerId": 101, "additionalPlayerIds": [167], "dismissedMethod": "ct", "isOut": true}}, {"playerId": 282, "r": 20, "b": 11, "sr": "181.81", "4s": 0, "6s": 2}, {"playerId": 1113, "r": 2, "b": 1, "sr": "200.00", "4s": 0, "6s": 0}], "bowlingStats": [{"playerId": 91, "ov": "3", "r": 28, "w": 1, "d": 8, "maid": 0, "e": "9.33", "wd": 0, "nb": 0}, {"playerId": 101, "ov": "4", "r": 24, "w": 1, "d": 9, "maid": 0, "e": "6.00", "wd": 2, "nb": 0}, {"playerId": 3825, "ov": "4", "r": 48, "w": 1, "d": 2, "maid": 0, "e": "12.00", "wd": 0, "nb": 0}, {"playerId": 193, "ov": "4", "r": 43, "w": 0, "d": 2, "maid": 0, "e": "10.75", "wd": 0, "nb": 0}, {"playerId": 9, "ov": "2", "r": 19, "w": 0, "d": 1, "maid": 0, "e": "9.50", "wd": 1, "nb": 0}, {"playerId": 4320, "ov": "3", "r": 27, "w": 0, "d": 3, "maid": 0, "e": "9.00", "wd": 0, "nb": 0}], "fow": [{"bp": {"innings": 1, "over": 1, "ball": 5}, "playerId": 431, "ret": false, "w": 1, "r": 2}, {"bp": {"innings": 1, "over": 16, "ball": 4}, "playerId": 191, "ret": false, "w": 2, "r": 127}, {"bp": {"innings": 1, "over": 20, "ball": 5}, "playerId": 456, "ret": false, "w": 3, "r": 187}], "extras": {"noBallRuns": 0, "wideRuns": 3, "byeRuns": 0, "legByeRuns": 0, "penaltyRuns": 0}, "declared": false}, "overHistory": [{"ovNo": 1, "ovBalls": ["2", ".", ".", ".", "W", "."]}, {"ovNo": 2, "ovBalls": [".", ".", "1", ".", ".", "."]}, {"ovNo": 3, "ovBalls": [".", "1", ".", "4", "4", "1"]}, {"ovNo": 4, "ovBalls": ["1", "1", "1", "1", "1Wd", "1", "1Wd", "1"]}, {"ovNo": 5, "ovBalls": [".", "1", "1", "1", "4", "1"]}, {"ovNo": 6, "ovBalls": ["6", "1", "2", "1", "4", "1"]}, {"ovNo": 7, "ovBalls": ["1", "2", "1", "1", "4", "1"]}, {"ovNo": 8, "ovBalls": ["2", ".", "1", "1", "4", "1"]}, {"ovNo": 9, "ovBalls": ["4", ".", "1Wd", "1", "1", "1", "1"]}, {"ovNo": 10, "ovBalls": [".", "2", "1", "1", "1", "4"]}, {"ovNo": 11, "ovBalls": ["1", "1", "2", "1", "1", "2"]}, {"ovNo": 12, "ovBalls": ["4", "2", "1", "1", "1", "1"]}, {"ovNo": 13, "ovBalls": ["2", "1", "1", ".", ".", "6"]}, {"ovNo": 14, "ovBalls": ["1", "1", "1", ".", "2", "."]}, {"ovNo": 15, "ovBalls": ["4", "1", "1", "1", "1", "1"]}, {"ovNo": 16, "ovBalls": ["1", "2", "1", "W", "6", "."]}, {"ovNo": 17, "ovBalls": ["1", "6", "1", "1", "4", "4"]}, {"ovNo": 18, "ovBalls": [".", "1", "4", "1", "1", "2"]}, {"ovNo": 19, "ovBalls": ["2", "1", "1", "6", "6", "."]}, {"ovNo": 20, "ovBalls": ["4", "1", "1", "6", "W", "2"]}]}, {"inningsNumber": 2, "runRate": "9.76", "overProgress": "19.4", "declared": false, "scorecard": {"runs": 192, "wkts": 4, "allOut": false, "battingStats": [{"playerId": 413, "r": 74, "b": 39, "sr": "189.74", "4s": 8, "6s": 4, "mod": {"dismissedBp": {"innings": 2, "over": 12, "ball": 2}, "countingBp": {"innings": 2, "over": 12, "ball": 2}, "text": "c Martin Guptill b Glenn Maxwell", "bowlerId": 282, "additionalPlayerIds": [431], "dismissedMethod": "ct", "isOut": true}}, {"playerId": 2975, "r": 29, "b": 24, "sr": "120.83", "4s": 3, "6s": 0, "mod": {"dismissedBp": {"innings": 2, "over": 10, "ball": 2}, "countingBp": {"innings": 2, "over": 10, "ball": 2}, "text": "c sub (David Miller) b T Natarajan", "bowlerId": 3831, "dismissedMethod": "ct", "isOut": true}}, {"playerId": 14, "r": 39, "b": 25, "sr": "156.00", "4s": 4, "6s": 1, "mod": {"dismissedBp": {"innings": 2, "over": 18, "ball": 1}, "countingBp": {"innings": 2, "over": 18, "ball": 1}, "text": "c Gurkeerat Singh b Sandeep Sharma", "bowlerId": 1112, "dismissedMethod": "ct", "isOut": true}}, {"playerId": 102, "r": 35, "b": 23, "sr": "152.17", "4s": 2, "6s": 1}, {"playerId": 167, "r": 2, "b": 2, "sr": "100.00", "4s": 0, "6s": 0, "mod": {"dismissedBp": {"innings": 2, "over": 18, "ball": 4}, "countingBp": {"innings": 2, "over": 18, "ball": 4}, "text": "c Wriddhiman Saha b Sandeep Sharma", "bowlerId": 1112, "additionalPlayerIds": [16], "dismissedMethod": "ct", "isOut": true}}, {"playerId": 9, "r": 7, "b": 6, "sr": "116.66", "4s": 0, "6s": 0}], "bowlingStats": [{"playerId": 1112, "ov": "4", "r": 29, "w": 2, "d": 9, "maid": 0, "e": "7.25", "wd": 0, "nb": 1}, {"playerId": 1107, "ov": "4", "r": 35, "w": 0, "d": 4, "maid": 0, "e": "8.75", "wd": 0, "nb": 0}, {"playerId": 61, "ov": "4", "r": 43, "w": 0, "d": 6, "maid": 0, "e": "10.75", "wd": 0, "nb": 0}, {"playerId": 1113, "ov": "3", "r": 29, "w": 0, "d": 1, "maid": 0, "e": "9.66", "wd": 0, "nb": 0}, {"playerId": 282, "ov": "2", "r": 21, "w": 1, "d": 3, "maid": 0, "e": "10.50", "wd": 0, "nb": 0}, {"playerId": 3831, "ov": "2.4", "r": 32, "w": 1, "d": 4, "maid": 0, "e": "12.00", "wd": 2, "nb": 0}], "fow": [{"bp": {"innings": 2, "over": 10, "ball": 2}, "playerId": 2975, "ret": false, "w": 1, "r": 91}, {"bp": {"innings": 2, "over": 12, "ball": 2}, "playerId": 413, "ret": false, "w": 2, "r": 120}, {"bp": {"innings": 2, "over": 18, "ball": 1}, "playerId": 14, "ret": false, "w": 3, "r": 162}, {"bp": {"innings": 2, "over": 18, "ball": 4}, "playerId": 167, "ret": false, "w": 4, "r": 165}], "extras": {"noBallRuns": 1, "wideRuns": 2, "byeRuns": 0, "legByeRuns": 3, "penaltyRuns": 0}, "declared": false}, "overHistory": [{"ovNo": 1, "ovBalls": ["1", "4", "1", ".", "1", "."]}, {"ovNo": 2, "ovBalls": ["4", ".", "4", "1", ".", "1"]}, {"ovNo": 3, "ovBalls": ["1", ".", "4", ".", ".", "1"]}, {"ovNo": 4, "ovBalls": ["2", "2", "4", "4", ".", "1"]}, {"ovNo": 5, "ovBalls": ["1", "1", "4", "1Lb", "1Nb", "1", "4"]}, {"ovNo": 6, "ovBalls": ["1", ".", "4", "1", "2", "1"]}, {"ovNo": 7, "ovBalls": ["1", "1", "1", "1", "1", "6"]}, {"ovNo": 8, "ovBalls": ["4", ".", "4", "1", "1", "2"]}, {"ovNo": 9, "ovBalls": ["6", "1", "1", "1", "1", "."]}, {"ovNo": 10, "ovBalls": [".", "W", "1", "6", "1", "4"]}, {"ovNo": 11, "ovBalls": ["1Lb", "1", "1", ".", "4", "4"]}, {"ovNo": 12, "ovBalls": ["6", "W", "1", "1", "1", "."]}, {"ovNo": 13, "ovBalls": ["2", "1", "1", "1", "2", "1"]}, {"ovNo": 14, "ovBalls": ["1", "1", "1", "1", "1", "1"]}, {"ovNo": 15, "ovBalls": ["4", "1Lb", "2", "2", "1", "1"]}, {"ovNo": 16, "ovBalls": ["1", "1", ".", "1", "1", "6"]}, {"ovNo": 17, "ovBalls": [".", ".", "1", "2", ".", "1"]}, {"ovNo": 18, "ovBalls": ["W", "1", "2", "W", ".", "1"]}, {"ovNo": 19, "ovBalls": ["1", "6", "4", "1", "2", "2"]}, {"ovNo": 20, "ovBalls": ["3", "1Wd", "1Wd", "1", ".", "4"]}]}]}