{"matchInfo": {"additionalInfo": {"sixes.video.thumb": "http://images.lvp.llnw.net/bec92a81ddd44d1c80669f5061c90861/media/6adad4bda13440d08dfa540a1b603cd5/UTT.540x304.jpeg", "sixes.video.id": "6adad4bda13440d08dfa540a1b603cd5", "match.video.thumb": "http://images.lvp.llnw.net/bec92a81ddd44d1c80669f5061c90861/media/a0c834d01f6c490a90ebdc1d3b0a67e1/I0p.540x304.jpeg", "mom.video.thumb": "http://images.lvp.llnw.net/bec92a81ddd44d1c80669f5061c90861/media/e87250fcb5f64d93b2837077e6cb0f0c/0Zv.540x304.jpeg", "mom.video.id": "e87250fcb5f64d93b2837077e6cb0f0c", "referee.name": "Andy Pycroft", "report.thumb": "http://static2.iplt20.com/cms/media/images/630x420/33506.jpg", "match.summary": "", "umpire.name.1": "Bruce Oxenford", "umpire.name.2": "Vineet Kulkarni", "umpire.name.3": "Rod Tucker", "interview.thumb": "http://static2.iplt20.com/cms/media/images/630x420/33522.jpg", "umpire.name.4": "Rajesh Deshpande", "away.team.fan.total": "8961", "result.playerofthematch": "Suresh Raina", "toss.elected": "Chennai Super Kings, who chose to field", "notes.1.1": "MI: 50 runs in 5.5 overs ", "notes.1.2": "1st Wicket: 50 runs in 35 balls (Lendl Simmons 28, Michael Hussey 23)", "notes.2.1": "Powerplay - 60 runs, 0 wickets", "notes.1.3": "MI: 100 runs in 12.2 overs", "notes.2.2": "CSK: 50 runs in 5.3 overs", "notes.1.4": "Lendl Simmons: 50 off 36 balls (5 x fours, 2 x sixes)", "notes.2.3": "1st Wicket: 50 runs in 33 balls (Dwayne Smith 19, Francois du Plessis 30)", "notes.1.5": "MI: 150 runs in 17.2 overs", "notes.2.4": "CSK: 100 runs in 11.2 overs", "notes.1.6": "Innings Break: MI - 173/8 in 20 overs", "notes.2.5": "4th Wicket: 50 runs in 35 balls (Suresh Raina 29, David Hussey 23)", "notes.2.6": "CSK: 150 runs in 15.6 overs", "notes.2.7": "Suresh Raina: 50 off 30 balls (3 x fours, 2 x sixes)", "highlights.link": "http://www.iplt20.com/videos/media/id/a0c834d01f6c490a90ebdc1d3b0a67e1/m58-csk-vs-mi-match-highlights", "match.video.id": "a0c834d01f6c490a90ebdc1d3b0a67e1", "stats.link": "http://www.iplt20.com/news/2014/more-news/5504/quick-stats-eliminator-mi-v-csk", "home.team.fan.total": "15677", "photostream.link": "http://www.iplt20.com/photos/245/ipl-2014-match-58-csk-v-mi", "toss.winner": "Chennai Super Kings", "interview.link": "http://www.iplt20.com/news/2014/features/5507/what-faf-wants-from-msds-leadership", "stats.thumb": "http://static2.iplt20.com/cms/media/images/630x420/33514.jpg"}, "teams": [{"id": 2491, "team": {"id": 1, "fullName": "Chennai Super Kings", "shortName": "Super Kings", "abbreviation": "CSK", "type": "m", "primaryColor": "FDB913", "secondaryColor": "0081E5"}, "players": [{"id": 413, "fullName": "Dwayne Smith", "shortName": "DR Smith", "nationality": "West Indian", "dateOfBirth": "1983-04-12", "rightArmedBowl": true, "rightHandedBat": true}, {"id": 202, "fullName": "Brendon McCullum", "shortName": "B McCullum", "nationality": "New Zealander", "dateOfBirth": "1981-09-27", "rightArmedBowl": true, "rightHandedBat": true, "bowlingStyle": "MEDIUM_SEAM"}, {"id": 14, "fullName": "Suresh Raina", "shortName": "S Raina", "nationality": "Indian", "dateOfBirth": "1986-11-27", "rightArmedBowl": true, "rightHandedBat": false, "bowlingStyle": "OFF_SPIN"}, {"id": 24, "fullName": "Faf du Plessis", "shortName": "F du Plessis", "nationality": "South African", "dateOfBirth": "1984-07-13", "rightArmedBowl": true, "rightHandedBat": true, "bowlingStyle": "LEG_SPIN"}, {"id": 186, "fullName": "David Hussey", "shortName": "D Hussey", "nationality": "Australian", "dateOfBirth": "1977-07-15", "rightArmedBowl": false, "rightHandedBat": false}, {"id": 1, "fullName": "MS Dhoni", "shortName": "MS Dhoni", "nationality": "Indian", "dateOfBirth": "1981-07-07", "rightArmedBowl": true, "rightHandedBat": true, "bowlingStyle": "MEDIUM_SEAM"}, {"id": 9, "fullName": "Ravindra Jadeja", "shortName": "R Jadeja", "nationality": "Indian", "dateOfBirth": "1988-12-06", "rightArmedBowl": false, "rightHandedBat": false, "bowlingStyle": "ORTHODOX"}, {"id": 8, "fullName": "Ravichandran Ashwin", "shortName": "R Ashwin", "nationality": "Indian", "dateOfBirth": "1986-09-17", "rightArmedBowl": true, "rightHandedBat": true, "bowlingStyle": "OFF_SPIN"}, {"id": 1107, "fullName": "Mohit Sharma", "shortName": "M Sharma", "nationality": "Indian", "dateOfBirth": "1991-12-19", "rightArmedBowl": false, "rightHandedBat": true}, {"id": 1090, "fullName": "Ishwar Pandey", "shortName": "I Pandey", "nationality": "Indian", "dateOfBirth": "1989-08-15", "rightArmedBowl": true, "rightHandedBat": true}, {"id": 115, "fullName": "Ashish Nehra", "shortName": "A Nehra", "nationality": "Indian", "dateOfBirth": "1979-04-29", "rightArmedBowl": false, "rightHandedBat": true, "bowlingStyle": "MEDIUM_SEAM"}], "wicketKeeper": {"id": 1, "fullName": "MS Dhoni", "shortName": "MS Dhoni", "nationality": "Indian", "dateOfBirth": "1981-07-07", "rightArmedBowl": true, "rightHandedBat": true, "bowlingStyle": "MEDIUM_SEAM"}, "captain": {"id": 1, "fullName": "MS Dhoni", "shortName": "MS Dhoni", "nationality": "Indian", "dateOfBirth": "1981-07-07", "rightArmedBowl": true, "rightHandedBat": true, "bowlingStyle": "MEDIUM_SEAM"}}, {"id": 2490, "team": {"id": 6, "fullName": "Mumbai Indians", "shortName": "Mumbai", "abbreviation": "MI", "type": "m", "primaryColor": "00AEEF", "secondaryColor": "FFFFFF"}, "players": [{"id": 595, "fullName": "Lendl Simmons", "shortName": "L Simmons", "nationality": "West Indian", "dateOfBirth": "1985-01-25", "rightArmedBowl": true, "rightHandedBat": true}, {"id": 20, "fullName": "Michael Hussey", "shortName": "M Hussey", "nationality": "Australian", "dateOfBirth": "1975-05-27", "rightArmedBowl": true, "rightHandedBat": false, "bowlingStyle": "MEDIUM_SEAM"}, {"id": 107, "fullName": "Rohit Sharma", "shortName": "R Sharma", "nationality": "Indian", "dateOfBirth": "1987-04-30", "rightArmedBowl": true, "rightHandedBat": true, "bowlingStyle": "OFF_SPIN"}, {"id": 210, "fullName": "Kieron Pollard", "shortName": "K Pollard", "nationality": "West Indian", "dateOfBirth": "1987-05-12", "rightArmedBowl": true, "rightHandedBat": true, "bowlingStyle": "MEDIUM_SEAM"}, {"id": 100, "fullName": "Ambati Rayudu", "shortName": "A Rayudu", "nationality": "Indian", "dateOfBirth": "1985-09-23", "rightArmedBowl": true, "rightHandedBat": true, "bowlingStyle": "OFF_SPIN"}, {"id": 968, "fullName": "Corey Anderson", "shortName": "C Anderson", "nationality": "New Zealander", "dateOfBirth": "1990-12-13", "rightArmedBowl": false, "rightHandedBat": false}, {"id": 99, "fullName": "Aditya Tare", "shortName": "A Tare", "nationality": "Indian", "dateOfBirth": "1987-11-07", "rightArmedBowl": true, "rightHandedBat": true}, {"id": 103, "fullName": "Harbhajan Singh", "shortName": "H Singh", "nationality": "Indian", "dateOfBirth": "1980-07-03", "rightArmedBowl": true, "rightHandedBat": true, "bowlingStyle": "OFF_SPIN"}, {"id": 77, "fullName": "Praveen Kumar", "shortName": "P Kumar", "nationality": "Indian", "dateOfBirth": "1986-10-02", "rightArmedBowl": true, "rightHandedBat": true}, {"id": 106, "fullName": "Pragyan Ojha", "shortName": "P Ojha", "nationality": "Indian", "dateOfBirth": "1986-09-05", "rightArmedBowl": false, "rightHandedBat": false, "bowlingStyle": "ORTHODOX"}, {"id": 1124, "fullName": "Jasprit Bumrah", "shortName": "J Bumrah", "nationality": "Indian", "dateOfBirth": "1993-12-06", "rightArmedBowl": true, "rightHandedBat": true, "bowlingStyle": "FAST_SEAM"}], "wicketKeeper": {"id": 99, "fullName": "Aditya Tare", "shortName": "A Tare", "nationality": "Indian", "dateOfBirth": "1987-11-07", "rightArmedBowl": true, "rightHandedBat": true}, "captain": {"id": 107, "fullName": "Rohit Sharma", "shortName": "R Sharma", "nationality": "Indian", "dateOfBirth": "1987-04-30", "rightArmedBowl": true, "rightHandedBat": true, "bowlingStyle": "OFF_SPIN"}}], "venue": {"id": 18, "fullName": "Brabourne Stadium", "shortName": "Brabourne Stadium", "city": "Mumbai", "country": "India"}, "matchDate": "2014-05-28T20:00:00+0530", "matchEndDate": "2014-05-28T23:00:00+0530", "matchDateMs": 1401287400000, "matchEndDateMs": 1401298200000, "isLimitedOvers": true, "battingOrder": [1, 0], "matchBroadcast": false, "matchState": "C", "matchStatus": {"outcome": "A", "text": "Chennai Super Kings won by 7 wickets"}, "description": "Eliminator", "matchSummary": "", "matchType": "IPLT20", "tournamentLabel": "IPL 2014", "oversLimit": 20, "groupName": "Playoffs"}, "matchId": {"id": 2481, "name": "ipl2014-58", "tournamentId": {"id": 2374, "name": "ipl2014", "provisional": false}}, "currentState": {"inProgress": false, "phase": "C", "currentInningsIndex": 1, "currentBatsmen": [14, 186], "facingBatsman": 14, "nonFacingBatsman": 186, "currentBowler": 1124, "currentBowlerCurrentSpell": {"playerId": 1124, "ov": "1.4", "r": 14, "w": 0, "d": 4, "maid": 0, "e": "8.40", "wd": 1, "nb": 0}, "previousBowler": 210, "previousBowlerCurrentSpell": {"playerId": 210, "ov": "1", "r": 10, "w": 0, "d": 1, "maid": 0, "e": "10.00", "wd": 2, "nb": 0}, "currentPartnership": 89, "partnership": {"runs": 89, "balls": 55, "runRate": "9.70"}, "recentOvers": [{"ovNo": 14, "ovBalls": ["4", ".", ".", "1", ".", "4"]}, {"ovNo": 15, "ovBalls": ["1", "2", "2", "2", "1", "6"]}, {"ovNo": 16, "ovBalls": ["1", "6", ".", "6", "1", "6"]}, {"ovNo": 17, "ovBalls": [".", "4", "2", "1", "1", "."]}, {"ovNo": 18, "ovBalls": ["1Wd", "1Wd", "4", "1", "1", "1", ".", "1"]}, {"ovNo": 19, "ovBalls": ["1", ".", "1Wd", ".", "4"]}]}, "innings": [{"inningsNumber": 1, "runRate": "8.65", "overProgress": "20", "declared": false, "scorecard": {"runs": 173, "wkts": 8, "allOut": false, "battingStats": [{"playerId": 595, "r": 67, "b": 44, "sr": "152.27", "4s": 5, "6s": 4, "mod": {"dismissedBp": {"innings": 1, "over": 17, "ball": 4}, "countingBp": {"innings": 1, "over": 17, "ball": 4}, "text": "c Suresh Raina b Ravindra Jadeja", "bowlerId": 9, "additionalPlayerIds": [14], "dismissedMethod": "ct", "isOut": true}}, {"playerId": 20, "r": 39, "b": 33, "sr": "118.18", "4s": 4, "6s": 1, "mod": {"dismissedBp": {"innings": 1, "over": 10, "ball": 4}, "countingBp": {"innings": 1, "over": 10, "ball": 4}, "text": "b Ravindra Jadeja", "bowlerId": 9, "dismissedMethod": "b", "isOut": true}}, {"playerId": 968, "r": 20, "b": 10, "sr": "200.00", "4s": 1, "6s": 2, "mod": {"dismissedBp": {"innings": 1, "over": 13, "ball": 1}, "countingBp": {"innings": 1, "over": 13, "ball": 1}, "text": "c Ishwar Pandey b Ravichandran Ashwin", "bowlerId": 8, "additionalPlayerIds": [1090], "dismissedMethod": "ct", "isOut": true}}, {"playerId": 107, "r": 20, "b": 16, "sr": "125.00", "4s": 3, "6s": 0, "mod": {"dismissedBp": {"innings": 1, "over": 18, "ball": 3}, "countingBp": {"innings": 1, "over": 18, "ball": 3}, "text": "c Brendon McCullum b Mohit Sharma", "bowlerId": 1107, "additionalPlayerIds": [202], "dismissedMethod": "ct", "isOut": true}}, {"playerId": 210, "r": 14, "b": 8, "sr": "175.00", "4s": 1, "6s": 1, "mod": {"dismissedBp": {"innings": 1, "over": 19, "ball": 4}, "countingBp": {"innings": 1, "over": 19, "ball": 4}, "text": "c Mohit Sharma b Ashish Nehra", "bowlerId": 115, "additionalPlayerIds": [1107], "dismissedMethod": "ct", "isOut": true}}, {"playerId": 100, "r": 2, "b": 3, "sr": "66.66", "4s": 0, "6s": 0, "mod": {"dismissedBp": {"innings": 1, "over": 20, "ball": 1}, "countingBp": {"innings": 1, "over": 20, "ball": 1}, "text": "c David Hussey b Mohit Sharma", "bowlerId": 1107, "additionalPlayerIds": [186], "dismissedMethod": "ct", "isOut": true}}, {"playerId": 99, "r": 0, "b": 1, "sr": "0.00", "4s": 0, "6s": 0, "mod": {"dismissedBp": {"innings": 1, "over": 19, "ball": 6}, "countingBp": {"innings": 1, "over": 19, "ball": 6}, "text": "c Faf du Plessis b Ashish Nehra", "bowlerId": 115, "additionalPlayerIds": [24], "dismissedMethod": "ct", "isOut": true}}, {"playerId": 103, "r": 7, "b": 2, "sr": "350.00", "4s": 0, "6s": 1}, {"playerId": 77, "r": 1, "b": 2, "sr": "50.00", "4s": 0, "6s": 0, "mod": {"dismissedBp": {"innings": 1, "over": 20, "ball": 4}, "countingBp": {"innings": 1, "over": 20, "ball": 4}, "text": "b Mohit Sharma", "bowlerId": 1107, "dismissedMethod": "b", "isOut": true}}, {"playerId": 106, "r": 1, "b": 1, "sr": "100.00", "4s": 0, "6s": 0}], "bowlingStats": [{"playerId": 115, "ov": "4", "r": 34, "w": 2, "d": 9, "maid": 0, "e": "8.50", "wd": 0, "nb": 0}, {"playerId": 1090, "ov": "3", "r": 25, "w": 0, "d": 8, "maid": 0, "e": "8.33", "wd": 0, "nb": 0}, {"playerId": 1107, "ov": "4", "r": 42, "w": 3, "d": 7, "maid": 0, "e": "10.50", "wd": 0, "nb": 0}, {"playerId": 8, "ov": "4", "r": 26, "w": 1, "d": 12, "maid": 0, "e": "6.50", "wd": 0, "nb": 0}, {"playerId": 9, "ov": "4", "r": 31, "w": 2, "d": 6, "maid": 0, "e": "7.75", "wd": 0, "nb": 0}, {"playerId": 14, "ov": "1", "r": 13, "w": 0, "d": 1, "maid": 0, "e": "13.00", "wd": 0, "nb": 0}], "fow": [{"bp": {"innings": 1, "over": 10, "ball": 4}, "playerId": 20, "ret": false, "w": 1, "r": 76}, {"bp": {"innings": 1, "over": 13, "ball": 1}, "playerId": 968, "ret": false, "w": 2, "r": 99}, {"bp": {"innings": 1, "over": 17, "ball": 4}, "playerId": 595, "ret": false, "w": 3, "r": 143}, {"bp": {"innings": 1, "over": 18, "ball": 3}, "playerId": 107, "ret": false, "w": 4, "r": 150}, {"bp": {"innings": 1, "over": 19, "ball": 4}, "playerId": 210, "ret": false, "w": 5, "r": 163}, {"bp": {"innings": 1, "over": 19, "ball": 6}, "playerId": 99, "ret": false, "w": 6, "r": 164}, {"bp": {"innings": 1, "over": 20, "ball": 1}, "playerId": 100, "ret": false, "w": 7, "r": 164}, {"bp": {"innings": 1, "over": 20, "ball": 4}, "playerId": 77, "ret": false, "w": 8, "r": 166}], "extras": {"noBallRuns": 0, "wideRuns": 0, "byeRuns": 0, "legByeRuns": 2, "penaltyRuns": 0}, "declared": false}, "overHistory": [{"ovNo": 1, "ovBalls": ["1", "1", "4", ".", ".", "."]}, {"ovNo": 2, "ovBalls": [".", ".", "1Lb", "4", "1", "1"]}, {"ovNo": 3, "ovBalls": [".", ".", "1", "1", "1", "1"]}, {"ovNo": 4, "ovBalls": ["1", ".", "4", ".", "1", "."]}, {"ovNo": 5, "ovBalls": ["4", "4", ".", "1Lb", "1", "1"]}, {"ovNo": 6, "ovBalls": ["4", "1", "4", "6", "4", "."]}, {"ovNo": 7, "ovBalls": [".", ".", "3", ".", "1", "."]}, {"ovNo": 8, "ovBalls": ["1", ".", "1", "1", "1", "2"]}, {"ovNo": 9, "ovBalls": ["1", "1", "6", "1", ".", "."]}, {"ovNo": 10, "ovBalls": ["1", "1", "2", "W", ".", "6"]}, {"ovNo": 11, "ovBalls": [".", "1", "1", ".", "1", "1"]}, {"ovNo": 12, "ovBalls": [".", "1", "1", "6", "4", "1"]}, {"ovNo": 13, "ovBalls": ["W", "6", "3", ".", ".", "."]}, {"ovNo": 14, "ovBalls": [".", ".", ".", "4", "1", "4"]}, {"ovNo": 15, "ovBalls": ["6", "1", "2", ".", "1", "."]}, {"ovNo": 16, "ovBalls": ["1", "1", "4", ".", "1", "6"]}, {"ovNo": 17, "ovBalls": ["1", "1", "1", "W", "1", "1"]}, {"ovNo": 18, "ovBalls": ["1", "4", "W", "1", "1", "1"]}, {"ovNo": 19, "ovBalls": ["6", ".", "4", "W", "1", "W"]}, {"ovNo": 20, "ovBalls": ["W", "1", "1", "W", "1", "6"]}]}, {"inningsNumber": 2, "runRate": "9.42", "overProgress": "18.4", "declared": false, "scorecard": {"runs": 176, "wkts": 3, "allOut": false, "battingStats": [{"playerId": 413, "r": 24, "b": 20, "sr": "120.00", "4s": 4, "6s": 0, "mod": {"dismissedBp": {"innings": 2, "over": 7, "ball": 2}, "countingBp": {"innings": 2, "over": 7, "ball": 2}, "text": "c Kieron Pollard b Harbhajan Singh", "bowlerId": 103, "additionalPlayerIds": [210], "dismissedMethod": "ct", "isOut": true}}, {"playerId": 24, "r": 35, "b": 20, "sr": "175.00", "4s": 5, "6s": 1, "mod": {"dismissedBp": {"innings": 2, "over": 7, "ball": 7}, "countingBp": {"innings": 2, "over": 7, "ball": 5}, "text": "c sub (Ben Dunk) b Harbhajan Singh", "bowlerId": 103, "dismissedMethod": "ct", "isOut": true}}, {"playerId": 14, "r": 54, "b": 32, "sr": "168.75", "4s": 4, "6s": 2}, {"playerId": 202, "r": 14, "b": 11, "sr": "127.27", "4s": 0, "6s": 2, "mod": {"dismissedBp": {"innings": 2, "over": 10, "ball": 3}, "countingBp": {"innings": 2, "over": 10, "ball": 3}, "text": "st Aditya Tare b Pragyan Ojha", "bowlerId": 106, "additionalPlayerIds": [99], "dismissedMethod": "st", "isOut": true}}, {"playerId": 186, "r": 40, "b": 29, "sr": "137.93", "4s": 2, "6s": 3}], "bowlingStats": [{"playerId": 77, "ov": "4", "r": 27, "w": 0, "d": 8, "maid": 0, "e": "6.75", "wd": 0, "nb": 0}, {"playerId": 968, "ov": "3", "r": 35, "w": 0, "d": 5, "maid": 0, "e": "11.66", "wd": 1, "nb": 0}, {"playerId": 1124, "ov": "3.4", "r": 40, "w": 0, "d": 8, "maid": 0, "e": "10.90", "wd": 1, "nb": 0}, {"playerId": 103, "ov": "4", "r": 27, "w": 2, "d": 10, "maid": 0, "e": "6.75", "wd": 2, "nb": 0}, {"playerId": 106, "ov": "3", "r": 34, "w": 1, "d": 6, "maid": 0, "e": "11.33", "wd": 0, "nb": 0}, {"playerId": 210, "ov": "1", "r": 10, "w": 0, "d": 1, "maid": 0, "e": "10.00", "wd": 2, "nb": 0}], "fow": [{"bp": {"innings": 2, "over": 7, "ball": 2}, "playerId": 413, "ret": false, "w": 1, "r": 60}, {"bp": {"innings": 2, "over": 7, "ball": 5}, "playerId": 24, "ret": false, "w": 2, "r": 64}, {"bp": {"innings": 2, "over": 10, "ball": 3}, "playerId": 202, "ret": false, "w": 3, "r": 87}], "extras": {"noBallRuns": 0, "wideRuns": 6, "byeRuns": 0, "legByeRuns": 3, "penaltyRuns": 0}, "declared": false}, "overHistory": [{"ovNo": 1, "ovBalls": [".", "4", ".", "1Lb", ".", "1Lb"]}, {"ovNo": 2, "ovBalls": ["4", "1", "1", ".", "4", "."]}, {"ovNo": 3, "ovBalls": [".", "1", "1", ".", "1", "1"]}, {"ovNo": 4, "ovBalls": ["1", "1", "4", "2", "6", "4"]}, {"ovNo": 5, "ovBalls": ["1", ".", "1", "1", "1", "1"]}, {"ovNo": 6, "ovBalls": [".", "4", "4", "4", "1", "4"]}, {"ovNo": 7, "ovBalls": [".", "W", "1Wd", "1Wd", "1", "1", "W", "."]}, {"ovNo": 8, "ovBalls": ["1", "1", ".", ".", "1Lb", "1Wd", "4"]}, {"ovNo": 9, "ovBalls": [".", ".", "6", ".", "1", "1"]}, {"ovNo": 10, "ovBalls": ["1", "6", "W", "1", "1", "."]}, {"ovNo": 11, "ovBalls": [".", "2", ".", "6", "1", "."]}, {"ovNo": 12, "ovBalls": ["1", "1", "3", ".", ".", "."]}, {"ovNo": 13, "ovBalls": ["1", "1", "1", "1", "1", "1"]}, {"ovNo": 14, "ovBalls": ["4", ".", ".", "1", ".", "4"]}, {"ovNo": 15, "ovBalls": ["1", "2", "2", "2", "1", "6"]}, {"ovNo": 16, "ovBalls": ["1", "6", ".", "6", "1", "6"]}, {"ovNo": 17, "ovBalls": [".", "4", "2", "1", "1", "."]}, {"ovNo": 18, "ovBalls": ["1Wd", "1Wd", "4", "1", "1", "1", ".", "1"]}, {"ovNo": 19, "ovBalls": ["1", ".", "1Wd", ".", "4"]}]}]}