{"matchInfo": {"additionalInfo": {"referee.name": "Manu Nayar", "match.summary": "", "umpire.name.1": "Yeshwant Barde", "umpire.name.2": "O Nandan", "umpire.name.3": "Rod Tucker", "umpire.name.4": "B K Ravi", "result.playerofthematch": "Shikhar Dhawan", "report.link": "https://www.iplt20.com/news/168791", "toss.elected": "Delhi Capitals, who chose to field", "notes.1.1": "Powerplay 1 - 41 runs, 1 wicket", "notes.1.2": "Kolkata Knight Riders: 50 runs in 6.2 overs", "notes.2.1": "Powerplay 1 - 57 runs, 2 wickets", "notes.1.3": "2nd Wicket: 50 runs in 38 balls (Shubman Gill 25, Robin Uthappa 24)", "notes.2.2": "Delhi Capitals: 50 runs in 4.4 overs ", "notes.1.4": "Shubman Gill: 50 off 34 balls (5 x fours, 1 x six)", "notes.2.3": "Shikhar Dhawan: 50 off 32 balls (6 x fours, 2 x sixes)", "notes.1.5": "Kolkata Knight Riders: 100 runs in 13.3 overs", "notes.2.4": "Delhi Capitals: 100 runs in 11.2 overs", "notes.1.6": "Kolkata Knight Riders: 150 runs in 17.1 overs", "notes.2.5": "3rd Wicket: 50 runs in 39 balls (Shikhar Dhawan 32, Rishabh Pant 19)", "notes.1.7": "Innings Break: Kolkata Knight Riders - 178/7 in 20 overs (Piyush Chawla 14, Kuldeep Yadav 2)", "notes.2.6": "Delhi Capitals: 150 runs in 16.2 overs", "notes.2.7": "3rd Wicket: 100 runs in 65 balls (Shikhar Dhawan 54, Rishabh Pant 45)", "highlights.link": "https://www.iplt20.com/video/168718", "toss.winner": "Delhi Capitals "}, "teams": [{"id": 11675, "team": {"id": 5, "fullName": "Kolkata Knight Riders", "shortName": "Knight Riders", "abbreviation": "KKR", "type": "m", "primaryColor": "6F2C91", "secondaryColor": "FFFFFF"}, "players": [{"id": 3611, "fullName": "Joe Denly", "shortName": "J Denly", "nationality": "English", "dateOfBirth": "1986-03-16", "rightArmedBowl": true, "rightHandedBat": false, "bowlingStyle": "LEG_SPIN"}, {"id": 127, "fullName": "Robin Uthappa", "shortName": "R Uthappa", "nationality": "Indian", "dateOfBirth": "1985-11-11", "rightArmedBowl": true, "rightHandedBat": true}, {"id": 3761, "fullName": "Shubman Gill", "shortName": "S Gill", "nationality": "Indian", "dateOfBirth": "1999-09-08", "rightArmedBowl": true, "rightHandedBat": true, "bowlingStyle": "OFF_SPIN"}, {"id": 2738, "fullName": "Nitish Rana", "shortName": "N Rana", "nationality": "Indian", "dateOfBirth": "1993-12-27", "rightArmedBowl": true, "rightHandedBat": false, "bowlingStyle": "OFF_SPIN"}, {"id": 102, "fullName": "Dinesh Karthik", "shortName": "D Karthik", "nationality": "Indian", "dateOfBirth": "1985-06-01", "rightArmedBowl": true, "rightHandedBat": true, "bowlingStyle": "OFF_SPIN"}, {"id": 177, "fullName": "Andre Russell", "shortName": "A Russell", "nationality": "West Indian", "dateOfBirth": "1988-04-29", "rightArmedBowl": true, "rightHandedBat": true, "bowlingStyle": "FAST_SEAM"}, {"id": 2722, "fullName": "Carlos Brathwaite", "shortName": "C Brathwaite", "nationality": "West Indian", "dateOfBirth": "1988-07-18", "rightArmedBowl": true, "rightHandedBat": true, "bowlingStyle": "MEDIUM_SEAM"}, {"id": 261, "fullName": "Kuldeep Yadav", "shortName": "K Yadav", "nationality": "Indian", "dateOfBirth": "1994-12-14", "rightArmedBowl": false, "rightHandedBat": false, "bowlingStyle": "UNORTHODOX"}, {"id": 76, "fullName": "Piyush Chawla", "shortName": "P Chawla", "nationality": "Indian", "dateOfBirth": "1988-12-24", "rightArmedBowl": true, "rightHandedBat": false, "bowlingStyle": "LEG_SPIN"}, {"id": 3729, "fullName": "Lockie Ferguson", "shortName": "L Ferguson", "nationality": "New Zealander", "dateOfBirth": "1991-06-13", "rightArmedBowl": true, "rightHandedBat": true, "bowlingStyle": "FAST_SEAM"}, {"id": 5105, "fullName": "Prasidh Krishna", "shortName": "P Krishna", "nationality": "Indian", "dateOfBirth": "1996-02-19", "rightArmedBowl": true, "rightHandedBat": true, "bowlingStyle": "MEDIUM_SEAM"}], "wicketKeeper": {"id": 102, "fullName": "Dinesh Karthik", "shortName": "D Karthik", "nationality": "Indian", "dateOfBirth": "1985-06-01", "rightArmedBowl": true, "rightHandedBat": true, "bowlingStyle": "OFF_SPIN"}, "captain": {"id": 102, "fullName": "Dinesh Karthik", "shortName": "D Karthik", "nationality": "Indian", "dateOfBirth": "1985-06-01", "rightArmedBowl": true, "rightHandedBat": true, "bowlingStyle": "OFF_SPIN"}}, {"id": 11674, "team": {"id": 3, "fullName": "Delhi Capitals", "shortName": "Delhi", "abbreviation": "DC", "type": "m", "primaryColor": "004C93", "secondaryColor": "F83430"}, "players": [{"id": 3764, "fullName": "Prithvi Shaw", "shortName": "P Shaw", "nationality": "Indian", "dateOfBirth": "1999-11-09", "rightArmedBowl": true, "rightHandedBat": true, "bowlingStyle": "OFF_SPIN"}, {"id": 41, "fullName": "Shikhar Dhawan", "shortName": "S Dhawan", "nationality": "Indian", "dateOfBirth": "1985-12-05", "rightArmedBowl": true, "rightHandedBat": false, "bowlingStyle": "OFF_SPIN"}, {"id": 1563, "fullName": "Shreyas Iyer", "shortName": "S Iyer", "nationality": "Indian", "dateOfBirth": "1994-12-06", "rightArmedBowl": true, "rightHandedBat": true, "bowlingStyle": "LEG_SPIN"}, {"id": 2972, "fullName": "Rishabh Pant", "shortName": "R Pant", "nationality": "Indian", "dateOfBirth": "1997-10-04", "rightArmedBowl": false, "rightHandedBat": false}, {"id": 168, "fullName": "Colin Ingram", "shortName": "C Ingram", "nationality": "South African", "dateOfBirth": "1985-07-03", "rightArmedBowl": false, "rightHandedBat": true}, {"id": 836, "fullName": "Chris Morris", "shortName": "C Morris", "nationality": "South African", "dateOfBirth": "1987-04-30", "rightArmedBowl": true, "rightHandedBat": true, "bowlingStyle": "FAST_SEAM"}, {"id": 1113, "fullName": "Axar Patel", "shortName": "A Patel", "nationality": "Indian", "dateOfBirth": "1994-01-20", "rightArmedBowl": false, "rightHandedBat": false, "bowlingStyle": "ORTHODOX"}, {"id": 3101, "fullName": "Keemo Paul", "shortName": "K Paul", "nationality": "West Indian", "dateOfBirth": "1998-02-21", "rightArmedBowl": true, "rightHandedBat": true, "bowlingStyle": "FAST_SEAM"}, {"id": 1749, "fullName": "Rahul Tewatia", "shortName": "R Tewatia", "nationality": "Indian", "dateOfBirth": "1993-05-20", "rightArmedBowl": true, "rightHandedBat": false, "bowlingStyle": "LEG_SPIN"}, {"id": 1664, "fullName": "Kagiso Rabada", "shortName": "K Rabada", "nationality": "South African", "dateOfBirth": "1995-05-25", "rightArmedBowl": true, "rightHandedBat": false, "bowlingStyle": "FAST_SEAM"}, {"id": 38, "fullName": "Ishant Sharma", "shortName": "I Sharma", "nationality": "Indian", "dateOfBirth": "1988-09-02", "rightArmedBowl": true, "rightHandedBat": true, "bowlingStyle": "FAST_SEAM"}], "wicketKeeper": {"id": 2972, "fullName": "Rishabh Pant", "shortName": "R Pant", "nationality": "Indian", "dateOfBirth": "1997-10-04", "rightArmedBowl": false, "rightHandedBat": false}, "captain": {"id": 1563, "fullName": "Shreyas Iyer", "shortName": "S Iyer", "nationality": "Indian", "dateOfBirth": "1994-12-06", "rightArmedBowl": true, "rightHandedBat": true, "bowlingStyle": "LEG_SPIN"}}], "venue": {"id": 2, "fullName": "Eden Gardens", "shortName": "Eden Gardens", "city": "Kolkata", "country": "India"}, "matchDate": "2019-04-12T20:00:00+0530", "matchEndDate": "2019-04-12T23:00:00+0530", "matchDateMs": 1555079400000, "matchEndDateMs": 1555090200000, "isLimitedOvers": true, "battingOrder": [0, 1], "matchBroadcast": false, "matchState": "C", "matchStatus": {"outcome": "B", "text": "Delhi Capitals won by 7 wickets"}, "description": "Match 26", "matchSummary": "", "matchType": "IPLT20", "tournamentLabel": "IPL 2019", "oversLimit": 20, "groupName": ""}, "matchId": {"id": 11317, "name": "ipl2019-26", "tournamentId": {"id": 10192, "name": "ipl2019", "provisional": false}}, "currentState": {"inProgress": false, "phase": "C", "currentInningsIndex": 1, "currentBatsmen": [41, 168], "facingBatsman": 168, "nonFacingBatsman": 41, "currentBowler": 76, "currentBowlerCurrentSpell": {"playerId": 76, "ov": "0.5", "r": 13, "w": 0, "d": 0, "maid": 0, "e": "15.60", "wd": 0, "nb": 0}, "previousBowler": 2738, "previousBowlerCurrentSpell": {"playerId": 2738, "ov": "1", "r": 5, "w": 1, "d": 2, "maid": 0, "e": "5.00", "wd": 0, "nb": 0}, "currentPartnership": 18, "partnership": {"runs": 18, "balls": 10, "runRate": "10.80"}, "recentOvers": [{"ovNo": 14, "ovBalls": ["4", "2", ".", "1", "1", "4"]}, {"ovNo": 15, "ovBalls": [".", "4", "1", "1Lb", ".", "2"]}, {"ovNo": 16, "ovBalls": ["1", "1", "1", "4", "1", "2"]}, {"ovNo": 17, "ovBalls": ["1", "4", "6", "1", ".", "2"]}, {"ovNo": 18, "ovBalls": ["W", "1", ".", "1", "1", "2"]}, {"ovNo": 19, "ovBalls": ["1", "4", "1", "1", "6"]}]}, "innings": [{"inningsNumber": 1, "runRate": "8.90", "overProgress": "20", "declared": false, "scorecard": {"runs": 178, "wkts": 7, "allOut": false, "battingStats": [{"playerId": 3611, "r": 0, "b": 1, "sr": "0.00", "4s": 0, "6s": 0, "mod": {"dismissedBp": {"innings": 1, "over": 1, "ball": 1}, "countingBp": {"innings": 1, "over": 1, "ball": 1}, "text": "b Ishant Sharma", "bowlerId": 38, "dismissedMethod": "b", "isOut": true}}, {"playerId": 3761, "r": 65, "b": 39, "sr": "166.66", "4s": 7, "6s": 2, "mod": {"dismissedBp": {"innings": 1, "over": 15, "ball": 2}, "countingBp": {"innings": 1, "over": 15, "ball": 2}, "text": "c Axar Patel b Keemo Paul", "bowlerId": 3101, "additionalPlayerIds": [1113], "dismissedMethod": "ct", "isOut": true}}, {"playerId": 127, "r": 28, "b": 30, "sr": "93.33", "4s": 4, "6s": 1, "mod": {"dismissedBp": {"innings": 1, "over": 9, "ball": 4}, "countingBp": {"innings": 1, "over": 9, "ball": 4}, "text": "c Rishabh Pant b Kagiso Rabada", "bowlerId": 1664, "additionalPlayerIds": [2972], "dismissedMethod": "ct", "isOut": true}}, {"playerId": 2738, "r": 11, "b": 12, "sr": "91.66", "4s": 0, "6s": 1, "mod": {"dismissedBp": {"innings": 1, "over": 13, "ball": 4}, "countingBp": {"innings": 1, "over": 13, "ball": 4}, "text": "b Chris Morris", "bowlerId": 836, "dismissedMethod": "b", "isOut": true}}, {"playerId": 177, "r": 45, "b": 21, "sr": "214.28", "4s": 3, "6s": 4, "mod": {"dismissedBp": {"innings": 1, "over": 19, "ball": 2}, "countingBp": {"innings": 1, "over": 19, "ball": 2}, "text": "c Kagiso Rabada b Chris Morris", "bowlerId": 836, "additionalPlayerIds": [1664], "dismissedMethod": "ct", "isOut": true}}, {"playerId": 102, "r": 2, "b": 3, "sr": "66.66", "4s": 0, "6s": 0, "mod": {"dismissedBp": {"innings": 1, "over": 16, "ball": 1}, "countingBp": {"innings": 1, "over": 16, "ball": 1}, "text": "c Shikhar Dhawan b Kagiso Rabada", "bowlerId": 1664, "additionalPlayerIds": [41], "dismissedMethod": "ct", "isOut": true}}, {"playerId": 2722, "r": 6, "b": 7, "sr": "85.71", "4s": 0, "6s": 0, "mod": {"dismissedBp": {"innings": 1, "over": 20, "ball": 2}, "countingBp": {"innings": 1, "over": 20, "ball": 2}, "text": "c Rahul Tewatia b Keemo Paul", "bowlerId": 3101, "additionalPlayerIds": [1749], "dismissedMethod": "ct", "isOut": true}}, {"playerId": 76, "r": 14, "b": 6, "sr": "233.33", "4s": 2, "6s": 0}, {"playerId": 261, "r": 2, "b": 2, "sr": "100.00", "4s": 0, "6s": 0}], "bowlingStats": [{"playerId": 38, "ov": "4", "r": 21, "w": 1, "d": 14, "maid": 1, "e": "5.25", "wd": 2, "nb": 0}, {"playerId": 836, "ov": "4", "r": 38, "w": 2, "d": 6, "maid": 0, "e": "9.50", "wd": 1, "nb": 0}, {"playerId": 1664, "ov": "4", "r": 42, "w": 2, "d": 10, "maid": 0, "e": "10.50", "wd": 0, "nb": 0}, {"playerId": 1113, "ov": "4", "r": 30, "w": 0, "d": 10, "maid": 0, "e": "7.50", "wd": 0, "nb": 0}, {"playerId": 3101, "ov": "4", "r": 46, "w": 2, "d": 3, "maid": 0, "e": "11.50", "wd": 0, "nb": 1}], "fow": [{"bp": {"innings": 1, "over": 1, "ball": 1}, "playerId": 3611, "ret": false, "w": 1, "r": 0}, {"bp": {"innings": 1, "over": 9, "ball": 4}, "playerId": 127, "ret": false, "w": 2, "r": 63}, {"bp": {"innings": 1, "over": 13, "ball": 4}, "playerId": 2738, "ret": false, "w": 3, "r": 93}, {"bp": {"innings": 1, "over": 15, "ball": 2}, "playerId": 3761, "ret": false, "w": 4, "r": 115}, {"bp": {"innings": 1, "over": 16, "ball": 1}, "playerId": 102, "ret": false, "w": 5, "r": 122}, {"bp": {"innings": 1, "over": 19, "ball": 2}, "playerId": 177, "ret": false, "w": 6, "r": 161}, {"bp": {"innings": 1, "over": 20, "ball": 2}, "playerId": 2722, "ret": false, "w": 7, "r": 171}], "extras": {"noBallRuns": 1, "wideRuns": 3, "byeRuns": 0, "legByeRuns": 1, "penaltyRuns": 0}, "declared": false}, "overHistory": [{"ovNo": 1, "ovBalls": ["W", ".", ".", ".", ".", "."]}, {"ovNo": 2, "ovBalls": ["4", "1", "4", ".", "1", "1"]}, {"ovNo": 3, "ovBalls": [".", ".", "1", ".", "1Lb", "4"]}, {"ovNo": 4, "ovBalls": [".", "4", ".", "4", ".", "4"]}, {"ovNo": 5, "ovBalls": ["4", ".", "4", "1", "1", "1"]}, {"ovNo": 6, "ovBalls": [".", ".", "1", ".", ".", "."]}, {"ovNo": 7, "ovBalls": ["2", "2Nb", "6", "1", "4", "1", "1"]}, {"ovNo": 8, "ovBalls": [".", "1", "1", "1", "1", "."]}, {"ovNo": 9, "ovBalls": ["1", ".", ".", "W", "1", "."]}, {"ovNo": 10, "ovBalls": ["1", "2", "1", "1", "2", "1"]}, {"ovNo": 11, "ovBalls": [".", "1Wd", "1", "1", "1", ".", "1Wd", "."]}, {"ovNo": 12, "ovBalls": ["1", "1", "6", "1", ".", "."]}, {"ovNo": 13, "ovBalls": ["1", ".", "6", "W", "1Wd", ".", "1"]}, {"ovNo": 14, "ovBalls": [".", "4", "1", "6", "4", "1"]}, {"ovNo": 15, "ovBalls": ["4", "W", "1", "4", "1", "1"]}, {"ovNo": 16, "ovBalls": ["W", "4", ".", "6", "1", "1"]}, {"ovNo": 17, "ovBalls": ["1", "1", "1", ".", "6", "1"]}, {"ovNo": 18, "ovBalls": ["6", "2", "6", "1", "1", "."]}, {"ovNo": 19, "ovBalls": ["1", "W", "4", "1", "1", "1"]}, {"ovNo": 20, "ovBalls": ["3", "W", "4", "1", ".", "2"]}]}, {"inningsNumber": 2, "runRate": "9.55", "overProgress": "18.5", "declared": false, "scorecard": {"runs": 180, "wkts": 3, "allOut": false, "battingStats": [{"playerId": 3764, "r": 14, "b": 7, "sr": "200.00", "4s": 0, "6s": 2, "mod": {"dismissedBp": {"innings": 2, "over": 3, "ball": 6}, "countingBp": {"innings": 2, "over": 3, "ball": 6}, "text": "c Dinesh Karthik b Prasidh Krishna", "bowlerId": 5105, "additionalPlayerIds": [102], "dismissedMethod": "ct", "isOut": true}}, {"playerId": 41, "r": 97, "b": 63, "sr": "153.96", "4s": 11, "6s": 2}, {"playerId": 1563, "r": 6, "b": 6, "sr": "100.00", "4s": 1, "6s": 0, "mod": {"dismissedBp": {"innings": 2, "over": 6, "ball": 4}, "countingBp": {"innings": 2, "over": 6, "ball": 4}, "text": "c Dinesh Karthik b Andre Russell", "bowlerId": 177, "additionalPlayerIds": [102], "dismissedMethod": "ct", "isOut": true}}, {"playerId": 2972, "r": 46, "b": 31, "sr": "148.38", "4s": 4, "6s": 2, "mod": {"dismissedBp": {"innings": 2, "over": 18, "ball": 1}, "countingBp": {"innings": 2, "over": 18, "ball": 1}, "text": "c Kuldeep Yadav b Nitish Rana", "bowlerId": 2738, "additionalPlayerIds": [261], "dismissedMethod": "ct", "isOut": true}}, {"playerId": 168, "r": 14, "b": 6, "sr": "233.33", "4s": 1, "6s": 1}], "bowlingStats": [{"playerId": 5105, "ov": "3", "r": 25, "w": 1, "d": 10, "maid": 0, "e": "8.33", "wd": 0, "nb": 0}, {"playerId": 3729, "ov": "3", "r": 37, "w": 0, "d": 5, "maid": 0, "e": "12.33", "wd": 1, "nb": 0}, {"playerId": 177, "ov": "3", "r": 29, "w": 1, "d": 7, "maid": 0, "e": "9.66", "wd": 0, "nb": 0}, {"playerId": 261, "ov": "4", "r": 28, "w": 0, "d": 6, "maid": 0, "e": "7.00", "wd": 1, "nb": 0}, {"playerId": 76, "ov": "2.5", "r": 35, "w": 0, "d": 1, "maid": 0, "e": "12.35", "wd": 0, "nb": 0}, {"playerId": 2722, "ov": "1", "r": 13, "w": 0, "d": 0, "maid": 0, "e": "13.00", "wd": 0, "nb": 0}, {"playerId": 2738, "ov": "2", "r": 12, "w": 1, "d": 2, "maid": 0, "e": "6.00", "wd": 0, "nb": 0}], "fow": [{"bp": {"innings": 2, "over": 3, "ball": 6}, "playerId": 3764, "ret": false, "w": 1, "r": 32}, {"bp": {"innings": 2, "over": 6, "ball": 4}, "playerId": 1563, "ret": false, "w": 2, "r": 57}, {"bp": {"innings": 2, "over": 18, "ball": 1}, "playerId": 2972, "ret": false, "w": 3, "r": 162}], "extras": {"noBallRuns": 0, "wideRuns": 2, "byeRuns": 0, "legByeRuns": 1, "penaltyRuns": 0}, "declared": false}, "overHistory": [{"ovNo": 1, "ovBalls": ["1", ".", ".", ".", ".", "."]}, {"ovNo": 2, "ovBalls": ["1", "1", ".", "6", ".", "6"]}, {"ovNo": 3, "ovBalls": ["6", "4", ".", "6", "1", "W"]}, {"ovNo": 4, "ovBalls": ["4", "4", ".", "4", ".", "1"]}, {"ovNo": 5, "ovBalls": ["1", ".", ".", "4", "1", "4"]}, {"ovNo": 6, "ovBalls": ["1", ".", "1", "W", ".", "."]}, {"ovNo": 7, "ovBalls": ["1", "1", ".", "1", "1", "1"]}, {"ovNo": 8, "ovBalls": ["1", "2", "1", "1", "1", "4"]}, {"ovNo": 9, "ovBalls": ["1", ".", ".", ".", "1", "1"]}, {"ovNo": 10, "ovBalls": ["1", "1", "2", "4", "4", "1"]}, {"ovNo": 11, "ovBalls": ["1", "1Wd", "6", "1", ".", ".", "1"]}, {"ovNo": 12, "ovBalls": ["1", "1", "2", "1", "1", "1"]}, {"ovNo": 13, "ovBalls": ["4", "2", ".", "1Wd", "4", "1", "1"]}, {"ovNo": 14, "ovBalls": ["4", "2", ".", "1", "1", "4"]}, {"ovNo": 15, "ovBalls": [".", "4", "1", "1Lb", ".", "2"]}, {"ovNo": 16, "ovBalls": ["1", "1", "1", "4", "1", "2"]}, {"ovNo": 17, "ovBalls": ["1", "4", "6", "1", ".", "2"]}, {"ovNo": 18, "ovBalls": ["W", "1", ".", "1", "1", "2"]}, {"ovNo": 19, "ovBalls": ["1", "4", "1", "1", "6"]}]}]}