{"matchInfo": {"additionalInfo": {"sixes.video.thumb": "http://brightcove.vo.llnwd.net/v1/unsecured/media/3588749423001/201505/2233/3588749423001_4228386378001_video-still-for-video-4228494804001.jpg?pubId=3588749423001", "sixes.video.id": "4228494804001", "match.video.thumb": "http://brightcove.vo.llnwd.net/v1/unsecured/media/3588749423001/201505/2999/3588749423001_4228386400001_video-still-for-video-4228525243001.jpg?pubId=3588749423001", "mom.video.thumb": "http://brightcove.vo.llnwd.net/v1/unsecured/media/3588749423001/201505/3233/3588749423001_4228386387001_video-still-for-video-4228525237001.jpg?pubId=3588749423001", "mom.video.id": "4228525237001", "referee.name": "Nitin Menon", "report.thumb": "http://static2.iplt20.com/cms/media/images/320x213/42525.jpg", "match.summary": "", "umpire.name.1": "Marais Erasmus", "umpire.name.2": "O Nandan", "umpire.name.3": "Chris Gaffaney", "interview.thumb": "http://static2.iplt20.com/cms/media/images/320x213/42580.jpg", "umpire.name.4": "Nitin Menon", "away.team.fan.total": "4805", "result.playerofthematch": "Ravindra Jadeja", "toss.elected": "Chennai Super Kings, who chose to bat", "notes.1.1": "Powerplay - 36 runs, 2 wickets", "notes.1.2": "CSK: 50 runs in 8.2 overs", "notes.2.1": "Powerplay - 40 runs, 1 wicket", "notes.1.3": "3rd Wicket: 50 runs in 44 balls (Brendon McCullum 33, Francois du Plessis 15)", "notes.2.2": "RR: 50 runs in 8.2 overs", "notes.1.4": "Brendon McCullum: 50 off 44 balls (5 x fours, 2 x sixes)", "notes.2.3": "RR: 100 runs in 15.3 overs", "notes.1.5": "CSK: 100 runs in 14.2 overs", "notes.1.6": "3rd Wicket: 100 runs in 74 balls (Brendon McCullum 64, Francois du Plessis 29)", "notes.1.7": "CSK: 150 runs in 19.1 overs", "notes.1.8": "Innings Break: CSK - 157/5 in 20 overs", "highlights.link": "http://www.iplt20.com/videos/media/id/4228525243001/m47-csk-vs-rr-match-highlights", "match.video.id": "4228525243001", "stats.link": "http://www.iplt20.com/news/2015/more-news/6698/quick-stats-m47-csk-vs-rr", "home.team.fan.total": "11331", "photostream.link": "http://www.iplt20.com/photos/295/ipl-2015-match-47-csk-v-rr", "toss.winner": "Chennai Super Kings", "interview.link": "http://www.iplt20.com/news/2015/features/6690/played-out-of-character-mccullum", "stats.thumb": "http://static2.iplt20.com/cms/media/images/320x213/42584.jpg"}, "teams": [{"id": 3755, "team": {"id": 1, "fullName": "Chennai Super Kings", "shortName": "Super Kings", "abbreviation": "CSK", "type": "m", "primaryColor": "FDB913", "secondaryColor": "0081E5"}, "players": [{"id": 413, "fullName": "Dwayne Smith", "shortName": "DR Smith", "nationality": "West Indian", "dateOfBirth": "1983-04-12", "rightArmedBowl": true, "rightHandedBat": true}, {"id": 202, "fullName": "Brendon McCullum", "shortName": "B McCullum", "nationality": "New Zealander", "dateOfBirth": "1981-09-27", "rightArmedBowl": true, "rightHandedBat": true, "bowlingStyle": "MEDIUM_SEAM"}, {"id": 14, "fullName": "Suresh Raina", "shortName": "S Raina", "nationality": "Indian", "dateOfBirth": "1986-11-27", "rightArmedBowl": true, "rightHandedBat": false, "bowlingStyle": "OFF_SPIN"}, {"id": 24, "fullName": "Faf du Plessis", "shortName": "F du Plessis", "nationality": "South African", "dateOfBirth": "1984-07-13", "rightArmedBowl": true, "rightHandedBat": true, "bowlingStyle": "LEG_SPIN"}, {"id": 9, "fullName": "Ravindra Jadeja", "shortName": "R Jadeja", "nationality": "Indian", "dateOfBirth": "1988-12-06", "rightArmedBowl": false, "rightHandedBat": false, "bowlingStyle": "ORTHODOX"}, {"id": 1, "fullName": "MS Dhoni", "shortName": "MS Dhoni", "nationality": "Indian", "dateOfBirth": "1981-07-07", "rightArmedBowl": true, "rightHandedBat": true, "bowlingStyle": "MEDIUM_SEAM"}, {"id": 25, "fullName": "Dwayne Bravo", "shortName": "DJ Bravo", "nationality": "West Indian", "dateOfBirth": "1983-10-07", "rightArmedBowl": true, "rightHandedBat": true, "bowlingStyle": "MEDIUM_SEAM"}, {"id": 53, "fullName": "Pawan Negi", "shortName": "P Negi", "nationality": "Indian", "dateOfBirth": "1983-01-06", "rightArmedBowl": false, "rightHandedBat": false, "bowlingStyle": "ORTHODOX"}, {"id": 8, "fullName": "Ravichandran Ashwin", "shortName": "R Ashwin", "nationality": "Indian", "dateOfBirth": "1986-09-17", "rightArmedBowl": true, "rightHandedBat": true, "bowlingStyle": "OFF_SPIN"}, {"id": 1107, "fullName": "Mohit Sharma", "shortName": "M Sharma", "nationality": "Indian", "dateOfBirth": "1991-12-19", "rightArmedBowl": false, "rightHandedBat": true}, {"id": 115, "fullName": "Ashish Nehra", "shortName": "A Nehra", "nationality": "Indian", "dateOfBirth": "1979-04-29", "rightArmedBowl": false, "rightHandedBat": true, "bowlingStyle": "MEDIUM_SEAM"}], "wicketKeeper": {"id": 1, "fullName": "MS Dhoni", "shortName": "MS Dhoni", "nationality": "Indian", "dateOfBirth": "1981-07-07", "rightArmedBowl": true, "rightHandedBat": true, "bowlingStyle": "MEDIUM_SEAM"}, "captain": {"id": 1, "fullName": "MS Dhoni", "shortName": "MS Dhoni", "nationality": "Indian", "dateOfBirth": "1981-07-07", "rightArmedBowl": true, "rightHandedBat": true, "bowlingStyle": "MEDIUM_SEAM"}}, {"id": 3754, "team": {"id": 8, "fullName": "Rajasthan Royals", "shortName": "Royals", "abbreviation": "RR", "type": "m", "primaryColor": "004B8C", "secondaryColor": "FFFFFF"}, "players": [{"id": 135, "fullName": "Ajinkya Rahane", "shortName": "A Rahane", "nationality": "Indian", "dateOfBirth": "1988-06-06", "rightArmedBowl": true, "rightHandedBat": true, "bowlingStyle": "MEDIUM_SEAM"}, {"id": 227, "fullName": "Shane Watson", "shortName": "S Watson", "nationality": "Australian", "dateOfBirth": "1981-06-17", "rightArmedBowl": true, "rightHandedBat": true, "bowlingStyle": "MEDIUM_SEAM"}, {"id": 258, "fullName": "Sanju Samson", "shortName": "S Samson", "nationality": "Indian", "dateOfBirth": "1994-11-11", "rightArmedBowl": true, "rightHandedBat": true}, {"id": 271, "fullName": "Steve Smith", "shortName": "S Smith", "nationality": "Australian", "dateOfBirth": "1989-06-02", "rightArmedBowl": true, "rightHandedBat": true, "bowlingStyle": "LEG_SPIN"}, {"id": 276, "fullName": "Karun Nair", "shortName": "K Nair", "nationality": "Indian", "dateOfBirth": "1991-12-06", "rightArmedBowl": true, "rightHandedBat": true, "bowlingStyle": "OFF_SPIN"}, {"id": 1556, "fullName": "Deepak Hooda", "shortName": "D Hooda", "nationality": "Indian", "dateOfBirth": "1995-04-19", "rightArmedBowl": true, "rightHandedBat": true, "bowlingStyle": "OFF_SPIN"}, {"id": 193, "fullName": "James Faulkner", "shortName": "J Faulkner", "nationality": "Australian", "dateOfBirth": "1990-04-29", "rightArmedBowl": false, "rightHandedBat": true}, {"id": 92, "fullName": "Rajat Bhatia", "shortName": "R Bhatia", "nationality": "Indian", "dateOfBirth": "1979-10-22", "rightArmedBowl": true, "rightHandedBat": true}, {"id": 836, "fullName": "Chris Morris", "shortName": "C Morris", "nationality": "South African", "dateOfBirth": "1987-04-30", "rightArmedBowl": true, "rightHandedBat": true, "bowlingStyle": "FAST_SEAM"}, {"id": 32, "fullName": "Ankit Sharma", "shortName": "A Sharma", "nationality": "Indian", "dateOfBirth": "1991-04-20", "rightArmedBowl": false, "rightHandedBat": false}, {"id": 1114, "fullName": "Pravin Tambe", "shortName": "P Tambe", "nationality": "Indian", "dateOfBirth": "1971-10-08", "rightArmedBowl": true, "rightHandedBat": true, "bowlingStyle": "LEG_SPIN"}], "wicketKeeper": {"id": 258, "fullName": "Sanju Samson", "shortName": "S Samson", "nationality": "Indian", "dateOfBirth": "1994-11-11", "rightArmedBowl": true, "rightHandedBat": true}, "captain": {"id": 271, "fullName": "Steve Smith", "shortName": "S Smith", "nationality": "Australian", "dateOfBirth": "1989-06-02", "rightArmedBowl": true, "rightHandedBat": true, "bowlingStyle": "LEG_SPIN"}}], "venue": {"id": 1, "fullName": "M. A. Chidambaram Stadium", "shortName": "Chidambaram", "city": "Chennai", "country": "India"}, "matchDate": "2015-05-10T20:00:00+0530", "matchEndDate": "2015-05-10T23:00:00+0530", "matchDateMs": 1431268200000, "matchEndDateMs": 1431279000000, "isLimitedOvers": true, "battingOrder": [0, 1], "matchBroadcast": false, "matchState": "C", "matchStatus": {"outcome": "A", "text": "Chennai Super Kings won by 12 runs"}, "description": "Match 47", "matchSummary": "", "matchType": "IPLT20", "tournamentLabel": "IPL 2015", "oversLimit": 20, "groupName": ""}, "matchId": {"id": 3272, "name": "ipl2015-47", "tournamentId": {"id": 2785, "name": "ipl2015", "provisional": false}}, "currentState": {"inProgress": false, "phase": "C", "currentInningsIndex": 1, "currentBatsmen": [836, 1114], "facingBatsman": 836, "nonFacingBatsman": 1114, "currentBowler": -1, "previousBowler": 1107, "previousBowlerCurrentSpell": {"playerId": 1107, "ov": "1", "r": 6, "w": 2, "d": 3, "maid": 0, "e": "6.00", "wd": 1, "nb": 1}, "currentPartnership": 2, "partnership": {"runs": 2, "balls": 2, "runRate": "6.00"}, "recentOvers": [{"ovNo": 15, "ovBalls": ["W", "1", ".", "1", ".", "1"]}, {"ovNo": 16, "ovBalls": ["1", "1", "6", "1", "4", "1"]}, {"ovNo": 17, "ovBalls": [".", "4", "1", "1", "1", "1"]}, {"ovNo": 18, "ovBalls": ["1", "1", "6", "W", "1", "1"]}, {"ovNo": 19, "ovBalls": ["1Wd", "1", "2Nb", "1", "W", "W", ".", "1"]}, {"ovNo": 20, "ovBalls": ["7Nb", "2", "2", "1", "W", "1", "1"]}]}, "innings": [{"inningsNumber": 1, "runRate": "7.85", "overProgress": "20", "declared": false, "scorecard": {"runs": 157, "wkts": 5, "allOut": false, "battingStats": [{"playerId": 413, "r": 6, "b": 10, "sr": "60.00", "4s": 1, "6s": 0, "mod": {"dismissedBp": {"innings": 1, "over": 3, "ball": 4}, "countingBp": {"innings": 1, "over": 3, "ball": 4}, "text": "c James Faulkner b Ankit Sharma", "bowlerId": 32, "additionalPlayerIds": [193], "dismissedMethod": "ct", "isOut": true}}, {"playerId": 202, "r": 81, "b": 61, "sr": "132.78", "4s": 7, "6s": 4, "mod": {"dismissedBp": {"innings": 1, "over": 18, "ball": 2}, "countingBp": {"innings": 1, "over": 18, "ball": 2}, "text": "c Ankit Sharma b Chris Morris", "bowlerId": 836, "additionalPlayerIds": [32], "dismissedMethod": "ct", "isOut": true}}, {"playerId": 14, "r": 3, "b": 6, "sr": "50.00", "4s": 0, "6s": 0, "mod": {"dismissedBp": {"innings": 1, "over": 4, "ball": 4}, "countingBp": {"innings": 1, "over": 4, "ball": 4}, "text": "c James Faulkner b Chris Morris", "bowlerId": 836, "additionalPlayerIds": [193], "dismissedMethod": "ct", "isOut": true}}, {"playerId": 24, "r": 29, "b": 25, "sr": "116.00", "4s": 3, "6s": 0, "mod": {"dismissedBp": {"innings": 1, "over": 17, "ball": 3}, "countingBp": {"innings": 1, "over": 17, "ball": 2}, "text": "run out (Shane Watson)", "bowlerId": 227, "additionalPlayerIds": [227], "dismissedMethod": "ro", "isOut": true}}, {"playerId": 53, "r": 2, "b": 3, "sr": "66.66", "4s": 0, "6s": 0, "mod": {"dismissedBp": {"innings": 1, "over": 18, "ball": 3}, "countingBp": {"innings": 1, "over": 18, "ball": 3}, "text": "c Steve Smith b Chris Morris", "bowlerId": 836, "additionalPlayerIds": [271], "dismissedMethod": "ct", "isOut": true}}, {"playerId": 1, "r": 13, "b": 7, "sr": "185.71", "4s": 1, "6s": 1}, {"playerId": 25, "r": 15, "b": 8, "sr": "187.50", "4s": 2, "6s": 0}], "bowlingStats": [{"playerId": 836, "ov": "4", "r": 19, "w": 3, "d": 12, "maid": 0, "e": "4.75", "wd": 1, "nb": 0}, {"playerId": 227, "ov": "2", "r": 19, "w": 0, "d": 5, "maid": 0, "e": "9.50", "wd": 1, "nb": 0}, {"playerId": 32, "ov": "4", "r": 31, "w": 1, "d": 10, "maid": 0, "e": "7.75", "wd": 1, "nb": 0}, {"playerId": 1114, "ov": "3", "r": 24, "w": 0, "d": 8, "maid": 0, "e": "8.00", "wd": 0, "nb": 0}, {"playerId": 193, "ov": "4", "r": 40, "w": 0, "d": 7, "maid": 0, "e": "10.00", "wd": 0, "nb": 0}, {"playerId": 92, "ov": "3", "r": 23, "w": 0, "d": 5, "maid": 0, "e": "7.66", "wd": 0, "nb": 0}], "fow": [{"bp": {"innings": 1, "over": 3, "ball": 4}, "playerId": 413, "ret": false, "w": 1, "r": 12}, {"bp": {"innings": 1, "over": 4, "ball": 4}, "playerId": 14, "ret": false, "w": 2, "r": 15}, {"bp": {"innings": 1, "over": 17, "ball": 2}, "playerId": 24, "ret": false, "w": 3, "r": 116}, {"bp": {"innings": 1, "over": 18, "ball": 2}, "playerId": 202, "ret": false, "w": 4, "r": 129}, {"bp": {"innings": 1, "over": 18, "ball": 3}, "playerId": 53, "ret": false, "w": 5, "r": 129}], "extras": {"noBallRuns": 0, "wideRuns": 7, "byeRuns": 0, "legByeRuns": 1, "penaltyRuns": 0}, "declared": false}, "overHistory": [{"ovNo": 1, "ovBalls": [".", ".", ".", ".", "1", "4"]}, {"ovNo": 2, "ovBalls": ["4", ".", "1", ".", "1", "."]}, {"ovNo": 3, "ovBalls": [".", ".", "1", "W", "2", "1"]}, {"ovNo": 4, "ovBalls": [".", ".", ".", "W", ".", "1Wd", "1"]}, {"ovNo": 5, "ovBalls": [".", "4", "1", ".", ".", "1"]}, {"ovNo": 6, "ovBalls": ["6", ".", ".", ".", "6", "1"]}, {"ovNo": 7, "ovBalls": [".", "1", "1", ".", "4", "1"]}, {"ovNo": 8, "ovBalls": ["1", "1", ".", ".", "2", "1"]}, {"ovNo": 9, "ovBalls": ["1", "1", ".", ".", ".", "."]}, {"ovNo": 10, "ovBalls": ["1", "4", "1", "3", "1", "."]}, {"ovNo": 11, "ovBalls": ["1Lb", "1", "1", ".", "1", "1"]}, {"ovNo": 12, "ovBalls": [".", ".", ".", "4", "4", "1"]}, {"ovNo": 13, "ovBalls": ["1", ".", "2", "1", "1", "4"]}, {"ovNo": 14, "ovBalls": ["4", "1", "1", ".", "6", "2"]}, {"ovNo": 15, "ovBalls": [".", "1", "5Wd", "1", "4", ".", "."]}, {"ovNo": 16, "ovBalls": [".", "1", "1", "2", "2", "1"]}, {"ovNo": 17, "ovBalls": ["1Wd", ".", "W", "4", "1", "1", "6"]}, {"ovNo": 18, "ovBalls": ["1", "W", "W", "1", "1", "1"]}, {"ovNo": 19, "ovBalls": ["4", "2", "1", "6", ".", "4"]}, {"ovNo": 20, "ovBalls": ["4", "1", ".", "1", "1", "1"]}]}, {"inningsNumber": 2, "runRate": "7.25", "overProgress": "20", "declared": false, "scorecard": {"runs": 145, "wkts": 9, "allOut": false, "battingStats": [{"playerId": 135, "r": 23, "b": 17, "sr": "135.29", "4s": 4, "6s": 0, "mod": {"dismissedBp": {"innings": 2, "over": 6, "ball": 3}, "countingBp": {"innings": 2, "over": 6, "ball": 3}, "text": "c Dwayne Bravo b Mohit Sharma", "bowlerId": 1107, "additionalPlayerIds": [25], "dismissedMethod": "ct", "isOut": true}}, {"playerId": 227, "r": 28, "b": 30, "sr": "93.33", "4s": 2, "6s": 0, "mod": {"dismissedBp": {"innings": 2, "over": 10, "ball": 6}, "countingBp": {"innings": 2, "over": 10, "ball": 6}, "text": "c Dwayne Bravo b Ravindra Jadeja", "bowlerId": 9, "additionalPlayerIds": [25], "dismissedMethod": "ct", "isOut": true}}, {"playerId": 271, "r": 4, "b": 6, "sr": "66.66", "4s": 0, "6s": 0, "mod": {"dismissedBp": {"innings": 2, "over": 8, "ball": 4}, "countingBp": {"innings": 2, "over": 8, "ball": 4}, "text": "b Ravindra Jadeja", "bowlerId": 9, "dismissedMethod": "b", "isOut": true}}, {"playerId": 276, "r": 10, "b": 12, "sr": "83.33", "4s": 1, "6s": 0, "mod": {"dismissedBp": {"innings": 2, "over": 12, "ball": 5}, "countingBp": {"innings": 2, "over": 12, "ball": 5}, "text": "c Ravichandran Ashwin b Ravindra Jadeja", "bowlerId": 9, "additionalPlayerIds": [8], "dismissedMethod": "ct", "isOut": true}}, {"playerId": 1556, "r": 15, "b": 14, "sr": "107.14", "4s": 1, "6s": 0, "mod": {"dismissedBp": {"innings": 2, "over": 15, "ball": 1}, "countingBp": {"innings": 2, "over": 15, "ball": 1}, "text": "c Suresh Raina b Ravindra Jadeja", "bowlerId": 9, "additionalPlayerIds": [14], "dismissedMethod": "ct", "isOut": true}}, {"playerId": 258, "r": 26, "b": 17, "sr": "152.94", "4s": 1, "6s": 2, "mod": {"dismissedBp": {"innings": 2, "over": 18, "ball": 4}, "countingBp": {"innings": 2, "over": 18, "ball": 4}, "text": "c Dwayne Smith b Dwayne Bravo", "bowlerId": 25, "additionalPlayerIds": [413], "dismissedMethod": "ct", "isOut": true}}, {"playerId": 193, "r": 16, "b": 13, "sr": "123.07", "4s": 2, "6s": 0, "mod": {"dismissedBp": {"innings": 2, "over": 19, "ball": 5}, "countingBp": {"innings": 2, "over": 19, "ball": 3}, "text": "c Dwayne Bravo b Mohit Sharma", "bowlerId": 1107, "additionalPlayerIds": [25], "dismissedMethod": "ct", "isOut": true}}, {"playerId": 836, "r": 16, "b": 10, "sr": "160.00", "4s": 0, "6s": 1}, {"playerId": 92, "r": 0, "b": 1, "sr": "0.00", "4s": 0, "6s": 0, "mod": {"dismissedBp": {"innings": 2, "over": 19, "ball": 6}, "countingBp": {"innings": 2, "over": 19, "ball": 4}, "text": "c Faf du Plessis b Mohit Sharma", "bowlerId": 1107, "additionalPlayerIds": [24], "dismissedMethod": "ct", "isOut": true}}, {"playerId": 32, "r": 0, "b": 1, "sr": "0.00", "4s": 0, "6s": 0, "mod": {"dismissedBp": {"innings": 2, "over": 20, "ball": 5}, "countingBp": {"innings": 2, "over": 20, "ball": 4}, "text": "c Ashish Nehra b Dwayne Bravo", "bowlerId": 25, "additionalPlayerIds": [115], "dismissedMethod": "ct", "isOut": true}}, {"playerId": 1114, "r": 1, "b": 1, "sr": "100.00", "4s": 0, "6s": 0}], "bowlingStats": [{"playerId": 115, "ov": "4", "r": 29, "w": 0, "d": 10, "maid": 0, "e": "7.25", "wd": 0, "nb": 0}, {"playerId": 1107, "ov": "4", "r": 25, "w": 3, "d": 11, "maid": 0, "e": "6.25", "wd": 1, "nb": 1}, {"playerId": 53, "ov": "4", "r": 35, "w": 0, "d": 5, "maid": 0, "e": "8.75", "wd": 1, "nb": 0}, {"playerId": 9, "ov": "4", "r": 11, "w": 4, "d": 13, "maid": 0, "e": "2.75", "wd": 0, "nb": 0}, {"playerId": 25, "ov": "4", "r": 43, "w": 2, "d": 3, "maid": 0, "e": "10.75", "wd": 0, "nb": 1}], "fow": [{"bp": {"innings": 2, "over": 6, "ball": 3}, "playerId": 135, "ret": false, "w": 1, "r": 37}, {"bp": {"innings": 2, "over": 8, "ball": 4}, "playerId": 271, "ret": false, "w": 2, "r": 48}, {"bp": {"innings": 2, "over": 10, "ball": 6}, "playerId": 227, "ret": false, "w": 3, "r": 63}, {"bp": {"innings": 2, "over": 12, "ball": 5}, "playerId": 276, "ret": false, "w": 4, "r": 75}, {"bp": {"innings": 2, "over": 15, "ball": 1}, "playerId": 1556, "ret": false, "w": 5, "r": 90}, {"bp": {"innings": 2, "over": 18, "ball": 4}, "playerId": 258, "ret": false, "w": 6, "r": 123}, {"bp": {"innings": 2, "over": 19, "ball": 3}, "playerId": 193, "ret": false, "w": 7, "r": 130}, {"bp": {"innings": 2, "over": 19, "ball": 4}, "playerId": 92, "ret": false, "w": 8, "r": 130}, {"bp": {"innings": 2, "over": 20, "ball": 4}, "playerId": 32, "ret": false, "w": 9, "r": 143}], "extras": {"noBallRuns": 2, "wideRuns": 2, "byeRuns": 0, "legByeRuns": 2, "penaltyRuns": 0}, "declared": false}, "overHistory": [{"ovNo": 1, "ovBalls": [".", ".", ".", ".", "4", "."]}, {"ovNo": 2, "ovBalls": [".", ".", ".", ".", ".", "2"]}, {"ovNo": 3, "ovBalls": [".", "4", "1", ".", ".", "1"]}, {"ovNo": 4, "ovBalls": ["1", "4", "1", "1", ".", "2"]}, {"ovNo": 5, "ovBalls": [".", "1", "4", "1", "4", "1"]}, {"ovNo": 6, "ovBalls": ["3", "2", "W", "2", "1", "."]}, {"ovNo": 7, "ovBalls": ["1", "2", "1", "1", "1", "1"]}, {"ovNo": 8, "ovBalls": [".", "1", ".", "W", ".", "1"]}, {"ovNo": 9, "ovBalls": [".", "4", "1", ".", "4", "1"]}, {"ovNo": 10, "ovBalls": ["1", "1", ".", "1", "1", "W"]}, {"ovNo": 11, "ovBalls": ["2", "1", ".", "1", ".", "4"]}, {"ovNo": 12, "ovBalls": ["1", "1Lb", "1Lb", "1", "W", "."]}, {"ovNo": 13, "ovBalls": ["2", "1", ".", "4", "1Wd", "1", "1"]}, {"ovNo": 14, "ovBalls": ["1", "1", "1", "1", ".", "1"]}, {"ovNo": 15, "ovBalls": ["W", "1", ".", "1", ".", "1"]}, {"ovNo": 16, "ovBalls": ["1", "1", "6", "1", "4", "1"]}, {"ovNo": 17, "ovBalls": [".", "4", "1", "1", "1", "1"]}, {"ovNo": 18, "ovBalls": ["1", "1", "6", "W", "1", "1"]}, {"ovNo": 19, "ovBalls": ["1Wd", "1", "2Nb", "1", "W", "W", ".", "1"]}, {"ovNo": 20, "ovBalls": ["7Nb", "2", "2", "1", "W", "1", "1"]}]}]}