{"matchInfo": {"additionalInfo": {"sixes.video.thumb": "https://resources.platform.iplt20.com/photo-resources/2020/09/26/f9c789d6-6ad2-4671-aadc-95cd049a43e7/ezzIBjSw.jpg?width=390&height=219", "sixes.video.id": "209128", "match.video.thumb": "https://resources.platform.iplt20.com/photo-resources/2020/09/26/0da62ea3-873c-4fcd-9b97-8be203b6419f/PN_4440.JPG?width=390&height=219", "referee.name": "Shakti Singh", "report.thumb": "https://resources.platform.iplt20.com/photo-resources/2020/09/26/5fb1059f-6820-4aed-a21f-371a3fbf8167/PN_4427.JPG?width=780&height=439", "match.summary": "", "umpire.name.1": "Chris Gaffaney", "umpire.name.2": "Virender Sharma", "umpire.name.3": "S Ravi", "umpire.name.4": "Ulhas Gandhe", "result.playerofthematch": "Shubman Gill", "report.link": "https://www.iplt20.com/news/209131/dream11-ipl-2020-match-8-kkr-vs-srh-match-report", "toss.elected": "Sunrisers Hyderabad, who chose to bat", "notes.1.1": "Powerplay: 40 runs, 1 wicket", "notes.2.1": "Powerplay: 52 runs, 2 wickets", "notes.1.2": "SRH: 50 runs in 8.2 overs", "notes.2.2": "KKR: 50 runs in 5.5 overs", "notes.1.3": "SRH: 100 runs in 15.1 overs", "notes.2.3": "Shubman Gill: 50 off 42 balls (5 x fours, 1 x six)", "notes.1.4": "3rd Wicket: 50 runs in 41 balls (Manish Pandey 26, Wriddhiman Saha 22)", "notes.2.4": "KKR: 100 runs in 13.3 overs", "notes.1.5": "Manish Pandey: 50 off 35 balls (3 x fours, 2 x sixes)", "notes.2.5": "4th Wicket: 50 runs in 48 balls (Shubman Gill 29, Eoin Morgan 17)", "notes.1.6": "Innings Break: SRH - 142/4 in 20 overs", "notes.2.6": "Innings Break: SRH - 142/4 in 20 overs", "highlights.link": "https://www.iplt20.com/video/209160/m08-kkr-vs-srh-match-highlights", "match.video.id": "209160", "toss.winner": "Sunrisers Hyderabad"}, "teams": [{"id": 30028, "team": {"id": 5, "fullName": "Kolkata Knight Riders", "shortName": "Knight Riders", "abbreviation": "KKR", "type": "m", "primaryColor": "6F2C91", "secondaryColor": "FFFFFF"}, "players": [{"id": 3761, "fullName": "Shubman Gill", "shortName": "S Gill", "nationality": "Indian", "dateOfBirth": "1999-09-08", "rightArmedBowl": true, "rightHandedBat": true, "bowlingStyle": "OFF_SPIN"}, {"id": 203, "fullName": "Sunil Narine", "shortName": "S Narine", "nationality": "West Indian", "dateOfBirth": "1988-05-26", "rightArmedBowl": true, "rightHandedBat": false, "bowlingStyle": "OFF_SPIN"}, {"id": 2738, "fullName": "Nitish Rana", "shortName": "N Rana", "nationality": "Indian", "dateOfBirth": "1993-12-27", "rightArmedBowl": true, "rightHandedBat": false, "bowlingStyle": "OFF_SPIN"}, {"id": 102, "fullName": "Dinesh Karthik", "shortName": "D Karthik", "nationality": "Indian", "dateOfBirth": "1985-06-01", "rightArmedBowl": true, "rightHandedBat": true, "bowlingStyle": "OFF_SPIN"}, {"id": 197, "fullName": "Eoin Morgan", "shortName": "E Morgan", "nationality": "English", "dateOfBirth": "1986-09-10", "rightArmedBowl": true, "rightHandedBat": false, "bowlingStyle": "MEDIUM_SEAM"}, {"id": 177, "fullName": "Andre Russell", "shortName": "A Russell", "nationality": "West Indian", "dateOfBirth": "1988-04-29", "rightArmedBowl": true, "rightHandedBat": true, "bowlingStyle": "FAST_SEAM"}, {"id": 488, "fullName": "Pat Cummins", "shortName": "P Cummins", "nationality": "Australian", "dateOfBirth": "1993-05-08", "rightArmedBowl": true, "rightHandedBat": true, "bowlingStyle": "FAST_SEAM"}, {"id": 3779, "fullName": "Shivam Mavi", "shortName": "S Mavi", "nationality": "Indian", "dateOfBirth": "1998-11-26", "rightArmedBowl": true, "rightHandedBat": true, "bowlingStyle": "FAST_SEAM"}, {"id": 261, "fullName": "Kuldeep Yadav", "shortName": "K Yadav", "nationality": "Indian", "dateOfBirth": "1994-12-14", "rightArmedBowl": false, "rightHandedBat": false, "bowlingStyle": "UNORTHODOX"}, {"id": 3766, "fullName": "Kamlesh Nagarkoti", "shortName": "K Nagarkoti", "nationality": "Indian", "dateOfBirth": "1999-12-28", "rightArmedBowl": true, "rightHandedBat": true, "bowlingStyle": "MEDIUM_SEAM"}, {"id": 5432, "fullName": "Varun Chakaravarthy", "shortName": "V Chakaravarthy", "nationality": "Indian", "dateOfBirth": "1991-08-29", "rightArmedBowl": true, "rightHandedBat": true, "bowlingStyle": "LEG_SPIN"}], "wicketKeeper": {"id": 102, "fullName": "Dinesh Karthik", "shortName": "D Karthik", "nationality": "Indian", "dateOfBirth": "1985-06-01", "rightArmedBowl": true, "rightHandedBat": true, "bowlingStyle": "OFF_SPIN"}, "captain": {"id": 102, "fullName": "Dinesh Karthik", "shortName": "D Karthik", "nationality": "Indian", "dateOfBirth": "1985-06-01", "rightArmedBowl": true, "rightHandedBat": true, "bowlingStyle": "OFF_SPIN"}}, {"id": 30029, "team": {"id": 62, "fullName": "Sunrisers Hyderabad", "shortName": "Sunrisers", "abbreviation": "SRH", "type": "m", "primaryColor": "FF9C00", "secondaryColor": "FFFFFF"}, "players": [{"id": 170, "fullName": "David Warner", "shortName": "D Warner", "nationality": "Australian", "dateOfBirth": "1986-10-27", "rightArmedBowl": true, "rightHandedBat": false, "bowlingStyle": "LEG_SPIN"}, {"id": 506, "fullName": "Jonny Bairstow", "shortName": "J Bairstow", "nationality": "English", "dateOfBirth": "1989-09-26", "rightArmedBowl": true, "rightHandedBat": true, "bowlingStyle": "MEDIUM_SEAM"}, {"id": 123, "fullName": "Manish Pandey", "shortName": "M Pandey", "nationality": "Indian", "dateOfBirth": "1989-09-10", "rightArmedBowl": true, "rightHandedBat": true, "bowlingStyle": "MEDIUM_SEAM"}, {"id": 3775, "fullName": "Priyam Garg", "shortName": "P Garg", "nationality": "Indian", "dateOfBirth": "2000-11-30", "rightArmedBowl": true, "rightHandedBat": true, "bowlingStyle": "MEDIUM_SEAM"}, {"id": 16, "fullName": "Wriddhiman Saha", "shortName": "W Saha", "nationality": "Indian", "dateOfBirth": "1984-10-24", "rightArmedBowl": true, "rightHandedBat": true}, {"id": 618, "fullName": "Mohammad Nabi", "shortName": "M Nabi", "nationality": "Afghan", "dateOfBirth": "1985-01-01", "rightArmedBowl": true, "rightHandedBat": true, "bowlingStyle": "OFF_SPIN"}, {"id": 3760, "fullName": "Abhishek Sharma", "shortName": "A Sharma", "nationality": "Indian", "dateOfBirth": "2000-09-04", "rightArmedBowl": false, "rightHandedBat": false, "bowlingStyle": "ORTHODOX"}, {"id": 2885, "fullName": "Rashid Khan", "shortName": "R Khan", "nationality": "Afghan", "dateOfBirth": "1998-09-20", "rightArmedBowl": true, "rightHandedBat": true, "bowlingStyle": "LEG_SPIN"}, {"id": 116, "fullName": "Bhuvneshwar Kumar", "shortName": "B Kumar", "nationality": "Indian", "dateOfBirth": "1990-02-05", "rightArmedBowl": true, "rightHandedBat": true, "bowlingStyle": "MEDIUM_SEAM"}, {"id": 2964, "fullName": "Khaleel Ahmed", "shortName": "K Ahmed", "nationality": "Indian", "dateOfBirth": "1997-12-05", "rightArmedBowl": false, "rightHandedBat": true, "bowlingStyle": "MEDIUM_SEAM"}, {"id": 3831, "fullName": "T Natarajan", "shortName": "T Natarajan", "nationality": "Indian", "dateOfBirth": "1991-05-27", "rightArmedBowl": false, "rightHandedBat": false, "bowlingStyle": "MEDIUM_SEAM"}], "wicketKeeper": {"id": 16, "fullName": "Wriddhiman Saha", "shortName": "W Saha", "nationality": "Indian", "dateOfBirth": "1984-10-24", "rightArmedBowl": true, "rightHandedBat": true}, "captain": {"id": 170, "fullName": "David Warner", "shortName": "D Warner", "nationality": "Australian", "dateOfBirth": "1986-10-27", "rightArmedBowl": true, "rightHandedBat": false, "bowlingStyle": "LEG_SPIN"}}], "venue": {"id": 102, "fullName": "Zayed Cricket Stadium", "shortName": "Zayed Cricket Stadium", "city": "Abu Dhabi", "country": "UAE"}, "matchDate": "2020-09-26T18:00:00+0400", "matchEndDate": "2020-09-26T23:00:00+0400", "matchDateMs": 1601128800000, "matchEndDateMs": 1601146800000, "isLimitedOvers": true, "battingOrder": [1, 0], "matchBroadcast": false, "matchState": "C", "matchStatus": {"outcome": "A", "text": "Kolkata Knight Riders won by 7 wickets"}, "description": "Match 8", "matchSummary": "", "matchType": "IPLT20", "tournamentLabel": "IPL 2020", "oversLimit": 20, "groupName": ""}, "matchId": {"id": 22243, "name": "ipl2020-08", "tournamentId": {"id": 18790, "name": "ipl2020", "provisional": false}}, "currentState": {"inProgress": false, "phase": "C", "currentInningsIndex": 1, "currentBatsmen": [3761, 197], "facingBatsman": 3761, "nonFacingBatsman": 197, "currentBowler": -1, "previousBowler": 3760, "previousBowlerCurrentSpell": {"playerId": 3760, "ov": "1", "r": 11, "w": 0, "d": 0, "maid": 0, "e": "11.00", "wd": 0, "nb": 0}, "currentPartnership": 92, "partnership": {"runs": 92, "balls": 70, "runRate": "7.88"}, "recentOvers": [{"ovNo": 13, "ovBalls": ["1", "1", "4", "1", "1", "."]}, {"ovNo": 14, "ovBalls": ["1", "1", ".", "1Wd", "1", ".", "1"]}, {"ovNo": 15, "ovBalls": [".", "1", "1", "2", "1", "6"]}, {"ovNo": 16, "ovBalls": [".", ".", "1", "1", "1", "4"]}, {"ovNo": 17, "ovBalls": ["6", "1", "1", "1", "1", "1"]}, {"ovNo": 18, "ovBalls": ["1", "1", ".", "1Wd", "1", "6", "4"]}]}, "innings": [{"inningsNumber": 1, "runRate": "7.10", "overProgress": "20", "declared": false, "scorecard": {"runs": 142, "wkts": 4, "allOut": false, "battingStats": [{"playerId": 170, "r": 36, "b": 30, "sr": "120.00", "4s": 2, "6s": 1, "mod": {"dismissedBp": {"innings": 1, "over": 10, "ball": 1}, "countingBp": {"innings": 1, "over": 10, "ball": 1}, "text": "c & b Varun Chakaravarthy", "bowlerId": 5432, "additionalPlayerIds": [5432], "dismissedMethod": "ct", "isOut": true}}, {"playerId": 506, "r": 5, "b": 10, "sr": "50.00", "4s": 0, "6s": 0, "mod": {"dismissedBp": {"innings": 1, "over": 4, "ball": 6}, "countingBp": {"innings": 1, "over": 4, "ball": 6}, "text": "b Pat Cummins", "bowlerId": 488, "dismissedMethod": "b", "isOut": true}}, {"playerId": 123, "r": 51, "b": 38, "sr": "134.21", "4s": 3, "6s": 2, "mod": {"dismissedBp": {"innings": 1, "over": 18, "ball": 4}, "countingBp": {"innings": 1, "over": 18, "ball": 4}, "text": "c & b Andre Russell", "bowlerId": 177, "additionalPlayerIds": [177], "dismissedMethod": "ct", "isOut": true}}, {"playerId": 16, "r": 30, "b": 31, "sr": "96.77", "4s": 1, "6s": 1, "mod": {"dismissedBp": {"innings": 1, "over": 20, "ball": 2}, "countingBp": {"innings": 1, "over": 20, "ball": 2}, "text": "run out (Dinesh Karthik)", "bowlerId": 177, "additionalPlayerIds": [102], "dismissedMethod": "ro", "isOut": true}}, {"playerId": 618, "r": 11, "b": 8, "sr": "137.50", "4s": 2, "6s": 0}, {"playerId": 3760, "r": 2, "b": 3, "sr": "66.66", "4s": 0, "6s": 0}], "bowlingStats": [{"playerId": 203, "ov": "4", "r": 31, "w": 0, "d": 5, "maid": 0, "e": "7.75", "wd": 0, "nb": 0}, {"playerId": 488, "ov": "4", "r": 19, "w": 1, "d": 11, "maid": 0, "e": "4.75", "wd": 0, "nb": 0}, {"playerId": 3779, "ov": "2", "r": 15, "w": 0, "d": 6, "maid": 0, "e": "7.50", "wd": 1, "nb": 0}, {"playerId": 261, "ov": "2", "r": 15, "w": 0, "d": 3, "maid": 0, "e": "7.50", "wd": 0, "nb": 0}, {"playerId": 5432, "ov": "4", "r": 25, "w": 1, "d": 9, "maid": 0, "e": "6.25", "wd": 0, "nb": 0}, {"playerId": 3766, "ov": "2", "r": 17, "w": 0, "d": 2, "maid": 0, "e": "8.50", "wd": 1, "nb": 0}, {"playerId": 177, "ov": "2", "r": 16, "w": 1, "d": 4, "maid": 0, "e": "8.00", "wd": 1, "nb": 0}], "fow": [{"bp": {"innings": 1, "over": 4, "ball": 6}, "playerId": 506, "ret": false, "w": 1, "r": 24}, {"bp": {"innings": 1, "over": 10, "ball": 1}, "playerId": 170, "ret": false, "w": 2, "r": 59}, {"bp": {"innings": 1, "over": 18, "ball": 4}, "playerId": 123, "ret": false, "w": 3, "r": 121}, {"bp": {"innings": 1, "over": 20, "ball": 2}, "playerId": 16, "ret": false, "w": 4, "r": 138}], "extras": {"noBallRuns": 0, "wideRuns": 3, "byeRuns": 2, "legByeRuns": 2, "penaltyRuns": 0}, "declared": false}, "overHistory": [{"ovNo": 1, "ovBalls": ["2", ".", ".", "2", "1", "1"]}, {"ovNo": 2, "ovBalls": [".", "1", ".", ".", "1", "."]}, {"ovNo": 3, "ovBalls": ["1", "1", "6", "1", "1", "4"]}, {"ovNo": 4, "ovBalls": ["1", ".", "1", ".", ".", "W"]}, {"ovNo": 5, "ovBalls": ["1", ".", ".", "6", "1", "1"]}, {"ovNo": 6, "ovBalls": [".", "1", "1", "4", ".", "1"]}, {"ovNo": 7, "ovBalls": ["2", "1", ".", "1", "1", "."]}, {"ovNo": 8, "ovBalls": ["1", ".", ".", "1", "2", "."]}, {"ovNo": 9, "ovBalls": [".", "6", "1", "1", "1", "1"]}, {"ovNo": 10, "ovBalls": ["W", ".", ".", ".", "1", "1"]}, {"ovNo": 11, "ovBalls": ["1", "2", "1Lb", "1", "1Wd", ".", "1"]}, {"ovNo": 12, "ovBalls": [".", "1", "1", "1", "4", "1"]}, {"ovNo": 13, "ovBalls": ["2", "1", ".", ".", "1", "2"]}, {"ovNo": 14, "ovBalls": ["2", "2", "1", "4", "1", "1"]}, {"ovNo": 15, "ovBalls": ["1", "1", "1Lb", "1", "1", "1"]}, {"ovNo": 16, "ovBalls": ["1", "1", "2", "1", ".", "6"]}, {"ovNo": 17, "ovBalls": ["1", "1", "4", "1", "1", "."]}, {"ovNo": 18, "ovBalls": ["1", "1", "1", "W", "1", "1Wd", "4"]}, {"ovNo": 19, "ovBalls": [".", "4", ".", "1", ".", "1Wd", "."]}, {"ovNo": 20, "ovBalls": ["4", "1W", ".", "2", "1B", "1B"]}]}, {"inningsNumber": 2, "runRate": "8.05", "overProgress": "18", "declared": false, "scorecard": {"runs": 145, "wkts": 3, "allOut": false, "battingStats": [{"playerId": 3761, "r": 70, "b": 62, "sr": "112.90", "4s": 5, "6s": 2}, {"playerId": 203, "r": 0, "b": 2, "sr": "0.00", "4s": 0, "6s": 0, "mod": {"dismissedBp": {"innings": 2, "over": 2, "ball": 2}, "countingBp": {"innings": 2, "over": 2, "ball": 2}, "text": "c David Warner b Khaleel Ahmed", "bowlerId": 2964, "additionalPlayerIds": [170], "dismissedMethod": "ct", "isOut": true}}, {"playerId": 2738, "r": 26, "b": 13, "sr": "200.00", "4s": 6, "6s": 0, "mod": {"dismissedBp": {"innings": 2, "over": 5, "ball": 4}, "countingBp": {"innings": 2, "over": 5, "ball": 4}, "text": "c Wriddhiman Saha b T Natarajan", "bowlerId": 3831, "additionalPlayerIds": [16], "dismissedMethod": "ct", "isOut": true}}, {"playerId": 102, "r": 0, "b": 3, "sr": "0.00", "4s": 0, "6s": 0, "mod": {"dismissedBp": {"innings": 2, "over": 7, "ball": 2}, "countingBp": {"innings": 2, "over": 7, "ball": 2}, "text": "lbw Rashid Khan", "bowlerId": 2885, "dismissedMethod": "lbw", "isOut": true}}, {"playerId": 197, "r": 42, "b": 29, "sr": "144.82", "4s": 3, "6s": 2}], "bowlingStats": [{"playerId": 116, "ov": "3", "r": 29, "w": 0, "d": 7, "maid": 0, "e": "9.66", "wd": 0, "nb": 1}, {"playerId": 2964, "ov": "3", "r": 28, "w": 1, "d": 10, "maid": 0, "e": "9.33", "wd": 0, "nb": 0}, {"playerId": 3831, "ov": "3", "r": 27, "w": 1, "d": 6, "maid": 0, "e": "9.00", "wd": 1, "nb": 0}, {"playerId": 2885, "ov": "4", "r": 25, "w": 1, "d": 8, "maid": 0, "e": "6.25", "wd": 0, "nb": 0}, {"playerId": 618, "ov": "4", "r": 23, "w": 0, "d": 5, "maid": 0, "e": "5.75", "wd": 2, "nb": 0}, {"playerId": 3760, "ov": "1", "r": 11, "w": 0, "d": 0, "maid": 0, "e": "11.00", "wd": 0, "nb": 0}], "fow": [{"bp": {"innings": 2, "over": 2, "ball": 2}, "playerId": 203, "ret": false, "w": 1, "r": 6}, {"bp": {"innings": 2, "over": 5, "ball": 4}, "playerId": 2738, "ret": false, "w": 2, "r": 43}, {"bp": {"innings": 2, "over": 7, "ball": 2}, "playerId": 102, "ret": false, "w": 3, "r": 53}], "extras": {"noBallRuns": 1, "wideRuns": 4, "byeRuns": 0, "legByeRuns": 2, "penaltyRuns": 0}, "declared": false}, "overHistory": [{"ovNo": 1, "ovBalls": ["2", ".", ".", "4", ".", "."]}, {"ovNo": 2, "ovBalls": [".", "W", ".", ".", "6", "."]}, {"ovNo": 3, "ovBalls": ["4", ".", "4", "1", "2Nb", ".", "1"]}, {"ovNo": 4, "ovBalls": ["4", "4", "4", ".", "1Lb", "1"]}, {"ovNo": 5, "ovBalls": [".", "1", "4", "W", ".", "."]}, {"ovNo": 6, "ovBalls": [".", ".", ".", "4", "4", "1"]}, {"ovNo": 7, "ovBalls": ["1", "W", ".", ".", "1", "1"]}, {"ovNo": 8, "ovBalls": ["1", "1", ".", "1", "1", "1"]}, {"ovNo": 9, "ovBalls": ["1", ".", ".", "4", "1", "1"]}, {"ovNo": 10, "ovBalls": ["1", "1", "1", "1", ".", "1"]}, {"ovNo": 11, "ovBalls": ["1", "1", ".", "4", "1", "1"]}, {"ovNo": 12, "ovBalls": ["2Wd", "1", "1Lb", "1", "1", "2", "1"]}, {"ovNo": 13, "ovBalls": ["1", "1", "4", "1", "1", "."]}, {"ovNo": 14, "ovBalls": ["1", "1", ".", "1Wd", "1", ".", "1"]}, {"ovNo": 15, "ovBalls": [".", "1", "1", "2", "1", "6"]}, {"ovNo": 16, "ovBalls": [".", ".", "1", "1", "1", "4"]}, {"ovNo": 17, "ovBalls": ["6", "1", "1", "1", "1", "1"]}, {"ovNo": 18, "ovBalls": ["1", "1", ".", "1Wd", "1", "6", "4"]}]}]}